NaN,NaN,NaN,NaN,NaN,270,0,NaN,NaN,1,NaN,NaN,NaN,NaN,NaN,NaN,263,97.40740741
NaN,NaN,NaN,NaN,NaN,270,0,NaN,NaN,1,NaN,NaN,NaN,NaN,NaN,NaN,265,98.14814815
NaN,NaN,NaN,NaN,NaN,270,0,NaN,NaN,1,NaN,NaN,NaN,NaN,NaN,NaN,265,98.14814815
NaN,NaN,NaN,NaN,NaN,270,0,NaN,NaN,1,NaN,NaN,NaN,NaN,NaN,NaN,265,98.14814815
NaN,NaN,NaN,NaN,NaN,270,0,NaN,NaN,1,NaN,NaN,NaN,NaN,NaN,NaN,265,98.14814815
NaN,NaN,NaN,NaN,NaN,270,0,NaN,NaN,1,NaN,NaN,NaN,NaN,NaN,NaN,265,98.14814815
NaN,NaN,NaN,NaN,NaN,270,0,NaN,NaN,NaN,NaN,NaN,NaN,NaN,NaN,NaN,263,97.40740741
NaN,NaN,NaN,NaN,NaN,270,0,NaN,NaN,1,NaN,NaN,NaN,NaN,NaN,NaN,265,98.14814815
NaN,NaN,NaN,NaN,NaN,270,0,NaN,NaN,1,NaN,NaN,NaN,NaN,NaN,NaN,265,98.14814815
NaN,NaN,NaN,NaN,NaN,270,0,NaN,NaN,1,NaN,NaN,NaN,NaN,NaN,NaN,261,96.66666667
NaN,NaN,NaN,NaN,NaN,270,0,NaN,NaN,1,NaN,NaN,NaN,NaN,NaN,NaN,265,98.14814815
NaN,NaN,NaN,NaN,NaN,270,0,NaN,NaN,1,NaN,NaN,NaN,NaN,NaN,NaN,262,97.03703704
NaN,NaN,NaN,NaN,NaN,270,0,NaN,NaN,1,NaN,NaN,NaN,NaN,NaN,NaN,260,96.2962963
NaN,NaN,NaN,NaN,NaN,270,0,NaN,NaN,1,NaN,NaN,NaN,NaN,NaN,NaN,265,98.14814815
NaN,NaN,NaN,NaN,NaN,270,0,NaN,NaN,1,NaN,NaN,NaN,NaN,NaN,NaN,258,95.55555556
NaN,NaN,NaN,NaN,NaN,270,0,NaN,NaN,1,NaN,NaN,NaN,NaN,NaN,NaN,260,96.2962963
NaN,NaN,NaN,NaN,NaN,270,0,NaN,NaN,1,NaN,NaN,NaN,NaN,NaN,NaN,265,98.14814815
NaN,NaN,NaN,NaN,NaN,270,0,NaN,NaN,1,NaN,NaN,NaN,NaN,NaN,NaN,265,98.14814815
NaN,NaN,NaN,NaN,NaN,270,0,NaN,NaN,1,NaN,NaN,NaN,NaN,NaN,NaN,265,98.14814815
NaN,NaN,NaN,NaN,NaN,270,0,NaN,NaN,1,NaN,NaN,NaN,NaN,NaN,NaN,265,98.14814815
NaN,NaN,NaN,NaN,NaN,270,0,NaN,NaN,1,NaN,NaN,NaN,NaN,NaN,NaN,265,98.14814815
NaN,NaN,NaN,NaN,NaN,270,0,NaN,NaN,NaN,NaN,NaN,NaN,NaN,NaN,NaN,265,98.14814815
NaN,NaN,NaN,NaN,NaN,49,1,1,NaN,NaN,NaN,NaN,NaN,NaN,NaN,NaN,44,89.79591837
NaN,NaN,NaN,NaN,NaN,270,0,NaN,NaN,1,NaN,NaN,NaN,NaN,NaN,NaN,264,97.77777778
NaN,NaN,NaN,NaN,NaN,270,0,NaN,NaN,1,NaN,NaN,NaN,NaN,NaN,NaN,262,97.03703704
NaN,NaN,NaN,NaN,NaN,270,0,NaN,NaN,NaN,NaN,NaN,NaN,NaN,NaN,NaN,256,94.81481481
NaN,NaN,NaN,NaN,NaN,270,0,NaN,NaN,1,NaN,NaN,NaN,NaN,NaN,NaN,242,89.62962963
NaN,NaN,NaN,NaN,NaN,270,0,NaN,NaN,1,NaN,NaN,NaN,NaN,NaN,NaN,254,94.07407407
NaN,NaN,NaN,NaN,NaN,270,0,NaN,NaN,1,NaN,NaN,NaN,NaN,NaN,NaN,253,93.7037037
NaN,NaN,NaN,NaN,NaN,270,0,NaN,NaN,1,NaN,NaN,NaN,NaN,NaN,NaN,244,90.37037037
NaN,NaN,NaN,NaN,NaN,270,0,NaN,NaN,NaN,NaN,NaN,NaN,NaN,NaN,NaN,262,97.03703704
NaN,NaN,NaN,NaN,NaN,270,0,NaN,NaN,NaN,NaN,NaN,NaN,NaN,NaN,NaN,262,97.03703704
NaN,NaN,NaN,NaN,NaN,270,0,NaN,NaN,1,NaN,NaN,NaN,NaN,NaN,NaN,249,92.22222222
NaN,NaN,NaN,NaN,NaN,270,0,NaN,NaN,1,NaN,NaN,NaN,NaN,NaN,NaN,242,89.62962963
NaN,NaN,NaN,NaN,NaN,270,0,NaN,NaN,NaN,NaN,NaN,NaN,NaN,NaN,NaN,244,90.37037037
NaN,NaN,NaN,NaN,NaN,270,0,NaN,NaN,1,NaN,NaN,NaN,NaN,NaN,NaN,234,86.66666667
NaN,NaN,NaN,NaN,NaN,270,0,NaN,NaN,1,NaN,NaN,NaN,NaN,NaN,NaN,156,57.77777778
NaN,NaN,NaN,NaN,NaN,270,0,NaN,NaN,NaN,NaN,NaN,NaN,NaN,NaN,NaN,224,82.96296296
NaN,NaN,NaN,NaN,NaN,270,0,NaN,NaN,NaN,NaN,NaN,NaN,NaN,NaN,NaN,211,78.14814815
NaN,NaN,NaN,NaN,NaN,270,0,NaN,NaN,NaN,NaN,NaN,NaN,NaN,NaN,NaN,264,97.77777778
NaN,NaN,NaN,NaN,NaN,270,0,NaN,NaN,1,NaN,NaN,NaN,NaN,NaN,NaN,260,96.2962963
NaN,NaN,NaN,NaN,NaN,270,0,NaN,NaN,1,NaN,NaN,NaN,NaN,NaN,NaN,253,93.7037037
NaN,NaN,NaN,NaN,NaN,270,0,NaN,NaN,NaN,NaN,NaN,NaN,NaN,NaN,NaN,262,97.03703704
NaN,NaN,NaN,NaN,NaN,270,0,NaN,NaN,1,NaN,NaN,NaN,NaN,NaN,NaN,262,97.03703704
NaN,NaN,NaN,NaN,NaN,270,0,NaN,NaN,1,NaN,NaN,NaN,NaN,NaN,NaN,261,96.66666667
NaN,NaN,NaN,NaN,NaN,270,0,NaN,NaN,NaN,NaN,NaN,NaN,NaN,NaN,NaN,264,97.77777778
NaN,NaN,NaN,NaN,NaN,270,0,NaN,NaN,2,NaN,NaN,NaN,NaN,NaN,NaN,263,97.40740741
NaN,NaN,NaN,NaN,NaN,270,0,NaN,NaN,1,NaN,NaN,NaN,NaN,NaN,NaN,260,96.2962963
NaN,NaN,NaN,NaN,NaN,270,0,NaN,NaN,1,NaN,NaN,NaN,NaN,NaN,NaN,262,97.03703704
NaN,NaN,NaN,NaN,NaN,270,0,NaN,NaN,1,NaN,NaN,NaN,NaN,NaN,NaN,262,97.03703704
NaN,NaN,NaN,NaN,NaN,270,0,NaN,NaN,2,NaN,NaN,NaN,NaN,NaN,NaN,262,97.03703704
NaN,NaN,NaN,NaN,NaN,270,0,NaN,NaN,1,NaN,NaN,NaN,NaN,NaN,NaN,262,97.03703704
NaN,NaN,NaN,NaN,NaN,270,0,NaN,NaN,1,NaN,NaN,NaN,NaN,NaN,NaN,262,97.03703704
NaN,NaN,NaN,NaN,NaN,270,0,NaN,NaN,NaN,NaN,NaN,NaN,NaN,NaN,NaN,262,97.03703704
NaN,NaN,NaN,NaN,NaN,270,0,NaN,NaN,1,NaN,NaN,NaN,NaN,NaN,NaN,263,97.40740741
NaN,NaN,NaN,NaN,NaN,270,0,NaN,NaN,2,NaN,NaN,NaN,NaN,NaN,NaN,262,97.03703704
NaN,NaN,NaN,NaN,NaN,270,0,NaN,NaN,2,NaN,NaN,NaN,NaN,NaN,NaN,254,94.07407407
NaN,NaN,NaN,NaN,NaN,270,0,NaN,NaN,2,NaN,NaN,NaN,NaN,NaN,NaN,264,97.77777778
NaN,NaN,NaN,NaN,NaN,270,0,NaN,NaN,2,NaN,NaN,NaN,NaN,NaN,NaN,263,97.40740741
NaN,NaN,NaN,NaN,NaN,270,0,NaN,NaN,3,NaN,NaN,NaN,NaN,NaN,NaN,264,97.77777778
NaN,NaN,NaN,NaN,NaN,270,0,NaN,NaN,NaN,NaN,NaN,NaN,NaN,NaN,NaN,263,97.40740741
NaN,NaN,NaN,NaN,NaN,270,0,NaN,NaN,2,NaN,NaN,NaN,NaN,NaN,NaN,263,97.40740741
NaN,NaN,NaN,NaN,NaN,270,0,NaN,NaN,2,NaN,NaN,NaN,NaN,NaN,NaN,264,97.77777778
NaN,NaN,NaN,NaN,NaN,270,0,NaN,NaN,2,NaN,NaN,NaN,NaN,NaN,NaN,263,97.40740741
NaN,NaN,NaN,NaN,NaN,270,0,NaN,NaN,2,NaN,NaN,NaN,NaN,NaN,NaN,263,97.40740741
NaN,NaN,NaN,NaN,NaN,270,0,NaN,NaN,2,NaN,NaN,NaN,NaN,NaN,NaN,262,97.03703704
NaN,NaN,NaN,NaN,NaN,270,0,NaN,NaN,2,NaN,NaN,NaN,NaN,NaN,NaN,264,97.77777778
NaN,NaN,NaN,NaN,NaN,270,0,NaN,NaN,2,NaN,NaN,NaN,NaN,NaN,NaN,263,97.40740741
NaN,NaN,NaN,NaN,NaN,270,0,NaN,NaN,2,NaN,NaN,NaN,NaN,NaN,NaN,263,97.40740741
NaN,NaN,NaN,NaN,NaN,270,0,NaN,NaN,NaN,NaN,NaN,NaN,NaN,NaN,NaN,263,97.40740741
NaN,NaN,NaN,NaN,NaN,270,0,NaN,NaN,2,NaN,NaN,NaN,NaN,NaN,NaN,263,97.40740741
NaN,NaN,NaN,NaN,NaN,270,0,NaN,NaN,1,NaN,NaN,NaN,NaN,NaN,NaN,264,97.77777778
NaN,NaN,NaN,NaN,NaN,270,0,NaN,NaN,2,NaN,NaN,NaN,NaN,NaN,NaN,265,98.14814815
NaN,NaN,NaN,NaN,NaN,270,0,NaN,NaN,NaN,NaN,NaN,NaN,NaN,NaN,NaN,263,97.40740741
NaN,NaN,NaN,NaN,NaN,270,0,NaN,NaN,NaN,NaN,NaN,NaN,NaN,NaN,NaN,264,97.77777778
NaN,NaN,NaN,NaN,NaN,270,0,NaN,NaN,4,NaN,NaN,NaN,NaN,NaN,NaN,264,97.77777778
NaN,NaN,NaN,NaN,NaN,270,0,NaN,NaN,3,NaN,NaN,NaN,NaN,NaN,NaN,252,93.33333333
NaN,NaN,NaN,NaN,NaN,270,0,NaN,NaN,2,NaN,NaN,NaN,NaN,NaN,NaN,262,97.03703704
NaN,NaN,NaN,NaN,NaN,270,0,NaN,NaN,2,NaN,NaN,NaN,NaN,NaN,NaN,262,97.03703704
NaN,NaN,NaN,NaN,NaN,270,0,NaN,NaN,2,NaN,NaN,NaN,NaN,NaN,NaN,264,97.77777778
NaN,NaN,NaN,NaN,NaN,270,0,NaN,NaN,2,NaN,NaN,NaN,NaN,NaN,NaN,263,97.40740741
NaN,NaN,NaN,NaN,NaN,270,0,NaN,NaN,3,NaN,NaN,NaN,NaN,NaN,NaN,264,97.77777778
NaN,NaN,NaN,NaN,NaN,270,0,NaN,NaN,3,NaN,NaN,NaN,NaN,NaN,NaN,258,95.55555556
NaN,NaN,NaN,NaN,NaN,270,0,NaN,NaN,NaN,NaN,NaN,NaN,NaN,NaN,NaN,265,98.14814815
NaN,NaN,NaN,NaN,NaN,270,0,NaN,NaN,4,NaN,NaN,NaN,NaN,NaN,NaN,265,98.14814815
NaN,NaN,NaN,NaN,NaN,270,0,NaN,NaN,3,NaN,NaN,NaN,NaN,NaN,NaN,264,97.77777778
NaN,NaN,NaN,NaN,NaN,270,0,NaN,NaN,3,NaN,NaN,NaN,NaN,NaN,NaN,265,98.14814815
NaN,NaN,NaN,NaN,NaN,270,0,NaN,NaN,4,NaN,NaN,NaN,NaN,NaN,NaN,264,97.77777778
NaN,NaN,NaN,NaN,NaN,270,0,NaN,NaN,3,NaN,NaN,NaN,NaN,NaN,NaN,255,94.44444444
NaN,NaN,NaN,NaN,NaN,270,0,NaN,NaN,3,NaN,NaN,NaN,NaN,NaN,NaN,263,97.40740741
NaN,NaN,NaN,NaN,NaN,270,0,NaN,NaN,3,NaN,NaN,NaN,NaN,NaN,NaN,264,97.77777778
NaN,NaN,NaN,NaN,NaN,270,0,NaN,NaN,3,NaN,NaN,NaN,NaN,NaN,NaN,263,97.40740741
NaN,NaN,NaN,NaN,NaN,270,0,NaN,NaN,NaN,NaN,NaN,NaN,NaN,NaN,NaN,265,98.14814815
NaN,NaN,NaN,NaN,NaN,270,0,NaN,NaN,1,NaN,NaN,NaN,NaN,NaN,NaN,265,98.14814815
NaN,NaN,NaN,NaN,NaN,270,0,NaN,NaN,1,NaN,NaN,NaN,NaN,NaN,NaN,264,97.77777778
NaN,NaN,NaN,NaN,NaN,270,0,NaN,NaN,4,NaN,NaN,NaN,NaN,NaN,NaN,259,95.92592593
NaN,NaN,NaN,NaN,NaN,270,0,NaN,NaN,3,NaN,NaN,NaN,NaN,NaN,NaN,264,97.77777778
NaN,NaN,NaN,NaN,NaN,270,0,NaN,NaN,NaN,NaN,NaN,NaN,NaN,NaN,NaN,261,96.66666667
NaN,NaN,NaN,NaN,NaN,270,0,NaN,NaN,NaN,NaN,NaN,NaN,NaN,NaN,NaN,264,97.77777778
NaN,NaN,NaN,NaN,NaN,270,0,NaN,NaN,3,NaN,NaN,NaN,NaN,NaN,NaN,265,98.14814815
NaN,NaN,NaN,NaN,NaN,270,0,NaN,NaN,4,NaN,NaN,NaN,NaN,NaN,NaN,264,97.77777778
NaN,NaN,NaN,NaN,NaN,270,0,NaN,NaN,NaN,NaN,NaN,NaN,NaN,NaN,NaN,265,98.14814815
NaN,NaN,NaN,NaN,NaN,270,0,NaN,NaN,NaN,NaN,NaN,NaN,NaN,NaN,NaN,259,95.92592593
NaN,NaN,NaN,NaN,NaN,270,0,NaN,NaN,3,NaN,NaN,NaN,NaN,NaN,NaN,264,97.77777778
NaN,NaN,NaN,NaN,NaN,270,0,NaN,NaN,2,NaN,NaN,NaN,NaN,NaN,NaN,265,98.14814815
NaN,NaN,NaN,NaN,NaN,270,0,NaN,NaN,NaN,NaN,NaN,NaN,NaN,NaN,NaN,264,97.77777778
NaN,NaN,NaN,NaN,NaN,270,0,NaN,NaN,2,NaN,NaN,NaN,NaN,NaN,NaN,264,97.77777778
NaN,NaN,NaN,NaN,NaN,270,0,NaN,NaN,2,NaN,NaN,NaN,NaN,NaN,NaN,265,98.14814815
NaN,NaN,NaN,NaN,NaN,270,0,NaN,NaN,4,NaN,NaN,NaN,NaN,NaN,NaN,265,98.14814815
NaN,NaN,NaN,NaN,NaN,270,0,NaN,NaN,4,NaN,NaN,NaN,NaN,NaN,NaN,262,97.03703704
NaN,NaN,NaN,NaN,NaN,270,0,NaN,NaN,5,NaN,NaN,NaN,NaN,NaN,NaN,259,95.92592593
NaN,NaN,NaN,NaN,NaN,270,0,NaN,NaN,2,NaN,NaN,NaN,NaN,NaN,NaN,251,92.96296296
NaN,NaN,NaN,NaN,NaN,270,0,NaN,NaN,NaN,NaN,NaN,NaN,NaN,NaN,NaN,258,95.55555556
NaN,NaN,NaN,NaN,NaN,270,0,NaN,NaN,NaN,NaN,NaN,NaN,NaN,NaN,NaN,264,97.77777778
NaN,NaN,NaN,NaN,NaN,270,0,NaN,NaN,4,NaN,NaN,NaN,NaN,NaN,NaN,257,95.18518519
NaN,NaN,NaN,NaN,NaN,270,0,NaN,NaN,4,NaN,NaN,NaN,NaN,NaN,NaN,263,97.40740741
NaN,NaN,NaN,NaN,NaN,270,0,NaN,NaN,2,NaN,NaN,NaN,NaN,NaN,NaN,253,93.7037037
NaN,NaN,NaN,NaN,NaN,270,0,NaN,NaN,3,NaN,NaN,NaN,NaN,NaN,NaN,247,91.48148148
NaN,NaN,NaN,NaN,NaN,270,0,NaN,NaN,3,NaN,NaN,NaN,NaN,NaN,NaN,261,96.66666667
NaN,NaN,NaN,NaN,NaN,270,0,NaN,NaN,NaN,NaN,NaN,NaN,NaN,NaN,NaN,265,98.14814815
NaN,NaN,NaN,NaN,NaN,270,0,NaN,NaN,NaN,NaN,NaN,NaN,NaN,NaN,NaN,262,97.03703704
NaN,NaN,NaN,NaN,NaN,270,0,NaN,NaN,2,NaN,NaN,NaN,NaN,NaN,NaN,264,97.77777778
NaN,NaN,NaN,NaN,NaN,270,0,NaN,NaN,2,NaN,NaN,NaN,NaN,NaN,NaN,264,97.77777778
NaN,NaN,NaN,NaN,NaN,270,0,NaN,NaN,5,NaN,NaN,NaN,NaN,NaN,NaN,265,98.14814815
NaN,NaN,NaN,NaN,NaN,267,1,NaN,NaN,4,NaN,NaN,NaN,NaN,NaN,NaN,261,97.75280899
NaN,NaN,NaN,NaN,NaN,270,0,NaN,NaN,4,NaN,NaN,NaN,NaN,NaN,NaN,265,98.14814815
NaN,NaN,NaN,NaN,NaN,270,0,NaN,NaN,4,NaN,NaN,NaN,NaN,NaN,NaN,254,94.07407407
NaN,NaN,NaN,NaN,NaN,270,0,NaN,NaN,3,NaN,NaN,NaN,NaN,NaN,NaN,264,97.77777778
NaN,NaN,NaN,NaN,NaN,270,0,NaN,NaN,2,NaN,NaN,NaN,NaN,NaN,NaN,264,97.77777778
NaN,NaN,NaN,NaN,NaN,270,0,NaN,NaN,NaN,NaN,NaN,NaN,NaN,NaN,NaN,265,98.14814815
NaN,NaN,NaN,NaN,NaN,270,0,NaN,NaN,NaN,NaN,NaN,NaN,NaN,NaN,NaN,262,97.03703704
NaN,NaN,NaN,NaN,NaN,270,0,NaN,NaN,2,NaN,NaN,NaN,NaN,NaN,NaN,261,96.66666667
NaN,NaN,NaN,NaN,NaN,270,0,NaN,NaN,3,NaN,NaN,NaN,NaN,NaN,NaN,264,97.77777778
NaN,NaN,NaN,NaN,NaN,270,0,NaN,NaN,3,NaN,NaN,NaN,NaN,NaN,NaN,263,97.40740741
NaN,NaN,NaN,NaN,NaN,270,0,NaN,NaN,4,NaN,NaN,NaN,NaN,NaN,NaN,264,97.77777778
NaN,NaN,NaN,NaN,NaN,270,0,NaN,NaN,4,NaN,NaN,NaN,NaN,NaN,NaN,260,96.2962963
NaN,NaN,NaN,NaN,NaN,270,0,NaN,NaN,4,NaN,NaN,NaN,NaN,NaN,NaN,252,93.33333333
NaN,NaN,NaN,NaN,NaN,270,0,NaN,NaN,2,NaN,NaN,NaN,NaN,NaN,NaN,265,98.14814815
NaN,NaN,NaN,NaN,NaN,270,0,NaN,NaN,2,NaN,NaN,NaN,NaN,NaN,NaN,264,97.77777778
NaN,NaN,NaN,NaN,NaN,270,0,NaN,NaN,2,NaN,NaN,NaN,NaN,NaN,NaN,248,91.85185185
NaN,NaN,NaN,NaN,NaN,270,0,NaN,NaN,3,NaN,NaN,NaN,NaN,NaN,NaN,264,97.77777778
NaN,NaN,NaN,NaN,NaN,270,0,NaN,NaN,4,NaN,NaN,NaN,NaN,NaN,NaN,258,95.55555556
NaN,NaN,NaN,NaN,NaN,270,0,NaN,NaN,3,NaN,NaN,NaN,NaN,NaN,NaN,264,97.77777778
NaN,NaN,NaN,NaN,NaN,270,0,NaN,NaN,2,NaN,NaN,NaN,NaN,NaN,NaN,260,96.2962963
NaN,NaN,NaN,NaN,NaN,270,0,NaN,NaN,2,NaN,NaN,NaN,NaN,NaN,NaN,261,96.66666667
NaN,NaN,NaN,NaN,NaN,270,0,NaN,NaN,2,NaN,NaN,NaN,NaN,NaN,NaN,260,96.2962963
NaN,NaN,NaN,NaN,NaN,270,0,NaN,NaN,3,NaN,NaN,NaN,NaN,NaN,NaN,263,97.40740741
NaN,NaN,NaN,NaN,NaN,270,0,NaN,NaN,4,NaN,NaN,NaN,NaN,NaN,NaN,264,97.77777778
NaN,NaN,NaN,NaN,NaN,270,0,NaN,NaN,3,NaN,NaN,NaN,NaN,NaN,NaN,264,97.77777778
NaN,NaN,NaN,NaN,NaN,270,0,NaN,NaN,3,NaN,NaN,NaN,NaN,NaN,NaN,264,97.77777778
NaN,NaN,NaN,NaN,NaN,270,0,NaN,NaN,2,NaN,NaN,NaN,NaN,NaN,NaN,265,98.14814815
NaN,NaN,NaN,NaN,NaN,270,0,NaN,NaN,2,NaN,NaN,NaN,NaN,NaN,NaN,264,97.77777778
NaN,NaN,NaN,NaN,NaN,270,0,NaN,NaN,NaN,NaN,NaN,NaN,NaN,NaN,NaN,264,97.77777778
NaN,NaN,NaN,NaN,NaN,270,0,NaN,NaN,1,NaN,NaN,NaN,NaN,NaN,NaN,264,97.77777778
NaN,NaN,NaN,NaN,NaN,270,0,NaN,NaN,1,NaN,NaN,NaN,NaN,NaN,NaN,264,97.77777778
NaN,NaN,NaN,NaN,NaN,270,0,NaN,NaN,NaN,NaN,NaN,NaN,NaN,NaN,NaN,265,98.14814815
NaN,NaN,NaN,NaN,NaN,270,0,NaN,NaN,2,NaN,NaN,NaN,NaN,NaN,NaN,264,97.77777778
NaN,NaN,NaN,NaN,NaN,270,0,NaN,NaN,1,NaN,NaN,NaN,NaN,NaN,NaN,265,98.14814815
NaN,NaN,NaN,NaN,NaN,270,0,NaN,NaN,2,NaN,NaN,NaN,NaN,NaN,NaN,265,98.14814815
NaN,NaN,NaN,NaN,NaN,270,0,NaN,NaN,1,NaN,NaN,NaN,NaN,NaN,NaN,265,98.14814815
NaN,NaN,NaN,NaN,NaN,270,0,NaN,NaN,NaN,NaN,NaN,NaN,NaN,NaN,NaN,261,96.66666667
NaN,NaN,NaN,NaN,NaN,270,0,NaN,NaN,NaN,NaN,NaN,NaN,NaN,NaN,NaN,265,98.14814815
NaN,NaN,NaN,NaN,NaN,270,0,NaN,NaN,2,NaN,NaN,NaN,NaN,NaN,NaN,265,98.14814815
NaN,NaN,NaN,NaN,NaN,270,0,NaN,NaN,2,NaN,NaN,NaN,NaN,NaN,NaN,264,97.77777778
NaN,NaN,NaN,NaN,NaN,270,0,NaN,NaN,3,NaN,NaN,NaN,NaN,NaN,NaN,265,98.14814815
NaN,NaN,NaN,NaN,NaN,270,0,NaN,NaN,2,NaN,NaN,NaN,NaN,NaN,NaN,265,98.14814815
NaN,NaN,NaN,NaN,NaN,270,0,NaN,NaN,2,NaN,NaN,NaN,NaN,NaN,NaN,264,97.77777778
NaN,NaN,NaN,NaN,NaN,270,0,NaN,NaN,2,NaN,NaN,NaN,NaN,NaN,NaN,263,97.40740741
NaN,NaN,NaN,NaN,NaN,270,0,NaN,NaN,NaN,NaN,NaN,NaN,NaN,NaN,NaN,265,98.14814815
NaN,NaN,NaN,NaN,NaN,270,0,NaN,NaN,2,NaN,NaN,NaN,NaN,NaN,NaN,264,97.77777778
NaN,NaN,NaN,NaN,NaN,270,0,NaN,NaN,3,NaN,NaN,NaN,NaN,NaN,NaN,264,97.77777778
NaN,NaN,NaN,NaN,NaN,270,0,NaN,NaN,4,NaN,NaN,NaN,NaN,NaN,NaN,262,97.03703704
NaN,NaN,NaN,NaN,NaN,270,0,NaN,NaN,2,NaN,NaN,NaN,NaN,NaN,NaN,265,98.14814815
NaN,NaN,NaN,NaN,NaN,270,0,NaN,NaN,NaN,NaN,NaN,NaN,NaN,NaN,NaN,265,98.14814815
NaN,NaN,NaN,NaN,NaN,270,0,NaN,NaN,1,NaN,NaN,NaN,NaN,NaN,NaN,264,97.77777778
NaN,NaN,NaN,NaN,NaN,270,0,NaN,NaN,4,NaN,NaN,NaN,NaN,NaN,NaN,265,98.14814815
NaN,NaN,NaN,NaN,NaN,270,0,NaN,NaN,NaN,NaN,NaN,NaN,NaN,NaN,NaN,265,98.14814815
NaN,NaN,NaN,NaN,NaN,270,0,NaN,NaN,3,NaN,NaN,NaN,NaN,NaN,NaN,265,98.14814815
NaN,NaN,NaN,NaN,NaN,270,0,NaN,NaN,4,NaN,NaN,NaN,NaN,NaN,NaN,261,96.66666667
NaN,NaN,NaN,NaN,NaN,270,0,NaN,NaN,NaN,NaN,NaN,NaN,NaN,NaN,NaN,265,98.14814815
NaN,NaN,NaN,NaN,NaN,270,0,NaN,NaN,2,NaN,NaN,NaN,NaN,NaN,NaN,265,98.14814815
NaN,NaN,NaN,NaN,NaN,270,0,NaN,NaN,3,NaN,NaN,NaN,NaN,NaN,NaN,265,98.14814815
NaN,NaN,NaN,NaN,NaN,270,0,NaN,NaN,NaN,NaN,NaN,NaN,NaN,NaN,NaN,263,97.40740741
NaN,NaN,NaN,NaN,NaN,270,0,NaN,NaN,NaN,NaN,NaN,NaN,NaN,NaN,NaN,265,98.14814815
NaN,NaN,NaN,NaN,NaN,270,0,NaN,NaN,NaN,NaN,NaN,NaN,NaN,NaN,NaN,265,98.14814815
NaN,NaN,NaN,NaN,NaN,269,1,NaN,NaN,NaN,NaN,NaN,NaN,NaN,NaN,NaN,262,97.39776952
NaN,NaN,NaN,NaN,NaN,270,0,NaN,NaN,1,NaN,NaN,NaN,NaN,NaN,NaN,265,98.14814815
NaN,NaN,NaN,NaN,NaN,270,0,NaN,NaN,2,NaN,NaN,NaN,NaN,NaN,NaN,264,97.77777778
NaN,NaN,NaN,NaN,NaN,270,0,NaN,NaN,2,NaN,NaN,NaN,NaN,NaN,NaN,264,97.77777778
NaN,NaN,NaN,NaN,NaN,270,0,NaN,NaN,3,NaN,NaN,NaN,NaN,NaN,NaN,265,98.14814815
NaN,NaN,NaN,NaN,NaN,270,0,NaN,NaN,2,NaN,NaN,NaN,NaN,NaN,NaN,264,97.77777778
NaN,NaN,NaN,NaN,NaN,270,0,NaN,NaN,3,NaN,NaN,NaN,NaN,NaN,NaN,265,98.14814815
NaN,NaN,NaN,NaN,NaN,270,0,NaN,NaN,2,NaN,NaN,NaN,NaN,NaN,NaN,265,98.14814815
NaN,NaN,NaN,NaN,NaN,270,0,NaN,NaN,4,NaN,NaN,NaN,NaN,NaN,NaN,263,97.40740741
NaN,NaN,NaN,NaN,NaN,270,0,NaN,NaN,4,NaN,NaN,NaN,NaN,NaN,NaN,259,95.92592593
NaN,NaN,NaN,NaN,NaN,270,0,NaN,NaN,4,NaN,NaN,NaN,NaN,NaN,NaN,237,87.77777778
NaN,NaN,NaN,NaN,NaN,270,0,NaN,NaN,4,NaN,NaN,NaN,NaN,NaN,NaN,257,95.18518519
NaN,NaN,NaN,NaN,NaN,270,0,NaN,NaN,5,NaN,NaN,NaN,NaN,NaN,NaN,265,98.14814815
NaN,NaN,NaN,NaN,NaN,270,0,NaN,NaN,4,NaN,NaN,NaN,NaN,NaN,NaN,262,97.03703704
NaN,NaN,NaN,NaN,NaN,270,0,NaN,NaN,NaN,NaN,NaN,NaN,NaN,NaN,NaN,251,92.96296296
NaN,NaN,NaN,NaN,NaN,270,0,NaN,NaN,NaN,NaN,NaN,NaN,NaN,NaN,NaN,261,96.66666667
NaN,NaN,NaN,NaN,NaN,270,0,NaN,NaN,4,NaN,NaN,NaN,NaN,NaN,NaN,256,94.81481481
NaN,NaN,NaN,NaN,NaN,270,0,NaN,NaN,5,NaN,NaN,NaN,NaN,NaN,NaN,255,94.44444444
NaN,NaN,NaN,NaN,NaN,270,0,NaN,NaN,5,NaN,NaN,NaN,NaN,NaN,NaN,251,92.96296296
NaN,NaN,NaN,NaN,NaN,270,0,NaN,NaN,4,NaN,NaN,NaN,NaN,NaN,NaN,256,94.81481481
NaN,NaN,NaN,NaN,NaN,270,0,NaN,NaN,4,NaN,NaN,NaN,NaN,NaN,NaN,262,97.03703704
NaN,NaN,NaN,NaN,NaN,270,0,NaN,NaN,3,NaN,NaN,NaN,NaN,NaN,NaN,254,94.07407407
NaN,NaN,NaN,NaN,NaN,270,0,NaN,NaN,2,NaN,NaN,NaN,NaN,NaN,NaN,251,92.96296296
NaN,NaN,NaN,NaN,NaN,270,0,NaN,NaN,4,NaN,NaN,NaN,NaN,NaN,NaN,263,97.40740741
NaN,NaN,NaN,NaN,NaN,270,0,NaN,NaN,5,NaN,NaN,NaN,NaN,NaN,NaN,250,92.59259259
NaN,NaN,NaN,NaN,NaN,270,0,NaN,NaN,5,NaN,NaN,NaN,NaN,NaN,NaN,265,98.14814815
NaN,NaN,NaN,NaN,NaN,270,0,NaN,NaN,3,NaN,NaN,NaN,NaN,NaN,NaN,262,97.03703704
NaN,NaN,NaN,NaN,NaN,270,0,NaN,NaN,2,NaN,NaN,NaN,NaN,NaN,NaN,258,95.55555556
NaN,NaN,NaN,NaN,NaN,270,0,NaN,NaN,5,NaN,NaN,NaN,NaN,NaN,NaN,247,91.48148148
NaN,NaN,NaN,NaN,NaN,270,0,NaN,NaN,NaN,NaN,NaN,NaN,NaN,NaN,NaN,254,94.07407407
NaN,NaN,NaN,NaN,NaN,270,0,NaN,NaN,5,NaN,NaN,NaN,NaN,NaN,NaN,219,81.11111111
NaN,NaN,NaN,NaN,NaN,270,0,NaN,NaN,NaN,NaN,NaN,NaN,NaN,NaN,NaN,236,87.40740741
NaN,NaN,NaN,NaN,NaN,270,0,NaN,NaN,2,NaN,NaN,NaN,NaN,NaN,NaN,265,98.14814815
NaN,NaN,NaN,NaN,NaN,270,0,NaN,NaN,2,NaN,NaN,NaN,NaN,NaN,NaN,264,97.77777778
NaN,NaN,NaN,NaN,NaN,270,0,NaN,NaN,3,NaN,NaN,NaN,NaN,NaN,NaN,264,97.77777778
NaN,NaN,NaN,NaN,NaN,270,0,NaN,NaN,5,NaN,NaN,NaN,NaN,NaN,NaN,265,98.14814815
NaN,NaN,NaN,NaN,NaN,270,0,NaN,NaN,3,NaN,NaN,NaN,NaN,NaN,NaN,265,98.14814815
NaN,NaN,NaN,NaN,NaN,270,0,NaN,NaN,4,NaN,NaN,NaN,NaN,NaN,NaN,265,98.14814815
NaN,NaN,NaN,NaN,NaN,270,0,NaN,NaN,2,NaN,NaN,NaN,NaN,NaN,NaN,264,97.77777778
NaN,NaN,NaN,NaN,NaN,270,0,NaN,NaN,2,NaN,NaN,NaN,NaN,NaN,NaN,265,98.14814815
NaN,NaN,NaN,NaN,NaN,270,0,NaN,NaN,2,NaN,NaN,NaN,NaN,NaN,NaN,265,98.14814815
NaN,NaN,NaN,NaN,NaN,270,0,NaN,NaN,2,NaN,NaN,NaN,NaN,NaN,NaN,265,98.14814815
NaN,NaN,NaN,NaN,NaN,270,0,NaN,NaN,2,NaN,NaN,NaN,NaN,NaN,NaN,265,98.14814815
NaN,NaN,NaN,NaN,NaN,270,0,NaN,NaN,2,NaN,NaN,NaN,NaN,NaN,NaN,264,97.77777778
NaN,NaN,NaN,NaN,NaN,270,0,NaN,NaN,2,NaN,NaN,NaN,NaN,NaN,NaN,258,95.55555556
NaN,NaN,NaN,NaN,NaN,270,0,NaN,NaN,3,NaN,NaN,NaN,NaN,NaN,NaN,264,97.77777778
NaN,NaN,NaN,NaN,NaN,270,0,NaN,NaN,NaN,NaN,NaN,NaN,NaN,NaN,NaN,265,98.14814815
NaN,NaN,NaN,NaN,NaN,270,0,NaN,NaN,3,NaN,NaN,NaN,NaN,NaN,NaN,264,97.77777778
NaN,NaN,NaN,NaN,NaN,270,0,NaN,NaN,5,NaN,NaN,NaN,NaN,NaN,NaN,264,97.77777778
NaN,NaN,NaN,NaN,NaN,270,0,NaN,NaN,5,NaN,NaN,NaN,NaN,NaN,NaN,260,96.2962963
NaN,NaN,NaN,NaN,NaN,270,0,NaN,NaN,4,NaN,NaN,NaN,NaN,NaN,NaN,265,98.14814815
NaN,NaN,NaN,NaN,NaN,270,0,NaN,NaN,4,NaN,NaN,NaN,NaN,NaN,NaN,265,98.14814815
NaN,NaN,NaN,NaN,NaN,270,0,NaN,NaN,5,NaN,NaN,NaN,NaN,NaN,NaN,265,98.14814815
NaN,NaN,NaN,NaN,NaN,270,0,NaN,NaN,3,NaN,NaN,NaN,NaN,NaN,NaN,265,98.14814815
NaN,NaN,NaN,NaN,NaN,270,0,NaN,NaN,4,NaN,NaN,NaN,NaN,NaN,NaN,264,97.77777778
NaN,NaN,NaN,NaN,NaN,270,0,NaN,NaN,4,NaN,NaN,NaN,NaN,NaN,NaN,257,95.18518519
NaN,NaN,NaN,NaN,NaN,270,0,NaN,NaN,4,NaN,NaN,NaN,NaN,NaN,NaN,265,98.14814815
NaN,NaN,NaN,NaN,NaN,270,0,NaN,NaN,4,NaN,NaN,NaN,NaN,NaN,NaN,265,98.14814815
NaN,NaN,NaN,NaN,NaN,270,0,NaN,NaN,2,NaN,NaN,NaN,NaN,NaN,NaN,265,98.14814815
NaN,NaN,NaN,NaN,NaN,270,0,NaN,NaN,NaN,NaN,NaN,NaN,NaN,NaN,NaN,265,98.14814815
NaN,NaN,NaN,NaN,NaN,270,0,NaN,NaN,2,NaN,NaN,NaN,NaN,NaN,NaN,265,98.14814815
NaN,NaN,NaN,NaN,NaN,270,0,NaN,NaN,4,NaN,NaN,NaN,NaN,NaN,NaN,248,91.85185185
NaN,NaN,NaN,NaN,NaN,270,0,NaN,NaN,4,NaN,NaN,NaN,NaN,NaN,NaN,236,87.40740741
NaN,NaN,NaN,NaN,NaN,270,0,NaN,NaN,4,NaN,NaN,NaN,NaN,NaN,NaN,248,91.85185185
NaN,NaN,NaN,NaN,NaN,270,0,NaN,NaN,5,NaN,NaN,NaN,NaN,NaN,NaN,239,88.51851852
NaN,NaN,NaN,NaN,NaN,270,0,NaN,NaN,4,NaN,NaN,NaN,NaN,NaN,NaN,246,91.11111111
NaN,NaN,NaN,NaN,NaN,270,0,NaN,NaN,NaN,NaN,NaN,NaN,NaN,NaN,NaN,232,85.92592593
NaN,NaN,NaN,NaN,NaN,270,0,NaN,NaN,NaN,NaN,NaN,NaN,NaN,NaN,NaN,234,86.66666667
NaN,NaN,NaN,NaN,NaN,270,0,NaN,NaN,NaN,NaN,NaN,NaN,NaN,NaN,NaN,258,95.55555556
NaN,NaN,NaN,NaN,NaN,270,0,NaN,NaN,1,NaN,NaN,NaN,NaN,NaN,NaN,218,80.74074074
NaN,NaN,NaN,NaN,NaN,270,0,NaN,NaN,2,NaN,NaN,NaN,NaN,NaN,NaN,254,94.07407407
NaN,NaN,NaN,NaN,NaN,270,0,NaN,NaN,2,NaN,NaN,NaN,NaN,NaN,NaN,258,95.55555556
NaN,NaN,NaN,NaN,NaN,270,0,NaN,NaN,2,NaN,NaN,NaN,NaN,NaN,NaN,229,84.81481481
NaN,NaN,NaN,NaN,NaN,270,0,NaN,NaN,2,NaN,NaN,NaN,NaN,NaN,NaN,248,91.85185185
NaN,NaN,NaN,NaN,NaN,270,0,NaN,NaN,2,NaN,NaN,NaN,NaN,NaN,NaN,262,97.03703704
NaN,NaN,NaN,NaN,NaN,270,0,NaN,NaN,1,NaN,NaN,NaN,NaN,NaN,NaN,265,98.14814815
NaN,NaN,NaN,NaN,NaN,270,0,NaN,NaN,1,NaN,NaN,NaN,NaN,NaN,NaN,256,94.81481481
NaN,NaN,NaN,NaN,NaN,270,0,NaN,NaN,1,NaN,NaN,NaN,NaN,NaN,NaN,259,95.92592593
NaN,NaN,NaN,NaN,NaN,270,0,NaN,NaN,1,NaN,NaN,NaN,NaN,NaN,NaN,255,94.44444444
NaN,NaN,NaN,NaN,NaN,270,0,NaN,NaN,1,NaN,NaN,NaN,NaN,NaN,NaN,259,95.92592593
NaN,NaN,NaN,NaN,NaN,270,0,NaN,NaN,1,NaN,NaN,NaN,NaN,NaN,NaN,261,96.66666667
NaN,NaN,NaN,NaN,NaN,270,0,NaN,NaN,1,NaN,NaN,NaN,NaN,NaN,NaN,261,96.66666667
NaN,NaN,NaN,NaN,NaN,270,0,NaN,NaN,1,NaN,NaN,NaN,NaN,NaN,NaN,240,88.88888889
NaN,NaN,NaN,NaN,NaN,270,0,NaN,NaN,NaN,NaN,NaN,NaN,NaN,NaN,NaN,262,97.03703704
NaN,NaN,NaN,NaN,NaN,270,0,NaN,NaN,1,NaN,NaN,NaN,NaN,NaN,NaN,262,97.03703704
NaN,NaN,NaN,NaN,NaN,270,0,NaN,NaN,2,NaN,NaN,NaN,NaN,NaN,NaN,264,97.77777778
NaN,NaN,NaN,NaN,NaN,270,0,NaN,NaN,1,NaN,NaN,NaN,NaN,NaN,NaN,263,97.40740741
NaN,NaN,NaN,NaN,NaN,270,0,NaN,NaN,1,NaN,NaN,NaN,NaN,NaN,NaN,262,97.03703704
NaN,NaN,NaN,NaN,NaN,270,0,NaN,NaN,1,NaN,NaN,NaN,NaN,NaN,NaN,257,95.18518519
NaN,NaN,NaN,NaN,NaN,270,0,NaN,NaN,1,NaN,NaN,NaN,NaN,NaN,NaN,261,96.66666667
NaN,NaN,NaN,NaN,NaN,270,0,NaN,NaN,1,NaN,NaN,NaN,NaN,NaN,NaN,262,97.03703704
NaN,NaN,NaN,NaN,NaN,270,0,NaN,NaN,1,NaN,NaN,NaN,NaN,NaN,NaN,256,94.81481481
NaN,NaN,NaN,NaN,NaN,270,0,NaN,NaN,NaN,NaN,NaN,NaN,NaN,NaN,NaN,255,94.44444444
NaN,NaN,NaN,NaN,NaN,270,0,NaN,NaN,1,NaN,NaN,NaN,NaN,NaN,NaN,261,96.66666667
NaN,NaN,NaN,NaN,NaN,270,0,NaN,NaN,2,NaN,NaN,NaN,NaN,NaN,NaN,264,97.77777778
NaN,NaN,NaN,NaN,NaN,270,0,NaN,NaN,3,NaN,NaN,NaN,NaN,NaN,NaN,262,97.03703704
NaN,NaN,NaN,NaN,NaN,270,0,NaN,NaN,4,NaN,NaN,NaN,NaN,NaN,NaN,262,97.03703704
NaN,NaN,NaN,NaN,NaN,270,0,NaN,NaN,4,NaN,NaN,NaN,NaN,NaN,NaN,229,84.81481481
NaN,NaN,NaN,NaN,NaN,270,0,NaN,NaN,4,NaN,NaN,NaN,NaN,NaN,NaN,258,95.55555556
NaN,NaN,NaN,NaN,NaN,270,0,NaN,NaN,4,NaN,NaN,NaN,NaN,NaN,NaN,253,93.7037037
NaN,NaN,NaN,NaN,NaN,270,0,NaN,NaN,3,NaN,NaN,NaN,NaN,NaN,NaN,263,97.40740741
NaN,NaN,NaN,NaN,NaN,270,0,NaN,NaN,5,NaN,NaN,NaN,NaN,NaN,NaN,265,98.14814815
NaN,NaN,NaN,NaN,NaN,270,0,NaN,NaN,5,NaN,NaN,NaN,NaN,NaN,NaN,264,97.77777778
NaN,NaN,NaN,NaN,NaN,270,0,NaN,NaN,4,NaN,NaN,NaN,NaN,NaN,NaN,255,94.44444444
NaN,NaN,NaN,NaN,NaN,270,0,NaN,NaN,5,NaN,NaN,NaN,NaN,NaN,NaN,263,97.40740741
NaN,NaN,NaN,NaN,NaN,270,0,NaN,NaN,5,NaN,NaN,NaN,NaN,NaN,NaN,259,95.92592593
NaN,NaN,NaN,NaN,NaN,270,0,NaN,NaN,4,NaN,NaN,NaN,NaN,NaN,NaN,258,95.55555556
NaN,NaN,NaN,NaN,NaN,270,0,NaN,NaN,2,NaN,NaN,NaN,NaN,NaN,NaN,248,91.85185185
NaN,NaN,NaN,NaN,NaN,270,0,NaN,NaN,4,NaN,NaN,NaN,NaN,NaN,NaN,264,97.77777778
NaN,NaN,NaN,NaN,NaN,270,0,NaN,NaN,4,NaN,NaN,NaN,NaN,NaN,NaN,264,97.77777778
NaN,NaN,NaN,NaN,NaN,270,0,NaN,NaN,5,NaN,NaN,NaN,NaN,NaN,NaN,263,97.40740741
NaN,NaN,NaN,NaN,NaN,270,0,NaN,NaN,5,NaN,NaN,NaN,NaN,NaN,NaN,263,97.40740741
NaN,NaN,NaN,NaN,NaN,270,0,NaN,NaN,3,NaN,NaN,NaN,NaN,NaN,NaN,228,84.44444444
NaN,NaN,NaN,NaN,NaN,270,0,NaN,NaN,4,NaN,NaN,NaN,NaN,NaN,NaN,252,93.33333333
NaN,NaN,NaN,NaN,NaN,270,0,NaN,NaN,3,NaN,NaN,NaN,NaN,NaN,NaN,244,90.37037037
NaN,NaN,NaN,NaN,NaN,270,0,NaN,NaN,5,NaN,NaN,NaN,NaN,NaN,NaN,261,96.66666667
NaN,NaN,NaN,NaN,NaN,270,0,NaN,NaN,5,NaN,NaN,NaN,NaN,NaN,NaN,246,91.11111111
NaN,NaN,NaN,NaN,NaN,270,0,NaN,NaN,5,NaN,NaN,NaN,NaN,NaN,NaN,247,91.48148148
NaN,NaN,NaN,NaN,NaN,270,0,NaN,NaN,4,NaN,NaN,NaN,NaN,NaN,NaN,247,91.48148148
NaN,NaN,NaN,NaN,NaN,270,0,NaN,NaN,3,NaN,NaN,NaN,NaN,NaN,NaN,255,94.44444444
NaN,NaN,NaN,NaN,NaN,270,0,NaN,NaN,2,NaN,NaN,NaN,NaN,NaN,NaN,233,86.2962963
NaN,NaN,NaN,NaN,NaN,270,0,NaN,NaN,3,NaN,NaN,NaN,NaN,NaN,NaN,202,74.81481481
NaN,NaN,NaN,NaN,NaN,270,0,NaN,NaN,2,NaN,NaN,NaN,NaN,NaN,NaN,231,85.55555556
NaN,NaN,NaN,NaN,NaN,270,0,NaN,NaN,3,NaN,NaN,NaN,NaN,NaN,NaN,258,95.55555556
NaN,NaN,NaN,NaN,NaN,270,0,NaN,NaN,3,NaN,NaN,NaN,NaN,NaN,NaN,259,95.92592593
NaN,NaN,NaN,NaN,NaN,270,0,NaN,NaN,NaN,NaN,NaN,NaN,NaN,NaN,NaN,229,84.81481481
NaN,NaN,NaN,NaN,NaN,270,0,NaN,NaN,2,NaN,NaN,NaN,NaN,NaN,NaN,263,97.40740741
NaN,NaN,NaN,NaN,NaN,270,0,NaN,NaN,2,NaN,NaN,NaN,NaN,NaN,NaN,264,97.77777778
NaN,NaN,NaN,NaN,NaN,270,0,NaN,NaN,2,NaN,NaN,NaN,NaN,NaN,NaN,263,97.40740741
NaN,NaN,NaN,NaN,NaN,270,0,NaN,NaN,3,NaN,NaN,NaN,NaN,NaN,NaN,263,97.40740741
NaN,NaN,NaN,NaN,NaN,270,0,NaN,NaN,3,NaN,NaN,NaN,NaN,NaN,NaN,263,97.40740741
NaN,NaN,NaN,NaN,NaN,270,0,NaN,NaN,2,NaN,NaN,NaN,NaN,NaN,NaN,264,97.77777778
NaN,NaN,NaN,NaN,NaN,270,0,NaN,NaN,4,NaN,NaN,NaN,NaN,NaN,NaN,260,96.2962963
NaN,NaN,NaN,NaN,NaN,270,0,NaN,NaN,3,NaN,NaN,NaN,NaN,NaN,NaN,263,97.40740741
NaN,NaN,NaN,NaN,NaN,270,0,NaN,NaN,3,NaN,NaN,NaN,NaN,NaN,NaN,264,97.77777778
NaN,NaN,NaN,NaN,NaN,270,0,NaN,NaN,4,NaN,NaN,NaN,NaN,NaN,NaN,263,97.40740741
NaN,NaN,NaN,NaN,NaN,270,0,NaN,NaN,4,NaN,NaN,NaN,NaN,NaN,NaN,265,98.14814815
NaN,NaN,NaN,NaN,NaN,270,0,NaN,NaN,3,NaN,NaN,NaN,NaN,NaN,NaN,264,97.77777778
NaN,NaN,NaN,NaN,NaN,270,0,NaN,NaN,3,NaN,NaN,NaN,NaN,NaN,NaN,265,98.14814815
NaN,NaN,NaN,NaN,NaN,270,0,NaN,NaN,2,NaN,NaN,NaN,NaN,NaN,NaN,265,98.14814815
NaN,NaN,NaN,NaN,NaN,270,0,NaN,NaN,3,NaN,NaN,NaN,NaN,NaN,NaN,265,98.14814815
NaN,NaN,NaN,NaN,NaN,270,0,NaN,NaN,NaN,NaN,NaN,NaN,NaN,NaN,NaN,264,97.77777778
NaN,NaN,NaN,NaN,NaN,270,0,NaN,NaN,2,NaN,NaN,NaN,NaN,NaN,NaN,261,96.66666667
NaN,NaN,NaN,NaN,NaN,270,0,NaN,NaN,2,NaN,NaN,NaN,NaN,NaN,NaN,265,98.14814815
NaN,NaN,NaN,NaN,NaN,270,0,NaN,NaN,3,NaN,NaN,NaN,NaN,NaN,NaN,262,97.03703704
NaN,NaN,NaN,NaN,NaN,270,0,NaN,NaN,3,NaN,NaN,NaN,NaN,NaN,NaN,263,97.40740741
NaN,NaN,NaN,NaN,NaN,270,0,NaN,NaN,3,NaN,NaN,NaN,NaN,NaN,NaN,264,97.77777778
NaN,NaN,NaN,NaN,NaN,270,0,NaN,NaN,2,NaN,NaN,NaN,NaN,NaN,NaN,264,97.77777778
NaN,NaN,NaN,NaN,NaN,270,0,NaN,NaN,3,NaN,NaN,NaN,NaN,NaN,NaN,261,96.66666667
NaN,NaN,NaN,NaN,NaN,270,0,NaN,NaN,NaN,NaN,NaN,NaN,NaN,NaN,NaN,263,97.40740741
NaN,NaN,NaN,NaN,NaN,270,0,NaN,NaN,1,NaN,NaN,NaN,NaN,NaN,NaN,263,97.40740741
NaN,NaN,NaN,NaN,NaN,270,0,NaN,NaN,3,NaN,NaN,NaN,NaN,NaN,NaN,250,92.59259259
NaN,NaN,NaN,NaN,NaN,270,0,NaN,NaN,5,NaN,NaN,NaN,NaN,NaN,NaN,254,94.07407407
NaN,NaN,NaN,NaN,NaN,270,0,NaN,NaN,5,NaN,NaN,NaN,NaN,NaN,NaN,258,95.55555556
NaN,NaN,NaN,NaN,NaN,270,0,NaN,NaN,1,NaN,NaN,NaN,NaN,NaN,NaN,263,97.40740741
NaN,NaN,NaN,NaN,NaN,270,0,NaN,NaN,1,NaN,NaN,NaN,NaN,NaN,NaN,251,92.96296296
NaN,NaN,NaN,NaN,NaN,270,0,NaN,NaN,3,NaN,NaN,NaN,NaN,NaN,NaN,257,95.18518519
NaN,NaN,NaN,NaN,NaN,270,0,NaN,NaN,2,NaN,NaN,NaN,NaN,NaN,NaN,251,92.96296296
NaN,NaN,NaN,NaN,NaN,270,0,NaN,NaN,4,NaN,NaN,NaN,NaN,NaN,NaN,256,94.81481481
NaN,NaN,NaN,NaN,NaN,270,0,NaN,NaN,5,NaN,NaN,NaN,NaN,NaN,NaN,246,91.11111111
NaN,NaN,NaN,NaN,NaN,270,0,NaN,NaN,5,NaN,NaN,NaN,NaN,NaN,NaN,264,97.77777778
NaN,NaN,NaN,NaN,NaN,270,0,NaN,NaN,1,NaN,NaN,NaN,NaN,NaN,NaN,264,97.77777778
NaN,NaN,NaN,NaN,NaN,270,0,NaN,NaN,1,NaN,NaN,NaN,NaN,NaN,NaN,263,97.40740741
NaN,NaN,NaN,NaN,NaN,270,0,NaN,NaN,1,NaN,NaN,NaN,NaN,NaN,NaN,262,97.03703704
NaN,NaN,NaN,NaN,NaN,270,0,NaN,NaN,1,NaN,NaN,NaN,NaN,NaN,NaN,263,97.40740741
NaN,NaN,NaN,NaN,NaN,270,0,NaN,NaN,1,NaN,NaN,NaN,NaN,NaN,NaN,263,97.40740741
NaN,NaN,NaN,NaN,NaN,270,0,NaN,NaN,2,NaN,NaN,NaN,NaN,NaN,NaN,244,90.37037037
NaN,NaN,NaN,NaN,NaN,270,0,NaN,NaN,1,NaN,NaN,NaN,NaN,NaN,NaN,241,89.25925926
NaN,NaN,NaN,NaN,NaN,270,0,NaN,NaN,2,NaN,NaN,NaN,NaN,NaN,NaN,265,98.14814815
NaN,NaN,NaN,NaN,NaN,270,0,NaN,NaN,1,NaN,NaN,NaN,NaN,NaN,NaN,259,95.92592593
NaN,NaN,NaN,NaN,NaN,270,0,NaN,NaN,2,NaN,NaN,NaN,NaN,NaN,NaN,264,97.77777778
NaN,NaN,NaN,NaN,NaN,270,0,NaN,NaN,2,NaN,NaN,NaN,NaN,NaN,NaN,265,98.14814815
NaN,NaN,NaN,NaN,NaN,270,0,NaN,NaN,3,NaN,NaN,NaN,NaN,NaN,NaN,264,97.77777778
NaN,NaN,NaN,NaN,NaN,270,0,NaN,NaN,2,NaN,NaN,NaN,NaN,NaN,NaN,264,97.77777778
NaN,NaN,NaN,NaN,NaN,270,0,NaN,NaN,2,NaN,NaN,NaN,NaN,NaN,NaN,263,97.40740741
NaN,NaN,NaN,NaN,NaN,270,0,NaN,NaN,2,NaN,NaN,NaN,NaN,NaN,NaN,264,97.77777778
NaN,NaN,NaN,NaN,NaN,270,0,NaN,NaN,2,NaN,NaN,NaN,NaN,NaN,NaN,265,98.14814815
NaN,NaN,NaN,NaN,NaN,270,0,NaN,NaN,2,NaN,NaN,NaN,NaN,NaN,NaN,265,98.14814815
NaN,NaN,NaN,NaN,NaN,270,0,NaN,NaN,4,NaN,NaN,NaN,NaN,NaN,NaN,265,98.14814815
NaN,NaN,NaN,NaN,NaN,270,0,NaN,NaN,2,NaN,NaN,NaN,NaN,NaN,NaN,264,97.77777778
NaN,NaN,NaN,NaN,NaN,270,0,NaN,NaN,2,NaN,NaN,NaN,NaN,NaN,NaN,265,98.14814815
NaN,NaN,NaN,NaN,NaN,270,0,NaN,NaN,2,NaN,NaN,NaN,NaN,NaN,NaN,265,98.14814815
NaN,NaN,NaN,NaN,NaN,270,0,NaN,NaN,2,NaN,NaN,NaN,NaN,NaN,NaN,265,98.14814815
NaN,NaN,NaN,NaN,NaN,270,0,NaN,NaN,3,NaN,NaN,NaN,NaN,NaN,NaN,264,97.77777778
NaN,NaN,NaN,NaN,NaN,270,0,NaN,NaN,4,NaN,NaN,NaN,NaN,NaN,NaN,265,98.14814815
NaN,NaN,NaN,NaN,NaN,270,0,NaN,NaN,4,NaN,NaN,NaN,NaN,NaN,NaN,264,97.77777778
NaN,NaN,NaN,NaN,NaN,270,0,NaN,NaN,3,NaN,NaN,NaN,NaN,NaN,NaN,264,97.77777778
NaN,NaN,NaN,NaN,NaN,270,0,NaN,NaN,2,NaN,NaN,NaN,NaN,NaN,NaN,252,93.33333333
NaN,NaN,NaN,NaN,NaN,270,0,NaN,NaN,2,NaN,NaN,NaN,NaN,NaN,NaN,263,97.40740741
NaN,NaN,NaN,NaN,NaN,270,0,NaN,NaN,2,NaN,NaN,NaN,NaN,NaN,NaN,265,98.14814815
NaN,NaN,NaN,NaN,NaN,270,0,NaN,NaN,4,NaN,NaN,NaN,NaN,NaN,NaN,265,98.14814815
NaN,NaN,NaN,NaN,NaN,270,0,NaN,NaN,2,NaN,NaN,NaN,NaN,NaN,NaN,262,97.03703704
NaN,NaN,NaN,NaN,NaN,270,0,NaN,NaN,2,NaN,NaN,NaN,NaN,NaN,NaN,265,98.14814815
NaN,NaN,NaN,NaN,NaN,270,0,NaN,NaN,2,NaN,NaN,NaN,NaN,NaN,NaN,259,95.92592593
NaN,NaN,NaN,NaN,NaN,270,0,NaN,NaN,2,NaN,NaN,NaN,NaN,NaN,NaN,264,97.77777778
NaN,NaN,NaN,NaN,NaN,270,0,NaN,NaN,2,NaN,NaN,NaN,NaN,NaN,NaN,264,97.77777778
NaN,NaN,NaN,NaN,NaN,270,0,NaN,NaN,2,NaN,NaN,NaN,NaN,NaN,NaN,259,95.92592593
NaN,NaN,NaN,NaN,NaN,270,0,NaN,NaN,NaN,NaN,NaN,NaN,NaN,NaN,NaN,263,97.40740741
NaN,NaN,NaN,NaN,NaN,270,0,NaN,NaN,2,NaN,NaN,NaN,NaN,NaN,NaN,252,93.33333333
NaN,NaN,NaN,NaN,NaN,270,0,NaN,NaN,3,NaN,NaN,NaN,NaN,NaN,NaN,261,96.66666667
NaN,NaN,NaN,NaN,NaN,270,0,NaN,NaN,4,NaN,NaN,NaN,NaN,NaN,NaN,261,96.66666667
NaN,NaN,NaN,NaN,NaN,270,0,NaN,NaN,5,NaN,NaN,NaN,NaN,NaN,NaN,264,97.77777778
NaN,NaN,NaN,NaN,NaN,270,0,NaN,NaN,5,NaN,NaN,NaN,NaN,NaN,NaN,253,93.7037037
NaN,NaN,NaN,NaN,NaN,270,0,NaN,NaN,NaN,NaN,NaN,NaN,NaN,NaN,NaN,245,90.74074074
NaN,NaN,NaN,NaN,NaN,270,0,NaN,NaN,3,NaN,NaN,NaN,NaN,NaN,NaN,259,95.92592593
NaN,NaN,NaN,NaN,NaN,270,0,NaN,NaN,4,NaN,NaN,NaN,NaN,NaN,NaN,242,89.62962963
NaN,NaN,NaN,NaN,NaN,270,0,NaN,NaN,5,NaN,NaN,NaN,NaN,NaN,NaN,225,83.33333333
NaN,NaN,NaN,NaN,NaN,270,0,NaN,NaN,5,NaN,NaN,NaN,NaN,NaN,NaN,225,83.33333333
NaN,NaN,NaN,NaN,NaN,270,0,NaN,NaN,5.3,NaN,NaN,NaN,NaN,NaN,NaN,249,92.22222222
NaN,NaN,NaN,NaN,NaN,270,0,NaN,NaN,4,NaN,NaN,NaN,NaN,NaN,NaN,245,90.74074074
NaN,NaN,NaN,NaN,NaN,270,0,NaN,NaN,2,NaN,NaN,NaN,NaN,NaN,NaN,262,97.03703704
NaN,NaN,NaN,NaN,NaN,270,0,NaN,NaN,2,NaN,NaN,NaN,NaN,NaN,NaN,255,94.44444444
NaN,NaN,NaN,NaN,NaN,270,0,NaN,NaN,3,NaN,NaN,NaN,NaN,NaN,NaN,247,91.48148148
NaN,NaN,NaN,NaN,NaN,270,0,NaN,NaN,4,NaN,NaN,NaN,NaN,NaN,NaN,209,77.40740741
NaN,NaN,NaN,NaN,NaN,270,0,NaN,NaN,4.5,NaN,NaN,NaN,NaN,NaN,NaN,244,90.37037037
NaN,NaN,NaN,NaN,NaN,270,0,NaN,NaN,5,NaN,NaN,NaN,NaN,NaN,NaN,253,93.7037037
NaN,NaN,NaN,NaN,NaN,270,0,NaN,NaN,1,NaN,NaN,NaN,NaN,NaN,NaN,264,97.77777778
NaN,NaN,NaN,NaN,NaN,270,0,NaN,NaN,1,NaN,NaN,NaN,NaN,NaN,NaN,262,97.03703704
NaN,NaN,NaN,NaN,NaN,270,0,NaN,NaN,1,NaN,NaN,NaN,NaN,NaN,NaN,255,94.44444444
NaN,NaN,NaN,NaN,NaN,270,0,NaN,NaN,3,NaN,NaN,NaN,NaN,NaN,NaN,240,88.88888889
NaN,NaN,NaN,NaN,NaN,270,0,NaN,NaN,3,NaN,NaN,NaN,NaN,NaN,NaN,252,93.33333333
NaN,NaN,NaN,NaN,NaN,270,0,NaN,NaN,4,NaN,NaN,NaN,NaN,NaN,NaN,191,70.74074074
NaN,NaN,NaN,NaN,NaN,270,0,NaN,NaN,1,NaN,NaN,NaN,NaN,NaN,NaN,254,94.07407407
NaN,NaN,NaN,NaN,NaN,270,0,NaN,NaN,2,NaN,NaN,NaN,NaN,NaN,NaN,182,67.40740741
NaN,NaN,NaN,NaN,NaN,270,0,NaN,NaN,2,NaN,NaN,NaN,NaN,NaN,NaN,205,75.92592593
NaN,NaN,NaN,NaN,NaN,270,0,NaN,NaN,3,NaN,NaN,NaN,NaN,NaN,NaN,244,90.37037037
NaN,NaN,NaN,NaN,NaN,270,0,NaN,NaN,1,NaN,NaN,NaN,NaN,NaN,NaN,255,94.44444444
NaN,NaN,NaN,NaN,NaN,269,1,NaN,NaN,2,NaN,NaN,NaN,NaN,NaN,NaN,262,97.39776952
NaN,NaN,NaN,NaN,NaN,270,0,NaN,NaN,2,NaN,NaN,NaN,NaN,NaN,NaN,256,94.81481481
NaN,NaN,NaN,NaN,NaN,270,0,NaN,NaN,3,NaN,NaN,NaN,NaN,NaN,NaN,262,97.03703704
NaN,NaN,NaN,NaN,NaN,270,0,NaN,NaN,3,NaN,NaN,NaN,NaN,NaN,NaN,240,88.88888889
NaN,NaN,NaN,NaN,NaN,270,0,NaN,NaN,3,NaN,NaN,NaN,NaN,NaN,NaN,221,81.85185185
NaN,NaN,NaN,NaN,NaN,270,0,NaN,NaN,3,NaN,NaN,NaN,NaN,NaN,NaN,239,88.51851852
NaN,NaN,NaN,NaN,NaN,270,0,NaN,NaN,3,NaN,NaN,NaN,NaN,NaN,NaN,260,96.2962963
NaN,NaN,NaN,NaN,NaN,270,0,NaN,NaN,2,NaN,NaN,NaN,NaN,NaN,NaN,263,97.40740741
NaN,NaN,NaN,NaN,NaN,270,0,NaN,NaN,3,NaN,NaN,NaN,NaN,NaN,NaN,262,97.03703704
NaN,NaN,NaN,NaN,NaN,270,0,NaN,NaN,3,NaN,NaN,NaN,NaN,NaN,NaN,263,97.40740741
NaN,NaN,NaN,NaN,NaN,270,0,NaN,NaN,2,NaN,NaN,NaN,NaN,NaN,NaN,263,97.40740741
NaN,NaN,NaN,NaN,NaN,270,0,NaN,NaN,3,NaN,NaN,NaN,NaN,NaN,NaN,255,94.44444444
NaN,NaN,NaN,NaN,NaN,270,0,NaN,NaN,3,NaN,NaN,NaN,NaN,NaN,NaN,256,94.81481481
NaN,NaN,NaN,NaN,NaN,269,1,NaN,NaN,2,NaN,NaN,NaN,NaN,NaN,NaN,261,97.0260223
NaN,NaN,NaN,NaN,NaN,270,0,NaN,NaN,3,NaN,NaN,NaN,NaN,NaN,NaN,256,94.81481481
NaN,NaN,NaN,NaN,NaN,270,0,NaN,NaN,1,NaN,NaN,NaN,NaN,NaN,NaN,264,97.77777778
NaN,NaN,NaN,NaN,NaN,270,0,NaN,NaN,2,NaN,NaN,NaN,NaN,NaN,NaN,264,97.77777778
NaN,NaN,NaN,NaN,NaN,270,0,NaN,NaN,4,NaN,NaN,NaN,NaN,NaN,NaN,265,98.14814815
NaN,NaN,NaN,NaN,NaN,270,0,NaN,NaN,4,NaN,NaN,NaN,NaN,NaN,NaN,265,98.14814815
NaN,NaN,NaN,NaN,NaN,270,0,NaN,NaN,3,NaN,NaN,NaN,NaN,NaN,NaN,248,91.85185185
NaN,NaN,NaN,NaN,NaN,270,0,NaN,NaN,3,NaN,NaN,NaN,NaN,NaN,NaN,264,97.77777778
NaN,NaN,NaN,NaN,NaN,270,0,NaN,NaN,2,NaN,NaN,NaN,NaN,NaN,NaN,261,96.66666667
NaN,NaN,NaN,NaN,NaN,270,0,NaN,NaN,3,NaN,NaN,NaN,NaN,NaN,NaN,264,97.77777778
NaN,NaN,NaN,NaN,NaN,270,0,NaN,NaN,2,NaN,NaN,NaN,NaN,NaN,NaN,264,97.77777778
NaN,NaN,NaN,NaN,NaN,270,0,NaN,NaN,3,NaN,NaN,NaN,NaN,NaN,NaN,263,97.40740741
NaN,NaN,NaN,NaN,NaN,270,0,NaN,NaN,3,NaN,NaN,NaN,NaN,NaN,NaN,264,97.77777778
NaN,NaN,NaN,NaN,NaN,270,0,NaN,NaN,3,NaN,NaN,NaN,NaN,NaN,NaN,255,94.44444444
NaN,NaN,NaN,NaN,NaN,270,0,NaN,NaN,2,NaN,NaN,NaN,NaN,NaN,NaN,259,95.92592593
NaN,NaN,NaN,NaN,NaN,270,0,NaN,NaN,3,NaN,NaN,NaN,NaN,NaN,NaN,221,81.85185185
NaN,NaN,NaN,NaN,NaN,270,0,NaN,NaN,3,NaN,NaN,NaN,NaN,NaN,NaN,263,97.40740741
NaN,NaN,NaN,NaN,NaN,270,0,NaN,NaN,2,NaN,NaN,NaN,NaN,NaN,NaN,263,97.40740741
NaN,NaN,NaN,NaN,NaN,270,0,NaN,NaN,NaN,NaN,NaN,NaN,NaN,NaN,NaN,263,97.40740741
NaN,NaN,NaN,NaN,NaN,270,0,NaN,NaN,3,NaN,NaN,NaN,NaN,NaN,NaN,265,98.14814815
NaN,NaN,NaN,NaN,NaN,270,0,NaN,NaN,4,NaN,NaN,NaN,NaN,NaN,NaN,264,97.77777778
NaN,NaN,NaN,NaN,NaN,270,0,NaN,NaN,5,NaN,NaN,NaN,NaN,NaN,NaN,264,97.77777778
NaN,NaN,NaN,NaN,NaN,270,0,NaN,NaN,3,NaN,NaN,NaN,NaN,NaN,NaN,265,98.14814815
NaN,NaN,NaN,NaN,NaN,270,0,NaN,NaN,5,NaN,NaN,NaN,NaN,NaN,NaN,262,97.03703704
NaN,NaN,NaN,NaN,NaN,270,0,NaN,NaN,4,NaN,NaN,NaN,NaN,NaN,NaN,264,97.77777778
NaN,NaN,NaN,NaN,NaN,270,0,NaN,NaN,4,NaN,NaN,NaN,NaN,NaN,NaN,265,98.14814815
NaN,NaN,NaN,NaN,NaN,270,0,NaN,NaN,4,NaN,NaN,NaN,NaN,NaN,NaN,264,97.77777778
NaN,NaN,NaN,NaN,NaN,270,0,NaN,NaN,3,NaN,NaN,NaN,NaN,NaN,NaN,258,95.55555556
NaN,NaN,NaN,NaN,NaN,270,0,NaN,NaN,4,NaN,NaN,NaN,NaN,NaN,NaN,265,98.14814815
NaN,NaN,NaN,NaN,NaN,270,0,NaN,NaN,4,NaN,NaN,NaN,NaN,NaN,NaN,261,96.66666667
NaN,NaN,NaN,NaN,NaN,270,0,NaN,NaN,5,NaN,NaN,NaN,NaN,NaN,NaN,264,97.77777778
NaN,NaN,NaN,NaN,NaN,270,0,NaN,NaN,5,NaN,NaN,NaN,NaN,NaN,NaN,259,95.92592593
NaN,NaN,NaN,NaN,NaN,270,0,NaN,NaN,5,NaN,NaN,NaN,NaN,NaN,NaN,262,97.03703704
NaN,NaN,NaN,NaN,NaN,270,0,NaN,NaN,4,NaN,NaN,NaN,NaN,NaN,NaN,261,96.66666667
NaN,NaN,NaN,NaN,NaN,270,0,NaN,NaN,5,NaN,NaN,NaN,NaN,NaN,NaN,265,98.14814815
NaN,NaN,NaN,NaN,NaN,270,0,NaN,NaN,5,NaN,NaN,NaN,NaN,NaN,NaN,263,97.40740741
NaN,NaN,NaN,NaN,NaN,270,0,NaN,NaN,5,NaN,NaN,NaN,NaN,NaN,NaN,263,97.40740741
NaN,NaN,NaN,NaN,NaN,270,0,NaN,NaN,NaN,NaN,NaN,NaN,NaN,NaN,NaN,265,98.14814815
NaN,NaN,NaN,NaN,NaN,18,1,1,NaN,2,NaN,NaN,NaN,NaN,NaN,NaN,13,72.22222222
NaN,NaN,NaN,NaN,NaN,270,0,NaN,NaN,2,NaN,NaN,NaN,NaN,NaN,NaN,265,98.14814815
NaN,NaN,NaN,NaN,NaN,270,0,NaN,NaN,2,NaN,NaN,NaN,NaN,NaN,NaN,264,97.77777778
NaN,NaN,NaN,NaN,NaN,270,0,NaN,NaN,2,NaN,NaN,NaN,NaN,NaN,NaN,265,98.14814815
NaN,NaN,NaN,NaN,NaN,270,0,NaN,NaN,2,NaN,NaN,NaN,NaN,NaN,NaN,263,97.40740741
NaN,NaN,NaN,NaN,NaN,270,0,NaN,NaN,2,NaN,NaN,NaN,NaN,NaN,NaN,251,92.96296296
NaN,NaN,NaN,NaN,NaN,270,0,NaN,NaN,2,NaN,NaN,NaN,NaN,NaN,NaN,260,96.2962963
NaN,NaN,NaN,NaN,NaN,270,0,NaN,NaN,2,NaN,NaN,NaN,NaN,NaN,NaN,259,95.92592593
NaN,NaN,NaN,NaN,NaN,270,0,NaN,NaN,NaN,NaN,NaN,NaN,NaN,NaN,NaN,259,95.92592593
NaN,NaN,NaN,NaN,NaN,270,0,NaN,NaN,2,NaN,NaN,NaN,NaN,NaN,NaN,263,97.40740741
NaN,NaN,NaN,NaN,NaN,270,0,NaN,NaN,2,NaN,NaN,NaN,NaN,NaN,NaN,245,90.74074074
NaN,NaN,NaN,NaN,NaN,270,0,NaN,NaN,3,NaN,NaN,NaN,NaN,NaN,NaN,241,89.25925926
NaN,NaN,NaN,NaN,NaN,270,0,NaN,NaN,3,NaN,NaN,NaN,NaN,NaN,NaN,263,97.40740741
NaN,NaN,NaN,NaN,NaN,270,0,NaN,NaN,3,NaN,NaN,NaN,NaN,NaN,NaN,265,98.14814815
NaN,NaN,NaN,NaN,NaN,270,0,NaN,NaN,1,NaN,NaN,NaN,NaN,NaN,NaN,264,97.77777778
NaN,NaN,NaN,NaN,NaN,270,0,NaN,NaN,1,NaN,NaN,NaN,NaN,NaN,NaN,265,98.14814815
NaN,NaN,NaN,NaN,NaN,270,0,NaN,NaN,2,NaN,NaN,NaN,NaN,NaN,NaN,259,95.92592593
NaN,NaN,NaN,NaN,NaN,270,0,NaN,NaN,3,NaN,NaN,NaN,NaN,NaN,NaN,261,96.66666667
NaN,NaN,NaN,NaN,NaN,270,0,NaN,NaN,3,NaN,NaN,NaN,NaN,NaN,NaN,264,97.77777778
NaN,NaN,NaN,NaN,NaN,270,0,NaN,NaN,3,NaN,NaN,NaN,NaN,NaN,NaN,264,97.77777778
NaN,NaN,NaN,NaN,NaN,270,0,NaN,NaN,3,NaN,NaN,NaN,NaN,NaN,NaN,264,97.77777778
NaN,NaN,NaN,NaN,NaN,270,0,NaN,NaN,2,NaN,NaN,NaN,NaN,NaN,NaN,265,98.14814815
NaN,NaN,NaN,NaN,NaN,270,0,NaN,NaN,1,NaN,NaN,NaN,NaN,NaN,NaN,265,98.14814815
NaN,NaN,NaN,NaN,NaN,270,0,NaN,NaN,1,NaN,NaN,NaN,NaN,NaN,NaN,264,97.77777778
NaN,NaN,NaN,NaN,NaN,270,0,NaN,NaN,2,NaN,NaN,NaN,NaN,NaN,NaN,264,97.77777778
NaN,NaN,NaN,NaN,NaN,270,0,NaN,NaN,2,NaN,NaN,NaN,NaN,NaN,NaN,264,97.77777778
NaN,NaN,NaN,NaN,NaN,270,0,NaN,NaN,2,NaN,NaN,NaN,NaN,NaN,NaN,265,98.14814815
NaN,NaN,NaN,NaN,NaN,270,0,NaN,NaN,2,NaN,NaN,NaN,NaN,NaN,NaN,262,97.03703704
NaN,NaN,NaN,NaN,NaN,270,0,NaN,NaN,2,NaN,NaN,NaN,NaN,NaN,NaN,250,92.59259259
NaN,NaN,NaN,NaN,NaN,270,0,NaN,NaN,1,NaN,NaN,NaN,NaN,NaN,NaN,263,97.40740741
NaN,NaN,NaN,NaN,NaN,270,0,NaN,NaN,1,NaN,NaN,NaN,NaN,NaN,NaN,264,97.77777778
NaN,NaN,NaN,NaN,NaN,270,0,NaN,NaN,1,NaN,NaN,NaN,NaN,NaN,NaN,263,97.40740741
NaN,NaN,NaN,NaN,NaN,270,0,NaN,NaN,NaN,NaN,NaN,NaN,NaN,NaN,NaN,265,98.14814815
NaN,NaN,NaN,NaN,NaN,270,0,NaN,NaN,1,NaN,NaN,NaN,NaN,NaN,NaN,263,97.40740741
NaN,NaN,NaN,NaN,NaN,270,0,NaN,NaN,4,NaN,NaN,NaN,NaN,NaN,NaN,258,95.55555556
NaN,NaN,NaN,NaN,NaN,270,0,NaN,NaN,4,NaN,NaN,NaN,NaN,NaN,NaN,262,97.03703704
NaN,NaN,NaN,NaN,NaN,270,0,NaN,NaN,5,NaN,NaN,NaN,NaN,NaN,NaN,247,91.48148148
NaN,NaN,NaN,NaN,NaN,270,0,NaN,NaN,3,NaN,NaN,NaN,NaN,NaN,NaN,258,95.55555556
NaN,NaN,NaN,NaN,NaN,270,0,NaN,NaN,3,NaN,NaN,NaN,NaN,NaN,NaN,258,95.55555556
NaN,NaN,NaN,NaN,NaN,270,0,NaN,NaN,2,NaN,NaN,NaN,NaN,NaN,NaN,264,97.77777778
NaN,NaN,NaN,NaN,NaN,270,0,NaN,NaN,4,NaN,NaN,NaN,NaN,NaN,NaN,264,97.77777778
NaN,NaN,NaN,NaN,NaN,270,0,NaN,NaN,4,NaN,NaN,NaN,NaN,NaN,NaN,264,97.77777778
NaN,NaN,NaN,NaN,NaN,270,0,NaN,NaN,3,NaN,NaN,NaN,NaN,NaN,NaN,264,97.77777778
NaN,NaN,NaN,NaN,NaN,270,0,NaN,NaN,2,NaN,NaN,NaN,NaN,NaN,NaN,265,98.14814815
NaN,NaN,NaN,NaN,NaN,270,0,NaN,NaN,2,NaN,NaN,NaN,NaN,NaN,NaN,264,97.77777778
NaN,NaN,NaN,NaN,NaN,270,0,NaN,NaN,4,NaN,NaN,NaN,NaN,NaN,NaN,265,98.14814815
NaN,NaN,NaN,NaN,NaN,270,0,NaN,NaN,5,NaN,NaN,NaN,NaN,NaN,NaN,264,97.77777778
NaN,NaN,NaN,NaN,NaN,270,0,NaN,NaN,4,NaN,NaN,NaN,NaN,NaN,NaN,265,98.14814815
NaN,NaN,NaN,NaN,NaN,270,0,NaN,NaN,3,NaN,NaN,NaN,NaN,NaN,NaN,263,97.40740741
NaN,NaN,NaN,NaN,NaN,270,0,NaN,NaN,2,NaN,NaN,NaN,NaN,NaN,NaN,263,97.40740741
NaN,NaN,NaN,NaN,NaN,270,0,NaN,NaN,5,NaN,NaN,NaN,NaN,NaN,NaN,264,97.77777778
NaN,NaN,NaN,NaN,NaN,270,0,NaN,NaN,5,NaN,NaN,NaN,NaN,NaN,NaN,264,97.77777778
NaN,NaN,NaN,NaN,NaN,270,0,NaN,NaN,5,NaN,NaN,NaN,NaN,NaN,NaN,265,98.14814815
NaN,NaN,NaN,NaN,NaN,270,0,NaN,NaN,5,NaN,NaN,NaN,NaN,NaN,NaN,265,98.14814815
NaN,NaN,NaN,NaN,NaN,270,0,NaN,NaN,NaN,NaN,NaN,NaN,NaN,NaN,NaN,257,95.18518519
NaN,NaN,NaN,NaN,NaN,270,0,NaN,NaN,3,NaN,NaN,NaN,NaN,NaN,NaN,265,98.14814815
NaN,NaN,NaN,NaN,NaN,270,0,NaN,NaN,3,NaN,NaN,NaN,NaN,NaN,NaN,253,93.7037037
NaN,NaN,NaN,NaN,NaN,270,0,NaN,NaN,3,NaN,NaN,NaN,NaN,NaN,NaN,218,80.74074074
NaN,NaN,NaN,NaN,NaN,270,0,NaN,NaN,4,NaN,NaN,NaN,NaN,NaN,NaN,261,96.66666667
NaN,NaN,NaN,NaN,NaN,270,0,NaN,NaN,4,NaN,NaN,NaN,NaN,NaN,NaN,245,90.74074074
NaN,NaN,NaN,NaN,NaN,270,0,NaN,NaN,4,NaN,NaN,NaN,NaN,NaN,NaN,236,87.40740741
NaN,NaN,NaN,NaN,NaN,270,0,NaN,NaN,3,NaN,NaN,NaN,NaN,NaN,NaN,245,90.74074074
NaN,NaN,NaN,NaN,NaN,270,0,NaN,NaN,3,NaN,NaN,NaN,NaN,NaN,NaN,264,97.77777778
NaN,NaN,NaN,NaN,NaN,270,0,NaN,NaN,2,NaN,NaN,NaN,NaN,NaN,NaN,255,94.44444444
NaN,NaN,NaN,NaN,NaN,270,0,NaN,NaN,3,NaN,NaN,NaN,NaN,NaN,NaN,198,73.33333333
NaN,NaN,NaN,NaN,NaN,270,0,NaN,NaN,3,NaN,NaN,NaN,NaN,NaN,NaN,215,79.62962963
NaN,NaN,NaN,NaN,NaN,270,0,NaN,NaN,2,NaN,NaN,NaN,NaN,NaN,NaN,245,90.74074074
NaN,NaN,NaN,NaN,NaN,270,0,NaN,NaN,2,NaN,NaN,NaN,NaN,NaN,NaN,255,94.44444444
NaN,NaN,NaN,NaN,NaN,270,0,NaN,NaN,2,NaN,NaN,NaN,NaN,NaN,NaN,199,73.7037037
NaN,NaN,NaN,NaN,NaN,270,0,NaN,NaN,4,NaN,NaN,NaN,NaN,NaN,NaN,264,97.77777778
NaN,NaN,NaN,NaN,NaN,270,0,NaN,NaN,4,NaN,NaN,NaN,NaN,NaN,NaN,256,94.81481481
NaN,NaN,NaN,NaN,NaN,270,0,NaN,NaN,4,NaN,NaN,NaN,NaN,NaN,NaN,232,85.92592593
NaN,NaN,NaN,NaN,NaN,270,0,NaN,NaN,4,NaN,NaN,NaN,NaN,NaN,NaN,265,98.14814815
NaN,NaN,NaN,NaN,NaN,270,0,NaN,NaN,3,NaN,NaN,NaN,NaN,NaN,NaN,202,74.81481481
NaN,NaN,NaN,NaN,NaN,270,0,NaN,NaN,NaN,NaN,NaN,NaN,NaN,NaN,NaN,232,85.92592593
NaN,NaN,NaN,NaN,NaN,270,0,NaN,NaN,4,NaN,NaN,NaN,NaN,NaN,NaN,261,96.66666667
NaN,NaN,NaN,NaN,NaN,270,0,NaN,NaN,3,NaN,NaN,NaN,NaN,NaN,NaN,259,95.92592593
NaN,NaN,NaN,NaN,NaN,270,0,NaN,NaN,4,NaN,NaN,NaN,NaN,NaN,NaN,221,81.85185185
NaN,NaN,NaN,NaN,NaN,270,0,NaN,NaN,4,NaN,NaN,NaN,NaN,NaN,NaN,227,84.07407407
NaN,NaN,NaN,NaN,NaN,270,0,NaN,NaN,4,NaN,NaN,NaN,NaN,NaN,NaN,245,90.74074074
NaN,NaN,NaN,NaN,NaN,270,0,NaN,NaN,3,NaN,NaN,NaN,NaN,NaN,NaN,234,86.66666667
NaN,NaN,NaN,NaN,NaN,270,0,NaN,NaN,3,NaN,NaN,NaN,NaN,NaN,NaN,228,84.44444444
NaN,NaN,NaN,NaN,NaN,270,0,NaN,NaN,3,NaN,NaN,NaN,NaN,NaN,NaN,219,81.11111111
NaN,NaN,NaN,NaN,NaN,270,0,NaN,NaN,NaN,NaN,NaN,NaN,NaN,NaN,NaN,258,95.55555556
NaN,NaN,NaN,NaN,NaN,270,0,NaN,NaN,NaN,NaN,NaN,NaN,NaN,NaN,NaN,257,95.18518519
NaN,NaN,NaN,NaN,NaN,270,0,NaN,NaN,NaN,NaN,NaN,NaN,NaN,NaN,NaN,260,96.2962963
NaN,NaN,NaN,NaN,NaN,270,0,NaN,NaN,NaN,NaN,NaN,NaN,NaN,NaN,NaN,254,94.07407407
NaN,NaN,NaN,NaN,NaN,270,0,NaN,NaN,NaN,NaN,NaN,NaN,NaN,NaN,NaN,252,93.33333333
NaN,NaN,NaN,NaN,NaN,270,0,NaN,NaN,NaN,NaN,NaN,NaN,NaN,NaN,NaN,216,80
NaN,NaN,NaN,NaN,NaN,270,0,NaN,NaN,NaN,NaN,NaN,NaN,NaN,NaN,NaN,226,83.7037037
NaN,NaN,NaN,NaN,NaN,270,0,NaN,NaN,NaN,NaN,NaN,NaN,NaN,NaN,NaN,216,80
NaN,NaN,NaN,NaN,NaN,270,0,NaN,NaN,1,NaN,NaN,NaN,NaN,NaN,NaN,262,97.03703704
NaN,NaN,NaN,NaN,NaN,270,0,NaN,NaN,1,NaN,NaN,NaN,NaN,NaN,NaN,264,97.77777778
NaN,NaN,NaN,NaN,NaN,270,0,NaN,NaN,1.5,NaN,NaN,NaN,NaN,NaN,NaN,220,81.48148148
NaN,NaN,NaN,NaN,NaN,270,0,NaN,NaN,1,NaN,NaN,NaN,NaN,NaN,NaN,263,97.40740741
NaN,NaN,NaN,NaN,NaN,270,0,NaN,NaN,2,NaN,NaN,NaN,NaN,NaN,NaN,258,95.55555556
NaN,NaN,NaN,NaN,NaN,270,0,NaN,NaN,1,NaN,NaN,NaN,NaN,NaN,NaN,248,91.85185185
NaN,NaN,NaN,NaN,NaN,270,0,NaN,NaN,1,NaN,NaN,NaN,NaN,NaN,NaN,254,94.07407407
NaN,NaN,NaN,NaN,NaN,270,0,NaN,NaN,1,NaN,NaN,NaN,NaN,NaN,NaN,260,96.2962963
NaN,NaN,NaN,NaN,NaN,270,0,NaN,NaN,1,NaN,NaN,NaN,NaN,NaN,NaN,256,94.81481481
NaN,NaN,NaN,NaN,NaN,270,0,NaN,NaN,1,NaN,NaN,NaN,NaN,NaN,NaN,262,97.03703704
NaN,NaN,NaN,NaN,NaN,270,0,NaN,NaN,2,NaN,NaN,NaN,NaN,NaN,NaN,195,72.22222222
NaN,NaN,NaN,NaN,NaN,270,0,NaN,NaN,1,NaN,NaN,NaN,NaN,NaN,NaN,246,91.11111111
NaN,NaN,NaN,NaN,NaN,270,0,NaN,NaN,2,NaN,NaN,NaN,NaN,NaN,NaN,224,82.96296296
NaN,NaN,NaN,NaN,NaN,270,0,NaN,NaN,1,NaN,NaN,NaN,NaN,NaN,NaN,216,80
NaN,NaN,NaN,NaN,NaN,270,0,NaN,NaN,1,NaN,NaN,NaN,NaN,NaN,NaN,239,88.51851852
NaN,NaN,NaN,NaN,NaN,270,0,NaN,NaN,1,NaN,NaN,NaN,NaN,NaN,NaN,230,85.18518519
NaN,NaN,NaN,NaN,NaN,270,0,NaN,NaN,NaN,NaN,NaN,NaN,NaN,NaN,NaN,246,91.11111111
NaN,NaN,NaN,NaN,NaN,270,0,NaN,NaN,1,NaN,NaN,NaN,NaN,NaN,NaN,259,95.92592593
NaN,NaN,NaN,NaN,NaN,270,0,NaN,NaN,1,NaN,NaN,NaN,NaN,NaN,NaN,255,94.44444444
NaN,NaN,NaN,NaN,NaN,270,0,NaN,NaN,1,NaN,NaN,NaN,NaN,NaN,NaN,206,76.2962963
NaN,NaN,NaN,NaN,NaN,270,0,NaN,NaN,2,NaN,NaN,NaN,NaN,NaN,NaN,212,78.51851852
NaN,NaN,NaN,NaN,NaN,270,0,NaN,NaN,2,NaN,NaN,NaN,NaN,NaN,NaN,200,74.07407407
NaN,NaN,NaN,NaN,NaN,270,0,NaN,NaN,2,NaN,NaN,NaN,NaN,NaN,NaN,229,84.81481481
NaN,NaN,NaN,NaN,NaN,270,0,NaN,NaN,1,NaN,NaN,NaN,NaN,NaN,NaN,233,86.2962963
NaN,NaN,NaN,NaN,NaN,270,0,NaN,NaN,1,NaN,NaN,NaN,NaN,NaN,NaN,242,89.62962963
NaN,NaN,NaN,NaN,NaN,270,0,NaN,NaN,NaN,NaN,NaN,NaN,NaN,NaN,NaN,254,94.07407407
NaN,NaN,NaN,NaN,NaN,270,0,NaN,NaN,2,NaN,NaN,NaN,NaN,NaN,NaN,265,98.14814815
NaN,NaN,NaN,NaN,NaN,270,0,NaN,NaN,4,NaN,NaN,NaN,NaN,NaN,NaN,265,98.14814815
NaN,NaN,NaN,NaN,NaN,270,0,NaN,NaN,5,NaN,NaN,NaN,NaN,NaN,NaN,265,98.14814815
NaN,NaN,NaN,NaN,NaN,270,0,NaN,NaN,4,NaN,NaN,NaN,NaN,NaN,NaN,265,98.14814815
NaN,NaN,NaN,NaN,NaN,270,0,NaN,NaN,3,NaN,NaN,NaN,NaN,NaN,NaN,265,98.14814815
NaN,NaN,NaN,NaN,NaN,270,0,NaN,NaN,3,NaN,NaN,NaN,NaN,NaN,NaN,265,98.14814815
NaN,NaN,NaN,NaN,NaN,270,0,NaN,NaN,5,NaN,NaN,NaN,NaN,NaN,NaN,265,98.14814815
NaN,NaN,NaN,NaN,NaN,270,0,NaN,NaN,1,NaN,NaN,NaN,NaN,NaN,NaN,263,97.40740741
NaN,NaN,NaN,NaN,NaN,270,0,NaN,NaN,1,NaN,NaN,NaN,NaN,NaN,NaN,263,97.40740741
NaN,NaN,NaN,NaN,NaN,270,0,NaN,NaN,1,NaN,NaN,NaN,NaN,NaN,NaN,263,97.40740741
NaN,NaN,NaN,NaN,NaN,270,0,NaN,NaN,1,NaN,NaN,NaN,NaN,NaN,NaN,265,98.14814815
NaN,NaN,NaN,NaN,NaN,270,0,NaN,NaN,1,NaN,NaN,NaN,NaN,NaN,NaN,264,97.77777778
NaN,NaN,NaN,NaN,NaN,270,0,NaN,NaN,1,NaN,NaN,NaN,NaN,NaN,NaN,265,98.14814815
NaN,NaN,NaN,NaN,NaN,270,0,NaN,NaN,2,NaN,NaN,NaN,NaN,NaN,NaN,258,95.55555556
NaN,NaN,NaN,NaN,NaN,270,0,NaN,NaN,1,NaN,NaN,NaN,NaN,NaN,NaN,265,98.14814815
NaN,NaN,NaN,NaN,NaN,270,0,NaN,NaN,1,NaN,NaN,NaN,NaN,NaN,NaN,264,97.77777778
NaN,NaN,NaN,NaN,NaN,270,0,NaN,NaN,1,NaN,NaN,NaN,NaN,NaN,NaN,264,97.77777778
NaN,NaN,NaN,NaN,NaN,270,0,NaN,NaN,1,NaN,NaN,NaN,NaN,NaN,NaN,264,97.77777778
NaN,NaN,NaN,NaN,NaN,270,0,NaN,NaN,3,NaN,NaN,NaN,NaN,NaN,NaN,265,98.14814815
NaN,NaN,NaN,NaN,NaN,270,0,NaN,NaN,2,NaN,NaN,NaN,NaN,NaN,NaN,265,98.14814815
NaN,NaN,NaN,NaN,NaN,270,0,NaN,NaN,2,NaN,NaN,NaN,NaN,NaN,NaN,265,98.14814815
NaN,NaN,NaN,NaN,NaN,270,0,NaN,NaN,NaN,NaN,NaN,NaN,NaN,NaN,NaN,264,97.77777778
NaN,NaN,NaN,NaN,NaN,270,0,NaN,NaN,1,NaN,NaN,NaN,NaN,NaN,NaN,265,98.14814815
NaN,NaN,NaN,NaN,NaN,270,0,NaN,NaN,1,NaN,NaN,NaN,NaN,NaN,NaN,264,97.77777778
NaN,NaN,NaN,NaN,NaN,270,0,NaN,NaN,2,NaN,NaN,NaN,NaN,NaN,NaN,265,98.14814815
NaN,NaN,NaN,NaN,NaN,270,0,NaN,NaN,2,NaN,NaN,NaN,NaN,NaN,NaN,264,97.77777778
NaN,NaN,NaN,NaN,NaN,270,0,NaN,NaN,2,NaN,NaN,NaN,NaN,NaN,NaN,264,97.77777778
NaN,NaN,NaN,NaN,NaN,270,0,NaN,NaN,2,NaN,NaN,NaN,NaN,NaN,NaN,264,97.77777778
NaN,NaN,NaN,NaN,NaN,270,0,NaN,NaN,2,NaN,NaN,NaN,NaN,NaN,NaN,265,98.14814815
NaN,NaN,NaN,NaN,NaN,270,0,NaN,NaN,2,NaN,NaN,NaN,NaN,NaN,NaN,265,98.14814815
NaN,NaN,NaN,NaN,NaN,270,0,NaN,NaN,2,NaN,NaN,NaN,NaN,NaN,NaN,265,98.14814815
NaN,NaN,NaN,NaN,NaN,270,0,NaN,NaN,4,NaN,NaN,NaN,NaN,NaN,NaN,265,98.14814815
NaN,NaN,NaN,NaN,NaN,270,0,NaN,NaN,5,NaN,NaN,NaN,NaN,NaN,NaN,265,98.14814815
NaN,NaN,NaN,NaN,NaN,270,0,NaN,NaN,5,NaN,NaN,NaN,NaN,NaN,NaN,264,97.77777778
NaN,NaN,NaN,NaN,NaN,270,0,NaN,NaN,4,NaN,NaN,NaN,NaN,NaN,NaN,258,95.55555556
NaN,NaN,NaN,NaN,NaN,270,0,NaN,NaN,4,NaN,NaN,NaN,NaN,NaN,NaN,265,98.14814815
NaN,NaN,NaN,NaN,NaN,270,0,NaN,NaN,5,NaN,NaN,NaN,NaN,NaN,NaN,264,97.77777778
NaN,NaN,NaN,NaN,NaN,270,0,NaN,NaN,5,NaN,NaN,NaN,NaN,NaN,NaN,264,97.77777778
NaN,NaN,NaN,NaN,NaN,270,0,NaN,NaN,4,NaN,NaN,NaN,NaN,NaN,NaN,262,97.03703704
NaN,NaN,NaN,NaN,NaN,270,0,NaN,NaN,4,NaN,NaN,NaN,NaN,NaN,NaN,264,97.77777778
NaN,NaN,NaN,NaN,NaN,270,0,NaN,NaN,4,NaN,NaN,NaN,NaN,NaN,NaN,263,97.40740741
NaN,NaN,NaN,NaN,NaN,270,0,NaN,NaN,5,NaN,NaN,NaN,NaN,NaN,NaN,261,96.66666667
NaN,NaN,NaN,NaN,NaN,270,0,NaN,NaN,5,NaN,NaN,NaN,NaN,NaN,NaN,263,97.40740741
NaN,NaN,NaN,NaN,NaN,270,0,NaN,NaN,5,NaN,NaN,NaN,NaN,NaN,NaN,265,98.14814815
NaN,NaN,NaN,NaN,NaN,270,0,NaN,NaN,4,NaN,NaN,NaN,NaN,NaN,NaN,263,97.40740741
NaN,NaN,NaN,NaN,NaN,270,0,NaN,NaN,3,NaN,NaN,NaN,NaN,NaN,NaN,265,98.14814815
NaN,NaN,NaN,NaN,NaN,270,0,NaN,NaN,4,NaN,NaN,NaN,NaN,NaN,NaN,264,97.77777778
NaN,NaN,NaN,NaN,NaN,270,0,NaN,NaN,3,NaN,NaN,NaN,NaN,NaN,NaN,265,98.14814815
NaN,NaN,NaN,NaN,NaN,270,0,NaN,NaN,4,NaN,NaN,NaN,NaN,NaN,NaN,260,96.2962963
NaN,NaN,NaN,NaN,NaN,270,0,NaN,NaN,5,NaN,NaN,NaN,NaN,NaN,NaN,256,94.81481481
NaN,NaN,NaN,NaN,NaN,270,0,NaN,NaN,4,NaN,NaN,NaN,NaN,NaN,NaN,265,98.14814815
NaN,NaN,NaN,NaN,NaN,270,0,NaN,NaN,NaN,NaN,NaN,NaN,NaN,NaN,NaN,264,97.77777778
NaN,NaN,NaN,NaN,NaN,270,0,NaN,NaN,1,NaN,NaN,NaN,NaN,NaN,NaN,264,97.77777778
NaN,NaN,NaN,NaN,NaN,270,0,NaN,NaN,1,NaN,NaN,NaN,NaN,NaN,NaN,261,96.66666667
NaN,NaN,NaN,NaN,NaN,270,0,NaN,NaN,3,NaN,NaN,NaN,NaN,NaN,NaN,250,92.59259259
NaN,NaN,NaN,NaN,NaN,270,0,NaN,NaN,2,NaN,NaN,NaN,NaN,NaN,NaN,241,89.25925926
NaN,NaN,NaN,NaN,NaN,270,0,NaN,NaN,4,NaN,NaN,NaN,NaN,NaN,NaN,256,94.81481481
NaN,NaN,NaN,NaN,NaN,270,0,NaN,NaN,4,NaN,NaN,NaN,NaN,NaN,NaN,249,92.22222222
NaN,NaN,NaN,NaN,NaN,270,0,NaN,NaN,3,NaN,NaN,NaN,NaN,NaN,NaN,259,95.92592593
NaN,NaN,NaN,NaN,NaN,270,0,NaN,NaN,4,NaN,NaN,NaN,NaN,NaN,NaN,246,91.11111111
NaN,NaN,NaN,NaN,NaN,270,0,NaN,NaN,2,NaN,NaN,NaN,NaN,NaN,NaN,264,97.77777778
NaN,NaN,NaN,NaN,NaN,270,0,NaN,NaN,3,NaN,NaN,NaN,NaN,NaN,NaN,262,97.03703704
NaN,NaN,NaN,NaN,NaN,270,0,NaN,NaN,3,NaN,NaN,NaN,NaN,NaN,NaN,263,97.40740741
NaN,NaN,NaN,NaN,NaN,270,0,NaN,NaN,4,NaN,NaN,NaN,NaN,NaN,NaN,260,96.2962963
NaN,NaN,NaN,NaN,NaN,270,0,NaN,NaN,5,NaN,NaN,NaN,NaN,NaN,NaN,227,84.07407407
NaN,NaN,NaN,NaN,NaN,270,0,NaN,NaN,NaN,NaN,NaN,NaN,NaN,NaN,NaN,137,50.74074074
NaN,NaN,NaN,NaN,NaN,270,0,NaN,NaN,4,NaN,NaN,NaN,NaN,NaN,NaN,258,95.55555556
NaN,NaN,NaN,NaN,NaN,270,0,NaN,NaN,3,NaN,NaN,NaN,NaN,NaN,NaN,261,96.66666667
NaN,NaN,NaN,NaN,NaN,270,0,NaN,NaN,2,NaN,NaN,NaN,NaN,NaN,NaN,263,97.40740741
NaN,NaN,NaN,NaN,NaN,270,0,NaN,NaN,3,NaN,NaN,NaN,NaN,NaN,NaN,250,92.59259259
NaN,NaN,NaN,NaN,NaN,270,0,NaN,NaN,3,NaN,NaN,NaN,NaN,NaN,NaN,253,93.7037037
NaN,NaN,NaN,NaN,NaN,270,0,NaN,NaN,4,NaN,NaN,NaN,NaN,NaN,NaN,241,89.25925926
NaN,NaN,NaN,NaN,NaN,270,0,NaN,NaN,3,NaN,NaN,NaN,NaN,NaN,NaN,228,84.44444444
NaN,NaN,NaN,NaN,NaN,270,0,NaN,NaN,3,NaN,NaN,NaN,NaN,NaN,NaN,252,93.33333333
NaN,NaN,NaN,NaN,NaN,270,0,NaN,NaN,4,NaN,NaN,NaN,NaN,NaN,NaN,263,97.40740741
NaN,NaN,NaN,NaN,NaN,270,0,NaN,NaN,4,NaN,NaN,NaN,NaN,NaN,NaN,264,97.77777778
NaN,NaN,NaN,NaN,NaN,270,0,NaN,NaN,4,NaN,NaN,NaN,NaN,NaN,NaN,260,96.2962963
NaN,NaN,NaN,NaN,NaN,270,0,NaN,NaN,4,NaN,NaN,NaN,NaN,NaN,NaN,256,94.81481481
NaN,NaN,NaN,NaN,NaN,270,0,NaN,NaN,4,NaN,NaN,NaN,NaN,NaN,NaN,261,96.66666667
NaN,NaN,NaN,NaN,NaN,270,0,NaN,NaN,4,NaN,NaN,NaN,NaN,NaN,NaN,264,97.77777778
NaN,NaN,NaN,NaN,NaN,270,0,NaN,NaN,4,NaN,NaN,NaN,NaN,NaN,NaN,262,97.03703704
NaN,NaN,NaN,NaN,NaN,270,0,NaN,NaN,NaN,NaN,NaN,NaN,NaN,NaN,NaN,258,95.55555556
NaN,NaN,NaN,NaN,NaN,270,0,NaN,NaN,NaN,NaN,NaN,NaN,NaN,NaN,NaN,259,95.92592593
NaN,NaN,NaN,NaN,NaN,270,0,NaN,NaN,1,NaN,NaN,NaN,NaN,NaN,NaN,264,97.77777778
NaN,NaN,NaN,NaN,NaN,270,0,NaN,NaN,1,NaN,NaN,NaN,NaN,NaN,NaN,263,97.40740741
NaN,NaN,NaN,NaN,NaN,270,0,NaN,NaN,2,NaN,NaN,NaN,NaN,NaN,NaN,264,97.77777778
NaN,NaN,NaN,NaN,NaN,270,0,NaN,NaN,1,NaN,NaN,NaN,NaN,NaN,NaN,264,97.77777778
NaN,NaN,NaN,NaN,NaN,270,0,NaN,NaN,1,NaN,NaN,NaN,NaN,NaN,NaN,265,98.14814815
NaN,NaN,NaN,NaN,NaN,270,0,NaN,NaN,2,NaN,NaN,NaN,NaN,NaN,NaN,265,98.14814815
NaN,NaN,NaN,NaN,NaN,270,0,NaN,NaN,NaN,NaN,NaN,NaN,NaN,NaN,NaN,264,97.77777778
NaN,NaN,NaN,NaN,NaN,270,0,NaN,NaN,1,NaN,NaN,NaN,NaN,NaN,NaN,264,97.77777778
NaN,NaN,NaN,NaN,NaN,270,0,NaN,NaN,1,NaN,NaN,NaN,NaN,NaN,NaN,265,98.14814815
NaN,NaN,NaN,NaN,NaN,270,0,NaN,NaN,3,NaN,NaN,NaN,NaN,NaN,NaN,264,97.77777778
NaN,NaN,NaN,NaN,NaN,270,0,NaN,NaN,3,NaN,NaN,NaN,NaN,NaN,NaN,264,97.77777778
NaN,NaN,NaN,NaN,NaN,270,0,NaN,NaN,3,NaN,NaN,NaN,NaN,NaN,NaN,258,95.55555556
NaN,NaN,NaN,NaN,NaN,270,0,NaN,NaN,2,NaN,NaN,NaN,NaN,NaN,NaN,264,97.77777778
NaN,NaN,NaN,NaN,NaN,270,0,NaN,NaN,NaN,NaN,NaN,NaN,NaN,NaN,NaN,263,97.40740741
NaN,NaN,NaN,NaN,NaN,270,0,NaN,NaN,1,NaN,NaN,NaN,NaN,NaN,NaN,265,98.14814815
NaN,NaN,NaN,NaN,NaN,270,0,NaN,NaN,1,NaN,NaN,NaN,NaN,NaN,NaN,263,97.40740741
NaN,NaN,NaN,NaN,NaN,270,0,NaN,NaN,2,NaN,NaN,NaN,NaN,NaN,NaN,264,97.77777778
NaN,NaN,NaN,NaN,NaN,270,0,NaN,NaN,4,NaN,NaN,NaN,NaN,NaN,NaN,264,97.77777778
NaN,NaN,NaN,NaN,NaN,270,0,NaN,NaN,5,NaN,NaN,NaN,NaN,NaN,NaN,263,97.40740741
NaN,NaN,NaN,NaN,NaN,270,0,NaN,NaN,1,NaN,NaN,NaN,NaN,NaN,NaN,263,97.40740741
NaN,NaN,NaN,NaN,NaN,270,0,NaN,NaN,1,NaN,NaN,NaN,NaN,NaN,NaN,259,95.92592593
NaN,NaN,NaN,NaN,NaN,270,0,NaN,NaN,NaN,NaN,NaN,NaN,NaN,NaN,NaN,263,97.40740741
NaN,NaN,NaN,NaN,NaN,270,0,NaN,NaN,2,NaN,NaN,NaN,NaN,NaN,NaN,264,97.77777778
NaN,NaN,NaN,NaN,NaN,270,0,NaN,NaN,2,NaN,NaN,NaN,NaN,NaN,NaN,264,97.77777778
NaN,NaN,NaN,NaN,NaN,270,0,NaN,NaN,4,NaN,NaN,NaN,NaN,NaN,NaN,263,97.40740741
NaN,NaN,NaN,NaN,NaN,270,0,NaN,NaN,1,NaN,NaN,NaN,NaN,NaN,NaN,247,91.48148148
NaN,NaN,NaN,NaN,NaN,270,0,NaN,NaN,1,NaN,NaN,NaN,NaN,NaN,NaN,264,97.77777778
NaN,NaN,NaN,NaN,NaN,270,0,NaN,NaN,1,NaN,NaN,NaN,NaN,NaN,NaN,264,97.77777778
NaN,NaN,NaN,NaN,NaN,270,0,NaN,NaN,1,NaN,NaN,NaN,NaN,NaN,NaN,265,98.14814815
NaN,NaN,NaN,NaN,NaN,270,0,NaN,NaN,1,NaN,NaN,NaN,NaN,NaN,NaN,264,97.77777778
NaN,NaN,NaN,NaN,NaN,270,0,NaN,NaN,NaN,NaN,NaN,NaN,NaN,NaN,NaN,264,97.77777778
NaN,NaN,NaN,NaN,NaN,270,0,NaN,NaN,2,NaN,NaN,NaN,NaN,NaN,NaN,262,97.03703704
NaN,NaN,NaN,NaN,NaN,270,0,NaN,NaN,2,NaN,NaN,NaN,NaN,NaN,NaN,248,91.85185185
NaN,NaN,NaN,NaN,NaN,270,0,NaN,NaN,1,NaN,NaN,NaN,NaN,NaN,NaN,264,97.77777778
NaN,NaN,NaN,NaN,NaN,270,0,NaN,NaN,1,NaN,NaN,NaN,NaN,NaN,NaN,249,92.22222222
NaN,NaN,NaN,NaN,NaN,270,0,NaN,NaN,1,NaN,NaN,NaN,NaN,NaN,NaN,263,97.40740741
NaN,NaN,NaN,NaN,NaN,270,0,NaN,NaN,1,NaN,NaN,NaN,NaN,NaN,NaN,247,91.48148148
NaN,NaN,NaN,NaN,NaN,270,0,NaN,NaN,1,NaN,NaN,NaN,NaN,NaN,NaN,264,97.77777778
NaN,NaN,NaN,NaN,NaN,270,0,NaN,NaN,1,NaN,NaN,NaN,NaN,NaN,NaN,248,91.85185185
NaN,NaN,NaN,NaN,NaN,270,0,NaN,NaN,1,NaN,NaN,NaN,NaN,NaN,NaN,265,98.14814815
NaN,NaN,NaN,NaN,NaN,270,0,NaN,NaN,1,NaN,NaN,NaN,NaN,NaN,NaN,246,91.11111111
NaN,NaN,NaN,NaN,NaN,270,0,NaN,NaN,1,NaN,NaN,NaN,NaN,NaN,NaN,225,83.33333333
NaN,NaN,NaN,NaN,NaN,270,0,NaN,NaN,1,NaN,NaN,NaN,NaN,NaN,NaN,264,97.77777778
NaN,NaN,NaN,NaN,NaN,270,0,NaN,NaN,2,NaN,NaN,NaN,NaN,NaN,NaN,232,85.92592593
NaN,NaN,NaN,NaN,NaN,270,0,NaN,NaN,1,NaN,NaN,NaN,NaN,NaN,NaN,263,97.40740741
NaN,NaN,NaN,NaN,NaN,270,0,NaN,NaN,NaN,NaN,NaN,NaN,NaN,NaN,NaN,247,91.48148148
NaN,NaN,NaN,NaN,NaN,270,0,NaN,NaN,1,NaN,NaN,NaN,NaN,NaN,NaN,263,97.40740741
NaN,NaN,NaN,NaN,NaN,270,0,NaN,NaN,1,NaN,NaN,NaN,NaN,NaN,NaN,265,98.14814815
NaN,NaN,NaN,NaN,NaN,270,0,NaN,NaN,1,NaN,NaN,NaN,NaN,NaN,NaN,264,97.77777778
NaN,NaN,NaN,NaN,NaN,270,0,NaN,NaN,1,NaN,NaN,NaN,NaN,NaN,NaN,243,90
NaN,NaN,NaN,NaN,NaN,270,0,NaN,NaN,1,NaN,NaN,NaN,NaN,NaN,NaN,264,97.77777778
NaN,NaN,NaN,NaN,NaN,270,0,NaN,NaN,1,NaN,NaN,NaN,NaN,NaN,NaN,254,94.07407407
NaN,NaN,NaN,NaN,NaN,270,0,NaN,NaN,1,NaN,NaN,NaN,NaN,NaN,NaN,218,80.74074074
NaN,NaN,NaN,NaN,NaN,270,0,NaN,NaN,NaN,NaN,NaN,NaN,NaN,NaN,NaN,240,88.88888889
NaN,NaN,NaN,NaN,NaN,270,0,NaN,NaN,1,NaN,NaN,NaN,NaN,NaN,NaN,263,97.40740741
NaN,NaN,NaN,NaN,NaN,270,0,NaN,NaN,1,NaN,NaN,NaN,NaN,NaN,NaN,264,97.77777778
NaN,NaN,NaN,NaN,NaN,270,0,NaN,NaN,1,NaN,NaN,NaN,NaN,NaN,NaN,265,98.14814815
NaN,NaN,NaN,NaN,NaN,270,0,NaN,NaN,1,NaN,NaN,NaN,NaN,NaN,NaN,247,91.48148148
NaN,NaN,NaN,NaN,NaN,270,0,NaN,NaN,1,NaN,NaN,NaN,NaN,NaN,NaN,239,88.51851852
NaN,NaN,NaN,NaN,NaN,270,0,NaN,NaN,1,NaN,NaN,NaN,NaN,NaN,NaN,263,97.40740741
NaN,NaN,NaN,NaN,NaN,270,0,NaN,NaN,1,NaN,NaN,NaN,NaN,NaN,NaN,265,98.14814815
NaN,NaN,NaN,NaN,NaN,270,0,NaN,NaN,1,NaN,NaN,NaN,NaN,NaN,NaN,252,93.33333333
NaN,NaN,NaN,NaN,NaN,270,0,NaN,NaN,NaN,NaN,NaN,NaN,NaN,NaN,NaN,246,91.11111111
NaN,NaN,NaN,NaN,NaN,270,0,NaN,NaN,2,NaN,NaN,NaN,NaN,NaN,NaN,256,94.81481481
NaN,NaN,NaN,NaN,NaN,270,0,NaN,NaN,3,NaN,NaN,NaN,NaN,NaN,NaN,255,94.44444444
NaN,NaN,NaN,NaN,NaN,270,0,NaN,NaN,5,NaN,NaN,NaN,NaN,NaN,NaN,262,97.03703704
NaN,NaN,NaN,NaN,NaN,270,0,NaN,NaN,4,NaN,NaN,NaN,NaN,NaN,NaN,265,98.14814815
NaN,NaN,NaN,NaN,NaN,270,0,NaN,NaN,5,NaN,NaN,NaN,NaN,NaN,NaN,263,97.40740741
NaN,NaN,NaN,NaN,NaN,270,0,NaN,NaN,NaN,NaN,NaN,NaN,NaN,NaN,NaN,264,97.77777778
NaN,NaN,NaN,NaN,NaN,270,0,NaN,NaN,2,NaN,NaN,NaN,NaN,NaN,NaN,254,94.07407407
NaN,NaN,NaN,NaN,NaN,270,0,NaN,NaN,3,NaN,NaN,NaN,NaN,NaN,NaN,261,96.66666667
NaN,NaN,NaN,NaN,NaN,270,0,NaN,NaN,5,NaN,NaN,NaN,NaN,NaN,NaN,249,92.22222222
NaN,NaN,NaN,NaN,NaN,270,0,NaN,NaN,4,NaN,NaN,NaN,NaN,NaN,NaN,264,97.77777778
NaN,NaN,NaN,NaN,NaN,270,0,NaN,NaN,NaN,NaN,NaN,NaN,NaN,NaN,NaN,264,97.77777778
NaN,NaN,NaN,NaN,NaN,270,0,NaN,NaN,3,NaN,NaN,NaN,NaN,NaN,NaN,248,91.85185185
NaN,NaN,NaN,NaN,NaN,270,0,NaN,NaN,3,NaN,NaN,NaN,NaN,NaN,NaN,263,97.40740741
NaN,NaN,NaN,NaN,NaN,270,0,NaN,NaN,4,NaN,NaN,NaN,NaN,NaN,NaN,207,76.66666667
NaN,NaN,NaN,NaN,NaN,270,0,NaN,NaN,3,NaN,NaN,NaN,NaN,NaN,NaN,261,96.66666667
NaN,NaN,NaN,NaN,NaN,270,0,NaN,NaN,4,NaN,NaN,NaN,NaN,NaN,NaN,257,95.18518519
NaN,NaN,NaN,NaN,NaN,270,0,NaN,NaN,NaN,NaN,NaN,NaN,NaN,NaN,NaN,262,97.03703704
NaN,NaN,NaN,NaN,NaN,270,0,NaN,NaN,2,NaN,NaN,NaN,NaN,NaN,NaN,250,92.59259259
NaN,NaN,NaN,NaN,NaN,270,0,NaN,NaN,3,NaN,NaN,NaN,NaN,NaN,NaN,252,93.33333333
NaN,NaN,NaN,NaN,NaN,270,0,NaN,NaN,5,NaN,NaN,NaN,NaN,NaN,NaN,263,97.40740741
NaN,NaN,NaN,NaN,NaN,270,0,NaN,NaN,5,NaN,NaN,NaN,NaN,NaN,NaN,260,96.2962963
NaN,NaN,NaN,NaN,NaN,270,0,NaN,NaN,4,NaN,NaN,NaN,NaN,NaN,NaN,265,98.14814815
NaN,NaN,NaN,NaN,NaN,270,0,NaN,NaN,5,NaN,NaN,NaN,NaN,NaN,NaN,262,97.03703704
NaN,NaN,NaN,NaN,NaN,270,0,NaN,NaN,3,NaN,NaN,NaN,NaN,NaN,NaN,260,96.2962963
NaN,NaN,NaN,NaN,NaN,270,0,NaN,NaN,4,NaN,NaN,NaN,NaN,NaN,NaN,265,98.14814815
NaN,NaN,NaN,NaN,NaN,270,0,NaN,NaN,NaN,NaN,NaN,NaN,NaN,NaN,NaN,264,97.77777778
NaN,NaN,NaN,NaN,NaN,270,0,NaN,NaN,3,NaN,NaN,NaN,NaN,NaN,NaN,263,97.40740741
NaN,NaN,NaN,NaN,NaN,270,0,NaN,NaN,3,NaN,NaN,NaN,NaN,NaN,NaN,245,90.74074074
NaN,NaN,NaN,NaN,NaN,270,0,NaN,NaN,4,NaN,NaN,NaN,NaN,NaN,NaN,264,97.77777778
NaN,NaN,NaN,NaN,NaN,270,0,NaN,NaN,3,NaN,NaN,NaN,NaN,NaN,NaN,260,96.2962963
NaN,NaN,NaN,NaN,NaN,270,0,NaN,NaN,3,NaN,NaN,NaN,NaN,NaN,NaN,250,92.59259259
NaN,NaN,NaN,NaN,NaN,270,0,NaN,NaN,3,NaN,NaN,NaN,NaN,NaN,NaN,218,80.74074074
NaN,NaN,NaN,NaN,NaN,270,0,NaN,NaN,NaN,NaN,NaN,NaN,NaN,NaN,NaN,232,85.92592593
NaN,NaN,NaN,NaN,NaN,270,0,NaN,NaN,2,NaN,NaN,NaN,NaN,NaN,NaN,250,92.59259259
NaN,NaN,NaN,NaN,NaN,270,0,NaN,NaN,2,NaN,NaN,NaN,NaN,NaN,NaN,249,92.22222222
NaN,NaN,NaN,NaN,NaN,270,0,NaN,NaN,2,NaN,NaN,NaN,NaN,NaN,NaN,234,86.66666667
NaN,NaN,NaN,NaN,NaN,270,0,NaN,NaN,2,NaN,NaN,NaN,NaN,NaN,NaN,242,89.62962963
NaN,NaN,NaN,NaN,NaN,270,0,NaN,NaN,3,NaN,NaN,NaN,NaN,NaN,NaN,252,93.33333333
NaN,NaN,NaN,NaN,NaN,270,0,NaN,NaN,3,NaN,NaN,NaN,NaN,NaN,NaN,254,94.07407407
NaN,NaN,NaN,NaN,NaN,270,0,NaN,NaN,3,NaN,NaN,NaN,NaN,NaN,NaN,236,87.40740741
NaN,NaN,NaN,NaN,NaN,270,0,NaN,NaN,1,NaN,NaN,NaN,NaN,NaN,NaN,262,97.03703704
NaN,NaN,NaN,NaN,NaN,270,0,NaN,NaN,1,NaN,NaN,NaN,NaN,NaN,NaN,264,97.77777778
NaN,NaN,NaN,NaN,NaN,270,0,NaN,NaN,1,NaN,NaN,NaN,NaN,NaN,NaN,255,94.44444444
NaN,NaN,NaN,NaN,NaN,270,0,NaN,NaN,1,NaN,NaN,NaN,NaN,NaN,NaN,232,85.92592593
NaN,NaN,NaN,NaN,NaN,270,0,NaN,NaN,1,NaN,NaN,NaN,NaN,NaN,NaN,240,88.88888889
NaN,NaN,NaN,NaN,NaN,270,0,NaN,NaN,1,NaN,NaN,NaN,NaN,NaN,NaN,252,93.33333333
NaN,NaN,NaN,NaN,NaN,270,0,NaN,NaN,2,NaN,NaN,NaN,NaN,NaN,NaN,246,91.11111111
NaN,NaN,NaN,NaN,NaN,270,0,NaN,NaN,NaN,NaN,NaN,NaN,NaN,NaN,NaN,248,91.85185185
NaN,NaN,NaN,NaN,NaN,270,0,NaN,NaN,1,NaN,NaN,NaN,NaN,NaN,NaN,260,96.2962963
NaN,NaN,NaN,NaN,NaN,270,0,NaN,NaN,1,NaN,NaN,NaN,NaN,NaN,NaN,252,93.33333333
NaN,NaN,NaN,NaN,NaN,270,0,NaN,NaN,1,NaN,NaN,NaN,NaN,NaN,NaN,241,89.25925926
NaN,NaN,NaN,NaN,NaN,270,0,NaN,NaN,1,NaN,NaN,NaN,NaN,NaN,NaN,249,92.22222222
NaN,NaN,NaN,NaN,NaN,270,0,NaN,NaN,1,NaN,NaN,NaN,NaN,NaN,NaN,240,88.88888889
NaN,NaN,NaN,NaN,NaN,270,0,NaN,NaN,1,NaN,NaN,NaN,NaN,NaN,NaN,243,90
NaN,NaN,NaN,NaN,NaN,270,0,NaN,NaN,1,NaN,NaN,NaN,NaN,NaN,NaN,252,93.33333333
NaN,NaN,NaN,NaN,NaN,270,0,NaN,NaN,1,NaN,NaN,NaN,NaN,NaN,NaN,225,83.33333333
NaN,NaN,NaN,NaN,NaN,270,0,NaN,NaN,NaN,NaN,NaN,NaN,NaN,NaN,NaN,258,95.55555556
NaN,NaN,NaN,NaN,NaN,270,0,NaN,NaN,3,NaN,NaN,NaN,NaN,NaN,NaN,263,97.40740741
NaN,NaN,NaN,NaN,NaN,270,0,NaN,NaN,4,NaN,NaN,NaN,NaN,NaN,NaN,264,97.77777778
NaN,NaN,NaN,NaN,NaN,270,0,NaN,NaN,5,NaN,NaN,NaN,NaN,NaN,NaN,264,97.77777778
NaN,NaN,NaN,NaN,NaN,270,0,NaN,NaN,NaN,NaN,NaN,NaN,NaN,NaN,NaN,265,98.14814815
NaN,NaN,NaN,NaN,NaN,270,0,NaN,NaN,3,NaN,NaN,NaN,NaN,NaN,NaN,265,98.14814815
NaN,NaN,NaN,NaN,NaN,270,0,NaN,NaN,5,NaN,NaN,NaN,NaN,NaN,NaN,265,98.14814815
NaN,NaN,NaN,NaN,NaN,270,0,NaN,NaN,NaN,NaN,NaN,NaN,NaN,NaN,NaN,257,95.18518519
NaN,NaN,NaN,NaN,NaN,270,0,NaN,NaN,3,NaN,NaN,NaN,NaN,NaN,NaN,263,97.40740741
NaN,NaN,NaN,NaN,NaN,270,0,NaN,NaN,4,NaN,NaN,NaN,NaN,NaN,NaN,264,97.77777778
NaN,NaN,NaN,NaN,NaN,270,0,NaN,NaN,5,NaN,NaN,NaN,NaN,NaN,NaN,263,97.40740741
NaN,NaN,NaN,NaN,NaN,270,0,NaN,NaN,NaN,NaN,NaN,NaN,NaN,NaN,NaN,241,89.25925926
NaN,NaN,NaN,NaN,NaN,270,0,NaN,NaN,3,NaN,NaN,NaN,NaN,NaN,NaN,264,97.77777778
NaN,NaN,NaN,NaN,NaN,270,0,NaN,NaN,4,NaN,NaN,NaN,NaN,NaN,NaN,264,97.77777778
NaN,NaN,NaN,NaN,NaN,270,0,NaN,NaN,NaN,NaN,NaN,NaN,NaN,NaN,NaN,265,98.14814815
NaN,NaN,NaN,NaN,NaN,270,0,NaN,NaN,1,NaN,NaN,NaN,NaN,NaN,NaN,250,92.59259259
NaN,NaN,NaN,NaN,NaN,270,0,NaN,NaN,2,NaN,NaN,NaN,NaN,NaN,NaN,255,94.44444444
NaN,NaN,NaN,NaN,NaN,270,0,NaN,NaN,5,NaN,NaN,NaN,NaN,NaN,NaN,255,94.44444444
NaN,NaN,NaN,NaN,NaN,270,0,NaN,NaN,NaN,NaN,NaN,NaN,NaN,NaN,NaN,199,73.7037037
NaN,NaN,NaN,NaN,NaN,270,0,NaN,NaN,1,NaN,NaN,NaN,NaN,NaN,NaN,262,97.03703704
NaN,NaN,NaN,NaN,NaN,270,0,NaN,NaN,2,NaN,NaN,NaN,NaN,NaN,NaN,260,96.2962963
NaN,NaN,NaN,NaN,NaN,270,0,NaN,NaN,4,NaN,NaN,NaN,NaN,NaN,NaN,260,96.2962963
NaN,NaN,NaN,NaN,NaN,270,0,NaN,NaN,3,NaN,NaN,NaN,NaN,NaN,NaN,187,69.25925926
NaN,NaN,NaN,NaN,NaN,270,0,NaN,NaN,4,NaN,NaN,NaN,NaN,NaN,NaN,255,94.44444444
NaN,NaN,NaN,NaN,NaN,270,0,NaN,NaN,NaN,NaN,NaN,NaN,NaN,NaN,NaN,264,97.77777778
NaN,NaN,NaN,NaN,NaN,270,0,NaN,NaN,2,NaN,NaN,NaN,NaN,NaN,NaN,215,79.62962963
NaN,NaN,NaN,NaN,NaN,270,0,NaN,NaN,3,NaN,NaN,NaN,NaN,NaN,NaN,251,92.96296296
NaN,NaN,NaN,NaN,NaN,270,0,NaN,NaN,4,NaN,NaN,NaN,NaN,NaN,NaN,252,93.33333333
NaN,NaN,NaN,NaN,NaN,270,0,NaN,NaN,5,NaN,NaN,NaN,NaN,NaN,NaN,240,88.88888889
NaN,NaN,NaN,NaN,NaN,270,0,NaN,NaN,4,NaN,NaN,NaN,NaN,NaN,NaN,192,71.11111111
NaN,NaN,NaN,NaN,NaN,270,0,NaN,NaN,5,NaN,NaN,NaN,NaN,NaN,NaN,255,94.44444444
NaN,NaN,NaN,NaN,NaN,270,0,NaN,NaN,4,NaN,NaN,NaN,NaN,NaN,NaN,243,90
NaN,NaN,NaN,NaN,NaN,270,0,NaN,NaN,NaN,NaN,NaN,NaN,NaN,NaN,NaN,242,89.62962963
NaN,NaN,NaN,NaN,NaN,270,0,NaN,NaN,3,NaN,NaN,NaN,NaN,NaN,NaN,248,91.85185185
NaN,NaN,NaN,NaN,NaN,270,0,NaN,NaN,3,NaN,NaN,NaN,NaN,NaN,NaN,246,91.11111111
NaN,NaN,NaN,NaN,NaN,270,0,NaN,NaN,NaN,NaN,NaN,NaN,NaN,NaN,NaN,258,95.55555556
NaN,NaN,NaN,NaN,NaN,270,0,NaN,NaN,2,NaN,NaN,NaN,NaN,NaN,NaN,265,98.14814815
NaN,NaN,NaN,NaN,NaN,270,0,NaN,NaN,2,NaN,NaN,NaN,NaN,NaN,NaN,265,98.14814815
NaN,NaN,NaN,NaN,NaN,270,0,NaN,NaN,2,NaN,NaN,NaN,NaN,NaN,NaN,265,98.14814815
NaN,NaN,NaN,NaN,NaN,270,0,NaN,NaN,3,NaN,NaN,NaN,NaN,NaN,NaN,264,97.77777778
NaN,NaN,NaN,NaN,NaN,270,0,NaN,NaN,1,NaN,NaN,NaN,NaN,NaN,NaN,265,98.14814815
NaN,NaN,NaN,NaN,NaN,270,0,NaN,NaN,1,NaN,NaN,NaN,NaN,NaN,NaN,264,97.77777778
NaN,NaN,NaN,NaN,NaN,270,0,NaN,NaN,1,NaN,NaN,NaN,NaN,NaN,NaN,265,98.14814815
NaN,NaN,NaN,NaN,NaN,270,0,NaN,NaN,NaN,NaN,NaN,NaN,NaN,NaN,NaN,264,97.77777778
NaN,NaN,NaN,NaN,NaN,270,0,NaN,NaN,1,NaN,NaN,NaN,NaN,NaN,NaN,265,98.14814815
NaN,NaN,NaN,NaN,NaN,270,0,NaN,NaN,1,NaN,NaN,NaN,NaN,NaN,NaN,264,97.77777778
NaN,NaN,NaN,NaN,NaN,270,0,NaN,NaN,1,NaN,NaN,NaN,NaN,NaN,NaN,264,97.77777778
NaN,NaN,NaN,NaN,NaN,270,0,NaN,NaN,2,NaN,NaN,NaN,NaN,NaN,NaN,264,97.77777778
NaN,NaN,NaN,NaN,NaN,270,0,NaN,NaN,1,NaN,NaN,NaN,NaN,NaN,NaN,264,97.77777778
NaN,NaN,NaN,NaN,NaN,270,0,NaN,NaN,2,NaN,NaN,NaN,NaN,NaN,NaN,264,97.77777778
NaN,NaN,NaN,NaN,NaN,270,0,NaN,NaN,1,NaN,NaN,NaN,NaN,NaN,NaN,264,97.77777778
NaN,NaN,NaN,NaN,NaN,270,0,NaN,NaN,NaN,NaN,NaN,NaN,NaN,NaN,NaN,263,97.40740741
NaN,NaN,NaN,NaN,NaN,270,0,NaN,NaN,2,NaN,NaN,NaN,NaN,NaN,NaN,263,97.40740741
NaN,NaN,NaN,NaN,NaN,270,0,NaN,NaN,1,NaN,NaN,NaN,NaN,NaN,NaN,263,97.40740741
NaN,NaN,NaN,NaN,NaN,270,0,NaN,NaN,1,NaN,NaN,NaN,NaN,NaN,NaN,264,97.77777778
NaN,NaN,NaN,NaN,NaN,270,0,NaN,NaN,1,NaN,NaN,NaN,NaN,NaN,NaN,265,98.14814815
NaN,NaN,NaN,NaN,NaN,270,0,NaN,NaN,5,NaN,NaN,NaN,NaN,NaN,NaN,265,98.14814815
NaN,NaN,NaN,NaN,NaN,270,0,NaN,NaN,3,NaN,NaN,NaN,NaN,NaN,NaN,264,97.77777778
NaN,NaN,NaN,NaN,NaN,270,0,NaN,NaN,2,NaN,NaN,NaN,NaN,NaN,NaN,264,97.77777778
NaN,NaN,NaN,NaN,NaN,270,0,NaN,NaN,NaN,NaN,NaN,NaN,NaN,NaN,NaN,264,97.77777778
NaN,NaN,NaN,NaN,NaN,270,0,NaN,NaN,1,NaN,NaN,NaN,NaN,NaN,NaN,265,98.14814815
NaN,NaN,NaN,NaN,NaN,270,0,NaN,NaN,1,NaN,NaN,NaN,NaN,NaN,NaN,264,97.77777778
NaN,NaN,NaN,NaN,NaN,270,0,NaN,NaN,2,NaN,NaN,NaN,NaN,NaN,NaN,264,97.77777778
NaN,NaN,NaN,NaN,NaN,270,0,NaN,NaN,1,NaN,NaN,NaN,NaN,NaN,NaN,265,98.14814815
NaN,NaN,NaN,NaN,NaN,270,0,NaN,NaN,1,NaN,NaN,NaN,NaN,NaN,NaN,264,97.77777778
NaN,NaN,NaN,NaN,NaN,270,0,NaN,NaN,3,NaN,NaN,NaN,NaN,NaN,NaN,265,98.14814815
NaN,NaN,NaN,NaN,NaN,270,0,NaN,NaN,2,NaN,NaN,NaN,NaN,NaN,NaN,263,97.40740741
NaN,NaN,NaN,NaN,NaN,270,0,NaN,NaN,1,NaN,NaN,NaN,NaN,NaN,NaN,264,97.77777778
NaN,NaN,NaN,NaN,NaN,270,0,NaN,NaN,NaN,NaN,NaN,NaN,NaN,NaN,NaN,264,97.77777778
NaN,NaN,NaN,NaN,NaN,270,0,NaN,NaN,2,NaN,NaN,NaN,NaN,NaN,NaN,265,98.14814815
NaN,NaN,NaN,NaN,NaN,270,0,NaN,NaN,1,NaN,NaN,NaN,NaN,NaN,NaN,264,97.77777778
NaN,NaN,NaN,NaN,NaN,270,0,NaN,NaN,2,NaN,NaN,NaN,NaN,NaN,NaN,265,98.14814815
NaN,NaN,NaN,NaN,NaN,270,0,NaN,NaN,2,NaN,NaN,NaN,NaN,NaN,NaN,265,98.14814815
NaN,NaN,NaN,NaN,NaN,270,0,NaN,NaN,2,NaN,NaN,NaN,NaN,NaN,NaN,265,98.14814815
NaN,NaN,NaN,NaN,NaN,270,0,NaN,NaN,2,NaN,NaN,NaN,NaN,NaN,NaN,265,98.14814815
NaN,NaN,NaN,NaN,NaN,270,0,NaN,NaN,NaN,NaN,NaN,NaN,NaN,NaN,NaN,265,98.14814815
NaN,NaN,NaN,NaN,NaN,270,0,NaN,NaN,1,NaN,NaN,NaN,NaN,NaN,NaN,265,98.14814815
NaN,NaN,NaN,NaN,NaN,270,0,NaN,NaN,2,NaN,NaN,NaN,NaN,NaN,NaN,265,98.14814815
NaN,NaN,NaN,NaN,NaN,270,0,NaN,NaN,2,NaN,NaN,NaN,NaN,NaN,NaN,263,97.40740741
NaN,NaN,NaN,NaN,NaN,270,0,NaN,NaN,1,NaN,NaN,NaN,NaN,NaN,NaN,265,98.14814815
NaN,NaN,NaN,NaN,NaN,270,0,NaN,NaN,1,NaN,NaN,NaN,NaN,NaN,NaN,264,97.77777778
NaN,NaN,NaN,NaN,NaN,270,0,NaN,NaN,2,NaN,NaN,NaN,NaN,NaN,NaN,265,98.14814815
NaN,NaN,NaN,NaN,NaN,270,0,NaN,NaN,NaN,NaN,NaN,NaN,NaN,NaN,NaN,265,98.14814815
NaN,NaN,NaN,NaN,NaN,270,0,NaN,NaN,1,NaN,NaN,NaN,NaN,NaN,NaN,264,97.77777778
NaN,NaN,NaN,NaN,NaN,270,0,NaN,NaN,2,NaN,NaN,NaN,NaN,NaN,NaN,265,98.14814815
NaN,NaN,NaN,NaN,NaN,270,0,NaN,NaN,2,NaN,NaN,NaN,NaN,NaN,NaN,264,97.77777778
NaN,NaN,NaN,NaN,NaN,270,0,NaN,NaN,2,NaN,NaN,NaN,NaN,NaN,NaN,265,98.14814815
NaN,NaN,NaN,NaN,NaN,270,0,NaN,NaN,2,NaN,NaN,NaN,NaN,NaN,NaN,264,97.77777778
NaN,NaN,NaN,NaN,NaN,270,0,NaN,NaN,1,NaN,NaN,NaN,NaN,NaN,NaN,265,98.14814815
NaN,NaN,NaN,NaN,NaN,270,0,NaN,NaN,1,NaN,NaN,NaN,NaN,NaN,NaN,265,98.14814815
NaN,NaN,NaN,NaN,NaN,270,0,NaN,NaN,NaN,NaN,NaN,NaN,NaN,NaN,NaN,265,98.14814815
NaN,NaN,NaN,NaN,NaN,270,0,NaN,NaN,1,NaN,NaN,NaN,NaN,NaN,NaN,264,97.77777778
NaN,NaN,NaN,NaN,NaN,270,0,NaN,NaN,1,NaN,NaN,NaN,NaN,NaN,NaN,265,98.14814815
NaN,NaN,NaN,NaN,NaN,270,0,NaN,NaN,1,NaN,NaN,NaN,NaN,NaN,NaN,265,98.14814815
NaN,NaN,NaN,NaN,NaN,270,0,NaN,NaN,1,NaN,NaN,NaN,NaN,NaN,NaN,265,98.14814815
NaN,NaN,NaN,NaN,NaN,270,0,NaN,NaN,2,NaN,NaN,NaN,NaN,NaN,NaN,265,98.14814815
NaN,NaN,NaN,NaN,NaN,270,0,NaN,NaN,1,NaN,NaN,NaN,NaN,NaN,NaN,265,98.14814815
NaN,NaN,NaN,NaN,NaN,270,0,NaN,NaN,1,NaN,NaN,NaN,NaN,NaN,NaN,265,98.14814815
NaN,NaN,NaN,NaN,NaN,270,0,NaN,NaN,1,NaN,NaN,NaN,NaN,NaN,NaN,265,98.14814815
NaN,NaN,NaN,NaN,NaN,270,0,NaN,NaN,NaN,NaN,NaN,NaN,NaN,NaN,NaN,265,98.14814815
NaN,NaN,NaN,NaN,NaN,270,0,NaN,NaN,4,NaN,NaN,NaN,NaN,NaN,NaN,264,97.77777778
NaN,NaN,NaN,NaN,NaN,270,0,NaN,NaN,NaN,NaN,NaN,NaN,NaN,NaN,NaN,264,97.77777778
NaN,NaN,NaN,NaN,NaN,270,0,NaN,NaN,5,NaN,NaN,NaN,NaN,NaN,NaN,263,97.40740741
NaN,NaN,NaN,NaN,NaN,270,0,NaN,NaN,5,NaN,NaN,NaN,NaN,NaN,NaN,263,97.40740741
NaN,NaN,NaN,NaN,NaN,270,0,NaN,NaN,5,NaN,NaN,NaN,NaN,NaN,NaN,255,94.44444444
NaN,NaN,NaN,NaN,NaN,270,0,NaN,NaN,4,NaN,NaN,NaN,NaN,NaN,NaN,264,97.77777778
NaN,NaN,NaN,NaN,NaN,270,0,NaN,NaN,4,NaN,NaN,NaN,NaN,NaN,NaN,264,97.77777778
NaN,NaN,NaN,NaN,NaN,270,0,NaN,NaN,3,NaN,NaN,NaN,NaN,NaN,NaN,258,95.55555556
NaN,NaN,NaN,NaN,NaN,270,0,NaN,NaN,3,NaN,NaN,NaN,NaN,NaN,NaN,247,91.48148148
NaN,NaN,NaN,NaN,NaN,270,0,NaN,NaN,NaN,NaN,NaN,NaN,NaN,NaN,NaN,264,97.77777778
NaN,NaN,NaN,NaN,NaN,270,0,NaN,NaN,4,NaN,NaN,NaN,NaN,NaN,NaN,264,97.77777778
NaN,NaN,NaN,NaN,NaN,270,0,NaN,NaN,3,NaN,NaN,NaN,NaN,NaN,NaN,243,90
NaN,NaN,NaN,NaN,NaN,270,0,NaN,NaN,2,NaN,NaN,NaN,NaN,NaN,NaN,250,92.59259259
NaN,NaN,NaN,NaN,NaN,270,0,NaN,NaN,4,NaN,NaN,NaN,NaN,NaN,NaN,263,97.40740741
NaN,NaN,NaN,NaN,NaN,270,0,NaN,NaN,NaN,NaN,NaN,NaN,NaN,NaN,NaN,265,98.14814815
NaN,NaN,NaN,NaN,NaN,270,0,NaN,NaN,2,NaN,NaN,NaN,NaN,NaN,NaN,264,97.77777778
NaN,NaN,NaN,NaN,NaN,270,0,NaN,NaN,3,NaN,NaN,NaN,NaN,NaN,NaN,264,97.77777778
NaN,NaN,NaN,NaN,NaN,270,0,NaN,NaN,3,NaN,NaN,NaN,NaN,NaN,NaN,265,98.14814815
NaN,NaN,NaN,NaN,NaN,270,0,NaN,NaN,2,NaN,NaN,NaN,NaN,NaN,NaN,248,91.85185185
NaN,NaN,NaN,NaN,NaN,270,0,NaN,NaN,2,NaN,NaN,NaN,NaN,NaN,NaN,258,95.55555556
NaN,NaN,NaN,NaN,NaN,270,0,NaN,NaN,3,NaN,NaN,NaN,NaN,NaN,NaN,260,96.2962963
NaN,NaN,NaN,NaN,NaN,270,0,NaN,NaN,NaN,NaN,NaN,NaN,NaN,NaN,NaN,263,97.40740741
NaN,NaN,NaN,NaN,NaN,270,0,NaN,NaN,2,NaN,NaN,NaN,NaN,NaN,NaN,263,97.40740741
NaN,NaN,NaN,NaN,NaN,270,0,NaN,NaN,1,NaN,NaN,NaN,NaN,NaN,NaN,265,98.14814815
NaN,NaN,NaN,NaN,NaN,270,0,NaN,NaN,3,NaN,NaN,NaN,NaN,NaN,NaN,265,98.14814815
NaN,NaN,NaN,NaN,NaN,270,0,NaN,NaN,3,NaN,NaN,NaN,NaN,NaN,NaN,265,98.14814815
NaN,NaN,NaN,NaN,NaN,270,0,NaN,NaN,4,NaN,NaN,NaN,NaN,NaN,NaN,265,98.14814815
NaN,NaN,NaN,NaN,NaN,270,0,NaN,NaN,4,NaN,NaN,NaN,NaN,NaN,NaN,265,98.14814815
NaN,NaN,NaN,NaN,NaN,270,0,NaN,NaN,NaN,NaN,NaN,NaN,NaN,NaN,NaN,265,98.14814815
NaN,NaN,NaN,NaN,NaN,270,0,NaN,NaN,2,NaN,NaN,NaN,NaN,NaN,NaN,264,97.77777778
NaN,NaN,NaN,NaN,NaN,270,0,NaN,NaN,3,NaN,NaN,NaN,NaN,NaN,NaN,264,97.77777778
NaN,NaN,NaN,NaN,NaN,270,0,NaN,NaN,3,NaN,NaN,NaN,NaN,NaN,NaN,264,97.77777778
NaN,NaN,NaN,NaN,NaN,270,0,NaN,NaN,4,NaN,NaN,NaN,NaN,NaN,NaN,264,97.77777778
NaN,NaN,NaN,NaN,NaN,270,0,NaN,NaN,3,NaN,NaN,NaN,NaN,NaN,NaN,264,97.77777778
NaN,NaN,NaN,NaN,NaN,270,0,NaN,NaN,3,NaN,NaN,NaN,NaN,NaN,NaN,265,98.14814815
NaN,NaN,NaN,NaN,NaN,270,0,NaN,NaN,1,NaN,NaN,NaN,NaN,NaN,NaN,264,97.77777778
NaN,NaN,NaN,NaN,NaN,270,0,NaN,NaN,1,NaN,NaN,NaN,NaN,NaN,NaN,265,98.14814815
NaN,NaN,NaN,NaN,NaN,270,0,NaN,NaN,2,NaN,NaN,NaN,NaN,NaN,NaN,265,98.14814815
NaN,NaN,NaN,NaN,NaN,270,0,NaN,NaN,2,NaN,NaN,NaN,NaN,NaN,NaN,265,98.14814815
NaN,NaN,NaN,NaN,NaN,270,0,NaN,NaN,1,NaN,NaN,NaN,NaN,NaN,NaN,264,97.77777778
NaN,NaN,NaN,NaN,NaN,270,0,NaN,NaN,2,NaN,NaN,NaN,NaN,NaN,NaN,259,95.92592593
NaN,NaN,NaN,NaN,NaN,270,0,NaN,NaN,2,NaN,NaN,NaN,NaN,NaN,NaN,261,96.66666667
NaN,NaN,NaN,NaN,NaN,270,0,NaN,NaN,NaN,NaN,NaN,NaN,NaN,NaN,NaN,265,98.14814815
NaN,NaN,NaN,NaN,NaN,270,0,NaN,NaN,3,NaN,NaN,NaN,NaN,NaN,NaN,265,98.14814815
NaN,NaN,NaN,NaN,NaN,270,0,NaN,NaN,2,NaN,NaN,NaN,NaN,NaN,NaN,261,96.66666667
NaN,NaN,NaN,NaN,NaN,270,0,NaN,NaN,3,NaN,NaN,NaN,NaN,NaN,NaN,264,97.77777778
NaN,NaN,NaN,NaN,NaN,270,0,NaN,NaN,3,NaN,NaN,NaN,NaN,NaN,NaN,263,97.40740741
NaN,NaN,NaN,NaN,NaN,270,0,NaN,NaN,3,NaN,NaN,NaN,NaN,NaN,NaN,265,98.14814815
NaN,NaN,NaN,NaN,NaN,270,0,NaN,NaN,3,NaN,NaN,NaN,NaN,NaN,NaN,258,95.55555556
NaN,NaN,NaN,NaN,NaN,270,0,NaN,NaN,4,NaN,NaN,NaN,NaN,NaN,NaN,257,95.18518519
NaN,NaN,NaN,NaN,NaN,270,0,NaN,NaN,NaN,NaN,NaN,NaN,NaN,NaN,NaN,264,97.77777778
NaN,NaN,NaN,NaN,NaN,270,0,NaN,NaN,2,NaN,NaN,NaN,NaN,NaN,NaN,263,97.40740741
NaN,NaN,NaN,NaN,NaN,270,0,NaN,NaN,3,NaN,NaN,NaN,NaN,NaN,NaN,265,98.14814815
NaN,NaN,NaN,NaN,NaN,270,0,NaN,NaN,2,NaN,NaN,NaN,NaN,NaN,NaN,264,97.77777778
NaN,NaN,NaN,NaN,NaN,270,0,NaN,NaN,3,NaN,NaN,NaN,NaN,NaN,NaN,250,92.59259259
NaN,NaN,NaN,NaN,NaN,270,0,NaN,NaN,3,NaN,NaN,NaN,NaN,NaN,NaN,217,80.37037037
NaN,NaN,NaN,NaN,NaN,270,0,NaN,NaN,3,NaN,NaN,NaN,NaN,NaN,NaN,157,58.14814815
NaN,NaN,NaN,NaN,NaN,270,0,NaN,NaN,3,NaN,NaN,NaN,NaN,NaN,NaN,235,87.03703704
NaN,NaN,NaN,NaN,NaN,270,0,NaN,NaN,3,NaN,NaN,NaN,NaN,NaN,NaN,241,89.25925926
NaN,NaN,NaN,NaN,NaN,270,0,NaN,NaN,3,NaN,NaN,NaN,NaN,NaN,NaN,264,97.77777778
NaN,NaN,NaN,NaN,NaN,270,0,NaN,NaN,4,NaN,NaN,NaN,NaN,NaN,NaN,264,97.77777778
NaN,NaN,NaN,NaN,NaN,270,0,NaN,NaN,4,NaN,NaN,NaN,NaN,NaN,NaN,264,97.77777778
NaN,NaN,NaN,NaN,NaN,270,0,NaN,NaN,4,NaN,NaN,NaN,NaN,NaN,NaN,264,97.77777778
NaN,NaN,NaN,NaN,NaN,270,0,NaN,NaN,3,NaN,NaN,NaN,NaN,NaN,NaN,264,97.77777778
NaN,NaN,NaN,NaN,NaN,270,0,NaN,NaN,3,NaN,NaN,NaN,NaN,NaN,NaN,264,97.77777778
NaN,NaN,NaN,NaN,NaN,270,0,NaN,NaN,2,NaN,NaN,NaN,NaN,NaN,NaN,264,97.77777778
NaN,NaN,NaN,NaN,NaN,270,0,NaN,NaN,3,NaN,NaN,NaN,NaN,NaN,NaN,264,97.77777778
NaN,NaN,NaN,NaN,NaN,270,0,NaN,NaN,2,NaN,NaN,NaN,NaN,NaN,NaN,265,98.14814815
NaN,NaN,NaN,NaN,NaN,270,0,NaN,NaN,2,NaN,NaN,NaN,NaN,NaN,NaN,264,97.77777778
NaN,NaN,NaN,NaN,NaN,270,0,NaN,NaN,3,NaN,NaN,NaN,NaN,NaN,NaN,265,98.14814815
NaN,NaN,NaN,NaN,NaN,270,0,NaN,NaN,3,NaN,NaN,NaN,NaN,NaN,NaN,265,98.14814815
NaN,NaN,NaN,NaN,NaN,270,0,NaN,NaN,2,NaN,NaN,NaN,NaN,NaN,NaN,264,97.77777778
NaN,NaN,NaN,NaN,NaN,270,0,NaN,NaN,2,NaN,NaN,NaN,NaN,NaN,NaN,264,97.77777778
NaN,NaN,NaN,NaN,NaN,270,0,NaN,NaN,3,NaN,NaN,NaN,NaN,NaN,NaN,264,97.77777778
NaN,NaN,NaN,NaN,NaN,270,0,NaN,NaN,3,NaN,NaN,NaN,NaN,NaN,NaN,264,97.77777778
NaN,NaN,NaN,NaN,NaN,270,0,NaN,NaN,1,NaN,NaN,NaN,NaN,NaN,NaN,264,97.77777778
NaN,NaN,NaN,NaN,NaN,270,0,NaN,NaN,1,NaN,NaN,NaN,NaN,NaN,NaN,265,98.14814815
NaN,NaN,NaN,NaN,NaN,270,0,NaN,NaN,2,NaN,NaN,NaN,NaN,NaN,NaN,265,98.14814815
NaN,NaN,NaN,NaN,NaN,270,0,NaN,NaN,1,NaN,NaN,NaN,NaN,NaN,NaN,265,98.14814815
NaN,NaN,NaN,NaN,NaN,270,0,NaN,NaN,2,NaN,NaN,NaN,NaN,NaN,NaN,263,97.40740741
NaN,NaN,NaN,NaN,NaN,270,0,NaN,NaN,2,NaN,NaN,NaN,NaN,NaN,NaN,261,96.66666667
NaN,NaN,NaN,NaN,NaN,270,0,NaN,NaN,2,NaN,NaN,NaN,NaN,NaN,NaN,265,98.14814815
NaN,NaN,NaN,NaN,NaN,270,0,NaN,NaN,2,NaN,NaN,NaN,NaN,NaN,NaN,264,97.77777778
NaN,NaN,NaN,NaN,NaN,270,0,NaN,NaN,1,NaN,NaN,NaN,NaN,NaN,NaN,265,98.14814815
NaN,NaN,NaN,NaN,NaN,270,0,NaN,NaN,2,NaN,NaN,NaN,NaN,NaN,NaN,253,93.7037037
NaN,NaN,NaN,NaN,NaN,270,0,NaN,NaN,2,NaN,NaN,NaN,NaN,NaN,NaN,257,95.18518519
NaN,NaN,NaN,NaN,NaN,270,0,NaN,NaN,3,NaN,NaN,NaN,NaN,NaN,NaN,255,94.44444444
NaN,NaN,NaN,NaN,NaN,270,0,NaN,NaN,3,NaN,NaN,NaN,NaN,NaN,NaN,262,97.03703704
NaN,NaN,NaN,NaN,NaN,270,0,NaN,NaN,3,NaN,NaN,NaN,NaN,NaN,NaN,259,95.92592593
NaN,NaN,NaN,NaN,NaN,270,0,NaN,NaN,2,NaN,NaN,NaN,NaN,NaN,NaN,264,97.77777778
NaN,NaN,NaN,NaN,NaN,270,0,NaN,NaN,3,NaN,NaN,NaN,NaN,NaN,NaN,264,97.77777778
NaN,NaN,NaN,NaN,NaN,270,0,NaN,NaN,2,NaN,NaN,NaN,NaN,NaN,NaN,264,97.77777778
NaN,NaN,NaN,NaN,NaN,270,0,NaN,NaN,3,NaN,NaN,NaN,NaN,NaN,NaN,262,97.03703704
NaN,NaN,NaN,NaN,NaN,270,0,NaN,NaN,2,NaN,NaN,NaN,NaN,NaN,NaN,255,94.44444444
NaN,NaN,NaN,NaN,NaN,270,0,NaN,NaN,2,NaN,NaN,NaN,NaN,NaN,NaN,264,97.77777778
NaN,NaN,NaN,NaN,NaN,270,0,NaN,NaN,3,NaN,NaN,NaN,NaN,NaN,NaN,262,97.03703704
NaN,NaN,NaN,NaN,NaN,270,0,NaN,NaN,3,NaN,NaN,NaN,NaN,NaN,NaN,263,97.40740741
NaN,NaN,NaN,NaN,NaN,270,0,NaN,NaN,3,NaN,NaN,NaN,NaN,NaN,NaN,265,98.14814815
NaN,NaN,NaN,NaN,NaN,270,0,NaN,NaN,3,NaN,NaN,NaN,NaN,NaN,NaN,263,97.40740741
NaN,NaN,NaN,NaN,NaN,270,0,NaN,NaN,4,NaN,NaN,NaN,NaN,NaN,NaN,265,98.14814815
NaN,NaN,NaN,NaN,NaN,270,0,NaN,NaN,4,NaN,NaN,NaN,NaN,NaN,NaN,260,96.2962963
NaN,NaN,NaN,NaN,NaN,270,0,NaN,NaN,2,NaN,NaN,NaN,NaN,NaN,NaN,265,98.14814815
NaN,NaN,NaN,NaN,NaN,270,0,NaN,NaN,1,NaN,NaN,NaN,NaN,NaN,NaN,261,96.66666667
NaN,NaN,NaN,NaN,NaN,270,0,NaN,NaN,1,NaN,NaN,NaN,NaN,NaN,NaN,265,98.14814815
NaN,NaN,NaN,NaN,NaN,270,0,NaN,NaN,3,NaN,NaN,NaN,NaN,NaN,NaN,265,98.14814815
NaN,NaN,NaN,NaN,NaN,270,0,NaN,NaN,4,NaN,NaN,NaN,NaN,NaN,NaN,264,97.77777778
NaN,NaN,NaN,NaN,NaN,270,0,NaN,NaN,2,NaN,NaN,NaN,NaN,NaN,NaN,264,97.77777778
NaN,NaN,NaN,NaN,NaN,270,0,NaN,NaN,5,NaN,NaN,NaN,NaN,NaN,NaN,264,97.77777778
NaN,NaN,NaN,NaN,NaN,270,0,NaN,NaN,3,NaN,NaN,NaN,NaN,NaN,NaN,264,97.77777778
NaN,NaN,NaN,NaN,NaN,270,0,NaN,NaN,4,NaN,NaN,NaN,NaN,NaN,NaN,264,97.77777778
NaN,NaN,NaN,NaN,NaN,270,0,NaN,NaN,4,NaN,NaN,NaN,NaN,NaN,NaN,265,98.14814815
NaN,NaN,NaN,NaN,NaN,270,0,NaN,NaN,5,NaN,NaN,NaN,NaN,NaN,NaN,260,96.2962963
NaN,NaN,NaN,NaN,NaN,270,0,NaN,NaN,5,NaN,NaN,NaN,NaN,NaN,NaN,262,97.03703704
NaN,NaN,NaN,NaN,NaN,270,0,NaN,NaN,5,NaN,NaN,NaN,NaN,NaN,NaN,258,95.55555556
NaN,NaN,NaN,NaN,NaN,270,0,NaN,NaN,5,NaN,NaN,NaN,NaN,NaN,NaN,264,97.77777778
NaN,NaN,NaN,NaN,NaN,270,0,NaN,NaN,2,NaN,NaN,NaN,NaN,NaN,NaN,265,98.14814815
NaN,NaN,NaN,NaN,NaN,270,0,NaN,NaN,3,NaN,NaN,NaN,NaN,NaN,NaN,265,98.14814815
NaN,NaN,NaN,NaN,NaN,270,0,NaN,NaN,4,NaN,NaN,NaN,NaN,NaN,NaN,263,97.40740741
NaN,NaN,NaN,NaN,NaN,270,0,NaN,NaN,3,NaN,NaN,NaN,NaN,NaN,NaN,262,97.03703704
NaN,NaN,NaN,NaN,NaN,270,0,NaN,NaN,2,NaN,NaN,NaN,NaN,NaN,NaN,264,97.77777778
NaN,NaN,NaN,NaN,NaN,270,0,NaN,NaN,2,NaN,NaN,NaN,NaN,NaN,NaN,265,98.14814815
NaN,NaN,NaN,NaN,NaN,270,0,NaN,NaN,3,NaN,NaN,NaN,NaN,NaN,NaN,264,97.77777778
NaN,NaN,NaN,NaN,NaN,270,0,NaN,NaN,3,NaN,NaN,NaN,NaN,NaN,NaN,264,97.77777778
NaN,NaN,NaN,NaN,NaN,270,0,NaN,NaN,3,NaN,NaN,NaN,NaN,NaN,NaN,264,97.77777778
NaN,NaN,NaN,NaN,NaN,270,0,NaN,NaN,3,NaN,NaN,NaN,NaN,NaN,NaN,265,98.14814815
NaN,NaN,NaN,NaN,NaN,270,0,NaN,NaN,4,NaN,NaN,NaN,NaN,NaN,NaN,263,97.40740741
NaN,NaN,NaN,NaN,NaN,270,0,NaN,NaN,3,NaN,NaN,NaN,NaN,NaN,NaN,265,98.14814815
NaN,NaN,NaN,NaN,NaN,270,0,NaN,NaN,3,NaN,NaN,NaN,NaN,NaN,NaN,264,97.77777778
NaN,NaN,NaN,NaN,NaN,270,0,NaN,NaN,4,NaN,NaN,NaN,NaN,NaN,NaN,265,98.14814815
NaN,NaN,NaN,NaN,NaN,270,0,NaN,NaN,3,NaN,NaN,NaN,NaN,NaN,NaN,263,97.40740741
NaN,NaN,NaN,NaN,NaN,270,0,NaN,NaN,1,NaN,NaN,NaN,NaN,NaN,NaN,265,98.14814815
NaN,NaN,NaN,NaN,NaN,270,0,NaN,NaN,1,NaN,NaN,NaN,NaN,NaN,NaN,265,98.14814815
NaN,NaN,NaN,NaN,NaN,270,0,NaN,NaN,4,NaN,NaN,NaN,NaN,NaN,NaN,263,97.40740741
NaN,NaN,NaN,NaN,NaN,270,0,NaN,NaN,5,NaN,NaN,NaN,NaN,NaN,NaN,258,95.55555556
NaN,NaN,NaN,NaN,NaN,270,0,NaN,NaN,4,NaN,NaN,NaN,NaN,NaN,NaN,263,97.40740741
NaN,NaN,NaN,NaN,NaN,270,0,NaN,NaN,4,NaN,NaN,NaN,NaN,NaN,NaN,263,97.40740741
NaN,NaN,NaN,NaN,NaN,270,0,NaN,NaN,5,NaN,NaN,NaN,NaN,NaN,NaN,259,95.92592593
NaN,NaN,NaN,NaN,NaN,270,0,NaN,NaN,5,NaN,NaN,NaN,NaN,NaN,NaN,200,74.07407407
NaN,NaN,NaN,NaN,NaN,270,0,NaN,NaN,5,NaN,NaN,NaN,NaN,NaN,NaN,187,69.25925926
NaN,NaN,NaN,NaN,NaN,270,0,NaN,NaN,4,NaN,NaN,NaN,NaN,NaN,NaN,264,97.77777778
NaN,NaN,NaN,NaN,NaN,270,0,NaN,NaN,4,NaN,NaN,NaN,NaN,NaN,NaN,264,97.77777778
NaN,NaN,NaN,NaN,NaN,270,0,NaN,NaN,5,NaN,NaN,NaN,NaN,NaN,NaN,249,92.22222222
NaN,NaN,NaN,NaN,NaN,270,0,NaN,NaN,5,NaN,NaN,NaN,NaN,NaN,NaN,237,87.77777778
NaN,NaN,NaN,NaN,NaN,270,0,NaN,NaN,4,NaN,NaN,NaN,NaN,NaN,NaN,259,95.92592593
NaN,NaN,NaN,NaN,NaN,270,0,NaN,NaN,4,NaN,NaN,NaN,NaN,NaN,NaN,250,92.59259259
NaN,NaN,NaN,NaN,NaN,270,0,NaN,NaN,4,NaN,NaN,NaN,NaN,NaN,NaN,249,92.22222222
NaN,NaN,NaN,NaN,NaN,270,0,NaN,NaN,2,NaN,NaN,NaN,NaN,NaN,NaN,262,97.03703704
NaN,NaN,NaN,NaN,NaN,270,0,NaN,NaN,3,NaN,NaN,NaN,NaN,NaN,NaN,262,97.03703704
NaN,NaN,NaN,NaN,NaN,270,0,NaN,NaN,4,NaN,NaN,NaN,NaN,NaN,NaN,253,93.7037037
NaN,NaN,NaN,NaN,NaN,270,0,NaN,NaN,5,NaN,NaN,NaN,NaN,NaN,NaN,257,95.18518519
NaN,NaN,NaN,NaN,NaN,270,0,NaN,NaN,5,NaN,NaN,NaN,NaN,NaN,NaN,264,97.77777778
NaN,NaN,NaN,NaN,NaN,270,0,NaN,NaN,5,NaN,NaN,NaN,NaN,NaN,NaN,251,92.96296296
NaN,NaN,NaN,NaN,NaN,270,0,NaN,NaN,5,NaN,NaN,NaN,NaN,NaN,NaN,248,91.85185185
NaN,NaN,NaN,NaN,NaN,270,0,NaN,NaN,4,NaN,NaN,NaN,NaN,NaN,NaN,263,97.40740741
NaN,NaN,NaN,NaN,NaN,270,0,NaN,NaN,4,NaN,NaN,NaN,NaN,NaN,NaN,256,94.81481481
NaN,NaN,NaN,NaN,NaN,270,0,NaN,NaN,3,NaN,NaN,NaN,NaN,NaN,NaN,265,98.14814815
NaN,NaN,NaN,NaN,NaN,270,0,NaN,NaN,3,NaN,NaN,NaN,NaN,NaN,NaN,264,97.77777778
NaN,NaN,NaN,NaN,NaN,270,0,NaN,NaN,3,NaN,NaN,NaN,NaN,NaN,NaN,265,98.14814815
NaN,NaN,NaN,NaN,NaN,270,0,NaN,NaN,3,NaN,NaN,NaN,NaN,NaN,NaN,265,98.14814815
NaN,NaN,NaN,NaN,NaN,270,0,NaN,NaN,4,NaN,NaN,NaN,NaN,NaN,NaN,264,97.77777778
NaN,NaN,NaN,NaN,NaN,270,0,NaN,NaN,4,NaN,NaN,NaN,NaN,NaN,NaN,259,95.92592593
NaN,NaN,NaN,NaN,NaN,270,0,NaN,NaN,3,NaN,NaN,NaN,NaN,NaN,NaN,249,92.22222222
NaN,NaN,NaN,NaN,NaN,270,0,NaN,NaN,4,NaN,NaN,NaN,NaN,NaN,NaN,264,97.77777778
NaN,NaN,NaN,NaN,NaN,270,0,NaN,NaN,4,NaN,NaN,NaN,NaN,NaN,NaN,265,98.14814815
NaN,NaN,NaN,NaN,NaN,270,0,NaN,NaN,4,NaN,NaN,NaN,NaN,NaN,NaN,263,97.40740741
NaN,NaN,NaN,NaN,NaN,270,0,NaN,NaN,4,NaN,NaN,NaN,NaN,NaN,NaN,265,98.14814815
NaN,NaN,NaN,NaN,NaN,270,0,NaN,NaN,3,NaN,NaN,NaN,NaN,NaN,NaN,264,97.77777778
NaN,NaN,NaN,NaN,NaN,270,0,NaN,NaN,5,NaN,NaN,NaN,NaN,NaN,NaN,256,94.81481481
NaN,NaN,NaN,NaN,NaN,270,0,NaN,NaN,3,NaN,NaN,NaN,NaN,NaN,NaN,264,97.77777778
NaN,NaN,NaN,NaN,NaN,270,0,NaN,NaN,3,NaN,NaN,NaN,NaN,NaN,NaN,263,97.40740741
NaN,NaN,NaN,NaN,NaN,270,0,NaN,NaN,3,NaN,NaN,NaN,NaN,NaN,NaN,265,98.14814815
NaN,NaN,NaN,NaN,NaN,270,0,NaN,NaN,3,NaN,NaN,NaN,NaN,NaN,NaN,265,98.14814815
NaN,NaN,NaN,NaN,NaN,270,0,NaN,NaN,3,NaN,NaN,NaN,NaN,NaN,NaN,264,97.77777778
NaN,NaN,NaN,NaN,NaN,270,0,NaN,NaN,4,NaN,NaN,NaN,NaN,NaN,NaN,265,98.14814815
NaN,NaN,NaN,NaN,NaN,270,0,NaN,NaN,4,NaN,NaN,NaN,NaN,NaN,NaN,265,98.14814815
NaN,NaN,NaN,NaN,NaN,270,0,NaN,NaN,4,NaN,NaN,NaN,NaN,NaN,NaN,265,98.14814815
NaN,NaN,NaN,NaN,NaN,270,0,NaN,NaN,4,NaN,NaN,NaN,NaN,NaN,NaN,265,98.14814815
NaN,NaN,NaN,NaN,NaN,270,0,NaN,NaN,3,NaN,NaN,NaN,NaN,NaN,NaN,263,97.40740741
NaN,NaN,NaN,NaN,NaN,270,0,NaN,NaN,3,NaN,NaN,NaN,NaN,NaN,NaN,265,98.14814815
NaN,NaN,NaN,NaN,NaN,270,0,NaN,NaN,3,NaN,NaN,NaN,NaN,NaN,NaN,264,97.77777778
NaN,NaN,NaN,NaN,NaN,270,0,NaN,NaN,3,NaN,NaN,NaN,NaN,NaN,NaN,252,93.33333333
NaN,NaN,NaN,NaN,NaN,270,0,NaN,NaN,2,NaN,NaN,NaN,NaN,NaN,NaN,263,97.40740741
NaN,NaN,NaN,NaN,NaN,270,0,NaN,NaN,2,NaN,NaN,NaN,NaN,NaN,NaN,264,97.77777778
NaN,NaN,NaN,NaN,NaN,270,0,NaN,NaN,2,NaN,NaN,NaN,NaN,NaN,NaN,265,98.14814815
NaN,NaN,NaN,NaN,NaN,270,0,NaN,NaN,3,NaN,NaN,NaN,NaN,NaN,NaN,264,97.77777778
NaN,NaN,NaN,NaN,NaN,270,0,NaN,NaN,3,NaN,NaN,NaN,NaN,NaN,NaN,265,98.14814815
NaN,NaN,NaN,NaN,NaN,270,0,NaN,NaN,5,NaN,NaN,NaN,NaN,NaN,NaN,264,97.77777778
NaN,NaN,NaN,NaN,NaN,270,0,NaN,NaN,5,NaN,NaN,NaN,NaN,NaN,NaN,264,97.77777778
NaN,NaN,NaN,NaN,NaN,270,0,NaN,NaN,5,NaN,NaN,NaN,NaN,NaN,NaN,257,95.18518519
NaN,NaN,NaN,NaN,NaN,270,0,NaN,NaN,3,NaN,NaN,NaN,NaN,NaN,NaN,264,97.77777778
NaN,NaN,NaN,NaN,NaN,270,0,NaN,NaN,3,NaN,NaN,NaN,NaN,NaN,NaN,265,98.14814815
NaN,NaN,NaN,NaN,NaN,270,0,NaN,NaN,5,NaN,NaN,NaN,NaN,NaN,NaN,239,88.51851852
NaN,NaN,NaN,NaN,NaN,270,0,NaN,NaN,2,NaN,NaN,NaN,NaN,NaN,NaN,265,98.14814815
NaN,NaN,NaN,NaN,NaN,270,0,NaN,NaN,2,NaN,NaN,NaN,NaN,NaN,NaN,265,98.14814815
NaN,NaN,NaN,NaN,NaN,270,0,NaN,NaN,2,NaN,NaN,NaN,NaN,NaN,NaN,264,97.77777778
NaN,NaN,NaN,NaN,NaN,270,0,NaN,NaN,2,NaN,NaN,NaN,NaN,NaN,NaN,265,98.14814815
NaN,NaN,NaN,NaN,NaN,270,0,NaN,NaN,2,NaN,NaN,NaN,NaN,NaN,NaN,264,97.77777778
NaN,NaN,NaN,NaN,NaN,270,0,NaN,NaN,3,NaN,NaN,NaN,NaN,NaN,NaN,263,97.40740741
NaN,NaN,NaN,NaN,NaN,270,0,NaN,NaN,3,NaN,NaN,NaN,NaN,NaN,NaN,265,98.14814815
NaN,NaN,NaN,NaN,NaN,270,0,NaN,NaN,5,NaN,NaN,NaN,NaN,NaN,NaN,254,94.07407407
NaN,NaN,NaN,NaN,NaN,270,0,NaN,NaN,5,NaN,NaN,NaN,NaN,NaN,NaN,260,96.2962963
NaN,NaN,NaN,NaN,NaN,270,0,NaN,NaN,4,NaN,NaN,NaN,NaN,NaN,NaN,250,92.59259259
NaN,NaN,NaN,NaN,NaN,270,0,NaN,NaN,3,NaN,NaN,NaN,NaN,NaN,NaN,263,97.40740741
NaN,NaN,NaN,NaN,NaN,270,0,NaN,NaN,3,NaN,NaN,NaN,NaN,NaN,NaN,265,98.14814815
NaN,NaN,NaN,NaN,NaN,270,0,NaN,NaN,2,NaN,NaN,NaN,NaN,NaN,NaN,265,98.14814815
NaN,NaN,NaN,NaN,NaN,270,0,NaN,NaN,3,NaN,NaN,NaN,NaN,NaN,NaN,245,90.74074074
NaN,NaN,NaN,NaN,NaN,270,0,NaN,NaN,4,NaN,NaN,NaN,NaN,NaN,NaN,247,91.48148148
NaN,NaN,NaN,NaN,NaN,270,0,NaN,NaN,4,NaN,NaN,NaN,NaN,NaN,NaN,252,93.33333333
NaN,NaN,NaN,NaN,NaN,270,0,NaN,NaN,4,NaN,NaN,NaN,NaN,NaN,NaN,214,79.25925926
NaN,NaN,NaN,NaN,NaN,270,0,NaN,NaN,2,NaN,NaN,NaN,NaN,NaN,NaN,240,88.88888889
NaN,NaN,NaN,NaN,NaN,270,0,NaN,NaN,2,NaN,NaN,NaN,NaN,NaN,NaN,252,93.33333333
NaN,NaN,NaN,NaN,NaN,270,0,NaN,NaN,3,NaN,NaN,NaN,NaN,NaN,NaN,265,98.14814815
NaN,NaN,NaN,NaN,NaN,270,0,NaN,NaN,2,NaN,NaN,NaN,NaN,NaN,NaN,262,97.03703704
NaN,NaN,NaN,NaN,NaN,270,0,NaN,NaN,1,NaN,NaN,NaN,NaN,NaN,NaN,242,89.62962963
NaN,NaN,NaN,NaN,NaN,270,0,NaN,NaN,2,NaN,NaN,NaN,NaN,NaN,NaN,265,98.14814815
NaN,NaN,NaN,NaN,NaN,270,0,NaN,NaN,3,NaN,NaN,NaN,NaN,NaN,NaN,265,98.14814815
NaN,NaN,NaN,NaN,NaN,270,0,NaN,NaN,3,NaN,NaN,NaN,NaN,NaN,NaN,264,97.77777778
NaN,NaN,NaN,NaN,NaN,270,0,NaN,NaN,4,NaN,NaN,NaN,NaN,NaN,NaN,260,96.2962963
NaN,NaN,NaN,NaN,NaN,270,0,NaN,NaN,3,NaN,NaN,NaN,NaN,NaN,NaN,264,97.77777778
NaN,NaN,NaN,NaN,NaN,270,0,NaN,NaN,3,NaN,NaN,NaN,NaN,NaN,NaN,264,97.77777778
NaN,NaN,NaN,NaN,NaN,270,0,NaN,NaN,2,NaN,NaN,NaN,NaN,NaN,NaN,263,97.40740741
NaN,NaN,NaN,NaN,NaN,270,0,NaN,NaN,3,NaN,NaN,NaN,NaN,NaN,NaN,264,97.77777778
NaN,NaN,NaN,NaN,NaN,270,0,NaN,NaN,4,NaN,NaN,NaN,NaN,NaN,NaN,264,97.77777778
NaN,NaN,NaN,NaN,NaN,270,0,NaN,NaN,4,NaN,NaN,NaN,NaN,NaN,NaN,258,95.55555556
NaN,NaN,NaN,NaN,NaN,270,0,NaN,NaN,4,NaN,NaN,NaN,NaN,NaN,NaN,262,97.03703704
NaN,NaN,NaN,NaN,NaN,270,0,NaN,NaN,5,NaN,NaN,NaN,NaN,NaN,NaN,258,95.55555556
NaN,NaN,NaN,NaN,NaN,270,0,NaN,NaN,5,NaN,NaN,NaN,NaN,NaN,NaN,249,92.22222222
NaN,NaN,NaN,NaN,NaN,270,0,NaN,NaN,5,NaN,NaN,NaN,NaN,NaN,NaN,264,97.77777778
NaN,NaN,NaN,NaN,NaN,270,0,NaN,NaN,2,NaN,NaN,NaN,NaN,NaN,NaN,263,97.40740741
NaN,NaN,NaN,NaN,NaN,270,0,NaN,NaN,2,NaN,NaN,NaN,NaN,NaN,NaN,264,97.77777778
NaN,NaN,NaN,NaN,NaN,270,0,NaN,NaN,3,NaN,NaN,NaN,NaN,NaN,NaN,262,97.03703704
NaN,NaN,NaN,NaN,NaN,270,0,NaN,NaN,4,NaN,NaN,NaN,NaN,NaN,NaN,261,96.66666667
NaN,NaN,NaN,NaN,NaN,84,1,1,NaN,NaN,NaN,NaN,NaN,NaN,NaN,NaN,65,77.38095238
NaN,NaN,NaN,NaN,NaN,270,0,NaN,NaN,3,NaN,NaN,NaN,NaN,NaN,NaN,257,95.18518519
NaN,NaN,NaN,NaN,NaN,270,0,NaN,NaN,4,NaN,NaN,NaN,NaN,NaN,NaN,263,97.40740741
NaN,NaN,NaN,NaN,NaN,270,0,NaN,NaN,2,NaN,NaN,NaN,NaN,NaN,NaN,263,97.40740741
NaN,NaN,NaN,NaN,NaN,270,0,NaN,NaN,2,NaN,NaN,NaN,NaN,NaN,NaN,262,97.03703704
NaN,NaN,NaN,NaN,NaN,270,0,NaN,NaN,4,NaN,NaN,NaN,NaN,NaN,NaN,263,97.40740741
NaN,NaN,NaN,NaN,NaN,270,0,NaN,NaN,4,NaN,NaN,NaN,NaN,NaN,NaN,258,95.55555556
NaN,NaN,NaN,NaN,NaN,270,0,NaN,NaN,3,NaN,NaN,NaN,NaN,NaN,NaN,264,97.77777778
NaN,NaN,NaN,NaN,NaN,270,0,NaN,NaN,3,NaN,NaN,NaN,NaN,NaN,NaN,257,95.18518519
NaN,NaN,NaN,NaN,NaN,270,0,NaN,NaN,2,NaN,NaN,NaN,NaN,NaN,NaN,256,94.81481481
NaN,NaN,NaN,NaN,NaN,270,0,NaN,NaN,2,NaN,NaN,NaN,NaN,NaN,NaN,245,90.74074074
NaN,NaN,NaN,NaN,NaN,270,0,NaN,NaN,2,NaN,NaN,NaN,NaN,NaN,NaN,262,97.03703704
NaN,NaN,NaN,NaN,NaN,270,0,NaN,NaN,2,NaN,NaN,NaN,NaN,NaN,NaN,265,98.14814815
NaN,NaN,NaN,NaN,NaN,270,0,NaN,NaN,3,NaN,NaN,NaN,NaN,NaN,NaN,264,97.77777778
NaN,NaN,NaN,NaN,NaN,270,0,NaN,NaN,4,NaN,NaN,NaN,NaN,NaN,NaN,264,97.77777778
NaN,NaN,NaN,NaN,NaN,270,0,NaN,NaN,4,NaN,NaN,NaN,NaN,NaN,NaN,265,98.14814815
NaN,NaN,NaN,NaN,NaN,270,0,NaN,NaN,2,NaN,NaN,NaN,NaN,NaN,NaN,265,98.14814815
NaN,NaN,NaN,NaN,NaN,270,0,NaN,NaN,4,NaN,NaN,NaN,NaN,NaN,NaN,263,97.40740741
NaN,NaN,NaN,NaN,NaN,270,0,NaN,NaN,2,NaN,NaN,NaN,NaN,NaN,NaN,265,98.14814815
NaN,NaN,NaN,NaN,NaN,270,0,NaN,NaN,3,NaN,NaN,NaN,NaN,NaN,NaN,263,97.40740741
NaN,NaN,NaN,NaN,NaN,270,0,NaN,NaN,4,NaN,NaN,NaN,NaN,NaN,NaN,264,97.77777778
NaN,NaN,NaN,NaN,NaN,270,0,NaN,NaN,5,NaN,NaN,NaN,NaN,NaN,NaN,249,92.22222222
NaN,NaN,NaN,NaN,NaN,270,0,NaN,NaN,5,NaN,NaN,NaN,NaN,NaN,NaN,265,98.14814815
NaN,NaN,NaN,NaN,NaN,270,0,NaN,NaN,5,NaN,NaN,NaN,NaN,NaN,NaN,247,91.48148148
NaN,NaN,NaN,NaN,NaN,270,0,NaN,NaN,4,NaN,NaN,NaN,NaN,NaN,NaN,265,98.14814815
NaN,NaN,NaN,NaN,NaN,270,0,NaN,NaN,1,NaN,NaN,NaN,NaN,NaN,NaN,256,94.81481481
NaN,NaN,NaN,NaN,NaN,270,0,NaN,NaN,1,NaN,NaN,NaN,NaN,NaN,NaN,265,98.14814815
NaN,NaN,NaN,NaN,NaN,270,0,NaN,NaN,2,NaN,NaN,NaN,NaN,NaN,NaN,265,98.14814815
NaN,NaN,NaN,NaN,NaN,270,0,NaN,NaN,3,NaN,NaN,NaN,NaN,NaN,NaN,264,97.77777778
NaN,NaN,NaN,NaN,NaN,270,0,NaN,NaN,1,NaN,NaN,NaN,NaN,NaN,NaN,265,98.14814815
NaN,NaN,NaN,NaN,NaN,270,0,NaN,NaN,1,NaN,NaN,NaN,NaN,NaN,NaN,265,98.14814815
NaN,NaN,NaN,NaN,NaN,270,0,NaN,NaN,2,NaN,NaN,NaN,NaN,NaN,NaN,265,98.14814815
NaN,NaN,NaN,NaN,NaN,270,0,NaN,NaN,2,NaN,NaN,NaN,NaN,NaN,NaN,264,97.77777778
NaN,NaN,NaN,NaN,NaN,270,0,NaN,NaN,1,NaN,NaN,NaN,NaN,NaN,NaN,265,98.14814815
NaN,NaN,NaN,NaN,NaN,270,0,NaN,NaN,3,NaN,NaN,NaN,NaN,NaN,NaN,263,97.40740741
NaN,NaN,NaN,NaN,NaN,270,0,NaN,NaN,5,NaN,NaN,NaN,NaN,NaN,NaN,258,95.55555556
NaN,NaN,NaN,NaN,NaN,270,0,NaN,NaN,5,NaN,NaN,NaN,NaN,NaN,NaN,203,75.18518519
NaN,NaN,NaN,NaN,NaN,270,0,NaN,NaN,3,NaN,NaN,NaN,NaN,NaN,NaN,188,69.62962963
NaN,NaN,NaN,NaN,NaN,270,0,NaN,NaN,1,NaN,NaN,NaN,NaN,NaN,NaN,263,97.40740741
NaN,NaN,NaN,NaN,NaN,270,0,NaN,NaN,1,NaN,NaN,NaN,NaN,NaN,NaN,198,73.33333333
NaN,NaN,NaN,NaN,NaN,270,0,NaN,NaN,2,NaN,NaN,NaN,NaN,NaN,NaN,144,53.33333333
NaN,NaN,NaN,NaN,NaN,270,0,NaN,NaN,1,NaN,NaN,NaN,NaN,NaN,NaN,228,84.44444444
NaN,NaN,NaN,NaN,NaN,270,0,NaN,NaN,2,NaN,NaN,NaN,NaN,NaN,NaN,241,89.25925926
NaN,NaN,NaN,NaN,NaN,270,0,NaN,NaN,3,NaN,NaN,NaN,NaN,NaN,NaN,223,82.59259259
NaN,NaN,NaN,NaN,NaN,270,0,NaN,NaN,3,NaN,NaN,NaN,NaN,NaN,NaN,264,97.77777778
NaN,NaN,NaN,NaN,NaN,270,0,NaN,NaN,4,NaN,NaN,NaN,NaN,NaN,NaN,260,96.2962963
NaN,NaN,NaN,NaN,NaN,270,0,NaN,NaN,4,NaN,NaN,NaN,NaN,NaN,NaN,242,89.62962963
NaN,NaN,NaN,NaN,NaN,270,0,NaN,NaN,5,NaN,NaN,NaN,NaN,NaN,NaN,252,93.33333333
NaN,NaN,NaN,NaN,NaN,270,0,NaN,NaN,5,NaN,NaN,NaN,NaN,NaN,NaN,217,80.37037037
NaN,NaN,NaN,NaN,NaN,270,0,NaN,NaN,2,NaN,NaN,NaN,NaN,NaN,NaN,237,87.77777778
NaN,NaN,NaN,NaN,NaN,270,0,NaN,NaN,2,NaN,NaN,NaN,NaN,NaN,NaN,258,95.55555556
NaN,NaN,NaN,NaN,NaN,270,0,NaN,NaN,1,NaN,NaN,NaN,NaN,NaN,NaN,260,96.2962963
NaN,NaN,NaN,NaN,NaN,270,0,NaN,NaN,2,NaN,NaN,NaN,NaN,NaN,NaN,249,92.22222222
NaN,NaN,NaN,NaN,NaN,270,0,NaN,NaN,3,NaN,NaN,NaN,NaN,NaN,NaN,237,87.77777778
NaN,NaN,NaN,NaN,NaN,270,0,NaN,NaN,4,NaN,NaN,NaN,NaN,NaN,NaN,259,95.92592593
NaN,NaN,NaN,NaN,NaN,270,0,NaN,NaN,5,NaN,NaN,NaN,NaN,NaN,NaN,244,90.37037037
NaN,NaN,NaN,NaN,NaN,270,0,NaN,NaN,3,NaN,NaN,NaN,NaN,NaN,NaN,218,80.74074074
NaN,NaN,NaN,NaN,NaN,270,0,NaN,NaN,1,NaN,NaN,NaN,NaN,NaN,NaN,265,98.14814815
NaN,NaN,NaN,NaN,NaN,270,0,NaN,NaN,2,NaN,NaN,NaN,NaN,NaN,NaN,265,98.14814815
NaN,NaN,NaN,NaN,NaN,270,0,NaN,NaN,1,NaN,NaN,NaN,NaN,NaN,NaN,243,90
NaN,NaN,NaN,NaN,NaN,270,0,NaN,NaN,1,NaN,NaN,NaN,NaN,NaN,NaN,264,97.77777778
NaN,NaN,NaN,NaN,NaN,270,0,NaN,NaN,2,NaN,NaN,NaN,NaN,NaN,NaN,225,83.33333333
NaN,NaN,NaN,NaN,NaN,270,0,NaN,NaN,2,NaN,NaN,NaN,NaN,NaN,NaN,256,94.81481481
NaN,NaN,NaN,NaN,NaN,270,0,NaN,NaN,2,NaN,NaN,NaN,NaN,NaN,NaN,217,80.37037037
NaN,NaN,NaN,NaN,NaN,270,0,NaN,NaN,3,NaN,NaN,NaN,NaN,NaN,NaN,264,97.77777778
NaN,NaN,NaN,NaN,NaN,270,0,NaN,NaN,2,NaN,NaN,NaN,NaN,NaN,NaN,264,97.77777778
NaN,NaN,NaN,NaN,NaN,270,0,NaN,NaN,2,NaN,NaN,NaN,NaN,NaN,NaN,265,98.14814815
NaN,NaN,NaN,NaN,NaN,270,0,NaN,NaN,2,NaN,NaN,NaN,NaN,NaN,NaN,265,98.14814815
NaN,NaN,NaN,NaN,NaN,270,0,NaN,NaN,1,NaN,NaN,NaN,NaN,NaN,NaN,265,98.14814815
NaN,NaN,NaN,NaN,NaN,270,0,NaN,NaN,3,NaN,NaN,NaN,NaN,NaN,NaN,264,97.77777778
NaN,NaN,NaN,NaN,NaN,270,0,NaN,NaN,3,NaN,NaN,NaN,NaN,NaN,NaN,246,91.11111111
NaN,NaN,NaN,NaN,NaN,270,0,NaN,NaN,3,NaN,NaN,NaN,NaN,NaN,NaN,251,92.96296296
NaN,NaN,NaN,NaN,NaN,270,0,NaN,NaN,4,NaN,NaN,NaN,NaN,NaN,NaN,258,95.55555556
NaN,NaN,NaN,NaN,NaN,270,0,NaN,NaN,2,NaN,NaN,NaN,NaN,NaN,NaN,253,93.7037037
NaN,NaN,NaN,NaN,NaN,270,0,NaN,NaN,2,NaN,NaN,NaN,NaN,NaN,NaN,264,97.77777778
NaN,NaN,NaN,NaN,NaN,270,0,NaN,NaN,2,NaN,NaN,NaN,NaN,NaN,NaN,264,97.77777778
NaN,NaN,NaN,NaN,NaN,270,0,NaN,NaN,4,NaN,NaN,NaN,NaN,NaN,NaN,265,98.14814815
NaN,NaN,NaN,NaN,NaN,270,0,NaN,NaN,5,NaN,NaN,NaN,NaN,NaN,NaN,262,97.03703704
NaN,NaN,NaN,NaN,NaN,270,0,NaN,NaN,4,NaN,NaN,NaN,NaN,NaN,NaN,185,68.51851852
NaN,NaN,NaN,NaN,NaN,270,0,NaN,NaN,5,NaN,NaN,NaN,NaN,NaN,NaN,263,97.40740741
NaN,NaN,NaN,NaN,NaN,270,0,NaN,NaN,5,NaN,NaN,NaN,NaN,NaN,NaN,256,94.81481481
NaN,NaN,NaN,NaN,NaN,270,0,NaN,NaN,3,NaN,NaN,NaN,NaN,NaN,NaN,264,97.77777778
NaN,NaN,NaN,NaN,NaN,270,0,NaN,NaN,2,NaN,NaN,NaN,NaN,NaN,NaN,262,97.03703704
NaN,NaN,NaN,NaN,NaN,270,0,NaN,NaN,1,NaN,NaN,NaN,NaN,NaN,NaN,264,97.77777778
NaN,NaN,NaN,NaN,NaN,270,0,NaN,NaN,3,NaN,NaN,NaN,NaN,NaN,NaN,264,97.77777778
NaN,NaN,NaN,NaN,NaN,270,0,NaN,NaN,2,NaN,NaN,NaN,NaN,NaN,NaN,265,98.14814815
NaN,NaN,NaN,NaN,NaN,270,0,NaN,NaN,3,NaN,NaN,NaN,NaN,NaN,NaN,264,97.77777778
NaN,NaN,NaN,NaN,NaN,270,0,NaN,NaN,2,NaN,NaN,NaN,NaN,NaN,NaN,262,97.03703704
NaN,NaN,NaN,NaN,NaN,270,0,NaN,NaN,2,NaN,NaN,NaN,NaN,NaN,NaN,263,97.40740741
NaN,NaN,NaN,NaN,NaN,270,0,NaN,NaN,2,NaN,NaN,NaN,NaN,NaN,NaN,259,95.92592593
NaN,NaN,NaN,NaN,NaN,270,0,NaN,NaN,2,NaN,NaN,NaN,NaN,NaN,NaN,265,98.14814815
NaN,NaN,NaN,NaN,NaN,270,0,NaN,NaN,3,NaN,NaN,NaN,NaN,NaN,NaN,265,98.14814815
NaN,NaN,NaN,NaN,NaN,270,0,NaN,NaN,3,NaN,NaN,NaN,NaN,NaN,NaN,264,97.77777778
NaN,NaN,NaN,NaN,NaN,270,0,NaN,NaN,3,NaN,NaN,NaN,NaN,NaN,NaN,264,97.77777778
NaN,NaN,NaN,NaN,NaN,270,0,NaN,NaN,5,NaN,NaN,NaN,NaN,NaN,NaN,262,97.03703704
NaN,NaN,NaN,NaN,NaN,270,0,NaN,NaN,2,NaN,NaN,NaN,NaN,NaN,NaN,265,98.14814815
NaN,NaN,NaN,NaN,NaN,270,0,NaN,NaN,3,NaN,NaN,NaN,NaN,NaN,NaN,263,97.40740741
NaN,NaN,NaN,NaN,NaN,270,0,NaN,NaN,3,NaN,NaN,NaN,NaN,NaN,NaN,254,94.07407407
NaN,NaN,NaN,NaN,NaN,270,0,NaN,NaN,3,NaN,NaN,NaN,NaN,NaN,NaN,262,97.03703704
NaN,NaN,NaN,NaN,NaN,270,0,NaN,NaN,4,NaN,NaN,NaN,NaN,NaN,NaN,262,97.03703704
NaN,NaN,NaN,NaN,NaN,270,0,NaN,NaN,4,NaN,NaN,NaN,NaN,NaN,NaN,261,96.66666667
NaN,NaN,NaN,NaN,NaN,270,0,NaN,NaN,2,NaN,NaN,NaN,NaN,NaN,NaN,261,96.66666667
NaN,NaN,NaN,NaN,NaN,270,0,NaN,NaN,2,NaN,NaN,NaN,NaN,NaN,NaN,264,97.77777778
NaN,NaN,NaN,NaN,NaN,270,0,NaN,NaN,3,NaN,NaN,NaN,NaN,NaN,NaN,256,94.81481481
NaN,NaN,NaN,NaN,NaN,270,0,NaN,NaN,3,NaN,NaN,NaN,NaN,NaN,NaN,265,98.14814815
NaN,NaN,NaN,NaN,NaN,270,0,NaN,NaN,2,NaN,NaN,NaN,NaN,NaN,NaN,262,97.03703704
NaN,NaN,NaN,NaN,NaN,270,0,NaN,NaN,1,NaN,NaN,NaN,NaN,NaN,NaN,265,98.14814815
NaN,NaN,NaN,NaN,NaN,270,0,NaN,NaN,2,NaN,NaN,NaN,NaN,NaN,NaN,264,97.77777778
NaN,NaN,NaN,NaN,NaN,270,0,NaN,NaN,2,NaN,NaN,NaN,NaN,NaN,NaN,264,97.77777778
NaN,NaN,NaN,NaN,NaN,270,0,NaN,NaN,1,NaN,NaN,NaN,NaN,NaN,NaN,263,97.40740741
NaN,NaN,NaN,NaN,NaN,270,0,NaN,NaN,1,NaN,NaN,NaN,NaN,NaN,NaN,264,97.77777778
NaN,NaN,NaN,NaN,NaN,270,0,NaN,NaN,1,NaN,NaN,NaN,NaN,NaN,NaN,264,97.77777778
NaN,NaN,NaN,NaN,NaN,270,0,NaN,NaN,2,NaN,NaN,NaN,NaN,NaN,NaN,264,97.77777778
NaN,NaN,NaN,NaN,NaN,270,0,NaN,NaN,1,NaN,NaN,NaN,NaN,NaN,NaN,265,98.14814815
NaN,NaN,NaN,NaN,NaN,270,0,NaN,NaN,4,NaN,NaN,NaN,NaN,NaN,NaN,256,94.81481481
NaN,NaN,NaN,NaN,NaN,270,0,NaN,NaN,3,NaN,NaN,NaN,NaN,NaN,NaN,262,97.03703704
NaN,NaN,NaN,NaN,NaN,270,0,NaN,NaN,5,NaN,NaN,NaN,NaN,NaN,NaN,255,94.44444444
NaN,NaN,NaN,NaN,NaN,270,0,NaN,NaN,4,NaN,NaN,NaN,NaN,NaN,NaN,260,96.2962963
NaN,NaN,NaN,NaN,NaN,270,0,NaN,NaN,4,NaN,NaN,NaN,NaN,NaN,NaN,264,97.77777778
NaN,NaN,NaN,NaN,NaN,270,0,NaN,NaN,4,NaN,NaN,NaN,NaN,NaN,NaN,264,97.77777778
NaN,NaN,NaN,NaN,NaN,270,0,NaN,NaN,2,NaN,NaN,NaN,NaN,NaN,NaN,264,97.77777778
NaN,NaN,NaN,NaN,NaN,270,0,NaN,NaN,3,NaN,NaN,NaN,NaN,NaN,NaN,261,96.66666667
NaN,NaN,NaN,NaN,NaN,270,0,NaN,NaN,3,NaN,NaN,NaN,NaN,NaN,NaN,265,98.14814815
NaN,NaN,NaN,NaN,NaN,270,0,NaN,NaN,3,NaN,NaN,NaN,NaN,NaN,NaN,265,98.14814815
NaN,NaN,NaN,NaN,NaN,270,0,NaN,NaN,5,NaN,NaN,NaN,NaN,NaN,NaN,244,90.37037037
NaN,NaN,NaN,NaN,NaN,270,0,NaN,NaN,5,NaN,NaN,NaN,NaN,NaN,NaN,251,92.96296296
NaN,NaN,NaN,NaN,NaN,270,0,NaN,NaN,5,NaN,NaN,NaN,NaN,NaN,NaN,247,91.48148148
NaN,NaN,NaN,NaN,NaN,270,0,NaN,NaN,3,NaN,NaN,NaN,NaN,NaN,NaN,262,97.03703704
NaN,NaN,NaN,NaN,NaN,270,0,NaN,NaN,4,NaN,NaN,NaN,NaN,NaN,NaN,260,96.2962963
NaN,NaN,NaN,NaN,NaN,270,0,NaN,NaN,5,NaN,NaN,NaN,NaN,NaN,NaN,241,89.25925926
NaN,NaN,NaN,NaN,NaN,270,0,NaN,NaN,4,NaN,NaN,NaN,NaN,NaN,NaN,264,97.77777778
NaN,NaN,NaN,NaN,NaN,270,0,NaN,NaN,5,NaN,NaN,NaN,NaN,NaN,NaN,242,89.62962963
NaN,NaN,NaN,NaN,NaN,270,0,NaN,NaN,4,NaN,NaN,NaN,NaN,NaN,NaN,264,97.77777778
NaN,NaN,NaN,NaN,NaN,270,0,NaN,NaN,5,NaN,NaN,NaN,NaN,NaN,NaN,265,98.14814815
NaN,NaN,NaN,NaN,NaN,270,0,NaN,NaN,5,NaN,NaN,NaN,NaN,NaN,NaN,265,98.14814815
NaN,NaN,NaN,NaN,NaN,270,0,NaN,NaN,4,NaN,NaN,NaN,NaN,NaN,NaN,260,96.2962963
NaN,NaN,NaN,NaN,NaN,270,0,NaN,NaN,5,NaN,NaN,NaN,NaN,NaN,NaN,247,91.48148148
NaN,NaN,NaN,NaN,NaN,270,0,NaN,NaN,5,NaN,NaN,NaN,NaN,NaN,NaN,253,93.7037037
NaN,NaN,NaN,NaN,NaN,270,0,NaN,NaN,4,NaN,NaN,NaN,NaN,NaN,NaN,250,92.59259259
NaN,NaN,NaN,NaN,NaN,270,0,NaN,NaN,4,NaN,NaN,NaN,NaN,NaN,NaN,263,97.40740741
NaN,NaN,NaN,NaN,NaN,270,0,NaN,NaN,3,NaN,NaN,NaN,NaN,NaN,NaN,265,98.14814815
NaN,NaN,NaN,NaN,NaN,270,0,NaN,NaN,3,NaN,NaN,NaN,NaN,NaN,NaN,262,97.03703704
NaN,NaN,NaN,NaN,NaN,270,0,NaN,NaN,4,NaN,NaN,NaN,NaN,NaN,NaN,209,77.40740741
NaN,NaN,NaN,NaN,NaN,270,0,NaN,NaN,5,NaN,NaN,NaN,NaN,NaN,NaN,234,86.66666667
NaN,NaN,NaN,NaN,NaN,270,0,NaN,NaN,5,NaN,NaN,NaN,NaN,NaN,NaN,257,95.18518519
NaN,NaN,NaN,NaN,NaN,270,0,NaN,NaN,4,NaN,NaN,NaN,NaN,NaN,NaN,237,87.77777778
NaN,NaN,NaN,NaN,NaN,270,0,NaN,NaN,4,NaN,NaN,NaN,NaN,NaN,NaN,253,93.7037037
NaN,NaN,NaN,NaN,NaN,270,0,NaN,NaN,4,NaN,NaN,NaN,NaN,NaN,NaN,264,97.77777778
NaN,NaN,NaN,NaN,NaN,270,0,NaN,NaN,1,NaN,NaN,NaN,NaN,NaN,NaN,263,97.40740741
NaN,NaN,NaN,NaN,NaN,270,0,NaN,NaN,1,NaN,NaN,NaN,NaN,NaN,NaN,264,97.77777778
NaN,NaN,NaN,NaN,NaN,270,0,NaN,NaN,3,NaN,NaN,NaN,NaN,NaN,NaN,265,98.14814815
NaN,NaN,NaN,NaN,NaN,270,0,NaN,NaN,2,NaN,NaN,NaN,NaN,NaN,NaN,264,97.77777778
NaN,NaN,NaN,NaN,NaN,270,0,NaN,NaN,2,NaN,NaN,NaN,NaN,NaN,NaN,264,97.77777778
NaN,NaN,NaN,NaN,NaN,270,0,NaN,NaN,3,NaN,NaN,NaN,NaN,NaN,NaN,264,97.77777778
NaN,NaN,NaN,NaN,NaN,270,0,NaN,NaN,3,NaN,NaN,NaN,NaN,NaN,NaN,263,97.40740741
NaN,NaN,NaN,NaN,NaN,270,0,NaN,NaN,4,NaN,NaN,NaN,NaN,NaN,NaN,264,97.77777778
NaN,NaN,NaN,NaN,NaN,270,0,NaN,NaN,1,NaN,NaN,NaN,NaN,NaN,NaN,264,97.77777778
NaN,NaN,NaN,NaN,NaN,270,0,NaN,NaN,2,NaN,NaN,NaN,NaN,NaN,NaN,265,98.14814815
NaN,NaN,NaN,NaN,NaN,270,0,NaN,NaN,2,NaN,NaN,NaN,NaN,NaN,NaN,260,96.2962963
NaN,NaN,NaN,NaN,NaN,270,0,NaN,NaN,3,NaN,NaN,NaN,NaN,NaN,NaN,265,98.14814815
NaN,NaN,NaN,NaN,NaN,270,0,NaN,NaN,4,NaN,NaN,NaN,NaN,NaN,NaN,262,97.03703704
NaN,NaN,NaN,NaN,NaN,270,0,NaN,NaN,4,NaN,NaN,NaN,NaN,NaN,NaN,265,98.14814815
NaN,NaN,NaN,NaN,NaN,270,0,NaN,NaN,4,NaN,NaN,NaN,NaN,NaN,NaN,263,97.40740741
NaN,NaN,NaN,NaN,NaN,270,0,NaN,NaN,1,NaN,NaN,NaN,NaN,NaN,NaN,265,98.14814815
NaN,NaN,NaN,NaN,NaN,270,0,NaN,NaN,3,NaN,NaN,NaN,NaN,NaN,NaN,265,98.14814815
NaN,NaN,NaN,NaN,NaN,270,0,NaN,NaN,3,NaN,NaN,NaN,NaN,NaN,NaN,263,97.40740741
NaN,NaN,NaN,NaN,NaN,270,0,NaN,NaN,3,NaN,NaN,NaN,NaN,NaN,NaN,264,97.77777778
NaN,NaN,NaN,NaN,NaN,270,0,NaN,NaN,4,NaN,NaN,NaN,NaN,NaN,NaN,255,94.44444444
NaN,NaN,NaN,NaN,NaN,270,0,NaN,NaN,3,NaN,NaN,NaN,NaN,NaN,NaN,264,97.77777778
NaN,NaN,NaN,NaN,NaN,270,0,NaN,NaN,3,NaN,NaN,NaN,NaN,NaN,NaN,265,98.14814815
NaN,NaN,NaN,NaN,NaN,270,0,NaN,NaN,2,NaN,NaN,NaN,NaN,NaN,NaN,265,98.14814815
NaN,NaN,NaN,NaN,NaN,270,0,NaN,NaN,1,NaN,NaN,NaN,NaN,NaN,NaN,265,98.14814815
NaN,NaN,NaN,NaN,NaN,270,0,NaN,NaN,1,NaN,NaN,NaN,NaN,NaN,NaN,259,95.92592593
NaN,NaN,NaN,NaN,NaN,270,0,NaN,NaN,2,NaN,NaN,NaN,NaN,NaN,NaN,264,97.77777778
NaN,NaN,NaN,NaN,NaN,270,0,NaN,NaN,2,NaN,NaN,NaN,NaN,NaN,NaN,257,95.18518519
NaN,NaN,NaN,NaN,NaN,270,0,NaN,NaN,3,NaN,NaN,NaN,NaN,NaN,NaN,257,95.18518519
NaN,NaN,NaN,NaN,NaN,270,0,NaN,NaN,2,NaN,NaN,NaN,NaN,NaN,NaN,262,97.03703704
NaN,NaN,NaN,NaN,NaN,270,0,NaN,NaN,3,NaN,NaN,NaN,NaN,NaN,NaN,248,91.85185185
NaN,NaN,NaN,NaN,NaN,270,0,NaN,NaN,1,NaN,NaN,NaN,NaN,NaN,NaN,260,96.2962963
NaN,NaN,NaN,NaN,NaN,270,0,NaN,NaN,5,NaN,NaN,NaN,NaN,NaN,NaN,264,97.77777778
NaN,NaN,NaN,NaN,NaN,270,0,NaN,NaN,4,NaN,NaN,NaN,NaN,NaN,NaN,258,95.55555556
NaN,NaN,NaN,NaN,NaN,270,0,NaN,NaN,3,NaN,NaN,NaN,NaN,NaN,NaN,264,97.77777778
NaN,NaN,NaN,NaN,NaN,270,0,NaN,NaN,5,NaN,NaN,NaN,NaN,NaN,NaN,265,98.14814815
NaN,NaN,NaN,NaN,NaN,270,0,NaN,NaN,5,NaN,NaN,NaN,NaN,NaN,NaN,262,97.03703704
NaN,NaN,NaN,NaN,NaN,270,0,NaN,NaN,2,NaN,NaN,NaN,NaN,NaN,NaN,263,97.40740741
NaN,NaN,NaN,NaN,NaN,270,0,NaN,NaN,2,NaN,NaN,NaN,NaN,NaN,NaN,253,93.7037037
NaN,NaN,NaN,NaN,NaN,270,0,NaN,NaN,3,NaN,NaN,NaN,NaN,NaN,NaN,265,98.14814815
NaN,NaN,NaN,NaN,NaN,270,0,NaN,NaN,2,NaN,NaN,NaN,NaN,NaN,NaN,264,97.77777778
NaN,NaN,NaN,NaN,NaN,270,0,NaN,NaN,5,NaN,NaN,NaN,NaN,NaN,NaN,264,97.77777778
NaN,NaN,NaN,NaN,NaN,270,0,NaN,NaN,5,NaN,NaN,NaN,NaN,NaN,NaN,264,97.77777778
NaN,NaN,NaN,NaN,NaN,270,0,NaN,NaN,5,NaN,NaN,NaN,NaN,NaN,NaN,265,98.14814815
NaN,NaN,NaN,NaN,NaN,270,0,NaN,NaN,4,NaN,NaN,NaN,NaN,NaN,NaN,265,98.14814815
NaN,NaN,NaN,NaN,NaN,270,0,NaN,NaN,5,NaN,NaN,NaN,NaN,NaN,NaN,263,97.40740741
NaN,NaN,NaN,NaN,NaN,270,0,NaN,NaN,5,NaN,NaN,NaN,NaN,NaN,NaN,264,97.77777778
NaN,NaN,NaN,NaN,NaN,270,0,NaN,NaN,5,NaN,NaN,NaN,NaN,NaN,NaN,264,97.77777778
NaN,NaN,NaN,NaN,NaN,270,0,NaN,NaN,5,NaN,NaN,NaN,NaN,NaN,NaN,264,97.77777778
NaN,NaN,NaN,NaN,NaN,270,0,NaN,NaN,2,NaN,NaN,NaN,NaN,NaN,NaN,265,98.14814815
NaN,NaN,NaN,NaN,NaN,270,0,NaN,NaN,3,NaN,NaN,NaN,NaN,NaN,NaN,263,97.40740741
NaN,NaN,NaN,NaN,NaN,270,0,NaN,NaN,4,NaN,NaN,NaN,NaN,NaN,NaN,246,91.11111111
NaN,NaN,NaN,NaN,NaN,270,0,NaN,NaN,5,NaN,NaN,NaN,NaN,NaN,NaN,265,98.14814815
NaN,NaN,NaN,NaN,NaN,270,0,NaN,NaN,4,NaN,NaN,NaN,NaN,NaN,NaN,264,97.77777778
NaN,NaN,NaN,NaN,NaN,270,0,NaN,NaN,4,NaN,NaN,NaN,NaN,NaN,NaN,260,96.2962963
NaN,NaN,NaN,NaN,NaN,270,0,NaN,NaN,5,NaN,NaN,NaN,NaN,NaN,NaN,265,98.14814815
NaN,NaN,NaN,NaN,NaN,270,0,NaN,NaN,4,NaN,NaN,NaN,NaN,NaN,NaN,265,98.14814815
NaN,NaN,NaN,NaN,NaN,270,0,NaN,NaN,4,NaN,NaN,NaN,NaN,NaN,NaN,235,87.03703704
NaN,NaN,NaN,NaN,NaN,270,0,NaN,NaN,3,NaN,NaN,NaN,NaN,NaN,NaN,262,97.03703704
NaN,NaN,NaN,NaN,NaN,270,0,NaN,NaN,3,NaN,NaN,NaN,NaN,NaN,NaN,260,96.2962963
NaN,NaN,NaN,NaN,NaN,270,0,NaN,NaN,4,NaN,NaN,NaN,NaN,NaN,NaN,243,90
NaN,NaN,NaN,NaN,NaN,270,0,NaN,NaN,5,NaN,NaN,NaN,NaN,NaN,NaN,258,95.55555556
NaN,NaN,NaN,NaN,NaN,270,0,NaN,NaN,5,NaN,NaN,NaN,NaN,NaN,NaN,225,83.33333333
NaN,NaN,NaN,NaN,NaN,270,0,NaN,NaN,2,NaN,NaN,NaN,NaN,NaN,NaN,255,94.44444444
NaN,NaN,NaN,NaN,NaN,270,0,NaN,NaN,3,NaN,NaN,NaN,NaN,NaN,NaN,247,91.48148148
NaN,NaN,NaN,NaN,NaN,270,0,NaN,NaN,5,NaN,NaN,NaN,NaN,NaN,NaN,251,92.96296296
NaN,NaN,NaN,NaN,NaN,270,0,NaN,NaN,4,NaN,NaN,NaN,NaN,NaN,NaN,262,97.03703704
NaN,NaN,NaN,NaN,NaN,270,0,NaN,NaN,4,NaN,NaN,NaN,NaN,NaN,NaN,236,87.40740741
NaN,NaN,NaN,NaN,NaN,270,0,NaN,NaN,3,NaN,NaN,NaN,NaN,NaN,NaN,251,92.96296296
NaN,NaN,NaN,NaN,NaN,270,0,NaN,NaN,2,NaN,NaN,NaN,NaN,NaN,NaN,216,80
NaN,NaN,NaN,NaN,NaN,270,0,NaN,NaN,2,NaN,NaN,NaN,NaN,NaN,NaN,262,97.03703704
NaN,NaN,NaN,NaN,NaN,270,0,NaN,NaN,2,NaN,NaN,NaN,NaN,NaN,NaN,265,98.14814815
NaN,NaN,NaN,NaN,NaN,270,0,NaN,NaN,3,NaN,NaN,NaN,NaN,NaN,NaN,250,92.59259259
NaN,NaN,NaN,NaN,NaN,270,0,NaN,NaN,5,NaN,NaN,NaN,NaN,NaN,NaN,262,97.03703704
NaN,NaN,NaN,NaN,NaN,270,0,NaN,NaN,3,NaN,NaN,NaN,NaN,NaN,NaN,242,89.62962963
NaN,NaN,NaN,NaN,NaN,270,0,NaN,NaN,2,NaN,NaN,NaN,NaN,NaN,NaN,242,89.62962963
NaN,NaN,NaN,NaN,NaN,270,0,NaN,NaN,2,NaN,NaN,NaN,NaN,NaN,NaN,217,80.37037037
NaN,NaN,NaN,NaN,NaN,270,0,NaN,NaN,2,NaN,NaN,NaN,NaN,NaN,NaN,260,96.2962963
NaN,NaN,NaN,NaN,NaN,270,0,NaN,NaN,2,NaN,NaN,NaN,NaN,NaN,NaN,264,97.77777778
NaN,NaN,NaN,NaN,NaN,270,0,NaN,NaN,4,NaN,NaN,NaN,NaN,NaN,NaN,240,88.88888889
NaN,NaN,NaN,NaN,NaN,270,0,NaN,NaN,5,NaN,NaN,NaN,NaN,NaN,NaN,248,91.85185185
NaN,NaN,NaN,NaN,NaN,270,0,NaN,NaN,3,NaN,NaN,NaN,NaN,NaN,NaN,246,91.11111111
NaN,NaN,NaN,NaN,NaN,270,0,NaN,NaN,3,NaN,NaN,NaN,NaN,NaN,NaN,239,88.51851852
NaN,NaN,NaN,NaN,NaN,270,0,NaN,NaN,2,NaN,NaN,NaN,NaN,NaN,NaN,227,84.07407407
NaN,NaN,NaN,NaN,NaN,270,0,NaN,NaN,2,NaN,NaN,NaN,NaN,NaN,NaN,253,93.7037037
NaN,NaN,NaN,NaN,NaN,270,0,NaN,NaN,1,NaN,NaN,NaN,NaN,NaN,NaN,263,97.40740741
NaN,NaN,NaN,NaN,NaN,270,0,NaN,NaN,1,NaN,NaN,NaN,NaN,NaN,NaN,264,97.77777778
NaN,NaN,NaN,NaN,NaN,270,0,NaN,NaN,2,NaN,NaN,NaN,NaN,NaN,NaN,264,97.77777778
NaN,NaN,NaN,NaN,NaN,270,0,NaN,NaN,1,NaN,NaN,NaN,NaN,NaN,NaN,265,98.14814815
NaN,NaN,NaN,NaN,NaN,270,0,NaN,NaN,2,NaN,NaN,NaN,NaN,NaN,NaN,265,98.14814815
NaN,NaN,NaN,NaN,NaN,270,0,NaN,NaN,3,NaN,NaN,NaN,NaN,NaN,NaN,264,97.77777778
NaN,NaN,NaN,NaN,NaN,270,0,NaN,NaN,2,NaN,NaN,NaN,NaN,NaN,NaN,265,98.14814815
NaN,NaN,NaN,NaN,NaN,270,0,NaN,NaN,2,NaN,NaN,NaN,NaN,NaN,NaN,263,97.40740741
NaN,NaN,NaN,NaN,NaN,270,0,NaN,NaN,2,NaN,NaN,NaN,NaN,NaN,NaN,262,97.03703704
NaN,NaN,NaN,NaN,NaN,270,0,NaN,NaN,2,NaN,NaN,NaN,NaN,NaN,NaN,265,98.14814815
NaN,NaN,NaN,NaN,NaN,270,0,NaN,NaN,1,NaN,NaN,NaN,NaN,NaN,NaN,265,98.14814815
NaN,NaN,NaN,NaN,NaN,270,0,NaN,NaN,1,NaN,NaN,NaN,NaN,NaN,NaN,263,97.40740741
NaN,NaN,NaN,NaN,NaN,270,0,NaN,NaN,1,NaN,NaN,NaN,NaN,NaN,NaN,264,97.77777778
NaN,NaN,NaN,NaN,NaN,270,0,NaN,NaN,5,NaN,NaN,NaN,NaN,NaN,NaN,264,97.77777778
NaN,NaN,NaN,NaN,NaN,270,0,NaN,NaN,3,NaN,NaN,NaN,NaN,NaN,NaN,263,97.40740741
NaN,NaN,NaN,NaN,NaN,270,0,NaN,NaN,2,NaN,NaN,NaN,NaN,NaN,NaN,261,96.66666667
NaN,NaN,NaN,NaN,NaN,270,0,NaN,NaN,3,NaN,NaN,NaN,NaN,NaN,NaN,263,97.40740741
NaN,NaN,NaN,NaN,NaN,270,0,NaN,NaN,3,NaN,NaN,NaN,NaN,NaN,NaN,258,95.55555556
NaN,NaN,NaN,NaN,NaN,270,0,NaN,NaN,2,NaN,NaN,NaN,NaN,NaN,NaN,263,97.40740741
NaN,NaN,NaN,NaN,NaN,270,0,NaN,NaN,2,NaN,NaN,NaN,NaN,NaN,NaN,262,97.03703704
NaN,NaN,NaN,NaN,NaN,270,0,NaN,NaN,2,NaN,NaN,NaN,NaN,NaN,NaN,262,97.03703704
NaN,NaN,NaN,NaN,NaN,270,0,NaN,NaN,2,NaN,NaN,NaN,NaN,NaN,NaN,257,95.18518519
NaN,NaN,NaN,NaN,NaN,270,0,NaN,NaN,2,NaN,NaN,NaN,NaN,NaN,NaN,262,97.03703704
NaN,NaN,NaN,NaN,NaN,270,0,NaN,NaN,2,NaN,NaN,NaN,NaN,NaN,NaN,264,97.77777778
NaN,NaN,NaN,NaN,NaN,270,0,NaN,NaN,3,NaN,NaN,NaN,NaN,NaN,NaN,264,97.77777778
NaN,NaN,NaN,NaN,NaN,270,0,NaN,NaN,3,NaN,NaN,NaN,NaN,NaN,NaN,264,97.77777778
NaN,NaN,NaN,NaN,NaN,270,0,NaN,NaN,2,NaN,NaN,NaN,NaN,NaN,NaN,260,96.2962963
NaN,NaN,NaN,NaN,NaN,270,0,NaN,NaN,3,NaN,NaN,NaN,NaN,NaN,NaN,258,95.55555556
NaN,NaN,NaN,NaN,NaN,270,0,NaN,NaN,3,NaN,NaN,NaN,NaN,NaN,NaN,262,97.03703704
NaN,NaN,NaN,NaN,NaN,270,0,NaN,NaN,3,NaN,NaN,NaN,NaN,NaN,NaN,260,96.2962963
NaN,NaN,NaN,NaN,NaN,270,0,NaN,NaN,4,NaN,NaN,NaN,NaN,NaN,NaN,235,87.03703704
NaN,NaN,NaN,NaN,NaN,270,0,NaN,NaN,3,NaN,NaN,NaN,NaN,NaN,NaN,249,92.22222222
NaN,NaN,NaN,NaN,NaN,270,0,NaN,NaN,5,NaN,NaN,NaN,NaN,NaN,NaN,220,81.48148148
NaN,NaN,NaN,NaN,NaN,270,0,NaN,NaN,5,NaN,NaN,NaN,NaN,NaN,NaN,216,80
NaN,NaN,NaN,NaN,NaN,270,0,NaN,NaN,4,NaN,NaN,NaN,NaN,NaN,NaN,240,88.88888889
NaN,NaN,NaN,NaN,NaN,270,0,NaN,NaN,4,NaN,NaN,NaN,NaN,NaN,NaN,254,94.07407407
NaN,NaN,NaN,NaN,NaN,270,0,NaN,NaN,3,NaN,NaN,NaN,NaN,NaN,NaN,245,90.74074074
NaN,NaN,NaN,NaN,NaN,270,0,NaN,NaN,4,NaN,NaN,NaN,NaN,NaN,NaN,245,90.74074074
NaN,NaN,NaN,NaN,NaN,270,0,NaN,NaN,2,NaN,NaN,NaN,NaN,NaN,NaN,224,82.96296296
NaN,NaN,NaN,NaN,NaN,270,0,NaN,NaN,2,NaN,NaN,NaN,NaN,NaN,NaN,221,81.85185185
NaN,NaN,NaN,NaN,NaN,270,0,NaN,NaN,2,NaN,NaN,NaN,NaN,NaN,NaN,224,82.96296296
NaN,NaN,NaN,NaN,NaN,270,0,NaN,NaN,1,NaN,NaN,NaN,NaN,NaN,NaN,218,80.74074074
NaN,NaN,NaN,NaN,NaN,270,0,NaN,NaN,5,NaN,NaN,NaN,NaN,NaN,NaN,224,82.96296296
NaN,NaN,NaN,NaN,NaN,270,0,NaN,NaN,5,NaN,NaN,NaN,NaN,NaN,NaN,205,75.92592593
NaN,NaN,NaN,NaN,NaN,270,0,NaN,NaN,3,NaN,NaN,NaN,NaN,NaN,NaN,247,91.48148148
NaN,NaN,NaN,NaN,NaN,270,0,NaN,NaN,3,NaN,NaN,NaN,NaN,NaN,NaN,263,97.40740741
NaN,NaN,NaN,NaN,NaN,270,0,NaN,NaN,2,NaN,NaN,NaN,NaN,NaN,NaN,254,94.07407407
NaN,NaN,NaN,NaN,NaN,270,0,NaN,NaN,4,NaN,NaN,NaN,NaN,NaN,NaN,244,90.37037037
NaN,NaN,NaN,NaN,NaN,270,0,NaN,NaN,1,NaN,NaN,NaN,NaN,NaN,NaN,260,96.2962963
NaN,NaN,NaN,NaN,NaN,270,0,NaN,NaN,2,NaN,NaN,NaN,NaN,NaN,NaN,262,97.03703704
NaN,NaN,NaN,NaN,NaN,270,0,NaN,NaN,3,NaN,NaN,NaN,NaN,NaN,NaN,264,97.77777778
NaN,NaN,NaN,NaN,NaN,270,0,NaN,NaN,4,NaN,NaN,NaN,NaN,NaN,NaN,203,75.18518519
NaN,NaN,NaN,NaN,NaN,270,0,NaN,NaN,5,NaN,NaN,NaN,NaN,NaN,NaN,218,80.74074074
NaN,NaN,NaN,NaN,NaN,270,0,NaN,NaN,2,NaN,NaN,NaN,NaN,NaN,NaN,258,95.55555556
NaN,NaN,NaN,NaN,NaN,270,0,NaN,NaN,2,NaN,NaN,NaN,NaN,NaN,NaN,252,93.33333333
NaN,NaN,NaN,NaN,NaN,270,0,NaN,NaN,2,NaN,NaN,NaN,NaN,NaN,NaN,260,96.2962963
NaN,NaN,NaN,NaN,NaN,270,0,NaN,NaN,2,NaN,NaN,NaN,NaN,NaN,NaN,240,88.88888889
NaN,NaN,NaN,NaN,NaN,270,0,NaN,NaN,2,NaN,NaN,NaN,NaN,NaN,NaN,264,97.77777778
NaN,NaN,NaN,NaN,NaN,270,0,NaN,NaN,2,NaN,NaN,NaN,NaN,NaN,NaN,264,97.77777778
NaN,NaN,NaN,NaN,NaN,270,0,NaN,NaN,2,NaN,NaN,NaN,NaN,NaN,NaN,260,96.2962963
NaN,NaN,NaN,NaN,NaN,270,0,NaN,NaN,2,NaN,NaN,NaN,NaN,NaN,NaN,249,92.22222222
NaN,NaN,NaN,NaN,NaN,270,0,NaN,NaN,3,NaN,NaN,NaN,NaN,NaN,NaN,232,85.92592593
NaN,NaN,NaN,NaN,NaN,270,0,NaN,NaN,3,NaN,NaN,NaN,NaN,NaN,NaN,201,74.44444444
NaN,NaN,NaN,NaN,NaN,270,0,NaN,NaN,3,NaN,NaN,NaN,NaN,NaN,NaN,225,83.33333333
NaN,NaN,NaN,NaN,NaN,270,0,NaN,NaN,NaN,3,NaN,NaN,NaN,NaN,NaN,264,97.77777778
NaN,NaN,NaN,NaN,NaN,270,0,NaN,NaN,NaN,3,NaN,NaN,NaN,NaN,NaN,251,92.96296296
NaN,NaN,NaN,NaN,NaN,270,0,NaN,NaN,NaN,3,NaN,NaN,NaN,NaN,NaN,206,76.2962963
NaN,NaN,NaN,NaN,NaN,270,0,NaN,NaN,NaN,3,NaN,NaN,NaN,NaN,NaN,255,94.44444444
NaN,NaN,NaN,NaN,NaN,270,0,NaN,NaN,NaN,3,NaN,NaN,NaN,NaN,NaN,189,70
NaN,NaN,NaN,NaN,NaN,270,0,NaN,NaN,NaN,3,NaN,NaN,NaN,NaN,NaN,188,69.62962963
NaN,NaN,NaN,NaN,NaN,270,0,NaN,NaN,NaN,3,NaN,NaN,NaN,NaN,NaN,156,57.77777778
NaN,NaN,NaN,NaN,NaN,270,0,NaN,NaN,2,NaN,NaN,NaN,NaN,NaN,NaN,264,97.77777778
NaN,NaN,NaN,NaN,NaN,270,0,NaN,NaN,2,NaN,NaN,NaN,NaN,NaN,NaN,264,97.77777778
NaN,NaN,NaN,NaN,NaN,270,0,NaN,NaN,2,NaN,NaN,NaN,NaN,NaN,NaN,265,98.14814815
NaN,NaN,NaN,NaN,NaN,270,0,NaN,NaN,2,NaN,NaN,NaN,NaN,NaN,NaN,216,80
NaN,NaN,NaN,NaN,NaN,270,0,NaN,NaN,3,NaN,NaN,NaN,NaN,NaN,NaN,260,96.2962963
NaN,NaN,NaN,NaN,NaN,270,0,NaN,NaN,3,NaN,NaN,NaN,NaN,NaN,NaN,214,79.25925926
NaN,NaN,NaN,NaN,NaN,270,0,NaN,NaN,3,NaN,NaN,NaN,NaN,NaN,NaN,257,95.18518519
NaN,NaN,NaN,NaN,NaN,270,0,NaN,NaN,3,NaN,NaN,NaN,NaN,NaN,NaN,248,91.85185185
NaN,NaN,NaN,NaN,NaN,270,0,NaN,NaN,3,NaN,NaN,NaN,NaN,NaN,NaN,265,98.14814815
NaN,NaN,NaN,NaN,NaN,270,0,NaN,NaN,3,NaN,NaN,NaN,NaN,NaN,NaN,265,98.14814815
NaN,NaN,NaN,NaN,NaN,270,0,NaN,NaN,3,NaN,NaN,NaN,NaN,NaN,NaN,233,86.2962963
NaN,NaN,NaN,NaN,NaN,270,0,NaN,NaN,3,NaN,NaN,NaN,NaN,NaN,NaN,218,80.74074074
NaN,NaN,NaN,NaN,NaN,270,0,NaN,NaN,3,NaN,NaN,NaN,NaN,NaN,NaN,255,94.44444444
NaN,NaN,NaN,NaN,NaN,270,0,NaN,NaN,3,NaN,NaN,NaN,NaN,NaN,NaN,242,89.62962963
NaN,NaN,NaN,NaN,NaN,270,0,NaN,NaN,3,NaN,NaN,NaN,NaN,NaN,NaN,183,67.77777778
NaN,NaN,NaN,NaN,NaN,270,0,NaN,NaN,3,NaN,NaN,NaN,NaN,NaN,NaN,245,90.74074074
NaN,NaN,NaN,NaN,NaN,270,0,NaN,NaN,2,NaN,NaN,NaN,NaN,NaN,NaN,249,92.22222222
NaN,NaN,NaN,NaN,NaN,270,0,NaN,NaN,2,NaN,NaN,NaN,NaN,NaN,NaN,251,92.96296296
NaN,NaN,NaN,NaN,NaN,270,0,NaN,NaN,2,NaN,NaN,NaN,NaN,NaN,NaN,240,88.88888889
NaN,NaN,NaN,NaN,NaN,270,0,NaN,NaN,2,NaN,NaN,NaN,NaN,NaN,NaN,220,81.48148148
NaN,NaN,NaN,NaN,NaN,270,0,NaN,NaN,2,NaN,NaN,NaN,NaN,NaN,NaN,153,56.66666667
NaN,NaN,NaN,NaN,NaN,270,0,NaN,NaN,3,NaN,NaN,NaN,NaN,NaN,NaN,163,60.37037037
NaN,NaN,NaN,NaN,NaN,270,0,NaN,NaN,2,NaN,NaN,NaN,NaN,NaN,NaN,201,74.44444444
NaN,NaN,NaN,NaN,NaN,270,0,NaN,NaN,2,NaN,NaN,NaN,NaN,NaN,NaN,172,63.7037037
NaN,NaN,NaN,NaN,NaN,270,0,NaN,NaN,2,NaN,NaN,NaN,NaN,NaN,NaN,203,75.18518519
NaN,NaN,NaN,NaN,NaN,270,0,NaN,NaN,2,NaN,NaN,NaN,NaN,NaN,NaN,218,80.74074074
NaN,NaN,NaN,NaN,NaN,270,0,NaN,NaN,1,NaN,NaN,NaN,NaN,NaN,NaN,257,95.18518519
NaN,NaN,NaN,NaN,NaN,270,0,NaN,NaN,2,NaN,NaN,NaN,NaN,NaN,NaN,175,64.81481481
NaN,NaN,NaN,NaN,NaN,270,0,NaN,NaN,2,NaN,NaN,NaN,NaN,NaN,NaN,214,79.25925926
NaN,NaN,NaN,NaN,NaN,270,0,NaN,NaN,1,NaN,NaN,NaN,NaN,NaN,NaN,265,98.14814815
NaN,NaN,NaN,NaN,NaN,270,0,NaN,NaN,1,NaN,NaN,NaN,NaN,NaN,NaN,261,96.66666667
NaN,NaN,NaN,NaN,NaN,270,0,NaN,NaN,1,NaN,NaN,NaN,NaN,NaN,NaN,248,91.85185185
NaN,NaN,NaN,NaN,NaN,270,0,NaN,NaN,1,NaN,NaN,NaN,NaN,NaN,NaN,236,87.40740741
NaN,NaN,NaN,NaN,NaN,270,0,NaN,NaN,1,NaN,NaN,NaN,NaN,NaN,NaN,260,96.2962963
NaN,NaN,NaN,NaN,NaN,270,0,NaN,NaN,1,NaN,NaN,NaN,NaN,NaN,NaN,233,86.2962963
NaN,NaN,NaN,NaN,NaN,270,0,NaN,NaN,2,NaN,NaN,NaN,NaN,NaN,NaN,216,80
NaN,NaN,NaN,NaN,NaN,270,0,NaN,NaN,1,NaN,NaN,NaN,NaN,NaN,NaN,264,97.77777778
NaN,NaN,NaN,NaN,NaN,270,0,NaN,NaN,1,NaN,NaN,NaN,NaN,NaN,NaN,265,98.14814815
NaN,NaN,NaN,NaN,NaN,270,0,NaN,NaN,1,NaN,NaN,NaN,NaN,NaN,NaN,264,97.77777778
NaN,NaN,NaN,NaN,NaN,270,0,NaN,NaN,1,NaN,NaN,NaN,NaN,NaN,NaN,258,95.55555556
NaN,NaN,NaN,NaN,NaN,270,0,NaN,NaN,3,NaN,NaN,NaN,NaN,NaN,NaN,264,97.77777778
NaN,NaN,NaN,NaN,NaN,270,0,NaN,NaN,4,NaN,NaN,NaN,NaN,NaN,NaN,265,98.14814815
NaN,NaN,NaN,NaN,NaN,270,0,NaN,NaN,3,NaN,NaN,NaN,NaN,NaN,NaN,265,98.14814815
NaN,NaN,NaN,NaN,NaN,270,0,NaN,NaN,3,NaN,NaN,NaN,NaN,NaN,NaN,262,97.03703704
NaN,NaN,NaN,NaN,NaN,270,0,NaN,NaN,3,NaN,NaN,NaN,NaN,NaN,NaN,265,98.14814815
NaN,NaN,NaN,NaN,NaN,270,0,NaN,NaN,3,NaN,NaN,NaN,NaN,NaN,NaN,265,98.14814815
NaN,NaN,NaN,NaN,NaN,270,0,NaN,NaN,3,NaN,NaN,NaN,NaN,NaN,NaN,258,95.55555556
NaN,NaN,NaN,NaN,NaN,270,0,NaN,NaN,3,NaN,NaN,NaN,NaN,NaN,NaN,260,96.2962963
NaN,NaN,NaN,NaN,NaN,270,0,NaN,NaN,3,NaN,NaN,NaN,NaN,NaN,NaN,265,98.14814815
NaN,NaN,NaN,NaN,NaN,270,0,NaN,NaN,3,NaN,NaN,NaN,NaN,NaN,NaN,264,97.77777778
NaN,NaN,NaN,NaN,NaN,270,0,NaN,NaN,4,NaN,NaN,NaN,NaN,NaN,NaN,264,97.77777778
NaN,NaN,NaN,NaN,NaN,270,0,NaN,NaN,4,NaN,NaN,NaN,NaN,NaN,NaN,256,94.81481481
NaN,NaN,NaN,NaN,NaN,270,0,NaN,NaN,4,NaN,NaN,NaN,NaN,NaN,NaN,265,98.14814815
NaN,NaN,NaN,NaN,NaN,270,0,NaN,NaN,3,NaN,NaN,NaN,NaN,NaN,NaN,264,97.77777778
NaN,NaN,NaN,NaN,NaN,270,0,NaN,NaN,3,NaN,NaN,NaN,NaN,NaN,NaN,264,97.77777778
NaN,NaN,NaN,NaN,NaN,270,0,NaN,NaN,4,NaN,NaN,NaN,NaN,NaN,NaN,263,97.40740741
NaN,NaN,NaN,NaN,NaN,270,0,NaN,NaN,4,NaN,NaN,NaN,NaN,NaN,NaN,265,98.14814815
NaN,NaN,NaN,NaN,NaN,270,0,NaN,NaN,4,NaN,NaN,NaN,NaN,NaN,NaN,262,97.03703704
NaN,NaN,NaN,NaN,NaN,270,0,NaN,NaN,2,NaN,NaN,NaN,NaN,NaN,NaN,265,98.14814815
NaN,NaN,NaN,NaN,NaN,270,0,NaN,NaN,5,NaN,NaN,NaN,NaN,NaN,NaN,256,94.81481481
NaN,NaN,NaN,NaN,NaN,270,0,NaN,NaN,4,NaN,NaN,NaN,NaN,NaN,NaN,248,91.85185185
NaN,NaN,NaN,NaN,NaN,270,0,NaN,NaN,NaN,NaN,NaN,NaN,NaN,NaN,NaN,254,94.07407407
NaN,NaN,NaN,NaN,NaN,270,0,NaN,NaN,NaN,NaN,NaN,NaN,NaN,NaN,NaN,265,98.14814815
NaN,NaN,NaN,NaN,NaN,270,0,NaN,NaN,4,NaN,NaN,NaN,NaN,NaN,NaN,259,95.92592593
NaN,NaN,NaN,NaN,NaN,270,0,NaN,NaN,4,NaN,NaN,NaN,NaN,NaN,NaN,263,97.40740741
NaN,NaN,NaN,NaN,NaN,270,0,NaN,NaN,3,NaN,NaN,NaN,NaN,NaN,NaN,246,91.11111111
NaN,NaN,NaN,NaN,NaN,270,0,NaN,NaN,5,NaN,NaN,NaN,NaN,NaN,NaN,256,94.81481481
NaN,NaN,NaN,NaN,NaN,270,0,NaN,NaN,5,NaN,NaN,NaN,NaN,NaN,NaN,244,90.37037037
NaN,NaN,NaN,NaN,NaN,270,0,NaN,NaN,5,NaN,NaN,NaN,NaN,NaN,NaN,218,80.74074074
NaN,NaN,NaN,NaN,NaN,270,0,NaN,NaN,3,NaN,NaN,NaN,NaN,NaN,NaN,230,85.18518519
NaN,NaN,NaN,NaN,NaN,270,0,NaN,NaN,5,NaN,NaN,NaN,NaN,NaN,NaN,222,82.22222222
NaN,NaN,NaN,NaN,NaN,270,0,NaN,NaN,5,NaN,NaN,NaN,NaN,NaN,NaN,243,90
NaN,NaN,NaN,NaN,NaN,270,0,NaN,NaN,5,NaN,NaN,NaN,NaN,NaN,NaN,240,88.88888889
NaN,NaN,NaN,NaN,NaN,270,0,NaN,NaN,3,NaN,NaN,NaN,NaN,NaN,NaN,251,92.96296296
NaN,NaN,NaN,NaN,NaN,270,0,NaN,NaN,4,NaN,NaN,NaN,NaN,NaN,NaN,265,98.14814815
NaN,NaN,NaN,NaN,NaN,270,0,NaN,NaN,4,NaN,NaN,NaN,NaN,NaN,NaN,221,81.85185185
NaN,NaN,NaN,NaN,NaN,270,0,NaN,NaN,5,NaN,NaN,NaN,NaN,NaN,NaN,245,90.74074074
NaN,NaN,NaN,NaN,NaN,270,0,NaN,NaN,4,NaN,NaN,NaN,NaN,NaN,NaN,253,93.7037037
NaN,NaN,NaN,NaN,NaN,270,0,NaN,NaN,4,NaN,NaN,NaN,NaN,NaN,NaN,263,97.40740741
NaN,NaN,NaN,NaN,NaN,270,0,NaN,NaN,5,NaN,NaN,NaN,NaN,NaN,NaN,262,97.03703704
NaN,NaN,NaN,NaN,NaN,270,0,NaN,NaN,4,NaN,NaN,NaN,NaN,NaN,NaN,263,97.40740741
NaN,NaN,NaN,NaN,NaN,270,0,NaN,NaN,4,NaN,NaN,NaN,NaN,NaN,NaN,262,97.03703704
NaN,NaN,NaN,NaN,NaN,270,0,NaN,NaN,2,NaN,NaN,NaN,NaN,NaN,NaN,265,98.14814815
NaN,NaN,NaN,NaN,NaN,270,0,NaN,NaN,4,NaN,NaN,NaN,NaN,NaN,NaN,254,94.07407407
NaN,NaN,NaN,NaN,NaN,270,0,NaN,NaN,5,NaN,NaN,NaN,NaN,NaN,NaN,258,95.55555556
NaN,NaN,NaN,NaN,NaN,270,0,NaN,NaN,5,NaN,NaN,NaN,NaN,NaN,NaN,252,93.33333333
NaN,NaN,NaN,NaN,NaN,270,0,NaN,NaN,5,NaN,NaN,NaN,NaN,NaN,NaN,254,94.07407407
NaN,NaN,NaN,NaN,NaN,270,0,NaN,NaN,4,NaN,NaN,NaN,NaN,NaN,NaN,265,98.14814815
NaN,NaN,NaN,NaN,NaN,270,0,NaN,NaN,2,NaN,NaN,NaN,NaN,NaN,NaN,264,97.77777778
NaN,NaN,NaN,NaN,NaN,270,0,NaN,NaN,1,NaN,NaN,NaN,NaN,NaN,NaN,265,98.14814815
NaN,NaN,NaN,NaN,NaN,270,0,NaN,NaN,2,NaN,NaN,NaN,NaN,NaN,NaN,264,97.77777778
NaN,NaN,NaN,NaN,NaN,270,0,NaN,NaN,3,NaN,NaN,NaN,NaN,NaN,NaN,263,97.40740741
NaN,NaN,NaN,NaN,NaN,270,0,NaN,NaN,4,NaN,NaN,NaN,NaN,NaN,NaN,264,97.77777778
NaN,NaN,NaN,NaN,NaN,270,0,NaN,NaN,2,NaN,NaN,NaN,NaN,NaN,NaN,244,90.37037037
NaN,NaN,NaN,NaN,NaN,270,0,NaN,NaN,2,NaN,NaN,NaN,NaN,NaN,NaN,258,95.55555556
NaN,NaN,NaN,NaN,NaN,270,0,NaN,NaN,2,NaN,NaN,NaN,NaN,NaN,NaN,261,96.66666667
NaN,NaN,NaN,NaN,NaN,270,0,NaN,NaN,1,NaN,NaN,NaN,NaN,NaN,NaN,264,97.77777778
NaN,NaN,NaN,NaN,NaN,270,0,NaN,NaN,2,NaN,NaN,NaN,NaN,NaN,NaN,263,97.40740741
NaN,NaN,NaN,NaN,NaN,270,0,NaN,NaN,2,NaN,NaN,NaN,NaN,NaN,NaN,261,96.66666667
NaN,NaN,NaN,NaN,NaN,270,0,NaN,NaN,3,NaN,NaN,NaN,NaN,NaN,NaN,252,93.33333333
NaN,NaN,NaN,NaN,NaN,270,0,NaN,NaN,4,NaN,NaN,NaN,NaN,NaN,NaN,264,97.77777778
NaN,NaN,NaN,NaN,NaN,270,0,NaN,NaN,5,NaN,NaN,NaN,NaN,NaN,NaN,245,90.74074074
NaN,NaN,NaN,NaN,NaN,270,0,NaN,NaN,5,NaN,NaN,NaN,NaN,NaN,NaN,257,95.18518519
NaN,NaN,NaN,NaN,NaN,270,0,NaN,NaN,5,NaN,NaN,NaN,NaN,NaN,NaN,263,97.40740741
NaN,NaN,NaN,NaN,NaN,270,0,NaN,NaN,3,NaN,NaN,NaN,NaN,NaN,NaN,265,98.14814815
NaN,NaN,NaN,NaN,NaN,270,0,NaN,NaN,5,NaN,NaN,NaN,NaN,NaN,NaN,220,81.48148148
NaN,NaN,NaN,NaN,NaN,270,0,NaN,NaN,2,NaN,NaN,NaN,NaN,NaN,NaN,244,90.37037037
NaN,NaN,NaN,NaN,NaN,270,0,NaN,NaN,1,NaN,NaN,NaN,NaN,NaN,NaN,259,95.92592593
NaN,NaN,NaN,NaN,NaN,270,0,NaN,NaN,2,NaN,NaN,NaN,NaN,NaN,NaN,264,97.77777778
NaN,NaN,NaN,NaN,NaN,270,0,NaN,NaN,3,NaN,NaN,NaN,NaN,NaN,NaN,259,95.92592593
NaN,NaN,NaN,NaN,NaN,270,0,NaN,NaN,5,NaN,NaN,NaN,NaN,NaN,NaN,186,68.88888889
NaN,NaN,NaN,NaN,NaN,270,0,NaN,NaN,1,NaN,NaN,NaN,NaN,NaN,NaN,264,97.77777778
NaN,NaN,NaN,NaN,NaN,270,0,NaN,NaN,3,NaN,NaN,NaN,NaN,NaN,NaN,248,91.85185185
NaN,NaN,NaN,NaN,NaN,270,0,NaN,NaN,3,NaN,NaN,NaN,NaN,NaN,NaN,212,78.51851852
NaN,NaN,NaN,NaN,NaN,270,0,NaN,NaN,3,NaN,NaN,NaN,NaN,NaN,NaN,237,87.77777778
NaN,NaN,NaN,NaN,NaN,270,0,NaN,NaN,5,NaN,NaN,NaN,NaN,NaN,NaN,212,78.51851852
NaN,NaN,NaN,NaN,NaN,270,0,NaN,NaN,4,NaN,NaN,NaN,NaN,NaN,NaN,151,55.92592593
NaN,NaN,NaN,NaN,NaN,270,0,NaN,NaN,2,NaN,NaN,NaN,NaN,NaN,NaN,244,90.37037037
NaN,NaN,NaN,NaN,NaN,270,0,NaN,NaN,2,NaN,NaN,NaN,NaN,NaN,NaN,264,97.77777778
NaN,NaN,NaN,NaN,NaN,270,0,NaN,NaN,2,NaN,NaN,NaN,NaN,NaN,NaN,265,98.14814815
NaN,NaN,NaN,NaN,NaN,270,0,NaN,NaN,2,NaN,NaN,NaN,NaN,NaN,NaN,261,96.66666667
NaN,NaN,NaN,NaN,NaN,270,0,NaN,NaN,5,NaN,NaN,NaN,NaN,NaN,NaN,246,91.11111111
NaN,NaN,NaN,NaN,NaN,270,0,NaN,NaN,5,NaN,NaN,NaN,NaN,NaN,NaN,217,80.37037037
NaN,NaN,NaN,NaN,NaN,270,0,NaN,NaN,3,NaN,NaN,NaN,NaN,NaN,NaN,206,76.2962963
NaN,NaN,NaN,NaN,NaN,270,0,NaN,NaN,2,NaN,NaN,NaN,NaN,NaN,NaN,264,97.77777778
NaN,NaN,NaN,NaN,NaN,270,0,NaN,NaN,3,NaN,NaN,NaN,NaN,NaN,NaN,263,97.40740741
NaN,NaN,NaN,NaN,NaN,270,0,NaN,NaN,5,NaN,NaN,NaN,NaN,NaN,NaN,144,53.33333333
NaN,NaN,NaN,NaN,NaN,270,0,NaN,NaN,4,NaN,NaN,NaN,NaN,NaN,NaN,202,74.81481481
NaN,NaN,NaN,NaN,NaN,270,0,NaN,NaN,1,NaN,NaN,NaN,NaN,NaN,NaN,262,97.03703704
NaN,NaN,NaN,NaN,NaN,270,0,NaN,NaN,1,NaN,NaN,NaN,NaN,NaN,NaN,257,95.18518519
NaN,NaN,NaN,NaN,NaN,270,0,NaN,NaN,1,NaN,NaN,NaN,NaN,NaN,NaN,261,96.66666667
NaN,NaN,NaN,NaN,NaN,270,0,NaN,NaN,3,NaN,NaN,NaN,NaN,NaN,NaN,265,98.14814815
NaN,NaN,NaN,NaN,NaN,270,0,NaN,NaN,3,NaN,NaN,NaN,NaN,NaN,NaN,252,93.33333333
NaN,NaN,NaN,NaN,NaN,270,0,NaN,NaN,3,NaN,NaN,NaN,NaN,NaN,NaN,246,91.11111111
NaN,NaN,NaN,NaN,NaN,270,0,NaN,NaN,4,NaN,NaN,NaN,NaN,NaN,NaN,234,86.66666667
NaN,NaN,NaN,NaN,NaN,270,0,NaN,NaN,2,NaN,NaN,NaN,NaN,NaN,NaN,264,97.77777778
NaN,NaN,NaN,NaN,NaN,270,0,NaN,NaN,1,NaN,NaN,NaN,NaN,NaN,NaN,265,98.14814815
NaN,NaN,NaN,NaN,NaN,270,0,NaN,NaN,1,NaN,NaN,NaN,NaN,NaN,NaN,263,97.40740741
NaN,NaN,NaN,NaN,NaN,270,0,NaN,NaN,2,NaN,NaN,NaN,NaN,NaN,NaN,263,97.40740741
NaN,NaN,NaN,NaN,NaN,270,0,NaN,NaN,4,NaN,NaN,NaN,NaN,NaN,NaN,220,81.48148148
NaN,NaN,NaN,NaN,NaN,270,0,NaN,NaN,2,NaN,NaN,NaN,NaN,NaN,NaN,173,64.07407407
NaN,NaN,NaN,NaN,NaN,270,0,NaN,NaN,1,NaN,NaN,NaN,NaN,NaN,NaN,264,97.77777778
NaN,NaN,NaN,NaN,NaN,270,0,NaN,NaN,1,NaN,NaN,NaN,NaN,NaN,NaN,263,97.40740741
NaN,NaN,NaN,NaN,NaN,270,0,NaN,NaN,2,NaN,NaN,NaN,NaN,NaN,NaN,264,97.77777778
NaN,NaN,NaN,NaN,NaN,270,0,NaN,NaN,1,NaN,NaN,NaN,NaN,NaN,NaN,264,97.77777778
NaN,NaN,NaN,NaN,NaN,270,0,NaN,NaN,1,NaN,NaN,NaN,NaN,NaN,NaN,264,97.77777778
NaN,NaN,NaN,NaN,NaN,270,0,NaN,NaN,1,NaN,NaN,NaN,NaN,NaN,NaN,264,97.77777778
NaN,NaN,NaN,NaN,NaN,270,0,NaN,NaN,2,NaN,NaN,NaN,NaN,NaN,NaN,263,97.40740741
NaN,NaN,NaN,NaN,NaN,270,0,NaN,NaN,2,NaN,NaN,NaN,NaN,NaN,NaN,264,97.77777778
NaN,NaN,NaN,NaN,NaN,270,0,NaN,NaN,2,NaN,NaN,NaN,NaN,NaN,NaN,263,97.40740741
NaN,NaN,NaN,NaN,NaN,270,0,NaN,NaN,2,NaN,NaN,NaN,NaN,NaN,NaN,264,97.77777778
NaN,NaN,NaN,NaN,NaN,270,0,NaN,NaN,2,NaN,NaN,NaN,NaN,NaN,NaN,263,97.40740741
NaN,NaN,NaN,NaN,NaN,270,0,NaN,NaN,2,NaN,NaN,NaN,NaN,NaN,NaN,257,95.18518519
NaN,NaN,NaN,NaN,NaN,270,0,NaN,NaN,3,NaN,NaN,NaN,NaN,NaN,NaN,264,97.77777778
NaN,NaN,NaN,NaN,NaN,270,0,NaN,NaN,1,NaN,NaN,NaN,NaN,NaN,NaN,265,98.14814815
NaN,NaN,NaN,NaN,NaN,270,0,NaN,NaN,1,NaN,NaN,NaN,NaN,NaN,NaN,265,98.14814815
NaN,NaN,NaN,NaN,NaN,270,0,NaN,NaN,2,NaN,NaN,NaN,NaN,NaN,NaN,264,97.77777778
NaN,NaN,NaN,NaN,NaN,270,0,NaN,NaN,3,NaN,NaN,NaN,NaN,NaN,NaN,264,97.77777778
NaN,NaN,NaN,NaN,NaN,270,0,NaN,NaN,2,NaN,NaN,NaN,NaN,NaN,NaN,264,97.77777778
NaN,NaN,NaN,NaN,NaN,270,0,NaN,NaN,2,NaN,NaN,NaN,NaN,NaN,NaN,257,95.18518519
NaN,NaN,NaN,NaN,NaN,270,0,NaN,NaN,2,NaN,NaN,NaN,NaN,NaN,NaN,264,97.77777778
NaN,NaN,NaN,NaN,NaN,270,0,NaN,NaN,2,NaN,NaN,NaN,NaN,NaN,NaN,261,96.66666667
NaN,NaN,NaN,NaN,NaN,270,0,NaN,NaN,2,NaN,NaN,NaN,NaN,NaN,NaN,263,97.40740741
NaN,NaN,NaN,NaN,NaN,270,0,NaN,NaN,2,NaN,NaN,NaN,NaN,NaN,NaN,265,98.14814815
NaN,NaN,NaN,NaN,NaN,270,0,NaN,NaN,2,NaN,NaN,NaN,NaN,NaN,NaN,262,97.03703704
NaN,NaN,NaN,NaN,NaN,270,0,NaN,NaN,3,NaN,NaN,NaN,NaN,NaN,NaN,261,96.66666667
NaN,NaN,NaN,NaN,NaN,270,0,NaN,NaN,3,NaN,NaN,NaN,NaN,NaN,NaN,261,96.66666667
NaN,NaN,NaN,NaN,NaN,270,0,NaN,NaN,1,NaN,NaN,NaN,NaN,NaN,NaN,259,95.92592593
NaN,NaN,NaN,NaN,NaN,270,0,NaN,NaN,1,NaN,NaN,NaN,NaN,NaN,NaN,262,97.03703704
NaN,NaN,NaN,NaN,NaN,270,0,NaN,NaN,1,NaN,NaN,NaN,NaN,NaN,NaN,265,98.14814815
NaN,NaN,NaN,NaN,NaN,270,0,NaN,NaN,1,NaN,NaN,NaN,NaN,NaN,NaN,265,98.14814815
NaN,NaN,NaN,NaN,NaN,270,0,NaN,NaN,1,NaN,NaN,NaN,NaN,NaN,NaN,264,97.77777778
NaN,NaN,NaN,NaN,NaN,270,0,NaN,NaN,1,NaN,NaN,NaN,NaN,NaN,NaN,264,97.77777778
NaN,NaN,NaN,NaN,NaN,270,0,NaN,NaN,1,NaN,NaN,NaN,NaN,NaN,NaN,264,97.77777778
NaN,NaN,NaN,NaN,NaN,270,0,NaN,NaN,5,NaN,NaN,NaN,NaN,NaN,NaN,264,97.77777778
NaN,NaN,NaN,NaN,NaN,270,0,NaN,NaN,2,NaN,NaN,NaN,NaN,NaN,NaN,221,81.85185185
NaN,NaN,NaN,NaN,NaN,270,0,NaN,NaN,2,NaN,NaN,NaN,NaN,NaN,NaN,251,92.96296296
NaN,NaN,NaN,NaN,NaN,270,0,NaN,NaN,3,NaN,NaN,NaN,NaN,NaN,NaN,244,90.37037037
NaN,NaN,NaN,NaN,NaN,270,0,NaN,NaN,4,NaN,NaN,NaN,NaN,NaN,NaN,262,97.03703704
NaN,NaN,NaN,NaN,NaN,270,0,NaN,NaN,5,NaN,NaN,NaN,NaN,NaN,NaN,244,90.37037037
NaN,NaN,NaN,NaN,NaN,270,0,NaN,NaN,5,NaN,NaN,NaN,NaN,NaN,NaN,260,96.2962963
NaN,NaN,NaN,NaN,NaN,270,0,NaN,NaN,2,NaN,NaN,NaN,NaN,NaN,NaN,232,85.92592593
NaN,NaN,NaN,NaN,NaN,270,0,NaN,NaN,4,NaN,NaN,NaN,NaN,NaN,NaN,255,94.44444444
NaN,NaN,NaN,NaN,NaN,270,0,NaN,NaN,5,NaN,NaN,NaN,NaN,NaN,NaN,263,97.40740741
NaN,NaN,NaN,NaN,NaN,270,0,NaN,NaN,5,NaN,NaN,NaN,NaN,NaN,NaN,259,95.92592593
NaN,NaN,NaN,NaN,NaN,270,0,NaN,NaN,4,NaN,NaN,NaN,NaN,NaN,NaN,264,97.77777778
NaN,NaN,NaN,NaN,NaN,270,0,NaN,NaN,3,NaN,NaN,NaN,NaN,NaN,NaN,253,93.7037037
NaN,NaN,NaN,NaN,NaN,270,0,NaN,NaN,2,NaN,NaN,NaN,NaN,NaN,NaN,241,89.25925926
NaN,NaN,NaN,NaN,NaN,270,0,NaN,NaN,4,NaN,NaN,NaN,NaN,NaN,NaN,263,97.40740741
NaN,NaN,NaN,NaN,NaN,270,0,NaN,NaN,4,NaN,NaN,NaN,NaN,NaN,NaN,248,91.85185185
NaN,NaN,NaN,NaN,NaN,270,0,NaN,NaN,5,NaN,NaN,NaN,NaN,NaN,NaN,261,96.66666667
NaN,NaN,NaN,NaN,NaN,270,0,NaN,NaN,5,NaN,NaN,NaN,NaN,NaN,NaN,262,97.03703704
NaN,NaN,NaN,NaN,NaN,270,0,NaN,NaN,4,NaN,NaN,NaN,NaN,NaN,NaN,259,95.92592593
NaN,NaN,NaN,NaN,NaN,270,0,NaN,NaN,5,NaN,NaN,NaN,NaN,NaN,NaN,245,90.74074074
NaN,NaN,NaN,NaN,NaN,270,0,NaN,NaN,5,NaN,NaN,NaN,NaN,NaN,NaN,250,92.59259259
NaN,NaN,NaN,NaN,NaN,270,0,NaN,NaN,2,NaN,NaN,NaN,NaN,NaN,NaN,264,97.77777778
NaN,NaN,NaN,NaN,NaN,270,0,NaN,NaN,2,NaN,NaN,NaN,NaN,NaN,NaN,264,97.77777778
NaN,NaN,NaN,NaN,NaN,270,0,NaN,NaN,4,NaN,NaN,NaN,NaN,NaN,NaN,264,97.77777778
NaN,NaN,NaN,NaN,NaN,270,0,NaN,NaN,3,NaN,NaN,NaN,NaN,NaN,NaN,262,97.03703704
NaN,NaN,NaN,NaN,NaN,270,0,NaN,NaN,1,NaN,NaN,NaN,NaN,NaN,NaN,264,97.77777778
NaN,NaN,NaN,NaN,NaN,270,0,NaN,NaN,1,NaN,NaN,NaN,NaN,NaN,NaN,264,97.77777778
NaN,NaN,NaN,NaN,NaN,270,0,NaN,NaN,1,NaN,NaN,NaN,NaN,NaN,NaN,246,91.11111111
NaN,NaN,NaN,NaN,NaN,270,0,NaN,NaN,1,NaN,NaN,NaN,NaN,NaN,NaN,260,96.2962963
NaN,NaN,NaN,NaN,NaN,270,0,NaN,NaN,1,NaN,NaN,NaN,NaN,NaN,NaN,264,97.77777778
NaN,NaN,NaN,NaN,NaN,270,0,NaN,NaN,1,NaN,NaN,NaN,NaN,NaN,NaN,264,97.77777778
NaN,NaN,NaN,NaN,NaN,270,0,NaN,NaN,1,NaN,NaN,NaN,NaN,NaN,NaN,265,98.14814815
NaN,NaN,NaN,NaN,NaN,270,0,NaN,NaN,3,NaN,NaN,NaN,NaN,NaN,NaN,265,98.14814815
NaN,NaN,NaN,NaN,NaN,270,0,NaN,NaN,4,NaN,NaN,NaN,NaN,NaN,NaN,257,95.18518519
NaN,NaN,NaN,NaN,NaN,270,0,NaN,NaN,5,NaN,NaN,NaN,NaN,NaN,NaN,256,94.81481481
NaN,NaN,NaN,NaN,NaN,270,0,NaN,NaN,2,NaN,NaN,NaN,NaN,NaN,NaN,263,97.40740741
NaN,NaN,NaN,NaN,NaN,270,0,NaN,NaN,2,NaN,NaN,NaN,NaN,NaN,NaN,264,97.77777778
NaN,NaN,NaN,NaN,NaN,270,0,NaN,NaN,3,NaN,NaN,NaN,NaN,NaN,NaN,265,98.14814815
NaN,NaN,NaN,NaN,NaN,270,0,NaN,NaN,2,NaN,NaN,NaN,NaN,NaN,NaN,265,98.14814815
NaN,NaN,NaN,NaN,NaN,270,0,NaN,NaN,5,NaN,NaN,NaN,NaN,NaN,NaN,257,95.18518519
NaN,NaN,NaN,NaN,NaN,270,0,NaN,NaN,2,NaN,NaN,NaN,NaN,NaN,NaN,254,94.07407407
NaN,NaN,NaN,NaN,NaN,270,0,NaN,NaN,4,NaN,NaN,NaN,NaN,NaN,NaN,262,97.03703704
NaN,NaN,NaN,NaN,NaN,270,0,NaN,NaN,3,NaN,NaN,NaN,NaN,NaN,NaN,257,95.18518519
NaN,NaN,NaN,NaN,NaN,270,0,NaN,NaN,2,NaN,NaN,NaN,NaN,NaN,NaN,222,82.22222222
NaN,NaN,NaN,NaN,NaN,270,0,NaN,NaN,3,NaN,NaN,NaN,NaN,NaN,NaN,148,54.81481481
NaN,NaN,NaN,NaN,NaN,270,0,NaN,NaN,4,NaN,NaN,NaN,NaN,NaN,NaN,234,86.66666667
NaN,NaN,NaN,NaN,NaN,270,0,NaN,NaN,5,NaN,NaN,NaN,NaN,NaN,NaN,220,81.48148148
NaN,NaN,NaN,NaN,NaN,270,0,NaN,NaN,4,NaN,NaN,NaN,NaN,NaN,NaN,252,93.33333333
NaN,NaN,NaN,NaN,NaN,270,0,NaN,NaN,1,NaN,NaN,NaN,NaN,NaN,NaN,262,97.03703704
NaN,NaN,NaN,NaN,NaN,270,0,NaN,NaN,3,NaN,NaN,NaN,NaN,NaN,NaN,262,97.03703704
NaN,NaN,NaN,NaN,NaN,270,0,NaN,NaN,1,NaN,NaN,NaN,NaN,NaN,NaN,237,87.77777778
NaN,NaN,NaN,NaN,NaN,270,0,NaN,NaN,2,NaN,NaN,NaN,NaN,NaN,NaN,142,52.59259259
NaN,NaN,NaN,NaN,NaN,270,0,NaN,NaN,4,NaN,NaN,NaN,NaN,NaN,NaN,263,97.40740741
NaN,NaN,NaN,NaN,NaN,270,0,NaN,NaN,4,NaN,NaN,NaN,NaN,NaN,NaN,244,90.37037037
NaN,NaN,NaN,NaN,NaN,270,0,NaN,NaN,4,NaN,NaN,NaN,NaN,NaN,NaN,251,92.96296296
NaN,NaN,NaN,NaN,NaN,270,0,NaN,NaN,4,NaN,NaN,NaN,NaN,NaN,NaN,252,93.33333333
NaN,NaN,NaN,NaN,NaN,270,0,NaN,NaN,4,NaN,NaN,NaN,NaN,NaN,NaN,245,90.74074074
NaN,NaN,NaN,NaN,NaN,270,0,NaN,NaN,4,NaN,NaN,NaN,NaN,NaN,NaN,260,96.2962963
NaN,NaN,NaN,NaN,NaN,270,0,NaN,NaN,5,NaN,NaN,NaN,NaN,NaN,NaN,243,90
NaN,NaN,NaN,NaN,NaN,270,0,NaN,NaN,2,NaN,NaN,NaN,NaN,NaN,NaN,253,93.7037037
NaN,NaN,NaN,NaN,NaN,270,0,NaN,NaN,4,NaN,NaN,NaN,NaN,NaN,NaN,265,98.14814815
NaN,NaN,NaN,NaN,NaN,270,0,NaN,NaN,5,NaN,NaN,NaN,NaN,NaN,NaN,233,86.2962963
NaN,NaN,NaN,NaN,NaN,270,0,NaN,NaN,1,NaN,NaN,NaN,NaN,NaN,NaN,265,98.14814815
NaN,NaN,NaN,NaN,NaN,270,0,NaN,NaN,1,NaN,NaN,NaN,NaN,NaN,NaN,263,97.40740741
NaN,NaN,NaN,NaN,NaN,270,0,NaN,NaN,2,NaN,NaN,NaN,NaN,NaN,NaN,264,97.77777778
NaN,NaN,NaN,NaN,NaN,270,0,NaN,NaN,1,NaN,NaN,NaN,NaN,NaN,NaN,264,97.77777778
NaN,NaN,NaN,NaN,NaN,270,0,NaN,NaN,2,NaN,NaN,NaN,NaN,NaN,NaN,265,98.14814815
NaN,NaN,NaN,NaN,NaN,270,0,NaN,NaN,1,NaN,NaN,NaN,NaN,NaN,NaN,265,98.14814815
NaN,NaN,NaN,NaN,NaN,270,0,NaN,NaN,1,NaN,NaN,NaN,NaN,NaN,NaN,265,98.14814815
NaN,NaN,NaN,NaN,NaN,270,0,NaN,NaN,1,NaN,NaN,NaN,NaN,NaN,NaN,265,98.14814815
NaN,NaN,NaN,NaN,NaN,270,0,NaN,NaN,1,NaN,NaN,NaN,NaN,NaN,NaN,264,97.77777778
NaN,NaN,NaN,NaN,NaN,270,0,NaN,NaN,1,NaN,NaN,NaN,NaN,NaN,NaN,264,97.77777778
NaN,NaN,NaN,NaN,NaN,270,0,NaN,NaN,1,NaN,NaN,NaN,NaN,NaN,NaN,265,98.14814815
NaN,NaN,NaN,NaN,NaN,270,0,NaN,NaN,1,NaN,NaN,NaN,NaN,NaN,NaN,259,95.92592593
NaN,NaN,NaN,NaN,NaN,270,0,NaN,NaN,1,NaN,NaN,NaN,NaN,NaN,NaN,265,98.14814815
NaN,NaN,NaN,NaN,NaN,270,0,NaN,NaN,1,NaN,NaN,NaN,NaN,NaN,NaN,265,98.14814815
NaN,NaN,NaN,NaN,NaN,270,0,NaN,NaN,2,NaN,NaN,NaN,NaN,NaN,NaN,263,97.40740741
NaN,NaN,NaN,NaN,NaN,270,0,NaN,NaN,1,NaN,NaN,NaN,NaN,NaN,NaN,264,97.77777778
NaN,NaN,NaN,NaN,NaN,270,0,NaN,NaN,1,NaN,NaN,NaN,NaN,NaN,NaN,264,97.77777778
NaN,NaN,NaN,NaN,NaN,270,0,NaN,NaN,2,NaN,NaN,NaN,NaN,NaN,NaN,259,95.92592593
NaN,NaN,NaN,NaN,NaN,270,0,NaN,NaN,1,NaN,NaN,NaN,NaN,NaN,NaN,264,97.77777778
NaN,NaN,NaN,NaN,NaN,270,0,NaN,NaN,1,NaN,NaN,NaN,NaN,NaN,NaN,264,97.77777778
NaN,NaN,NaN,NaN,NaN,270,0,NaN,NaN,1,NaN,NaN,NaN,NaN,NaN,NaN,263,97.40740741
NaN,NaN,NaN,NaN,NaN,270,0,NaN,NaN,1,NaN,NaN,NaN,NaN,NaN,NaN,264,97.77777778
NaN,NaN,NaN,NaN,NaN,270,0,NaN,NaN,1,NaN,NaN,NaN,NaN,NaN,NaN,264,97.77777778
NaN,NaN,NaN,NaN,NaN,270,0,NaN,NaN,1,NaN,NaN,NaN,NaN,NaN,NaN,256,94.81481481
NaN,NaN,NaN,NaN,NaN,270,0,NaN,NaN,1,NaN,NaN,NaN,NaN,NaN,NaN,262,97.03703704
NaN,NaN,NaN,NaN,NaN,270,0,NaN,NaN,1,NaN,NaN,NaN,NaN,NaN,NaN,260,96.2962963
NaN,NaN,NaN,NaN,NaN,270,0,NaN,NaN,1,NaN,NaN,NaN,NaN,NaN,NaN,263,97.40740741
NaN,NaN,NaN,NaN,NaN,270,0,NaN,NaN,1,NaN,NaN,NaN,NaN,NaN,NaN,262,97.03703704
NaN,NaN,NaN,NaN,NaN,270,0,NaN,NaN,1,NaN,NaN,NaN,NaN,NaN,NaN,262,97.03703704
NaN,NaN,NaN,NaN,NaN,270,0,NaN,NaN,2,NaN,NaN,NaN,NaN,NaN,NaN,264,97.77777778
NaN,NaN,NaN,NaN,NaN,270,0,NaN,NaN,2,NaN,NaN,NaN,NaN,NaN,NaN,264,97.77777778
NaN,NaN,NaN,NaN,NaN,270,0,NaN,NaN,1,NaN,NaN,NaN,NaN,NaN,NaN,264,97.77777778
NaN,NaN,NaN,NaN,NaN,270,0,NaN,NaN,3,NaN,NaN,NaN,NaN,NaN,NaN,263,97.40740741
NaN,NaN,NaN,NaN,NaN,270,0,NaN,NaN,3,NaN,NaN,NaN,NaN,NaN,NaN,263,97.40740741
NaN,NaN,NaN,NaN,NaN,270,0,NaN,NaN,2,NaN,NaN,NaN,NaN,NaN,NaN,262,97.03703704
NaN,NaN,NaN,NaN,NaN,270,0,NaN,NaN,1,NaN,NaN,NaN,NaN,NaN,NaN,257,95.18518519
NaN,NaN,NaN,NaN,NaN,270,0,NaN,NaN,3,NaN,NaN,NaN,NaN,NaN,NaN,265,98.14814815
NaN,NaN,NaN,NaN,NaN,270,0,NaN,NaN,5,NaN,NaN,NaN,NaN,NaN,NaN,257,95.18518519
NaN,NaN,NaN,NaN,NaN,270,0,NaN,NaN,4,NaN,NaN,NaN,NaN,NaN,NaN,255,94.44444444
NaN,NaN,NaN,NaN,NaN,270,0,NaN,NaN,2,NaN,NaN,NaN,NaN,NaN,NaN,253,93.7037037
NaN,NaN,NaN,NaN,NaN,270,0,NaN,NaN,2,NaN,NaN,NaN,NaN,NaN,NaN,259,95.92592593
NaN,NaN,NaN,NaN,NaN,270,0,NaN,NaN,4,NaN,NaN,NaN,NaN,NaN,NaN,264,97.77777778
NaN,NaN,NaN,NaN,NaN,270,0,NaN,NaN,2,NaN,NaN,NaN,NaN,NaN,NaN,258,95.55555556
NaN,NaN,NaN,NaN,NaN,270,0,NaN,NaN,3,NaN,NaN,NaN,NaN,NaN,NaN,228,84.44444444
NaN,NaN,NaN,NaN,NaN,270,0,NaN,NaN,2,NaN,NaN,NaN,NaN,NaN,NaN,236,87.40740741
NaN,NaN,NaN,NaN,NaN,270,0,NaN,NaN,2,NaN,NaN,NaN,NaN,NaN,NaN,257,95.18518519
NaN,NaN,NaN,NaN,NaN,270,0,NaN,NaN,2,NaN,NaN,NaN,NaN,NaN,NaN,263,97.40740741
NaN,NaN,NaN,NaN,NaN,270,0,NaN,NaN,4,NaN,NaN,NaN,NaN,NaN,NaN,263,97.40740741
NaN,NaN,NaN,NaN,NaN,270,0,NaN,NaN,5,NaN,NaN,NaN,NaN,NaN,NaN,263,97.40740741
NaN,NaN,NaN,NaN,NaN,270,0,NaN,NaN,4,NaN,NaN,NaN,NaN,NaN,NaN,263,97.40740741
NaN,NaN,NaN,NaN,NaN,270,0,NaN,NaN,3,NaN,NaN,NaN,NaN,NaN,NaN,260,96.2962963
NaN,NaN,NaN,NaN,NaN,270,0,NaN,NaN,2,NaN,NaN,NaN,NaN,NaN,NaN,265,98.14814815
NaN,NaN,NaN,NaN,NaN,270,0,NaN,NaN,2,NaN,NaN,NaN,NaN,NaN,NaN,264,97.77777778
NaN,NaN,NaN,NaN,NaN,270,0,NaN,NaN,2,NaN,NaN,NaN,NaN,NaN,NaN,259,95.92592593
NaN,NaN,NaN,NaN,NaN,270,0,NaN,NaN,3,NaN,NaN,NaN,NaN,NaN,NaN,259,95.92592593
NaN,NaN,NaN,NaN,NaN,270,0,NaN,NaN,2,NaN,NaN,NaN,NaN,NaN,NaN,263,97.40740741
NaN,NaN,NaN,NaN,NaN,270,0,NaN,NaN,2,NaN,NaN,NaN,NaN,NaN,NaN,240,88.88888889
NaN,NaN,NaN,NaN,NaN,270,0,NaN,NaN,2,NaN,NaN,NaN,NaN,NaN,NaN,252,93.33333333
NaN,NaN,NaN,NaN,NaN,270,0,NaN,NaN,2,NaN,NaN,NaN,NaN,NaN,NaN,258,95.55555556
NaN,NaN,NaN,NaN,NaN,270,0,NaN,NaN,2,NaN,NaN,NaN,NaN,NaN,NaN,265,98.14814815
NaN,NaN,NaN,NaN,NaN,270,0,NaN,NaN,2,NaN,NaN,NaN,NaN,NaN,NaN,257,95.18518519
NaN,NaN,NaN,NaN,NaN,270,0,NaN,NaN,3,NaN,NaN,NaN,NaN,NaN,NaN,247,91.48148148
NaN,NaN,NaN,NaN,NaN,270,0,NaN,NaN,2,NaN,NaN,NaN,NaN,NaN,NaN,235,87.03703704
NaN,NaN,NaN,NaN,NaN,270,0,NaN,NaN,2,NaN,NaN,NaN,NaN,NaN,NaN,263,97.40740741
NaN,NaN,NaN,NaN,NaN,270,0,NaN,NaN,2,NaN,NaN,NaN,NaN,NaN,NaN,258,95.55555556
NaN,NaN,NaN,NaN,NaN,270,0,NaN,NaN,2,NaN,NaN,NaN,NaN,NaN,NaN,254,94.07407407
NaN,NaN,NaN,NaN,NaN,270,0,NaN,NaN,1,NaN,NaN,NaN,NaN,NaN,NaN,261,96.66666667
NaN,NaN,NaN,NaN,NaN,270,0,NaN,NaN,1,NaN,NaN,NaN,NaN,NaN,NaN,250,92.59259259
NaN,NaN,NaN,NaN,NaN,270,0,NaN,NaN,2,NaN,NaN,NaN,NaN,NaN,NaN,252,93.33333333
NaN,NaN,NaN,NaN,NaN,270,0,NaN,NaN,2,NaN,NaN,NaN,NaN,NaN,NaN,257,95.18518519
NaN,NaN,NaN,NaN,NaN,270,0,NaN,NaN,2,NaN,NaN,NaN,NaN,NaN,NaN,265,98.14814815
NaN,NaN,NaN,NaN,NaN,270,0,NaN,NaN,2,NaN,NaN,NaN,NaN,NaN,NaN,257,95.18518519
NaN,NaN,NaN,NaN,NaN,270,0,NaN,NaN,2,NaN,NaN,NaN,NaN,NaN,NaN,260,96.2962963
NaN,NaN,NaN,NaN,NaN,270,0,NaN,NaN,3,NaN,NaN,NaN,NaN,NaN,NaN,265,98.14814815
NaN,NaN,NaN,NaN,NaN,270,0,NaN,NaN,2,NaN,NaN,NaN,NaN,NaN,NaN,247,91.48148148
NaN,NaN,NaN,NaN,NaN,270,0,NaN,NaN,2,NaN,NaN,NaN,NaN,NaN,NaN,214,79.25925926
NaN,NaN,NaN,NaN,NaN,270,0,NaN,NaN,2,NaN,NaN,NaN,NaN,NaN,NaN,198,73.33333333
NaN,NaN,NaN,NaN,NaN,270,0,NaN,NaN,2,NaN,NaN,NaN,NaN,NaN,NaN,226,83.7037037
NaN,NaN,NaN,NaN,NaN,270,0,NaN,NaN,2,NaN,NaN,NaN,NaN,NaN,NaN,202,74.81481481
NaN,NaN,NaN,NaN,NaN,270,0,NaN,NaN,1,NaN,NaN,NaN,NaN,NaN,NaN,241,89.25925926
NaN,NaN,NaN,NaN,NaN,270,0,NaN,NaN,1,NaN,NaN,NaN,NaN,NaN,NaN,251,92.96296296
NaN,NaN,NaN,NaN,NaN,270,0,NaN,NaN,1,NaN,NaN,NaN,NaN,NaN,NaN,259,95.92592593
NaN,NaN,NaN,NaN,NaN,270,0,NaN,NaN,1,NaN,NaN,NaN,NaN,NaN,NaN,221,81.85185185
NaN,NaN,NaN,NaN,NaN,270,0,NaN,NaN,2,NaN,NaN,NaN,NaN,NaN,NaN,228,84.44444444
NaN,NaN,NaN,NaN,NaN,270,0,NaN,NaN,1,NaN,NaN,NaN,NaN,NaN,NaN,256,94.81481481
NaN,NaN,NaN,NaN,NaN,270,0,NaN,NaN,1,NaN,NaN,NaN,NaN,NaN,NaN,263,97.40740741
NaN,NaN,NaN,NaN,NaN,270,0,NaN,NaN,1,NaN,NaN,NaN,NaN,NaN,NaN,246,91.11111111
NaN,NaN,NaN,NaN,NaN,270,0,NaN,NaN,1,NaN,NaN,NaN,NaN,NaN,NaN,228,84.44444444
NaN,NaN,NaN,NaN,NaN,270,0,NaN,NaN,1,NaN,NaN,NaN,NaN,NaN,NaN,262,97.03703704
NaN,NaN,NaN,NaN,NaN,270,0,NaN,NaN,1,NaN,NaN,NaN,NaN,NaN,NaN,265,98.14814815
NaN,NaN,NaN,NaN,NaN,270,0,NaN,NaN,2,NaN,NaN,NaN,NaN,NaN,NaN,241,89.25925926
NaN,NaN,NaN,NaN,NaN,270,0,NaN,NaN,2,NaN,NaN,NaN,NaN,NaN,NaN,250,92.59259259
NaN,NaN,NaN,NaN,NaN,270,0,NaN,NaN,2,NaN,NaN,NaN,NaN,NaN,NaN,218,80.74074074
NaN,NaN,NaN,NaN,NaN,270,0,NaN,NaN,2,NaN,NaN,NaN,NaN,NaN,NaN,211,78.14814815
NaN,NaN,NaN,NaN,NaN,270,0,NaN,NaN,2,NaN,NaN,NaN,NaN,NaN,NaN,227,84.07407407
NaN,NaN,NaN,NaN,NaN,270,0,NaN,NaN,2,NaN,NaN,NaN,NaN,NaN,NaN,222,82.22222222
NaN,NaN,NaN,NaN,NaN,270,0,NaN,NaN,2,NaN,NaN,NaN,NaN,NaN,NaN,220,81.48148148
NaN,NaN,NaN,NaN,NaN,270,0,NaN,NaN,2,NaN,NaN,NaN,NaN,NaN,NaN,184,68.14814815
NaN,NaN,NaN,NaN,NaN,270,0,NaN,NaN,1,NaN,NaN,NaN,NaN,NaN,NaN,264,97.77777778
NaN,NaN,NaN,NaN,NaN,270,0,NaN,NaN,1,NaN,NaN,NaN,NaN,NaN,NaN,249,92.22222222
NaN,NaN,NaN,NaN,NaN,270,0,NaN,NaN,1,NaN,NaN,NaN,NaN,NaN,NaN,212,78.51851852
NaN,NaN,NaN,NaN,NaN,270,0,NaN,NaN,1,NaN,NaN,NaN,NaN,NaN,NaN,254,94.07407407
NaN,NaN,NaN,NaN,NaN,270,0,NaN,NaN,1,NaN,NaN,NaN,NaN,NaN,NaN,263,97.40740741
NaN,NaN,NaN,NaN,NaN,270,0,NaN,NaN,3,NaN,NaN,NaN,NaN,NaN,NaN,263,97.40740741
NaN,NaN,NaN,NaN,NaN,270,0,NaN,NaN,1,NaN,NaN,NaN,NaN,NaN,NaN,258,95.55555556
NaN,NaN,NaN,NaN,NaN,270,0,NaN,NaN,4,NaN,NaN,NaN,NaN,NaN,NaN,254,94.07407407
NaN,NaN,NaN,NaN,NaN,270,0,NaN,NaN,2,NaN,NaN,NaN,NaN,NaN,NaN,245,90.74074074
NaN,NaN,NaN,NaN,NaN,270,0,NaN,NaN,2,NaN,NaN,NaN,NaN,NaN,NaN,158,58.51851852
NaN,NaN,NaN,NaN,NaN,270,0,NaN,NaN,1,NaN,NaN,NaN,NaN,NaN,NaN,149,55.18518519
NaN,NaN,NaN,NaN,NaN,270,0,NaN,NaN,1,NaN,NaN,NaN,NaN,NaN,NaN,174,64.44444444
NaN,NaN,NaN,NaN,NaN,270,0,NaN,NaN,1,NaN,NaN,NaN,NaN,NaN,NaN,244,90.37037037
NaN,NaN,NaN,NaN,NaN,270,0,NaN,NaN,4,NaN,NaN,NaN,NaN,NaN,NaN,257,95.18518519
NaN,NaN,NaN,NaN,NaN,270,0,NaN,NaN,5,NaN,NaN,NaN,NaN,NaN,NaN,222,82.22222222
NaN,NaN,NaN,NaN,NaN,270,0,NaN,NaN,5,NaN,NaN,NaN,NaN,NaN,NaN,224,82.96296296
NaN,NaN,NaN,NaN,NaN,270,0,NaN,NaN,3,NaN,NaN,NaN,NaN,NaN,NaN,239,88.51851852
NaN,NaN,NaN,NaN,NaN,270,0,NaN,NaN,2,NaN,NaN,NaN,NaN,NaN,NaN,150,55.55555556
NaN,NaN,NaN,NaN,NaN,270,0,NaN,NaN,1,NaN,NaN,NaN,NaN,NaN,NaN,262,97.03703704
NaN,NaN,NaN,NaN,NaN,270,0,NaN,NaN,2,NaN,NaN,NaN,NaN,NaN,NaN,255,94.44444444
NaN,NaN,NaN,NaN,NaN,270,0,NaN,NaN,1,NaN,NaN,NaN,NaN,NaN,NaN,240,88.88888889
NaN,NaN,NaN,NaN,NaN,270,0,NaN,NaN,2,NaN,NaN,NaN,NaN,NaN,NaN,248,91.85185185
NaN,NaN,NaN,NaN,NaN,270,0,NaN,NaN,2,NaN,NaN,NaN,NaN,NaN,NaN,212,78.51851852
NaN,NaN,NaN,NaN,NaN,270,0,NaN,NaN,1,NaN,NaN,NaN,NaN,NaN,NaN,197,72.96296296
NaN,NaN,NaN,NaN,NaN,270,0,NaN,NaN,2,NaN,NaN,NaN,NaN,NaN,NaN,215,79.62962963
NaN,NaN,NaN,NaN,NaN,270,0,NaN,NaN,3,NaN,NaN,NaN,NaN,NaN,NaN,249,92.22222222
NaN,NaN,NaN,NaN,NaN,270,0,NaN,NaN,1,NaN,NaN,NaN,NaN,NaN,NaN,261,96.66666667
NaN,NaN,NaN,NaN,NaN,270,0,NaN,NaN,4,NaN,NaN,NaN,NaN,NaN,NaN,232,85.92592593
NaN,NaN,NaN,NaN,NaN,270,0,NaN,NaN,3,NaN,NaN,NaN,NaN,NaN,NaN,257,95.18518519
NaN,NaN,NaN,NaN,NaN,270,0,NaN,NaN,3,NaN,NaN,NaN,NaN,NaN,NaN,254,94.07407407
NaN,NaN,NaN,NaN,NaN,270,0,NaN,NaN,2,NaN,NaN,NaN,NaN,NaN,NaN,241,89.25925926
NaN,NaN,NaN,NaN,NaN,270,0,NaN,NaN,3,NaN,NaN,NaN,NaN,NaN,NaN,207,76.66666667
NaN,NaN,NaN,NaN,NaN,270,0,NaN,NaN,NaN,NaN,NaN,NaN,NaN,NaN,NaN,207,76.66666667
NaN,NaN,NaN,NaN,NaN,270,0,NaN,NaN,4,NaN,NaN,NaN,NaN,NaN,NaN,264,97.77777778
NaN,NaN,NaN,NaN,NaN,270,0,NaN,NaN,1,NaN,NaN,NaN,NaN,NaN,NaN,263,97.40740741
NaN,NaN,NaN,NaN,NaN,270,0,NaN,NaN,1,NaN,NaN,NaN,NaN,NaN,NaN,263,97.40740741
NaN,NaN,NaN,NaN,NaN,270,0,NaN,NaN,2,NaN,NaN,NaN,NaN,NaN,NaN,264,97.77777778
NaN,NaN,NaN,NaN,NaN,270,0,NaN,NaN,1,NaN,NaN,NaN,NaN,NaN,NaN,265,98.14814815
NaN,NaN,NaN,NaN,NaN,270,0,NaN,NaN,1,NaN,NaN,NaN,NaN,NaN,NaN,265,98.14814815
NaN,NaN,NaN,NaN,NaN,270,0,NaN,NaN,4,NaN,NaN,NaN,NaN,NaN,NaN,261,96.66666667
NaN,NaN,NaN,NaN,NaN,270,0,NaN,NaN,5,NaN,NaN,NaN,NaN,NaN,NaN,253,93.7037037
NaN,NaN,NaN,NaN,NaN,270,0,NaN,NaN,5,NaN,NaN,NaN,NaN,NaN,NaN,232,85.92592593
NaN,NaN,NaN,NaN,NaN,270,0,NaN,NaN,5,NaN,NaN,NaN,NaN,NaN,NaN,256,94.81481481
NaN,NaN,NaN,NaN,NaN,270,0,NaN,NaN,3,NaN,NaN,NaN,NaN,NaN,NaN,264,97.77777778
NaN,NaN,NaN,NaN,NaN,270,0,NaN,NaN,1,NaN,NaN,NaN,NaN,NaN,NaN,265,98.14814815
NaN,NaN,NaN,NaN,NaN,270,0,NaN,NaN,1,NaN,NaN,NaN,NaN,NaN,NaN,265,98.14814815
NaN,NaN,NaN,NaN,NaN,270,0,NaN,NaN,1,NaN,NaN,NaN,NaN,NaN,NaN,262,97.03703704
NaN,NaN,NaN,NaN,NaN,270,0,NaN,NaN,1,NaN,NaN,NaN,NaN,NaN,NaN,265,98.14814815
NaN,NaN,NaN,NaN,NaN,270,0,NaN,NaN,1,NaN,NaN,NaN,NaN,NaN,NaN,265,98.14814815
NaN,NaN,NaN,NaN,NaN,270,0,NaN,NaN,1,NaN,NaN,NaN,NaN,NaN,NaN,264,97.77777778
NaN,NaN,NaN,NaN,NaN,270,0,NaN,NaN,1,NaN,NaN,NaN,NaN,NaN,NaN,265,98.14814815
NaN,NaN,NaN,NaN,NaN,270,0,NaN,NaN,1,NaN,NaN,NaN,NaN,NaN,NaN,265,98.14814815
NaN,NaN,NaN,NaN,NaN,270,0,NaN,NaN,1,NaN,NaN,NaN,NaN,NaN,NaN,265,98.14814815
NaN,NaN,NaN,NaN,NaN,270,0,NaN,NaN,1,NaN,NaN,NaN,NaN,NaN,NaN,265,98.14814815
NaN,NaN,NaN,NaN,NaN,270,0,NaN,NaN,1,NaN,NaN,NaN,NaN,NaN,NaN,258,95.55555556
NaN,NaN,NaN,NaN,NaN,270,0,NaN,NaN,2,NaN,NaN,NaN,NaN,NaN,NaN,264,97.77777778
NaN,NaN,NaN,NaN,NaN,270,0,NaN,NaN,2,NaN,NaN,NaN,NaN,NaN,NaN,265,98.14814815
NaN,NaN,NaN,NaN,NaN,270,0,NaN,NaN,1,NaN,NaN,NaN,NaN,NaN,NaN,265,98.14814815
NaN,NaN,NaN,NaN,NaN,270,0,NaN,NaN,1,NaN,NaN,NaN,NaN,NaN,NaN,264,97.77777778
NaN,NaN,NaN,NaN,NaN,270,0,NaN,NaN,1,NaN,NaN,NaN,NaN,NaN,NaN,265,98.14814815
NaN,NaN,NaN,NaN,NaN,270,0,NaN,NaN,1,NaN,NaN,NaN,NaN,NaN,NaN,264,97.77777778
NaN,NaN,NaN,NaN,NaN,270,0,NaN,NaN,1,NaN,NaN,NaN,NaN,NaN,NaN,265,98.14814815
NaN,NaN,NaN,NaN,NaN,270,0,NaN,NaN,1,NaN,NaN,NaN,NaN,NaN,NaN,196,72.59259259
NaN,NaN,NaN,NaN,NaN,270,0,NaN,NaN,1,NaN,NaN,NaN,NaN,NaN,NaN,197,72.96296296
NaN,NaN,NaN,NaN,NaN,270,0,NaN,NaN,1,NaN,NaN,NaN,NaN,NaN,NaN,189,70
NaN,NaN,NaN,NaN,NaN,270,0,NaN,NaN,1,NaN,NaN,NaN,NaN,NaN,NaN,263,97.40740741
NaN,NaN,NaN,NaN,NaN,270,0,NaN,NaN,1,NaN,NaN,NaN,NaN,NaN,NaN,261,96.66666667
NaN,NaN,NaN,NaN,NaN,270,0,NaN,NaN,1,NaN,NaN,NaN,NaN,NaN,NaN,250,92.59259259
NaN,NaN,NaN,NaN,NaN,270,0,NaN,NaN,1,NaN,NaN,NaN,NaN,NaN,NaN,257,95.18518519
NaN,NaN,NaN,NaN,NaN,270,0,NaN,NaN,1,NaN,NaN,NaN,NaN,NaN,NaN,252,93.33333333
NaN,NaN,NaN,NaN,NaN,270,0,NaN,NaN,1,NaN,NaN,NaN,NaN,NaN,NaN,249,92.22222222
NaN,NaN,NaN,NaN,NaN,270,0,NaN,NaN,1,NaN,NaN,NaN,NaN,NaN,NaN,251,92.96296296
NaN,NaN,NaN,NaN,NaN,270,0,NaN,NaN,1,NaN,NaN,NaN,NaN,NaN,NaN,263,97.40740741
NaN,NaN,NaN,NaN,NaN,270,0,NaN,NaN,1,NaN,NaN,NaN,NaN,NaN,NaN,260,96.2962963
NaN,NaN,NaN,NaN,NaN,270,0,NaN,NaN,1,NaN,NaN,NaN,NaN,NaN,NaN,249,92.22222222
NaN,NaN,NaN,NaN,NaN,270,0,NaN,NaN,1,NaN,NaN,NaN,NaN,NaN,NaN,229,84.81481481
NaN,NaN,NaN,NaN,NaN,270,0,NaN,NaN,1,NaN,NaN,NaN,NaN,NaN,NaN,262,97.03703704
NaN,NaN,NaN,NaN,NaN,270,0,NaN,NaN,1,NaN,NaN,NaN,NaN,NaN,NaN,247,91.48148148
NaN,NaN,NaN,NaN,NaN,270,0,NaN,NaN,2,NaN,NaN,NaN,NaN,NaN,NaN,213,78.88888889
NaN,NaN,NaN,NaN,NaN,270,0,NaN,NaN,1,NaN,NaN,NaN,NaN,NaN,NaN,258,95.55555556
NaN,NaN,NaN,NaN,NaN,270,0,NaN,NaN,4,NaN,NaN,NaN,NaN,NaN,NaN,264,97.77777778
NaN,NaN,NaN,NaN,NaN,270,0,NaN,NaN,4,NaN,NaN,NaN,NaN,NaN,NaN,262,97.03703704
NaN,NaN,NaN,NaN,NaN,270,0,NaN,NaN,2,NaN,NaN,NaN,NaN,NaN,NaN,262,97.03703704
NaN,NaN,NaN,NaN,NaN,270,0,NaN,NaN,2,NaN,NaN,NaN,NaN,NaN,NaN,253,93.7037037
NaN,NaN,NaN,NaN,NaN,270,0,NaN,NaN,2,NaN,NaN,NaN,NaN,NaN,NaN,246,91.11111111
NaN,NaN,NaN,NaN,NaN,270,0,NaN,NaN,1,NaN,NaN,NaN,NaN,NaN,NaN,241,89.25925926
NaN,NaN,NaN,NaN,NaN,270,0,NaN,NaN,3,NaN,NaN,NaN,NaN,NaN,NaN,252,93.33333333
NaN,NaN,NaN,NaN,NaN,270,0,NaN,NaN,2,NaN,NaN,NaN,NaN,NaN,NaN,207,76.66666667
NaN,NaN,NaN,NaN,NaN,270,0,NaN,NaN,1,NaN,NaN,NaN,NaN,NaN,NaN,264,97.77777778
NaN,NaN,NaN,NaN,NaN,270,0,NaN,NaN,2,NaN,NaN,NaN,NaN,NaN,NaN,241,89.25925926
NaN,NaN,NaN,NaN,NaN,270,0,NaN,NaN,1,NaN,NaN,NaN,NaN,NaN,NaN,249,92.22222222
NaN,NaN,NaN,NaN,NaN,270,0,NaN,NaN,1,NaN,NaN,NaN,NaN,NaN,NaN,241,89.25925926
NaN,NaN,NaN,NaN,NaN,270,0,NaN,NaN,2,NaN,NaN,NaN,NaN,NaN,NaN,260,96.2962963
NaN,NaN,NaN,NaN,NaN,270,0,NaN,NaN,3,NaN,NaN,NaN,NaN,NaN,NaN,264,97.77777778
NaN,NaN,NaN,NaN,NaN,270,0,NaN,NaN,3,NaN,NaN,NaN,NaN,NaN,NaN,264,97.77777778
NaN,NaN,NaN,NaN,NaN,270,0,NaN,NaN,2,NaN,NaN,NaN,NaN,NaN,NaN,208,77.03703704
NaN,NaN,NaN,NaN,NaN,270,0,NaN,NaN,2,NaN,NaN,NaN,NaN,NaN,NaN,254,94.07407407
NaN,NaN,NaN,NaN,NaN,270,0,NaN,NaN,1,NaN,NaN,NaN,NaN,NaN,NaN,262,97.03703704
NaN,NaN,NaN,NaN,NaN,270,0,NaN,NaN,3,NaN,NaN,NaN,NaN,NaN,NaN,265,98.14814815
NaN,NaN,NaN,NaN,NaN,270,0,NaN,NaN,3,NaN,NaN,NaN,NaN,NaN,NaN,260,96.2962963
NaN,NaN,NaN,NaN,NaN,270,0,NaN,NaN,2,NaN,NaN,NaN,NaN,NaN,NaN,265,98.14814815
NaN,NaN,NaN,NaN,NaN,270,0,NaN,NaN,1,NaN,NaN,NaN,NaN,NaN,NaN,265,98.14814815
NaN,NaN,NaN,NaN,NaN,270,0,NaN,NaN,1,NaN,NaN,NaN,NaN,NaN,NaN,257,95.18518519
NaN,NaN,NaN,NaN,NaN,270,0,NaN,NaN,2,NaN,NaN,NaN,NaN,NaN,NaN,265,98.14814815
NaN,NaN,NaN,NaN,NaN,270,0,NaN,NaN,5,NaN,NaN,NaN,NaN,NaN,NaN,211,78.14814815
NaN,NaN,NaN,NaN,NaN,270,0,NaN,NaN,5,NaN,NaN,NaN,NaN,NaN,NaN,257,95.18518519
NaN,NaN,NaN,NaN,NaN,270,0,NaN,NaN,3,NaN,NaN,NaN,NaN,NaN,NaN,221,81.85185185
NaN,NaN,NaN,NaN,NaN,270,0,NaN,NaN,2,NaN,NaN,NaN,NaN,NaN,NaN,246,91.11111111
NaN,NaN,NaN,NaN,NaN,270,0,NaN,NaN,2,NaN,NaN,NaN,NaN,NaN,NaN,245,90.74074074
NaN,NaN,NaN,NaN,NaN,270,0,NaN,NaN,2,NaN,NaN,NaN,NaN,NaN,NaN,259,95.92592593
NaN,NaN,NaN,NaN,NaN,270,0,NaN,NaN,2,NaN,NaN,NaN,NaN,NaN,NaN,262,97.03703704
NaN,NaN,NaN,NaN,NaN,270,0,NaN,NaN,2,NaN,NaN,NaN,NaN,NaN,NaN,263,97.40740741
NaN,NaN,NaN,NaN,NaN,270,0,NaN,NaN,3,NaN,NaN,NaN,NaN,NaN,NaN,265,98.14814815
NaN,NaN,NaN,NaN,NaN,270,0,NaN,NaN,3,NaN,NaN,NaN,NaN,NaN,NaN,259,95.92592593
NaN,NaN,NaN,NaN,NaN,270,0,NaN,NaN,2,NaN,NaN,NaN,NaN,NaN,NaN,254,94.07407407
NaN,NaN,NaN,NaN,NaN,270,0,NaN,NaN,2,NaN,NaN,NaN,NaN,NaN,NaN,262,97.03703704
NaN,NaN,NaN,NaN,NaN,270,0,NaN,NaN,2,NaN,NaN,NaN,NaN,NaN,NaN,256,94.81481481
NaN,NaN,NaN,NaN,NaN,270,0,NaN,NaN,2,NaN,NaN,NaN,NaN,NaN,NaN,264,97.77777778
NaN,NaN,NaN,NaN,NaN,270,0,NaN,NaN,4,NaN,NaN,NaN,NaN,NaN,NaN,246,91.11111111
NaN,NaN,NaN,NaN,NaN,270,0,NaN,NaN,3,NaN,NaN,NaN,NaN,NaN,NaN,256,94.81481481
NaN,NaN,NaN,NaN,NaN,270,0,NaN,NaN,4,NaN,NaN,NaN,NaN,NaN,NaN,240,88.88888889
NaN,NaN,NaN,NaN,NaN,270,0,NaN,NaN,3,NaN,NaN,NaN,NaN,NaN,NaN,207,76.66666667
NaN,NaN,NaN,NaN,NaN,270,0,NaN,NaN,3,NaN,NaN,NaN,NaN,NaN,NaN,257,95.18518519
NaN,NaN,NaN,NaN,NaN,270,0,NaN,NaN,1,NaN,NaN,NaN,NaN,NaN,NaN,261,96.66666667
NaN,NaN,NaN,NaN,NaN,270,0,NaN,NaN,2,NaN,NaN,NaN,NaN,NaN,NaN,248,91.85185185
NaN,NaN,NaN,NaN,NaN,270,0,NaN,NaN,2,NaN,NaN,NaN,NaN,NaN,NaN,242,89.62962963
NaN,NaN,NaN,NaN,NaN,270,0,NaN,NaN,2,NaN,NaN,NaN,NaN,NaN,NaN,244,90.37037037
NaN,NaN,NaN,NaN,NaN,270,0,NaN,NaN,2,NaN,NaN,NaN,NaN,NaN,NaN,233,86.2962963
NaN,NaN,NaN,NaN,NaN,270,0,NaN,NaN,2,NaN,NaN,NaN,NaN,NaN,NaN,219,81.11111111
NaN,NaN,NaN,NaN,NaN,270,0,NaN,NaN,2,NaN,NaN,NaN,NaN,NaN,NaN,230,85.18518519
NaN,NaN,NaN,NaN,NaN,270,0,NaN,NaN,1,NaN,NaN,NaN,NaN,NaN,NaN,258,95.55555556
NaN,NaN,NaN,NaN,NaN,270,0,NaN,NaN,1,NaN,NaN,NaN,NaN,NaN,NaN,247,91.48148148
NaN,NaN,NaN,NaN,NaN,270,0,NaN,NaN,2,NaN,NaN,NaN,NaN,NaN,NaN,248,91.85185185
NaN,NaN,NaN,NaN,NaN,270,0,NaN,NaN,2,NaN,NaN,NaN,NaN,NaN,NaN,245,90.74074074
NaN,NaN,NaN,NaN,NaN,270,0,NaN,NaN,2,NaN,NaN,NaN,NaN,NaN,NaN,214,79.25925926
NaN,NaN,NaN,NaN,NaN,270,0,NaN,NaN,2,NaN,NaN,NaN,NaN,NaN,NaN,235,87.03703704
NaN,NaN,NaN,NaN,NaN,270,0,NaN,NaN,2,NaN,NaN,NaN,NaN,NaN,NaN,232,85.92592593
NaN,NaN,NaN,NaN,NaN,270,0,NaN,NaN,2,NaN,NaN,NaN,NaN,NaN,NaN,253,93.7037037
NaN,NaN,NaN,NaN,NaN,270,0,NaN,NaN,2,NaN,NaN,NaN,NaN,NaN,NaN,264,97.77777778
NaN,NaN,NaN,NaN,NaN,270,0,NaN,NaN,2,NaN,NaN,NaN,NaN,NaN,NaN,263,97.40740741
NaN,NaN,NaN,NaN,NaN,270,0,NaN,NaN,4,NaN,NaN,NaN,NaN,NaN,NaN,262,97.03703704
NaN,NaN,NaN,NaN,NaN,270,0,NaN,NaN,2,NaN,NaN,NaN,NaN,NaN,NaN,263,97.40740741
NaN,NaN,NaN,NaN,NaN,270,0,NaN,NaN,1,NaN,NaN,NaN,NaN,NaN,NaN,259,95.92592593
NaN,NaN,NaN,NaN,NaN,270,0,NaN,NaN,1,NaN,NaN,NaN,NaN,NaN,NaN,265,98.14814815
NaN,NaN,NaN,NaN,NaN,270,0,NaN,NaN,2,NaN,NaN,NaN,NaN,NaN,NaN,264,97.77777778
NaN,NaN,NaN,NaN,NaN,270,0,NaN,NaN,2,NaN,NaN,NaN,NaN,NaN,NaN,236,87.40740741
NaN,NaN,NaN,NaN,NaN,270,0,NaN,NaN,2,NaN,NaN,NaN,NaN,NaN,NaN,236,87.40740741
NaN,NaN,NaN,NaN,NaN,270,0,NaN,NaN,2,NaN,NaN,NaN,NaN,NaN,NaN,247,91.48148148
NaN,NaN,NaN,NaN,NaN,270,0,NaN,NaN,2,NaN,NaN,NaN,NaN,NaN,NaN,264,97.77777778
NaN,NaN,NaN,NaN,NaN,270,0,NaN,NaN,2,NaN,NaN,NaN,NaN,NaN,NaN,264,97.77777778
NaN,NaN,NaN,NaN,NaN,270,0,NaN,NaN,3,NaN,NaN,NaN,NaN,NaN,NaN,259,95.92592593
NaN,NaN,NaN,NaN,NaN,270,0,NaN,NaN,3,NaN,NaN,NaN,NaN,NaN,NaN,241,89.25925926
NaN,NaN,NaN,NaN,NaN,270,0,NaN,NaN,3,NaN,NaN,NaN,NaN,NaN,NaN,259,95.92592593
NaN,NaN,NaN,NaN,NaN,270,0,NaN,NaN,2,NaN,NaN,NaN,NaN,NaN,NaN,260,96.2962963
NaN,NaN,NaN,NaN,NaN,270,0,NaN,NaN,2,NaN,NaN,NaN,NaN,NaN,NaN,264,97.77777778
NaN,NaN,NaN,NaN,NaN,270,0,NaN,NaN,2,NaN,NaN,NaN,NaN,NaN,NaN,257,95.18518519
NaN,NaN,NaN,NaN,NaN,270,0,NaN,NaN,2,NaN,NaN,NaN,NaN,NaN,NaN,199,73.7037037
NaN,NaN,NaN,NaN,NaN,270,0,NaN,NaN,3,NaN,NaN,NaN,NaN,NaN,NaN,218,80.74074074
NaN,NaN,NaN,NaN,NaN,270,0,NaN,NaN,2,NaN,NaN,NaN,NaN,NaN,NaN,214,79.25925926
NaN,NaN,NaN,NaN,NaN,270,0,NaN,NaN,1,NaN,NaN,NaN,NaN,NaN,NaN,260,96.2962963
NaN,NaN,NaN,NaN,NaN,270,0,NaN,NaN,2,NaN,NaN,NaN,NaN,NaN,NaN,265,98.14814815
NaN,NaN,NaN,NaN,NaN,270,0,NaN,NaN,3,NaN,NaN,NaN,NaN,NaN,NaN,256,94.81481481
NaN,NaN,NaN,NaN,NaN,270,0,NaN,NaN,1,NaN,NaN,NaN,NaN,NaN,NaN,254,94.07407407
NaN,NaN,NaN,NaN,NaN,270,0,NaN,NaN,1,NaN,NaN,NaN,NaN,NaN,NaN,263,97.40740741
NaN,NaN,NaN,NaN,NaN,270,0,NaN,NaN,NaN,NaN,NaN,NaN,NaN,NaN,NaN,256,94.81481481
NaN,NaN,NaN,NaN,NaN,270,0,NaN,NaN,2,NaN,NaN,NaN,NaN,NaN,NaN,199,73.7037037
NaN,NaN,NaN,NaN,NaN,270,0,NaN,NaN,3,NaN,NaN,NaN,NaN,NaN,NaN,242,89.62962963
NaN,NaN,NaN,NaN,NaN,270,0,NaN,NaN,3,NaN,NaN,NaN,NaN,NaN,NaN,202,74.81481481
NaN,NaN,NaN,NaN,NaN,270,0,NaN,NaN,3,NaN,NaN,NaN,NaN,NaN,NaN,236,87.40740741
NaN,NaN,NaN,NaN,NaN,270,0,NaN,NaN,4,NaN,NaN,NaN,NaN,NaN,NaN,248,91.85185185
NaN,NaN,NaN,NaN,NaN,270,0,NaN,NaN,1,NaN,NaN,NaN,NaN,NaN,NaN,235,87.03703704
NaN,NaN,NaN,NaN,NaN,270,0,NaN,NaN,2,NaN,NaN,NaN,NaN,NaN,NaN,198,73.33333333
NaN,NaN,NaN,NaN,NaN,270,0,NaN,NaN,1,NaN,NaN,NaN,NaN,NaN,NaN,243,90
NaN,NaN,NaN,NaN,NaN,270,0,NaN,NaN,1,NaN,NaN,NaN,NaN,NaN,NaN,241,89.25925926
NaN,NaN,NaN,NaN,NaN,270,0,NaN,NaN,1,NaN,NaN,NaN,NaN,NaN,NaN,219,81.11111111
NaN,NaN,NaN,NaN,NaN,270,0,NaN,NaN,1,NaN,NaN,NaN,NaN,NaN,NaN,153,56.66666667
NaN,NaN,NaN,NaN,NaN,270,0,NaN,NaN,2,NaN,NaN,NaN,NaN,NaN,NaN,216,80
NaN,NaN,NaN,NaN,NaN,270,0,NaN,NaN,3,NaN,NaN,NaN,NaN,NaN,NaN,253,93.7037037
NaN,NaN,NaN,NaN,NaN,270,0,NaN,NaN,4,NaN,NaN,NaN,NaN,NaN,NaN,265,98.14814815
NaN,NaN,NaN,NaN,NaN,270,0,NaN,NaN,3,NaN,NaN,NaN,NaN,NaN,NaN,231,85.55555556
NaN,NaN,NaN,NaN,NaN,270,0,NaN,NaN,2,NaN,NaN,NaN,NaN,NaN,NaN,256,94.81481481
NaN,NaN,NaN,NaN,NaN,270,0,NaN,NaN,4,NaN,NaN,NaN,NaN,NaN,NaN,261,96.66666667
NaN,NaN,NaN,NaN,NaN,270,0,NaN,NaN,4,NaN,NaN,NaN,NaN,NaN,NaN,263,97.40740741
NaN,NaN,NaN,NaN,NaN,270,0,NaN,NaN,4,NaN,NaN,NaN,NaN,NaN,NaN,237,87.77777778
NaN,NaN,NaN,NaN,NaN,270,0,NaN,NaN,4,NaN,NaN,NaN,NaN,NaN,NaN,217,80.37037037
NaN,NaN,NaN,NaN,NaN,270,0,NaN,NaN,4,NaN,NaN,NaN,NaN,NaN,NaN,232,85.92592593
NaN,NaN,NaN,NaN,NaN,270,0,NaN,NaN,4,NaN,NaN,NaN,NaN,NaN,NaN,213,78.88888889
NaN,NaN,NaN,NaN,NaN,270,0,NaN,NaN,4,NaN,NaN,NaN,NaN,NaN,NaN,198,73.33333333
NaN,NaN,NaN,NaN,NaN,270,0,NaN,NaN,4,NaN,NaN,NaN,NaN,NaN,NaN,250,92.59259259
NaN,NaN,NaN,NaN,NaN,270,0,NaN,NaN,2,NaN,NaN,NaN,NaN,NaN,NaN,259,95.92592593
NaN,NaN,NaN,NaN,NaN,270,0,NaN,NaN,4,NaN,NaN,NaN,NaN,NaN,NaN,245,90.74074074
NaN,NaN,NaN,NaN,NaN,270,0,NaN,NaN,3,NaN,NaN,NaN,NaN,NaN,NaN,239,88.51851852
NaN,NaN,NaN,NaN,NaN,270,0,NaN,NaN,3,NaN,NaN,NaN,NaN,NaN,NaN,243,90
NaN,NaN,NaN,NaN,NaN,270,0,NaN,NaN,2,NaN,NaN,NaN,NaN,NaN,NaN,214,79.25925926
NaN,NaN,NaN,NaN,NaN,270,0,NaN,NaN,1,NaN,NaN,NaN,NaN,NaN,NaN,183,67.77777778
NaN,NaN,NaN,NaN,NaN,270,0,NaN,NaN,2,NaN,NaN,NaN,NaN,NaN,NaN,244,90.37037037
NaN,NaN,NaN,NaN,NaN,270,0,NaN,NaN,2,NaN,NaN,NaN,NaN,NaN,NaN,254,94.07407407
NaN,NaN,NaN,NaN,NaN,270,0,NaN,NaN,2,NaN,NaN,NaN,NaN,NaN,NaN,240,88.88888889
NaN,NaN,NaN,NaN,NaN,270,0,NaN,NaN,2,NaN,NaN,NaN,NaN,NaN,NaN,237,87.77777778
NaN,NaN,NaN,NaN,NaN,270,0,NaN,NaN,2,NaN,NaN,NaN,NaN,NaN,NaN,264,97.77777778
NaN,NaN,NaN,NaN,NaN,270,0,NaN,NaN,2,NaN,NaN,NaN,NaN,NaN,NaN,253,93.7037037
NaN,NaN,NaN,NaN,NaN,270,0,NaN,NaN,2,NaN,NaN,NaN,NaN,NaN,NaN,236,87.40740741
NaN,NaN,NaN,NaN,NaN,270,0,NaN,NaN,1,NaN,NaN,NaN,NaN,NaN,NaN,249,92.22222222
NaN,NaN,NaN,NaN,NaN,270,0,NaN,NaN,2,NaN,NaN,NaN,NaN,NaN,NaN,261,96.66666667
NaN,NaN,NaN,NaN,NaN,270,0,NaN,NaN,4,NaN,NaN,NaN,NaN,NaN,NaN,251,92.96296296
NaN,NaN,NaN,NaN,NaN,270,0,NaN,NaN,5,NaN,NaN,NaN,NaN,NaN,NaN,210,77.77777778
NaN,NaN,NaN,NaN,NaN,270,0,NaN,NaN,4,NaN,NaN,NaN,NaN,NaN,NaN,251,92.96296296
NaN,NaN,NaN,NaN,NaN,270,0,NaN,NaN,4,NaN,NaN,NaN,NaN,NaN,NaN,156,57.77777778
NaN,NaN,NaN,NaN,NaN,270,0,NaN,NaN,3,NaN,NaN,NaN,NaN,NaN,NaN,158,58.51851852
NaN,NaN,NaN,NaN,NaN,270,0,NaN,NaN,3,NaN,NaN,NaN,NaN,NaN,NaN,143,52.96296296
NaN,NaN,NaN,NaN,NaN,270,0,NaN,NaN,3,NaN,NaN,NaN,NaN,NaN,NaN,201,74.44444444
NaN,NaN,NaN,NaN,NaN,270,0,NaN,NaN,3,NaN,NaN,NaN,NaN,NaN,NaN,262,97.03703704
NaN,NaN,NaN,NaN,NaN,270,0,NaN,NaN,3,NaN,NaN,NaN,NaN,NaN,NaN,253,93.7037037
NaN,NaN,NaN,NaN,NaN,270,0,NaN,NaN,4,NaN,NaN,NaN,NaN,NaN,NaN,241,89.25925926
NaN,NaN,NaN,NaN,NaN,270,0,NaN,NaN,4,NaN,NaN,NaN,NaN,NaN,NaN,264,97.77777778
NaN,NaN,NaN,NaN,NaN,270,0,NaN,NaN,4,NaN,NaN,NaN,NaN,NaN,NaN,228,84.44444444
NaN,NaN,NaN,NaN,NaN,270,0,NaN,NaN,3,NaN,NaN,NaN,NaN,NaN,NaN,251,92.96296296
NaN,NaN,NaN,NaN,NaN,270,0,NaN,NaN,2,NaN,NaN,NaN,NaN,NaN,NaN,264,97.77777778
NaN,NaN,NaN,NaN,NaN,270,0,NaN,NaN,3,NaN,NaN,NaN,NaN,NaN,NaN,260,96.2962963
NaN,NaN,NaN,NaN,NaN,270,0,NaN,NaN,3,NaN,NaN,NaN,NaN,NaN,NaN,254,94.07407407
NaN,NaN,NaN,NaN,NaN,270,0,NaN,NaN,3,NaN,NaN,NaN,NaN,NaN,NaN,195,72.22222222
NaN,NaN,NaN,NaN,NaN,270,0,NaN,NaN,2,NaN,NaN,NaN,NaN,NaN,NaN,224,82.96296296
NaN,NaN,NaN,NaN,NaN,270,0,NaN,NaN,2,NaN,NaN,NaN,NaN,NaN,NaN,185,68.51851852
NaN,NaN,NaN,NaN,NaN,270,0,NaN,NaN,2,NaN,NaN,NaN,NaN,NaN,NaN,200,74.07407407
NaN,NaN,NaN,NaN,NaN,270,0,NaN,NaN,1,NaN,NaN,NaN,NaN,NaN,NaN,261,96.66666667
NaN,NaN,NaN,NaN,NaN,270,0,NaN,NaN,1,NaN,NaN,NaN,NaN,NaN,NaN,258,95.55555556
NaN,NaN,NaN,NaN,NaN,270,0,NaN,NaN,1,NaN,NaN,NaN,NaN,NaN,NaN,252,93.33333333
NaN,NaN,NaN,NaN,NaN,270,0,NaN,NaN,1,NaN,NaN,NaN,NaN,NaN,NaN,253,93.7037037
NaN,NaN,NaN,NaN,NaN,270,0,NaN,NaN,2,NaN,NaN,NaN,NaN,NaN,NaN,219,81.11111111
NaN,NaN,NaN,NaN,NaN,270,0,NaN,NaN,1,NaN,NaN,NaN,NaN,NaN,NaN,253,93.7037037
NaN,NaN,NaN,NaN,NaN,270,0,NaN,NaN,1,NaN,NaN,NaN,NaN,NaN,NaN,175,64.81481481
NaN,NaN,NaN,NaN,NaN,270,0,NaN,NaN,2,NaN,NaN,NaN,NaN,NaN,NaN,256,94.81481481
NaN,NaN,NaN,NaN,NaN,270,0,NaN,NaN,2,NaN,NaN,NaN,NaN,NaN,NaN,264,97.77777778
NaN,NaN,NaN,NaN,NaN,270,0,NaN,NaN,2,NaN,NaN,NaN,NaN,NaN,NaN,254,94.07407407
NaN,NaN,NaN,NaN,NaN,270,0,NaN,NaN,1,NaN,NaN,NaN,NaN,NaN,NaN,250,92.59259259
NaN,NaN,NaN,NaN,NaN,270,0,NaN,NaN,4,NaN,NaN,NaN,NaN,NaN,NaN,201,74.44444444
NaN,NaN,NaN,NaN,NaN,270,0,NaN,NaN,4,NaN,NaN,NaN,NaN,NaN,NaN,207,76.66666667
NaN,NaN,NaN,NaN,NaN,270,0,NaN,NaN,5,NaN,NaN,NaN,NaN,NaN,NaN,237,87.77777778
NaN,NaN,NaN,NaN,NaN,270,0,NaN,NaN,5,NaN,NaN,NaN,NaN,NaN,NaN,254,94.07407407
NaN,NaN,NaN,NaN,NaN,270,0,NaN,NaN,5,NaN,NaN,NaN,NaN,NaN,NaN,236,87.40740741
NaN,NaN,NaN,NaN,NaN,270,0,NaN,NaN,3,NaN,NaN,NaN,NaN,NaN,NaN,263,97.40740741
NaN,NaN,NaN,NaN,NaN,270,0,NaN,NaN,5,NaN,NaN,NaN,NaN,NaN,NaN,261,96.66666667
NaN,NaN,NaN,NaN,NaN,270,0,NaN,NaN,5,NaN,NaN,NaN,NaN,NaN,NaN,263,97.40740741
NaN,NaN,NaN,NaN,NaN,270,0,NaN,NaN,5,NaN,NaN,NaN,NaN,NaN,NaN,252,93.33333333
NaN,NaN,NaN,NaN,NaN,270,0,NaN,NaN,5,NaN,NaN,NaN,NaN,NaN,NaN,231,85.55555556
NaN,NaN,NaN,NaN,NaN,270,0,NaN,NaN,3,NaN,NaN,NaN,NaN,NaN,NaN,252,93.33333333
NaN,NaN,NaN,NaN,NaN,270,0,NaN,NaN,5,NaN,NaN,NaN,NaN,NaN,NaN,233,86.2962963
NaN,NaN,NaN,NaN,NaN,270,0,NaN,NaN,5,NaN,NaN,NaN,NaN,NaN,NaN,213,78.88888889
NaN,NaN,NaN,NaN,NaN,270,0,NaN,NaN,4,NaN,NaN,NaN,NaN,NaN,NaN,233,86.2962963
NaN,NaN,NaN,NaN,NaN,270,0,NaN,NaN,5,NaN,NaN,NaN,NaN,NaN,NaN,229,84.81481481
NaN,NaN,NaN,NaN,NaN,270,0,NaN,NaN,3,NaN,NaN,NaN,NaN,NaN,NaN,264,97.77777778
NaN,NaN,NaN,NaN,NaN,270,0,NaN,NaN,5,NaN,NaN,NaN,NaN,NaN,NaN,246,91.11111111
NaN,NaN,NaN,NaN,NaN,270,0,NaN,NaN,4,NaN,NaN,NaN,NaN,NaN,NaN,181,67.03703704
NaN,NaN,NaN,NaN,NaN,270,0,NaN,NaN,5,NaN,NaN,NaN,NaN,NaN,NaN,248,91.85185185
NaN,NaN,NaN,NaN,NaN,270,0,NaN,NaN,5,NaN,NaN,NaN,NaN,NaN,NaN,225,83.33333333
NaN,NaN,NaN,NaN,NaN,270,0,NaN,NaN,3,NaN,NaN,NaN,NaN,NaN,NaN,249,92.22222222
NaN,NaN,NaN,NaN,NaN,270,0,NaN,NaN,3,NaN,NaN,NaN,NaN,NaN,NaN,244,90.37037037
NaN,NaN,NaN,NaN,NaN,270,0,NaN,NaN,3,NaN,NaN,NaN,NaN,NaN,NaN,258,95.55555556
NaN,NaN,NaN,NaN,NaN,270,0,NaN,NaN,3,NaN,NaN,NaN,NaN,NaN,NaN,252,93.33333333
NaN,NaN,NaN,NaN,NaN,270,0,NaN,NaN,3,NaN,NaN,NaN,NaN,NaN,NaN,193,71.48148148
NaN,NaN,NaN,NaN,NaN,270,0,NaN,NaN,3,NaN,NaN,NaN,NaN,NaN,NaN,264,97.77777778
NaN,NaN,NaN,NaN,NaN,270,0,NaN,NaN,4,NaN,NaN,NaN,NaN,NaN,NaN,258,95.55555556
NaN,NaN,NaN,NaN,NaN,270,0,NaN,NaN,4,NaN,NaN,NaN,NaN,NaN,NaN,242,89.62962963
NaN,NaN,NaN,NaN,NaN,270,0,NaN,NaN,2,NaN,NaN,NaN,NaN,NaN,NaN,264,97.77777778
NaN,NaN,NaN,NaN,NaN,270,0,NaN,NaN,3,NaN,NaN,NaN,NaN,NaN,NaN,253,93.7037037
NaN,NaN,NaN,NaN,NaN,270,0,NaN,NaN,3,NaN,NaN,NaN,NaN,NaN,NaN,241,89.25925926
NaN,NaN,NaN,NaN,NaN,270,0,NaN,NaN,3,NaN,NaN,NaN,NaN,NaN,NaN,239,88.51851852
NaN,NaN,NaN,NaN,NaN,270,0,NaN,NaN,3,NaN,NaN,NaN,NaN,NaN,NaN,244,90.37037037
NaN,NaN,NaN,NaN,NaN,270,0,NaN,NaN,3,NaN,NaN,NaN,NaN,NaN,NaN,254,94.07407407
NaN,NaN,NaN,NaN,NaN,270,0,NaN,NaN,2,NaN,NaN,NaN,NaN,NaN,NaN,248,91.85185185
NaN,NaN,NaN,NaN,NaN,270,0,NaN,NaN,2,NaN,NaN,NaN,NaN,NaN,NaN,214,79.25925926
NaN,NaN,NaN,NaN,NaN,270,0,NaN,NaN,2,NaN,NaN,NaN,NaN,NaN,NaN,259,95.92592593
NaN,NaN,NaN,NaN,NaN,270,0,NaN,NaN,3,NaN,NaN,NaN,NaN,NaN,NaN,249,92.22222222
NaN,NaN,NaN,NaN,NaN,270,0,NaN,NaN,2,NaN,NaN,NaN,NaN,NaN,NaN,263,97.40740741
NaN,NaN,NaN,NaN,NaN,270,0,NaN,NaN,3,NaN,NaN,NaN,NaN,NaN,NaN,247,91.48148148
NaN,NaN,NaN,NaN,NaN,270,0,NaN,NaN,2,NaN,NaN,NaN,NaN,NaN,NaN,264,97.77777778
NaN,NaN,NaN,NaN,NaN,270,0,NaN,NaN,2,NaN,NaN,NaN,NaN,NaN,NaN,263,97.40740741
NaN,NaN,NaN,NaN,NaN,270,0,NaN,NaN,2,NaN,NaN,NaN,NaN,NaN,NaN,265,98.14814815
NaN,NaN,NaN,NaN,NaN,270,0,NaN,NaN,2,NaN,NaN,NaN,NaN,NaN,NaN,255,94.44444444
NaN,NaN,NaN,NaN,NaN,270,0,NaN,NaN,2,NaN,NaN,NaN,NaN,NaN,NaN,250,92.59259259
NaN,NaN,NaN,NaN,NaN,270,0,NaN,NaN,3,NaN,NaN,NaN,NaN,NaN,NaN,245,90.74074074
NaN,NaN,NaN,NaN,NaN,270,0,NaN,NaN,2,NaN,NaN,NaN,NaN,NaN,NaN,255,94.44444444
NaN,NaN,NaN,NaN,NaN,270,0,NaN,NaN,3,NaN,NaN,NaN,NaN,NaN,NaN,263,97.40740741
NaN,NaN,NaN,NaN,NaN,270,0,NaN,NaN,2,NaN,NaN,NaN,NaN,NaN,NaN,229,84.81481481
NaN,NaN,NaN,NaN,NaN,270,0,NaN,NaN,2,NaN,NaN,NaN,NaN,NaN,NaN,248,91.85185185
NaN,NaN,NaN,NaN,NaN,270,0,NaN,NaN,3,NaN,NaN,NaN,NaN,NaN,NaN,182,67.40740741
NaN,NaN,NaN,NaN,NaN,270,0,NaN,NaN,3,NaN,NaN,NaN,NaN,NaN,NaN,201,74.44444444
NaN,NaN,NaN,NaN,NaN,270,0,NaN,NaN,3,NaN,NaN,NaN,NaN,NaN,NaN,136,50.37037037
NaN,NaN,NaN,NaN,NaN,270,0,NaN,NaN,4,NaN,NaN,NaN,NaN,NaN,NaN,183,67.77777778
NaN,NaN,NaN,NaN,NaN,270,0,NaN,NaN,5,NaN,NaN,NaN,NaN,NaN,NaN,150,55.55555556
NaN,NaN,NaN,NaN,NaN,270,0,NaN,NaN,5,NaN,NaN,NaN,NaN,NaN,NaN,185,68.51851852
NaN,NaN,NaN,NaN,NaN,270,0,NaN,NaN,4,NaN,NaN,NaN,NaN,NaN,NaN,160,59.25925926
NaN,NaN,NaN,NaN,NaN,270,0,NaN,NaN,4,NaN,NaN,NaN,NaN,NaN,NaN,187,69.25925926
NaN,NaN,NaN,NaN,NaN,270,0,NaN,NaN,2,NaN,NaN,NaN,NaN,NaN,NaN,227,84.07407407
NaN,NaN,NaN,NaN,NaN,270,0,NaN,NaN,2,NaN,NaN,NaN,NaN,NaN,NaN,256,94.81481481
NaN,NaN,NaN,NaN,NaN,270,0,NaN,NaN,3,NaN,NaN,NaN,NaN,NaN,NaN,205,75.92592593
NaN,NaN,NaN,NaN,NaN,270,0,NaN,NaN,4,NaN,NaN,NaN,NaN,NaN,NaN,149,55.18518519
NaN,NaN,NaN,NaN,NaN,270,0,NaN,NaN,4,NaN,NaN,NaN,NaN,NaN,NaN,211,78.14814815
NaN,NaN,NaN,NaN,NaN,270,0,NaN,NaN,3,NaN,NaN,NaN,NaN,NaN,NaN,193,71.48148148
NaN,NaN,NaN,NaN,NaN,270,0,NaN,NaN,4,NaN,NaN,NaN,NaN,NaN,NaN,223,82.59259259
NaN,NaN,NaN,NaN,NaN,270,0,NaN,NaN,4,NaN,NaN,NaN,NaN,NaN,NaN,156,57.77777778
NaN,NaN,NaN,NaN,NaN,270,0,NaN,NaN,3,NaN,NaN,NaN,NaN,NaN,NaN,228,84.44444444
NaN,NaN,NaN,NaN,NaN,270,0,NaN,NaN,4,NaN,NaN,NaN,NaN,NaN,NaN,176,65.18518519
NaN,NaN,NaN,NaN,NaN,270,0,NaN,NaN,4,NaN,NaN,NaN,NaN,NaN,NaN,225,83.33333333
NaN,NaN,NaN,NaN,NaN,270,0,NaN,NaN,3,NaN,NaN,NaN,NaN,NaN,NaN,197,72.96296296
NaN,NaN,NaN,NaN,NaN,270,0,NaN,NaN,3,NaN,NaN,NaN,NaN,NaN,NaN,211,78.14814815
NaN,NaN,NaN,NaN,NaN,270,0,NaN,NaN,2,NaN,NaN,NaN,NaN,NaN,NaN,235,87.03703704
NaN,NaN,NaN,NaN,NaN,270,0,NaN,NaN,2,NaN,NaN,NaN,NaN,NaN,NaN,250,92.59259259
NaN,NaN,NaN,NaN,NaN,270,0,NaN,NaN,3,NaN,NaN,NaN,NaN,NaN,NaN,221,81.85185185
NaN,NaN,NaN,NaN,NaN,270,0,NaN,NaN,3,NaN,NaN,NaN,NaN,NaN,NaN,215,79.62962963
NaN,NaN,NaN,NaN,NaN,270,0,NaN,NaN,3,NaN,NaN,NaN,NaN,NaN,NaN,259,95.92592593
NaN,NaN,NaN,NaN,NaN,270,0,NaN,NaN,3,NaN,NaN,NaN,NaN,NaN,NaN,256,94.81481481
NaN,NaN,NaN,NaN,NaN,270,0,NaN,NaN,3,NaN,NaN,NaN,NaN,NaN,NaN,256,94.81481481
NaN,NaN,NaN,NaN,NaN,270,0,NaN,NaN,3,NaN,NaN,NaN,NaN,NaN,NaN,259,95.92592593
NaN,NaN,NaN,NaN,NaN,270,0,NaN,NaN,2,NaN,NaN,NaN,NaN,NaN,NaN,262,97.03703704
NaN,NaN,NaN,NaN,NaN,270,0,NaN,NaN,3,NaN,NaN,NaN,NaN,NaN,NaN,263,97.40740741
NaN,NaN,NaN,NaN,NaN,270,0,NaN,NaN,3,NaN,NaN,NaN,NaN,NaN,NaN,263,97.40740741
NaN,NaN,NaN,NaN,NaN,270,0,NaN,NaN,3,NaN,NaN,NaN,NaN,NaN,NaN,262,97.03703704
NaN,NaN,NaN,NaN,NaN,270,0,NaN,NaN,5,NaN,NaN,NaN,NaN,NaN,NaN,261,96.66666667
NaN,NaN,NaN,NaN,NaN,270,0,NaN,NaN,3,NaN,NaN,NaN,NaN,NaN,NaN,263,97.40740741
NaN,NaN,NaN,NaN,NaN,270,0,NaN,NaN,3,NaN,NaN,NaN,NaN,NaN,NaN,263,97.40740741
NaN,NaN,NaN,NaN,NaN,270,0,NaN,NaN,4,NaN,NaN,NaN,NaN,NaN,NaN,261,96.66666667
NaN,NaN,NaN,NaN,NaN,270,0,NaN,NaN,5,NaN,NaN,NaN,NaN,NaN,NaN,262,97.03703704
NaN,NaN,NaN,NaN,NaN,270,0,NaN,NaN,5,NaN,NaN,NaN,NaN,NaN,NaN,263,97.40740741
NaN,NaN,NaN,NaN,NaN,270,0,NaN,NaN,4,NaN,NaN,NaN,NaN,NaN,NaN,264,97.77777778
NaN,NaN,NaN,NaN,NaN,270,0,NaN,NaN,4,NaN,NaN,NaN,NaN,NaN,NaN,264,97.77777778
NaN,NaN,NaN,NaN,NaN,270,0,NaN,NaN,3,NaN,NaN,NaN,NaN,NaN,NaN,263,97.40740741
NaN,NaN,NaN,NaN,NaN,270,0,NaN,NaN,4,NaN,NaN,NaN,NaN,NaN,NaN,264,97.77777778
NaN,NaN,NaN,NaN,NaN,270,0,NaN,NaN,4,NaN,NaN,NaN,NaN,NaN,NaN,264,97.77777778
NaN,NaN,NaN,NaN,NaN,270,0,NaN,NaN,2,NaN,NaN,NaN,NaN,NaN,NaN,255,94.44444444
NaN,NaN,NaN,NaN,NaN,270,0,NaN,NaN,2,NaN,NaN,NaN,NaN,NaN,NaN,257,95.18518519
NaN,NaN,NaN,NaN,NaN,270,0,NaN,NaN,4,NaN,NaN,NaN,NaN,NaN,NaN,263,97.40740741
NaN,NaN,NaN,NaN,NaN,270,0,NaN,NaN,4,NaN,NaN,NaN,NaN,NaN,NaN,260,96.2962963
NaN,NaN,NaN,NaN,NaN,270,0,NaN,NaN,3,NaN,NaN,NaN,NaN,NaN,NaN,263,97.40740741
NaN,NaN,NaN,NaN,NaN,270,0,NaN,NaN,3,NaN,NaN,NaN,NaN,NaN,NaN,258,95.55555556
NaN,NaN,NaN,NaN,NaN,270,0,NaN,NaN,3,NaN,NaN,NaN,NaN,NaN,NaN,262,97.03703704
NaN,NaN,NaN,NaN,NaN,270,0,NaN,NaN,4,NaN,NaN,NaN,NaN,NaN,NaN,263,97.40740741
NaN,NaN,NaN,NaN,NaN,270,0,NaN,NaN,4,NaN,NaN,NaN,NaN,NaN,NaN,187,69.25925926
NaN,NaN,NaN,NaN,NaN,270,0,NaN,NaN,4,NaN,NaN,NaN,NaN,NaN,NaN,161,59.62962963
NaN,NaN,NaN,NaN,NaN,270,0,NaN,NaN,5,NaN,NaN,NaN,NaN,NaN,NaN,200,74.07407407
NaN,NaN,NaN,NaN,NaN,270,0,NaN,NaN,3,NaN,NaN,NaN,NaN,NaN,NaN,226,83.7037037
NaN,NaN,NaN,NaN,NaN,270,0,NaN,NaN,4,NaN,NaN,NaN,NaN,NaN,NaN,167,61.85185185
NaN,NaN,NaN,NaN,NaN,270,0,NaN,NaN,4,NaN,NaN,NaN,NaN,NaN,NaN,248,91.85185185
NaN,NaN,NaN,NaN,NaN,270,0,NaN,NaN,4,NaN,NaN,NaN,NaN,NaN,NaN,227,84.07407407
NaN,NaN,NaN,NaN,NaN,270,0,NaN,NaN,3,NaN,NaN,NaN,NaN,NaN,NaN,207,76.66666667
NaN,NaN,NaN,NaN,NaN,270,0,NaN,NaN,3,NaN,NaN,NaN,NaN,NaN,NaN,195,72.22222222
NaN,NaN,NaN,NaN,NaN,270,0,NaN,NaN,5,NaN,NaN,NaN,NaN,NaN,NaN,163,60.37037037
NaN,NaN,NaN,NaN,NaN,270,0,NaN,NaN,4,NaN,NaN,NaN,NaN,NaN,NaN,174,64.44444444
NaN,NaN,NaN,NaN,NaN,270,0,NaN,NaN,5,NaN,NaN,NaN,NaN,NaN,NaN,191,70.74074074
NaN,NaN,NaN,NaN,NaN,270,0,NaN,NaN,4,NaN,NaN,NaN,NaN,NaN,NaN,187,69.25925926
NaN,NaN,NaN,NaN,NaN,270,0,NaN,NaN,4,NaN,NaN,NaN,NaN,NaN,NaN,192,71.11111111
NaN,NaN,NaN,NaN,NaN,270,0,NaN,NaN,4,NaN,NaN,NaN,NaN,NaN,NaN,221,81.85185185
NaN,NaN,NaN,NaN,NaN,270,0,NaN,NaN,5,NaN,NaN,NaN,NaN,NaN,NaN,159,58.88888889
NaN,NaN,NaN,NaN,NaN,270,0,NaN,NaN,4,NaN,NaN,NaN,NaN,NaN,NaN,192,71.11111111
NaN,NaN,NaN,NaN,NaN,270,0,NaN,NaN,5,NaN,NaN,NaN,NaN,NaN,NaN,203,75.18518519
NaN,NaN,NaN,NaN,NaN,270,0,NaN,NaN,3,NaN,NaN,NaN,NaN,NaN,NaN,264,97.77777778
NaN,NaN,NaN,NaN,NaN,270,0,NaN,NaN,3,NaN,NaN,NaN,NaN,NaN,NaN,262,97.03703704
NaN,NaN,NaN,NaN,NaN,270,0,NaN,NaN,5,NaN,NaN,NaN,NaN,NaN,NaN,265,98.14814815
NaN,NaN,NaN,NaN,NaN,270,0,NaN,NaN,NaN,NaN,NaN,NaN,NaN,NaN,NaN,262,97.03703704
NaN,NaN,NaN,NaN,NaN,270,0,NaN,NaN,2,NaN,NaN,NaN,NaN,NaN,NaN,263,97.40740741
NaN,NaN,NaN,NaN,NaN,270,0,NaN,NaN,3,NaN,NaN,NaN,NaN,NaN,NaN,264,97.77777778
NaN,NaN,NaN,NaN,NaN,270,0,NaN,NaN,4,NaN,NaN,NaN,NaN,NaN,NaN,255,94.44444444
NaN,NaN,NaN,NaN,NaN,270,0,NaN,NaN,3,NaN,NaN,NaN,NaN,NaN,NaN,255,94.44444444
NaN,NaN,NaN,NaN,NaN,270,0,NaN,NaN,2,NaN,NaN,NaN,NaN,NaN,NaN,183,67.77777778
NaN,NaN,NaN,NaN,NaN,270,0,NaN,NaN,5,NaN,NaN,NaN,NaN,NaN,NaN,240,88.88888889
NaN,NaN,NaN,NaN,NaN,270,0,NaN,NaN,2,NaN,NaN,NaN,NaN,NaN,NaN,199,73.7037037
NaN,NaN,NaN,NaN,NaN,270,0,NaN,NaN,2,NaN,NaN,NaN,NaN,NaN,NaN,224,82.96296296
NaN,NaN,NaN,NaN,NaN,270,0,NaN,NaN,3,NaN,NaN,NaN,NaN,NaN,NaN,213,78.88888889
NaN,NaN,NaN,NaN,NaN,270,0,NaN,NaN,1,NaN,NaN,NaN,NaN,NaN,NaN,211,78.14814815
NaN,NaN,NaN,NaN,NaN,270,0,NaN,NaN,2,NaN,NaN,NaN,NaN,NaN,NaN,160,59.25925926
NaN,NaN,NaN,NaN,NaN,270,0,NaN,NaN,3,NaN,NaN,NaN,NaN,NaN,NaN,197,72.96296296
NaN,NaN,NaN,NaN,NaN,270,0,NaN,NaN,2,NaN,NaN,NaN,NaN,NaN,NaN,170,62.96296296
NaN,NaN,NaN,NaN,NaN,270,0,NaN,NaN,1,NaN,NaN,NaN,NaN,NaN,NaN,205,75.92592593
NaN,NaN,NaN,NaN,NaN,270,0,NaN,NaN,2,NaN,NaN,NaN,NaN,NaN,NaN,168,62.22222222
NaN,NaN,NaN,NaN,NaN,270,0,NaN,NaN,1,NaN,NaN,NaN,NaN,NaN,NaN,259,95.92592593
NaN,NaN,NaN,NaN,NaN,270,0,NaN,NaN,1,NaN,NaN,NaN,NaN,NaN,NaN,260,96.2962963
NaN,NaN,NaN,NaN,NaN,270,0,NaN,NaN,1,NaN,NaN,NaN,NaN,NaN,NaN,235,87.03703704
NaN,NaN,NaN,NaN,NaN,270,0,NaN,NaN,1,NaN,NaN,NaN,NaN,NaN,NaN,259,95.92592593
NaN,NaN,NaN,NaN,NaN,270,0,NaN,NaN,1,NaN,NaN,NaN,NaN,NaN,NaN,242,89.62962963
NaN,NaN,NaN,NaN,NaN,270,0,NaN,NaN,2,NaN,NaN,NaN,NaN,NaN,NaN,221,81.85185185
NaN,NaN,NaN,NaN,NaN,270,0,NaN,NaN,2,NaN,NaN,NaN,NaN,NaN,NaN,204,75.55555556
NaN,NaN,NaN,NaN,NaN,270,0,NaN,NaN,2,NaN,NaN,NaN,NaN,NaN,NaN,212,78.51851852
NaN,NaN,NaN,NaN,NaN,270,0,NaN,NaN,2,NaN,NaN,NaN,NaN,NaN,NaN,249,92.22222222
NaN,NaN,NaN,NaN,NaN,270,0,NaN,NaN,3,NaN,NaN,NaN,NaN,NaN,NaN,230,85.18518519
NaN,NaN,NaN,NaN,NaN,270,0,NaN,NaN,1,NaN,NaN,NaN,NaN,NaN,NaN,185,68.51851852
NaN,NaN,NaN,NaN,NaN,270,0,NaN,NaN,4,NaN,NaN,NaN,NaN,NaN,NaN,250,92.59259259
NaN,NaN,NaN,NaN,NaN,270,0,NaN,NaN,4,NaN,NaN,NaN,NaN,NaN,NaN,264,97.77777778
NaN,NaN,NaN,NaN,NaN,270,0,NaN,NaN,2,NaN,NaN,NaN,NaN,NaN,NaN,193,71.48148148
NaN,NaN,NaN,NaN,NaN,270,0,NaN,NaN,3,NaN,NaN,NaN,NaN,NaN,NaN,263,97.40740741
NaN,NaN,NaN,NaN,NaN,270,0,NaN,NaN,4,NaN,NaN,NaN,NaN,NaN,NaN,252,93.33333333
NaN,NaN,NaN,NaN,NaN,270,0,NaN,NaN,5,NaN,NaN,NaN,NaN,NaN,NaN,235,87.03703704
NaN,NaN,NaN,NaN,NaN,270,0,NaN,NaN,5,NaN,NaN,NaN,NaN,NaN,NaN,182,67.40740741
NaN,NaN,NaN,NaN,NaN,270,0,NaN,NaN,4,NaN,NaN,NaN,NaN,NaN,NaN,230,85.18518519
NaN,NaN,NaN,NaN,NaN,270,0,NaN,NaN,1,NaN,NaN,NaN,NaN,NaN,NaN,232,85.92592593
NaN,NaN,NaN,NaN,NaN,270,0,NaN,NaN,3,NaN,NaN,NaN,NaN,NaN,NaN,243,90
NaN,NaN,NaN,NaN,NaN,270,0,NaN,NaN,5,NaN,NaN,NaN,NaN,NaN,NaN,251,92.96296296
NaN,NaN,NaN,NaN,NaN,270,0,NaN,NaN,4,NaN,NaN,NaN,NaN,NaN,NaN,248,91.85185185
NaN,NaN,NaN,NaN,NaN,270,0,NaN,NaN,3,NaN,NaN,NaN,NaN,NaN,NaN,229,84.81481481
NaN,NaN,NaN,NaN,NaN,270,0,NaN,NaN,2,NaN,NaN,NaN,NaN,NaN,NaN,243,90
NaN,NaN,NaN,NaN,NaN,270,0,NaN,NaN,2,NaN,NaN,NaN,NaN,NaN,NaN,246,91.11111111
NaN,NaN,NaN,NaN,NaN,270,0,NaN,NaN,3,NaN,NaN,NaN,NaN,NaN,NaN,227,84.07407407
NaN,NaN,NaN,NaN,NaN,270,0,NaN,NaN,4,NaN,NaN,NaN,NaN,NaN,NaN,222,82.22222222
NaN,NaN,NaN,NaN,NaN,270,0,NaN,NaN,4,NaN,NaN,NaN,NaN,NaN,NaN,257,95.18518519
NaN,NaN,NaN,NaN,NaN,270,0,NaN,NaN,3,NaN,NaN,NaN,NaN,NaN,NaN,203,75.18518519
NaN,NaN,NaN,NaN,NaN,270,0,NaN,NaN,3,NaN,NaN,NaN,NaN,NaN,NaN,264,97.77777778
NaN,NaN,NaN,NaN,NaN,270,0,NaN,NaN,2,NaN,NaN,NaN,NaN,NaN,NaN,249,92.22222222
NaN,NaN,NaN,NaN,NaN,270,0,NaN,NaN,2,NaN,NaN,NaN,NaN,NaN,NaN,260,96.2962963
NaN,NaN,NaN,NaN,NaN,270,0,NaN,NaN,2,NaN,NaN,NaN,NaN,NaN,NaN,264,97.77777778
NaN,NaN,NaN,NaN,NaN,270,0,NaN,NaN,3,NaN,NaN,NaN,NaN,NaN,NaN,261,96.66666667
NaN,NaN,NaN,NaN,NaN,270,0,NaN,NaN,4,NaN,NaN,NaN,NaN,NaN,NaN,265,98.14814815
NaN,NaN,NaN,NaN,NaN,270,0,NaN,NaN,4,NaN,NaN,NaN,NaN,NaN,NaN,265,98.14814815
NaN,NaN,NaN,NaN,NaN,270,0,NaN,NaN,4,NaN,NaN,NaN,NaN,NaN,NaN,263,97.40740741
NaN,NaN,NaN,NaN,NaN,270,0,NaN,NaN,2,NaN,NaN,NaN,NaN,NaN,NaN,265,98.14814815
NaN,NaN,NaN,NaN,NaN,270,0,NaN,NaN,2,NaN,NaN,NaN,NaN,NaN,NaN,265,98.14814815
NaN,NaN,NaN,NaN,NaN,270,0,NaN,NaN,1,NaN,NaN,NaN,NaN,NaN,NaN,265,98.14814815
NaN,NaN,NaN,NaN,NaN,270,0,NaN,NaN,1,NaN,NaN,NaN,NaN,NaN,NaN,264,97.77777778
NaN,NaN,NaN,NaN,NaN,270,0,NaN,NaN,3,NaN,NaN,NaN,NaN,NaN,NaN,264,97.77777778
NaN,NaN,NaN,NaN,NaN,270,0,NaN,NaN,4,NaN,NaN,NaN,NaN,NaN,NaN,265,98.14814815
NaN,NaN,NaN,NaN,NaN,270,0,NaN,NaN,5,NaN,NaN,NaN,NaN,NaN,NaN,264,97.77777778
NaN,NaN,NaN,NaN,NaN,270,0,NaN,NaN,3,NaN,NaN,NaN,NaN,NaN,NaN,264,97.77777778
NaN,NaN,NaN,NaN,NaN,270,0,NaN,NaN,2,NaN,NaN,NaN,NaN,NaN,NaN,265,98.14814815
NaN,NaN,NaN,NaN,NaN,270,0,NaN,NaN,1,NaN,NaN,NaN,NaN,NaN,NaN,264,97.77777778
NaN,NaN,NaN,NaN,NaN,270,0,NaN,NaN,1,NaN,NaN,NaN,NaN,NaN,NaN,265,98.14814815
NaN,NaN,NaN,NaN,NaN,270,0,NaN,NaN,1,NaN,NaN,NaN,NaN,NaN,NaN,264,97.77777778
NaN,NaN,NaN,NaN,NaN,270,0,NaN,NaN,2,NaN,NaN,NaN,NaN,NaN,NaN,264,97.77777778
NaN,NaN,NaN,NaN,NaN,270,0,NaN,NaN,4,NaN,NaN,NaN,NaN,NaN,NaN,265,98.14814815
NaN,NaN,NaN,NaN,NaN,270,0,NaN,NaN,4,NaN,NaN,NaN,NaN,NaN,NaN,265,98.14814815
NaN,NaN,NaN,NaN,NaN,270,0,NaN,NaN,4,NaN,NaN,NaN,NaN,NaN,NaN,260,96.2962963
NaN,NaN,NaN,NaN,NaN,270,0,NaN,NaN,5,NaN,NaN,NaN,NaN,NaN,NaN,250,92.59259259
NaN,NaN,NaN,NaN,NaN,270,0,NaN,NaN,5,NaN,NaN,NaN,NaN,NaN,NaN,264,97.77777778
NaN,NaN,NaN,NaN,NaN,270,0,NaN,NaN,1,NaN,NaN,NaN,NaN,NaN,NaN,264,97.77777778
NaN,NaN,NaN,NaN,NaN,270,0,NaN,NaN,3,NaN,NaN,NaN,NaN,NaN,NaN,264,97.77777778
NaN,NaN,NaN,NaN,NaN,270,0,NaN,NaN,2,NaN,NaN,NaN,NaN,NaN,NaN,265,98.14814815
NaN,NaN,NaN,NaN,NaN,270,0,NaN,NaN,4,NaN,NaN,NaN,NaN,NaN,NaN,265,98.14814815
NaN,NaN,NaN,NaN,NaN,270,0,NaN,NaN,4,NaN,NaN,NaN,NaN,NaN,NaN,265,98.14814815
NaN,NaN,NaN,NaN,NaN,270,0,NaN,NaN,3,NaN,NaN,NaN,NaN,NaN,NaN,265,98.14814815
NaN,NaN,NaN,NaN,NaN,270,0,NaN,NaN,1,NaN,NaN,NaN,NaN,NaN,NaN,254,94.07407407
NaN,NaN,NaN,NaN,NaN,270,0,NaN,NaN,2,NaN,NaN,NaN,NaN,NaN,NaN,265,98.14814815
NaN,NaN,NaN,NaN,NaN,270,0,NaN,NaN,3,NaN,NaN,NaN,NaN,NaN,NaN,264,97.77777778
NaN,NaN,NaN,NaN,NaN,270,0,NaN,NaN,2,NaN,NaN,NaN,NaN,NaN,NaN,262,97.03703704
NaN,NaN,NaN,NaN,NaN,270,0,NaN,NaN,3,NaN,NaN,NaN,NaN,NaN,NaN,265,98.14814815
NaN,NaN,NaN,NaN,NaN,270,0,NaN,NaN,1,NaN,NaN,NaN,NaN,NaN,NaN,265,98.14814815
NaN,NaN,NaN,NaN,NaN,270,0,NaN,NaN,2,NaN,NaN,NaN,NaN,NaN,NaN,264,97.77777778
NaN,NaN,NaN,NaN,NaN,270,0,NaN,NaN,1,NaN,NaN,NaN,NaN,NaN,NaN,265,98.14814815
NaN,NaN,NaN,NaN,NaN,270,0,NaN,NaN,2,NaN,NaN,NaN,NaN,NaN,NaN,264,97.77777778
NaN,NaN,NaN,NaN,NaN,270,0,NaN,NaN,2,NaN,NaN,NaN,NaN,NaN,NaN,259,95.92592593
NaN,NaN,NaN,NaN,NaN,270,0,NaN,NaN,1,NaN,NaN,NaN,NaN,NaN,NaN,265,98.14814815
NaN,NaN,NaN,NaN,NaN,270,0,NaN,NaN,1,NaN,NaN,NaN,NaN,NaN,NaN,263,97.40740741
NaN,NaN,NaN,NaN,NaN,270,0,NaN,NaN,1,NaN,NaN,NaN,NaN,NaN,NaN,256,94.81481481
NaN,NaN,NaN,NaN,NaN,270,0,NaN,NaN,3,NaN,NaN,NaN,NaN,NaN,NaN,263,97.40740741
NaN,NaN,NaN,NaN,NaN,270,0,NaN,NaN,3,NaN,NaN,NaN,NaN,NaN,NaN,261,96.66666667
NaN,NaN,NaN,NaN,NaN,270,0,NaN,NaN,1,NaN,NaN,NaN,NaN,NaN,NaN,258,95.55555556
NaN,NaN,NaN,NaN,NaN,270,0,NaN,NaN,1,NaN,NaN,NaN,NaN,NaN,NaN,241,89.25925926
NaN,NaN,NaN,NaN,NaN,270,0,NaN,NaN,1,NaN,NaN,NaN,NaN,NaN,NaN,263,97.40740741
NaN,NaN,NaN,NaN,NaN,270,0,NaN,NaN,1,NaN,NaN,NaN,NaN,NaN,NaN,254,94.07407407
NaN,NaN,NaN,NaN,NaN,270,0,NaN,NaN,1,NaN,NaN,NaN,NaN,NaN,NaN,250,92.59259259
NaN,NaN,NaN,NaN,NaN,270,0,NaN,NaN,2,NaN,NaN,NaN,NaN,NaN,NaN,256,94.81481481
NaN,NaN,NaN,NaN,NaN,270,0,NaN,NaN,2,NaN,NaN,NaN,NaN,NaN,NaN,263,97.40740741
NaN,NaN,NaN,NaN,NaN,270,0,NaN,NaN,2,NaN,NaN,NaN,NaN,NaN,NaN,248,91.85185185
NaN,NaN,NaN,NaN,NaN,270,0,NaN,NaN,2,NaN,NaN,NaN,NaN,NaN,NaN,248,91.85185185
NaN,NaN,NaN,NaN,NaN,270,0,NaN,NaN,1,NaN,NaN,NaN,NaN,NaN,NaN,236,87.40740741
NaN,NaN,NaN,NaN,NaN,270,0,NaN,NaN,1,NaN,NaN,NaN,NaN,NaN,NaN,242,89.62962963
NaN,NaN,NaN,NaN,NaN,270,0,NaN,NaN,1,NaN,NaN,NaN,NaN,NaN,NaN,241,89.25925926
NaN,NaN,NaN,NaN,NaN,270,0,NaN,NaN,1,NaN,NaN,NaN,NaN,NaN,NaN,264,97.77777778
NaN,NaN,NaN,NaN,NaN,270,0,NaN,NaN,2,NaN,NaN,NaN,NaN,NaN,NaN,262,97.03703704
NaN,NaN,NaN,NaN,NaN,270,0,NaN,NaN,2,NaN,NaN,NaN,NaN,NaN,NaN,263,97.40740741
NaN,NaN,NaN,NaN,NaN,270,0,NaN,NaN,2,NaN,NaN,NaN,NaN,NaN,NaN,252,93.33333333
NaN,NaN,NaN,NaN,NaN,270,0,NaN,NaN,3,NaN,NaN,NaN,NaN,NaN,NaN,222,82.22222222
NaN,NaN,NaN,NaN,NaN,270,0,NaN,NaN,3,NaN,NaN,NaN,NaN,NaN,NaN,184,68.14814815
NaN,NaN,NaN,NaN,NaN,270,0,NaN,NaN,2,NaN,NaN,NaN,NaN,NaN,NaN,168,62.22222222
NaN,NaN,NaN,NaN,NaN,270,0,NaN,NaN,1,NaN,NaN,NaN,NaN,NaN,NaN,256,94.81481481
NaN,NaN,NaN,NaN,NaN,270,0,NaN,NaN,3,NaN,NaN,NaN,NaN,NaN,NaN,264,97.77777778
NaN,NaN,NaN,NaN,NaN,270,0,NaN,NaN,3,NaN,NaN,NaN,NaN,NaN,NaN,262,97.03703704
NaN,NaN,NaN,NaN,NaN,270,0,NaN,NaN,2,NaN,NaN,NaN,NaN,NaN,NaN,260,96.2962963
NaN,NaN,NaN,NaN,NaN,270,0,NaN,NaN,3,NaN,NaN,NaN,NaN,NaN,NaN,260,96.2962963
NaN,NaN,NaN,NaN,NaN,270,0,NaN,NaN,4,NaN,NaN,NaN,NaN,NaN,NaN,231,85.55555556
NaN,NaN,NaN,NaN,NaN,270,0,NaN,NaN,2,NaN,NaN,NaN,NaN,NaN,NaN,228,84.44444444
NaN,NaN,NaN,NaN,NaN,270,0,NaN,NaN,3,NaN,NaN,NaN,NaN,NaN,NaN,241,89.25925926
NaN,NaN,NaN,NaN,NaN,270,0,NaN,NaN,2,NaN,NaN,NaN,NaN,NaN,NaN,262,97.03703704
NaN,NaN,NaN,NaN,NaN,270,0,NaN,NaN,3,NaN,NaN,NaN,NaN,NaN,NaN,263,97.40740741
NaN,NaN,NaN,NaN,NaN,270,0,NaN,NaN,2,NaN,NaN,NaN,NaN,NaN,NaN,262,97.03703704
NaN,NaN,NaN,NaN,NaN,270,0,NaN,NaN,3,NaN,NaN,NaN,NaN,NaN,NaN,252,93.33333333
NaN,NaN,NaN,NaN,NaN,270,0,NaN,NaN,3,NaN,NaN,NaN,NaN,NaN,NaN,260,96.2962963
NaN,NaN,NaN,NaN,NaN,270,0,NaN,NaN,4,NaN,NaN,NaN,NaN,NaN,NaN,247,91.48148148
NaN,NaN,NaN,NaN,NaN,270,0,NaN,NaN,3,NaN,NaN,NaN,NaN,NaN,NaN,252,93.33333333
NaN,NaN,NaN,NaN,NaN,270,0,NaN,NaN,4,NaN,NaN,NaN,NaN,NaN,NaN,258,95.55555556
NaN,NaN,NaN,NaN,NaN,270,0,NaN,NaN,4,NaN,NaN,NaN,NaN,NaN,NaN,260,96.2962963
NaN,NaN,NaN,NaN,NaN,270,0,NaN,NaN,4,NaN,NaN,NaN,NaN,NaN,NaN,241,89.25925926
NaN,NaN,NaN,NaN,NaN,270,0,NaN,NaN,2,NaN,NaN,NaN,NaN,NaN,NaN,214,79.25925926
NaN,NaN,NaN,NaN,NaN,270,0,NaN,NaN,1,NaN,NaN,NaN,NaN,NaN,NaN,173,64.07407407
NaN,NaN,NaN,NaN,NaN,270,0,NaN,NaN,1,NaN,NaN,NaN,NaN,NaN,NaN,161,59.62962963
NaN,NaN,NaN,NaN,NaN,270,0,NaN,NaN,5,NaN,NaN,NaN,NaN,NaN,NaN,243,90
NaN,NaN,NaN,NaN,NaN,270,0,NaN,NaN,5,NaN,NaN,NaN,NaN,NaN,NaN,215,79.62962963
NaN,NaN,NaN,NaN,NaN,270,0,NaN,NaN,4,NaN,NaN,NaN,NaN,NaN,NaN,171,63.33333333
NaN,NaN,NaN,NaN,NaN,270,0,NaN,NaN,3,NaN,NaN,NaN,NaN,NaN,NaN,181,67.03703704
NaN,NaN,NaN,NaN,NaN,270,0,NaN,NaN,5,NaN,NaN,NaN,NaN,NaN,NaN,142,52.59259259
NaN,NaN,NaN,NaN,NaN,270,0,NaN,NaN,5,NaN,NaN,NaN,NaN,NaN,NaN,217,80.37037037
NaN,NaN,NaN,NaN,NaN,270,0,NaN,NaN,3,NaN,NaN,NaN,NaN,NaN,NaN,208,77.03703704
NaN,NaN,NaN,NaN,NaN,270,0,NaN,NaN,1,NaN,NaN,NaN,NaN,NaN,NaN,206,76.2962963
NaN,NaN,NaN,NaN,NaN,270,0,NaN,NaN,4,NaN,NaN,NaN,NaN,NaN,NaN,200,74.07407407
NaN,NaN,NaN,NaN,NaN,270,0,NaN,NaN,1,NaN,NaN,NaN,NaN,NaN,NaN,181,67.03703704
NaN,NaN,NaN,NaN,NaN,270,0,NaN,NaN,1,NaN,NaN,NaN,NaN,NaN,NaN,206,76.2962963
NaN,NaN,NaN,NaN,NaN,270,0,NaN,NaN,1,NaN,NaN,NaN,NaN,NaN,NaN,165,61.11111111
NaN,NaN,NaN,NaN,NaN,270,0,NaN,NaN,5,NaN,NaN,NaN,NaN,NaN,NaN,211,78.14814815
NaN,NaN,NaN,NaN,NaN,270,0,NaN,NaN,4,NaN,NaN,NaN,NaN,NaN,NaN,220,81.48148148
NaN,NaN,NaN,NaN,NaN,270,0,NaN,NaN,1,NaN,NaN,NaN,NaN,NaN,NaN,186,68.88888889
NaN,NaN,NaN,NaN,NaN,270,0,NaN,NaN,1,NaN,NaN,NaN,NaN,NaN,NaN,217,80.37037037
NaN,NaN,NaN,NaN,NaN,270,0,NaN,NaN,3,NaN,NaN,NaN,NaN,NaN,NaN,263,97.40740741
NaN,NaN,NaN,NaN,NaN,270,0,NaN,NaN,4,NaN,NaN,NaN,NaN,NaN,NaN,253,93.7037037
NaN,NaN,NaN,NaN,NaN,270,0,NaN,NaN,5,NaN,NaN,NaN,NaN,NaN,NaN,244,90.37037037
NaN,NaN,NaN,NaN,NaN,270,0,NaN,NaN,5,NaN,NaN,NaN,NaN,NaN,NaN,234,86.66666667
NaN,NaN,NaN,NaN,NaN,270,0,NaN,NaN,3,NaN,NaN,NaN,NaN,NaN,NaN,240,88.88888889
NaN,NaN,NaN,NaN,NaN,270,0,NaN,NaN,2,NaN,NaN,NaN,NaN,NaN,NaN,177,65.55555556
NaN,NaN,NaN,NaN,NaN,270,0,NaN,NaN,2,NaN,NaN,NaN,NaN,NaN,NaN,255,94.44444444
NaN,NaN,NaN,NaN,NaN,270,0,NaN,NaN,2,NaN,NaN,NaN,NaN,NaN,NaN,263,97.40740741
NaN,NaN,NaN,NaN,NaN,270,0,NaN,NaN,2,NaN,NaN,NaN,NaN,NaN,NaN,260,96.2962963
NaN,NaN,NaN,NaN,NaN,270,0,NaN,NaN,2,NaN,NaN,NaN,NaN,NaN,NaN,264,97.77777778
NaN,NaN,NaN,NaN,NaN,269,1,NaN,NaN,2,NaN,NaN,NaN,NaN,NaN,NaN,252,93.6802974
NaN,NaN,NaN,NaN,NaN,270,0,NaN,NaN,1,NaN,NaN,NaN,NaN,NaN,NaN,263,97.40740741
NaN,NaN,NaN,NaN,NaN,270,0,NaN,NaN,1,NaN,NaN,NaN,NaN,NaN,NaN,254,94.07407407
NaN,NaN,NaN,NaN,NaN,270,0,NaN,NaN,1,NaN,NaN,NaN,NaN,NaN,NaN,243,90
NaN,NaN,NaN,NaN,NaN,270,0,NaN,NaN,2,NaN,NaN,NaN,NaN,NaN,NaN,253,93.7037037
NaN,NaN,NaN,NaN,NaN,270,0,NaN,NaN,1,NaN,NaN,NaN,NaN,NaN,NaN,230,85.18518519
NaN,NaN,NaN,NaN,NaN,270,0,NaN,NaN,1,NaN,NaN,NaN,NaN,NaN,NaN,265,98.14814815
NaN,NaN,NaN,NaN,NaN,270,0,NaN,NaN,4,NaN,NaN,NaN,NaN,NaN,NaN,260,96.2962963
NaN,NaN,NaN,NaN,NaN,270,0,NaN,NaN,2,NaN,NaN,NaN,NaN,NaN,NaN,265,98.14814815
NaN,NaN,NaN,NaN,NaN,270,0,NaN,NaN,2,NaN,NaN,NaN,NaN,NaN,NaN,265,98.14814815
NaN,NaN,NaN,NaN,NaN,270,0,NaN,NaN,2,NaN,NaN,NaN,NaN,NaN,NaN,265,98.14814815
NaN,NaN,NaN,NaN,NaN,270,0,NaN,NaN,2,NaN,NaN,NaN,NaN,NaN,NaN,264,97.77777778
NaN,NaN,NaN,NaN,NaN,270,0,NaN,NaN,2,NaN,NaN,NaN,NaN,NaN,NaN,264,97.77777778
NaN,NaN,NaN,NaN,NaN,270,0,NaN,NaN,2,NaN,NaN,NaN,NaN,NaN,NaN,264,97.77777778
NaN,NaN,NaN,NaN,NaN,270,0,NaN,NaN,2,NaN,NaN,NaN,NaN,NaN,NaN,255,94.44444444
NaN,NaN,NaN,NaN,NaN,270,0,NaN,NaN,4,NaN,NaN,NaN,NaN,NaN,NaN,186,68.88888889
NaN,NaN,NaN,NaN,NaN,270,0,NaN,NaN,2,NaN,NaN,NaN,NaN,NaN,NaN,213,78.88888889
NaN,NaN,NaN,NaN,NaN,270,0,NaN,NaN,4,NaN,NaN,NaN,NaN,NaN,NaN,187,69.25925926
NaN,NaN,NaN,NaN,NaN,270,0,NaN,NaN,5,NaN,NaN,NaN,NaN,NaN,NaN,219,81.11111111
NaN,NaN,NaN,NaN,NaN,270,0,NaN,NaN,3,NaN,NaN,NaN,NaN,NaN,NaN,252,93.33333333
NaN,NaN,NaN,NaN,NaN,270,0,NaN,NaN,4,NaN,NaN,NaN,NaN,NaN,NaN,195,72.22222222
NaN,NaN,NaN,NaN,NaN,270,0,NaN,NaN,4,NaN,NaN,NaN,NaN,NaN,NaN,161,59.62962963
NaN,NaN,NaN,NaN,NaN,270,0,NaN,NaN,2,NaN,NaN,NaN,NaN,NaN,NaN,229,84.81481481
NaN,NaN,NaN,NaN,NaN,270,0,NaN,NaN,2,NaN,NaN,NaN,NaN,NaN,NaN,233,86.2962963
NaN,NaN,NaN,NaN,NaN,270,0,NaN,NaN,3,NaN,NaN,NaN,NaN,NaN,NaN,264,97.77777778
NaN,NaN,NaN,NaN,NaN,270,0,NaN,NaN,2,NaN,NaN,NaN,NaN,NaN,NaN,200,74.07407407
NaN,NaN,NaN,NaN,NaN,270,0,NaN,NaN,2,NaN,NaN,NaN,NaN,NaN,NaN,145,53.7037037
NaN,NaN,NaN,NaN,NaN,270,0,NaN,NaN,3,NaN,NaN,NaN,NaN,NaN,NaN,223,82.59259259
NaN,NaN,NaN,NaN,NaN,270,0,NaN,NaN,2,NaN,NaN,NaN,NaN,NaN,NaN,241,89.25925926
NaN,NaN,NaN,NaN,NaN,270,0,NaN,NaN,2,NaN,NaN,NaN,NaN,NaN,NaN,185,68.51851852
NaN,NaN,NaN,NaN,NaN,270,0,NaN,NaN,2,NaN,NaN,NaN,NaN,NaN,NaN,256,94.81481481
NaN,NaN,NaN,NaN,NaN,270,0,NaN,NaN,4,NaN,NaN,NaN,NaN,NaN,NaN,247,91.48148148
NaN,NaN,NaN,NaN,NaN,270,0,NaN,NaN,3,NaN,NaN,NaN,NaN,NaN,NaN,264,97.77777778
NaN,NaN,NaN,NaN,NaN,270,0,NaN,NaN,4,NaN,NaN,NaN,NaN,NaN,NaN,238,88.14814815
NaN,NaN,NaN,NaN,NaN,270,0,NaN,NaN,3,NaN,NaN,NaN,NaN,NaN,NaN,240,88.88888889
NaN,NaN,NaN,NaN,NaN,270,0,NaN,NaN,2,NaN,NaN,NaN,NaN,NaN,NaN,193,71.48148148
NaN,NaN,NaN,NaN,NaN,270,0,NaN,NaN,2,NaN,NaN,NaN,NaN,NaN,NaN,261,96.66666667
NaN,NaN,NaN,NaN,NaN,270,0,NaN,NaN,4,NaN,NaN,NaN,NaN,NaN,NaN,257,95.18518519
NaN,NaN,NaN,NaN,NaN,270,0,NaN,NaN,3,NaN,NaN,NaN,NaN,NaN,NaN,255,94.44444444
NaN,NaN,NaN,NaN,NaN,270,0,NaN,NaN,5,NaN,NaN,NaN,NaN,NaN,NaN,263,97.40740741
NaN,NaN,NaN,NaN,NaN,270,0,NaN,NaN,5,NaN,NaN,NaN,NaN,NaN,NaN,265,98.14814815
NaN,NaN,NaN,NaN,NaN,270,0,NaN,NaN,5,NaN,NaN,NaN,NaN,NaN,NaN,239,88.51851852
NaN,NaN,NaN,NaN,NaN,270,0,NaN,NaN,4,NaN,NaN,NaN,NaN,NaN,NaN,206,76.2962963
NaN,NaN,NaN,NaN,NaN,270,0,NaN,NaN,4,NaN,NaN,NaN,NaN,NaN,NaN,229,84.81481481
NaN,NaN,NaN,NaN,NaN,270,0,NaN,NaN,1,NaN,NaN,NaN,NaN,NaN,NaN,264,97.77777778
NaN,NaN,NaN,NaN,NaN,270,0,NaN,NaN,3,NaN,NaN,NaN,NaN,NaN,NaN,265,98.14814815
NaN,NaN,NaN,NaN,NaN,270,0,NaN,NaN,1,NaN,NaN,NaN,NaN,NaN,NaN,263,97.40740741
NaN,NaN,NaN,NaN,NaN,270,0,NaN,NaN,1,NaN,NaN,NaN,NaN,NaN,NaN,264,97.77777778
NaN,NaN,NaN,NaN,NaN,270,0,NaN,NaN,1,NaN,NaN,NaN,NaN,NaN,NaN,263,97.40740741
NaN,NaN,NaN,NaN,NaN,270,0,NaN,NaN,1,NaN,NaN,NaN,NaN,NaN,NaN,263,97.40740741
NaN,NaN,NaN,NaN,NaN,270,0,NaN,NaN,1,NaN,NaN,NaN,NaN,NaN,NaN,264,97.77777778
NaN,NaN,NaN,NaN,NaN,270,0,NaN,NaN,3,NaN,NaN,NaN,NaN,NaN,NaN,255,94.44444444
NaN,NaN,NaN,NaN,NaN,270,0,NaN,NaN,1,NaN,NaN,NaN,NaN,NaN,NaN,254,94.07407407
NaN,NaN,NaN,NaN,NaN,270,0,NaN,NaN,1,NaN,NaN,NaN,NaN,NaN,NaN,251,92.96296296
NaN,NaN,NaN,NaN,NaN,270,0,NaN,NaN,1,NaN,NaN,NaN,NaN,NaN,NaN,234,86.66666667
NaN,NaN,NaN,NaN,NaN,270,0,NaN,NaN,1,NaN,NaN,NaN,NaN,NaN,NaN,229,84.81481481
NaN,NaN,NaN,NaN,NaN,270,0,NaN,NaN,2,NaN,NaN,NaN,NaN,NaN,NaN,264,97.77777778
NaN,NaN,NaN,NaN,NaN,270,0,NaN,NaN,3,NaN,NaN,NaN,NaN,NaN,NaN,264,97.77777778
NaN,NaN,NaN,NaN,NaN,270,0,NaN,NaN,4,NaN,NaN,NaN,NaN,NaN,NaN,265,98.14814815
NaN,NaN,NaN,NaN,NaN,270,0,NaN,NaN,4,NaN,NaN,NaN,NaN,NaN,NaN,263,97.40740741
NaN,NaN,NaN,NaN,NaN,270,0,NaN,NaN,3,NaN,NaN,NaN,NaN,NaN,NaN,259,95.92592593
NaN,NaN,NaN,NaN,NaN,270,0,NaN,NaN,2,NaN,NaN,NaN,NaN,NaN,NaN,257,95.18518519
NaN,NaN,NaN,NaN,NaN,270,0,NaN,NaN,1,NaN,NaN,NaN,NaN,NaN,NaN,264,97.77777778
NaN,NaN,NaN,NaN,NaN,270,0,NaN,NaN,1,NaN,NaN,NaN,NaN,NaN,NaN,253,93.7037037
NaN,NaN,NaN,NaN,NaN,270,0,NaN,NaN,1,NaN,NaN,NaN,NaN,NaN,NaN,264,97.77777778
NaN,NaN,NaN,NaN,NaN,270,0,NaN,NaN,2,NaN,NaN,NaN,NaN,NaN,NaN,265,98.14814815
NaN,NaN,NaN,NaN,NaN,270,0,NaN,NaN,3,NaN,NaN,NaN,NaN,NaN,NaN,264,97.77777778
NaN,NaN,NaN,NaN,NaN,270,0,NaN,NaN,5,NaN,NaN,NaN,NaN,NaN,NaN,248,91.85185185
NaN,NaN,NaN,NaN,NaN,270,0,NaN,NaN,3,NaN,NaN,NaN,NaN,NaN,NaN,265,98.14814815
NaN,NaN,NaN,NaN,NaN,270,0,NaN,NaN,4,NaN,NaN,NaN,NaN,NaN,NaN,263,97.40740741
NaN,NaN,NaN,NaN,NaN,270,0,NaN,NaN,1,NaN,NaN,NaN,NaN,NaN,NaN,261,96.66666667
NaN,NaN,NaN,NaN,NaN,270,0,NaN,NaN,4,NaN,NaN,NaN,NaN,NaN,NaN,264,97.77777778
NaN,NaN,NaN,NaN,NaN,270,0,NaN,NaN,4,NaN,NaN,NaN,NaN,NaN,NaN,265,98.14814815
NaN,NaN,NaN,NaN,NaN,270,0,NaN,NaN,5,NaN,NaN,NaN,NaN,NaN,NaN,265,98.14814815
NaN,NaN,NaN,NaN,NaN,270,0,NaN,NaN,5,NaN,NaN,NaN,NaN,NaN,NaN,265,98.14814815
NaN,NaN,NaN,NaN,NaN,270,0,NaN,NaN,4,NaN,NaN,NaN,NaN,NaN,NaN,264,97.77777778
NaN,NaN,NaN,NaN,NaN,270,0,NaN,NaN,2,NaN,NaN,NaN,NaN,NaN,NaN,265,98.14814815
NaN,NaN,NaN,NaN,NaN,270,0,NaN,NaN,1,NaN,NaN,NaN,NaN,NaN,NaN,265,98.14814815
NaN,NaN,NaN,NaN,NaN,270,0,NaN,NaN,NaN,NaN,NaN,NaN,NaN,NaN,NaN,264,97.77777778
NaN,NaN,NaN,NaN,NaN,270,0,NaN,NaN,1,NaN,NaN,NaN,NaN,NaN,NaN,264,97.77777778
NaN,NaN,NaN,NaN,NaN,270,0,NaN,NaN,2,NaN,NaN,NaN,NaN,NaN,NaN,264,97.77777778
NaN,NaN,NaN,NaN,NaN,270,0,NaN,NaN,4,NaN,NaN,NaN,NaN,NaN,NaN,254,94.07407407
NaN,NaN,NaN,NaN,NaN,270,0,NaN,NaN,4,NaN,NaN,NaN,NaN,NaN,NaN,261,96.66666667
NaN,NaN,NaN,NaN,NaN,270,0,NaN,NaN,2,NaN,NaN,NaN,NaN,NaN,NaN,262,97.03703704
NaN,NaN,NaN,NaN,NaN,270,0,NaN,NaN,2,NaN,NaN,NaN,NaN,NaN,NaN,264,97.77777778
NaN,NaN,NaN,NaN,NaN,270,0,NaN,NaN,2,NaN,NaN,NaN,NaN,NaN,NaN,264,97.77777778
NaN,NaN,NaN,NaN,NaN,270,0,NaN,NaN,2,NaN,NaN,NaN,NaN,NaN,NaN,263,97.40740741
NaN,NaN,NaN,NaN,NaN,270,0,NaN,NaN,2,NaN,NaN,NaN,NaN,NaN,NaN,263,97.40740741
NaN,NaN,NaN,NaN,NaN,270,0,NaN,NaN,3,NaN,NaN,NaN,NaN,NaN,NaN,264,97.77777778
NaN,NaN,NaN,NaN,NaN,270,0,NaN,NaN,2,NaN,NaN,NaN,NaN,NaN,NaN,264,97.77777778
NaN,NaN,NaN,NaN,NaN,270,0,NaN,NaN,3,NaN,NaN,NaN,NaN,NaN,NaN,264,97.77777778
NaN,NaN,NaN,NaN,NaN,270,0,NaN,NaN,1,NaN,NaN,NaN,NaN,NaN,NaN,265,98.14814815
NaN,NaN,NaN,NaN,NaN,270,0,NaN,NaN,1,NaN,NaN,NaN,NaN,NaN,NaN,264,97.77777778
NaN,NaN,NaN,NaN,NaN,270,0,NaN,NaN,1,NaN,NaN,NaN,NaN,NaN,NaN,256,94.81481481
NaN,NaN,NaN,NaN,NaN,270,0,NaN,NaN,1,NaN,NaN,NaN,NaN,NaN,NaN,251,92.96296296
NaN,NaN,NaN,NaN,NaN,270,0,NaN,NaN,1,NaN,NaN,NaN,NaN,NaN,NaN,142,52.59259259
NaN,NaN,NaN,NaN,NaN,270,0,NaN,NaN,2,NaN,NaN,NaN,NaN,NaN,NaN,248,91.85185185
NaN,NaN,NaN,NaN,NaN,270,0,NaN,NaN,2,NaN,NaN,NaN,NaN,NaN,NaN,200,74.07407407
NaN,NaN,NaN,NaN,NaN,270,0,NaN,NaN,1,NaN,NaN,NaN,NaN,NaN,NaN,250,92.59259259
NaN,NaN,NaN,NaN,NaN,270,0,NaN,NaN,2,NaN,NaN,NaN,NaN,NaN,NaN,230,85.18518519
NaN,NaN,NaN,NaN,NaN,270,0,NaN,NaN,2,NaN,NaN,NaN,NaN,NaN,NaN,229,84.81481481
NaN,NaN,NaN,NaN,NaN,270,0,NaN,NaN,2,NaN,NaN,NaN,NaN,NaN,NaN,239,88.51851852
NaN,NaN,NaN,NaN,NaN,270,0,NaN,NaN,1,NaN,NaN,NaN,NaN,NaN,NaN,242,89.62962963
NaN,NaN,NaN,NaN,NaN,270,0,NaN,NaN,1,NaN,NaN,NaN,NaN,NaN,NaN,256,94.81481481
NaN,NaN,NaN,NaN,NaN,270,0,NaN,NaN,2,NaN,NaN,NaN,NaN,NaN,NaN,249,92.22222222
NaN,NaN,NaN,NaN,NaN,270,0,NaN,NaN,1,NaN,NaN,NaN,NaN,NaN,NaN,235,87.03703704
NaN,NaN,NaN,NaN,NaN,270,0,NaN,NaN,2,NaN,NaN,NaN,NaN,NaN,NaN,234,86.66666667
NaN,NaN,NaN,NaN,NaN,270,0,NaN,NaN,1,NaN,NaN,NaN,NaN,NaN,NaN,227,84.07407407
NaN,NaN,NaN,NaN,NaN,270,0,NaN,NaN,2,NaN,NaN,NaN,NaN,NaN,NaN,232,85.92592593
NaN,NaN,NaN,NaN,NaN,270,0,NaN,NaN,2,NaN,NaN,NaN,NaN,NaN,NaN,240,88.88888889
NaN,NaN,NaN,NaN,NaN,270,0,NaN,NaN,1,NaN,NaN,NaN,NaN,NaN,NaN,247,91.48148148
NaN,NaN,NaN,NaN,NaN,270,0,NaN,NaN,1,NaN,NaN,NaN,NaN,NaN,NaN,243,90
NaN,NaN,NaN,NaN,NaN,270,0,NaN,NaN,2,NaN,NaN,NaN,NaN,NaN,NaN,262,97.03703704
NaN,NaN,NaN,NaN,NaN,270,0,NaN,NaN,2,NaN,NaN,NaN,NaN,NaN,NaN,255,94.44444444
NaN,NaN,NaN,NaN,NaN,270,0,NaN,NaN,2,NaN,NaN,NaN,NaN,NaN,NaN,246,91.11111111
NaN,NaN,NaN,NaN,NaN,270,0,NaN,NaN,2,NaN,NaN,NaN,NaN,NaN,NaN,241,89.25925926
NaN,NaN,NaN,NaN,NaN,270,0,NaN,NaN,2,NaN,NaN,NaN,NaN,NaN,NaN,251,92.96296296
NaN,NaN,NaN,NaN,NaN,270,0,NaN,NaN,1,NaN,NaN,NaN,NaN,NaN,NaN,256,94.81481481
NaN,NaN,NaN,NaN,NaN,270,0,NaN,NaN,1,NaN,NaN,NaN,NaN,NaN,NaN,260,96.2962963
NaN,NaN,NaN,NaN,NaN,270,0,NaN,NaN,1,NaN,NaN,NaN,NaN,NaN,NaN,254,94.07407407
NaN,NaN,NaN,NaN,NaN,270,0,NaN,NaN,1,NaN,NaN,NaN,NaN,NaN,NaN,254,94.07407407
NaN,NaN,NaN,NaN,NaN,270,0,NaN,NaN,1,NaN,NaN,NaN,NaN,NaN,NaN,243,90
NaN,NaN,NaN,NaN,NaN,270,0,NaN,NaN,1,NaN,NaN,NaN,NaN,NaN,NaN,253,93.7037037
NaN,NaN,NaN,NaN,NaN,270,0,NaN,NaN,1,NaN,NaN,NaN,NaN,NaN,NaN,217,80.37037037
NaN,NaN,NaN,NaN,NaN,270,0,NaN,NaN,1,NaN,NaN,NaN,NaN,NaN,NaN,231,85.55555556
NaN,NaN,NaN,NaN,NaN,270,0,NaN,NaN,2,NaN,NaN,NaN,NaN,NaN,NaN,263,97.40740741
NaN,NaN,NaN,NaN,NaN,270,0,NaN,NaN,5,NaN,NaN,NaN,NaN,NaN,NaN,215,79.62962963
NaN,NaN,NaN,NaN,NaN,270,0,NaN,NaN,5,NaN,NaN,NaN,NaN,NaN,NaN,264,97.77777778
NaN,NaN,NaN,NaN,NaN,270,0,NaN,NaN,4,NaN,NaN,NaN,NaN,NaN,NaN,251,92.96296296
NaN,NaN,NaN,NaN,NaN,270,0,NaN,NaN,3,NaN,NaN,NaN,NaN,NaN,NaN,256,94.81481481
NaN,NaN,NaN,NaN,NaN,270,0,NaN,NaN,4,NaN,NaN,NaN,NaN,NaN,NaN,263,97.40740741
NaN,NaN,NaN,NaN,NaN,270,0,NaN,NaN,5,NaN,NaN,NaN,NaN,NaN,NaN,250,92.59259259
NaN,NaN,NaN,NaN,NaN,270,0,NaN,NaN,5,NaN,NaN,NaN,NaN,NaN,NaN,227,84.07407407
NaN,NaN,NaN,NaN,NaN,270,0,NaN,NaN,4,NaN,NaN,NaN,NaN,NaN,NaN,249,92.22222222
NaN,NaN,NaN,NaN,NaN,270,0,NaN,NaN,2,NaN,NaN,NaN,NaN,NaN,NaN,256,94.81481481
NaN,NaN,NaN,NaN,NaN,270,0,NaN,NaN,4,NaN,NaN,NaN,NaN,NaN,NaN,249,92.22222222
NaN,NaN,NaN,NaN,NaN,270,0,NaN,NaN,4,NaN,NaN,NaN,NaN,NaN,NaN,251,92.96296296
NaN,NaN,NaN,NaN,NaN,270,0,NaN,NaN,5,NaN,NaN,NaN,NaN,NaN,NaN,264,97.77777778
NaN,NaN,NaN,NaN,NaN,270,0,NaN,NaN,4,NaN,NaN,NaN,NaN,NaN,NaN,236,87.40740741
NaN,NaN,NaN,NaN,NaN,270,0,NaN,NaN,4,NaN,NaN,NaN,NaN,NaN,NaN,263,97.40740741
NaN,NaN,NaN,NaN,NaN,270,0,NaN,NaN,4,NaN,NaN,NaN,NaN,NaN,NaN,262,97.03703704
NaN,NaN,NaN,NaN,NaN,270,0,NaN,NaN,NaN,NaN,NaN,NaN,NaN,NaN,NaN,264,97.77777778
NaN,NaN,NaN,NaN,NaN,270,0,NaN,NaN,4,NaN,NaN,NaN,NaN,NaN,NaN,264,97.77777778
NaN,NaN,NaN,NaN,NaN,270,0,NaN,NaN,4,NaN,NaN,NaN,NaN,NaN,NaN,239,88.51851852
NaN,NaN,NaN,NaN,NaN,270,0,NaN,NaN,4,NaN,NaN,NaN,NaN,NaN,NaN,263,97.40740741
NaN,NaN,NaN,NaN,NaN,270,0,NaN,NaN,4,NaN,NaN,NaN,NaN,NaN,NaN,265,98.14814815
NaN,NaN,NaN,NaN,NaN,270,0,NaN,NaN,4,NaN,NaN,NaN,NaN,NaN,NaN,265,98.14814815
NaN,NaN,NaN,NaN,NaN,270,0,NaN,NaN,4,NaN,NaN,NaN,NaN,NaN,NaN,264,97.77777778
NaN,NaN,NaN,NaN,NaN,270,0,NaN,NaN,2,NaN,NaN,NaN,NaN,NaN,NaN,228,84.44444444
NaN,NaN,NaN,NaN,NaN,270,0,NaN,NaN,4,NaN,NaN,NaN,NaN,NaN,NaN,265,98.14814815
NaN,NaN,NaN,NaN,NaN,270,0,NaN,NaN,2,NaN,NaN,NaN,NaN,NaN,NaN,242,89.62962963
NaN,NaN,NaN,NaN,NaN,270,0,NaN,NaN,2,NaN,NaN,NaN,NaN,NaN,NaN,223,82.59259259
NaN,NaN,NaN,NaN,NaN,270,0,NaN,NaN,3,NaN,NaN,NaN,NaN,NaN,NaN,264,97.77777778
NaN,NaN,NaN,NaN,NaN,270,0,NaN,NaN,3,NaN,NaN,NaN,NaN,NaN,NaN,245,90.74074074
NaN,NaN,NaN,NaN,NaN,270,0,NaN,NaN,3,NaN,NaN,NaN,NaN,NaN,NaN,263,97.40740741
NaN,NaN,NaN,NaN,NaN,270,0,NaN,NaN,3,NaN,NaN,NaN,NaN,NaN,NaN,186,68.88888889
NaN,NaN,NaN,NaN,NaN,270,0,NaN,NaN,3,NaN,NaN,NaN,NaN,NaN,NaN,197,72.96296296
NaN,NaN,NaN,NaN,NaN,270,0,NaN,NaN,2,NaN,NaN,NaN,NaN,NaN,NaN,251,92.96296296
NaN,NaN,NaN,NaN,NaN,270,0,NaN,NaN,3,NaN,NaN,NaN,NaN,NaN,NaN,224,82.96296296
NaN,NaN,NaN,NaN,NaN,270,0,NaN,NaN,4,NaN,NaN,NaN,NaN,NaN,NaN,264,97.77777778
NaN,NaN,NaN,NaN,NaN,270,0,NaN,NaN,3,NaN,NaN,NaN,NaN,NaN,NaN,242,89.62962963
NaN,NaN,NaN,NaN,NaN,270,0,NaN,NaN,3,NaN,NaN,NaN,NaN,NaN,NaN,255,94.44444444
NaN,NaN,NaN,NaN,NaN,270,0,NaN,NaN,3,NaN,NaN,NaN,NaN,NaN,NaN,159,58.88888889
NaN,NaN,NaN,NaN,NaN,270,0,NaN,NaN,2,NaN,NaN,NaN,NaN,NaN,NaN,250,92.59259259
NaN,NaN,NaN,NaN,NaN,270,0,NaN,NaN,3,NaN,NaN,NaN,NaN,NaN,NaN,244,90.37037037
NaN,NaN,NaN,NaN,NaN,270,0,NaN,NaN,3,NaN,NaN,NaN,NaN,NaN,NaN,226,83.7037037
NaN,NaN,NaN,NaN,NaN,270,0,NaN,NaN,3,NaN,NaN,NaN,NaN,NaN,NaN,199,73.7037037
NaN,NaN,NaN,NaN,NaN,270,0,NaN,NaN,2,NaN,NaN,NaN,NaN,NaN,NaN,202,74.81481481
NaN,NaN,NaN,NaN,NaN,270,0,NaN,NaN,2,NaN,NaN,NaN,NaN,NaN,NaN,245,90.74074074
NaN,NaN,NaN,NaN,NaN,270,0,NaN,NaN,2,NaN,NaN,NaN,NaN,NaN,NaN,256,94.81481481
NaN,NaN,NaN,NaN,NaN,270,0,NaN,NaN,2,NaN,NaN,NaN,NaN,NaN,NaN,262,97.03703704
NaN,NaN,NaN,NaN,NaN,270,0,NaN,NaN,3,NaN,NaN,NaN,NaN,NaN,NaN,239,88.51851852
NaN,NaN,NaN,NaN,NaN,270,0,NaN,NaN,3,NaN,NaN,NaN,NaN,NaN,NaN,246,91.11111111
NaN,NaN,NaN,NaN,NaN,270,0,NaN,NaN,3,NaN,NaN,NaN,NaN,NaN,NaN,251,92.96296296
NaN,NaN,NaN,NaN,NaN,270,0,NaN,NaN,3,NaN,NaN,NaN,NaN,NaN,NaN,229,84.81481481
NaN,NaN,NaN,NaN,NaN,270,0,NaN,NaN,2,NaN,NaN,NaN,NaN,NaN,NaN,257,95.18518519
NaN,NaN,NaN,NaN,NaN,270,0,NaN,NaN,1,NaN,NaN,NaN,NaN,NaN,NaN,235,87.03703704
NaN,NaN,NaN,NaN,NaN,270,0,NaN,NaN,2,NaN,NaN,NaN,NaN,NaN,NaN,205,75.92592593
NaN,NaN,NaN,NaN,NaN,270,0,NaN,NaN,1,NaN,NaN,NaN,NaN,NaN,NaN,192,71.11111111
NaN,NaN,NaN,NaN,NaN,270,0,NaN,NaN,5,NaN,NaN,NaN,NaN,NaN,NaN,264,97.77777778
NaN,NaN,NaN,NaN,NaN,270,0,NaN,NaN,5,NaN,NaN,NaN,NaN,NaN,NaN,265,98.14814815
NaN,NaN,NaN,NaN,NaN,270,0,NaN,NaN,4,NaN,NaN,NaN,NaN,NaN,NaN,254,94.07407407
NaN,NaN,NaN,NaN,NaN,270,0,NaN,NaN,1,NaN,NaN,NaN,NaN,NaN,NaN,265,98.14814815
NaN,NaN,NaN,NaN,NaN,270,0,NaN,NaN,1,NaN,NaN,NaN,NaN,NaN,NaN,265,98.14814815
NaN,NaN,NaN,NaN,NaN,270,0,NaN,NaN,1,NaN,NaN,NaN,NaN,NaN,NaN,263,97.40740741
NaN,NaN,NaN,NaN,NaN,270,0,NaN,NaN,1,NaN,NaN,NaN,NaN,NaN,NaN,263,97.40740741
NaN,NaN,NaN,NaN,NaN,270,0,NaN,NaN,1,NaN,NaN,NaN,NaN,NaN,NaN,265,98.14814815
NaN,NaN,NaN,NaN,NaN,270,0,NaN,NaN,1,NaN,NaN,NaN,NaN,NaN,NaN,260,96.2962963
NaN,NaN,NaN,NaN,NaN,270,0,NaN,NaN,1,NaN,NaN,NaN,NaN,NaN,NaN,265,98.14814815
NaN,NaN,NaN,NaN,NaN,270,0,NaN,NaN,1,NaN,NaN,NaN,NaN,NaN,NaN,260,96.2962963
NaN,NaN,NaN,NaN,NaN,270,0,NaN,NaN,1,NaN,NaN,NaN,NaN,NaN,NaN,263,97.40740741
NaN,NaN,NaN,NaN,NaN,270,0,NaN,NaN,1,NaN,NaN,NaN,NaN,NaN,NaN,265,98.14814815
NaN,NaN,NaN,NaN,NaN,270,0,NaN,NaN,1,NaN,NaN,NaN,NaN,NaN,NaN,264,97.77777778
NaN,NaN,NaN,NaN,NaN,270,0,NaN,NaN,1,NaN,NaN,NaN,NaN,NaN,NaN,265,98.14814815
NaN,NaN,NaN,NaN,NaN,270,0,NaN,NaN,1,NaN,NaN,NaN,NaN,NaN,NaN,265,98.14814815
NaN,NaN,NaN,NaN,NaN,270,0,NaN,NaN,1,NaN,NaN,NaN,NaN,NaN,NaN,265,98.14814815
NaN,NaN,NaN,NaN,NaN,270,0,NaN,NaN,1,NaN,NaN,NaN,NaN,NaN,NaN,253,93.7037037
NaN,NaN,NaN,NaN,NaN,270,0,NaN,NaN,2,NaN,NaN,NaN,NaN,NaN,NaN,257,95.18518519
NaN,NaN,NaN,NaN,NaN,270,0,NaN,NaN,1,NaN,NaN,NaN,NaN,NaN,NaN,259,95.92592593
NaN,NaN,NaN,NaN,NaN,270,0,NaN,NaN,1,NaN,NaN,NaN,NaN,NaN,NaN,263,97.40740741
NaN,NaN,NaN,NaN,NaN,270,0,NaN,NaN,1,NaN,NaN,NaN,NaN,NaN,NaN,263,97.40740741
NaN,NaN,NaN,NaN,NaN,270,0,NaN,NaN,2,NaN,NaN,NaN,NaN,NaN,NaN,265,98.14814815
NaN,NaN,NaN,NaN,NaN,270,0,NaN,NaN,2,NaN,NaN,NaN,NaN,NaN,NaN,264,97.77777778
NaN,NaN,NaN,NaN,NaN,270,0,NaN,NaN,2,NaN,NaN,NaN,NaN,NaN,NaN,253,93.7037037
NaN,NaN,NaN,NaN,NaN,270,0,NaN,NaN,1,NaN,NaN,NaN,NaN,NaN,NaN,255,94.44444444
NaN,NaN,NaN,NaN,NaN,270,0,NaN,NaN,3,NaN,NaN,NaN,NaN,NaN,NaN,256,94.81481481
