sub,ses,task,run,filename,abnormal_TR,error_run,note,sleepiness__1_7_scale_,alignment,tmask_filepath,tmask_filename,num_tps_retained,eyes_closed,sleepy
sub-INET001,ses-1,task-rest,run-01,sub-INET001_ses-1_task-rest_run-01_bold.nii.gz,0,,,1.0,include,/gpfs/research/grattonlab/iNetworks/Nifti/derivatives/preproc_fmriprep-24.1.1/sub-INET001/ses-1/func/FD_outputs/sub-INET001_ses-1_task-rest_run-01_desc-tmask_fFD.txt,sub-INET001_ses-1_task-rest_run-01_desc-tmask_fFD.txt,263,0,0
sub-INET001,ses-1,task-rest,run-02,sub-INET001_ses-1_task-rest_run-02_bold.nii.gz,0,,,1.0,include,/gpfs/research/grattonlab/iNetworks/Nifti/derivatives/preproc_fmriprep-24.1.1/sub-INET001/ses-1/func/FD_outputs/sub-INET001_ses-1_task-rest_run-02_desc-tmask_fFD.txt,sub-INET001_ses-1_task-rest_run-02_desc-tmask_fFD.txt,265,0,0
sub-INET001,ses-1,task-rest,run-03,sub-INET001_ses-1_task-rest_run-03_bold.nii.gz,0,,,1.0,include,/gpfs/research/grattonlab/iNetworks/Nifti/derivatives/preproc_fmriprep-24.1.1/sub-INET001/ses-1/func/FD_outputs/sub-INET001_ses-1_task-rest_run-03_desc-tmask_fFD.txt,sub-INET001_ses-1_task-rest_run-03_desc-tmask_fFD.txt,265,0,0
sub-INET001,ses-1,task-rest,run-04,sub-INET001_ses-1_task-rest_run-04_bold.nii.gz,0,,,1.0,include,/gpfs/research/grattonlab/iNetworks/Nifti/derivatives/preproc_fmriprep-24.1.1/sub-INET001/ses-1/func/FD_outputs/sub-INET001_ses-1_task-rest_run-04_desc-tmask_fFD.txt,sub-INET001_ses-1_task-rest_run-04_desc-tmask_fFD.txt,265,0,0
sub-INET001,ses-1,task-rest,run-05,sub-INET001_ses-1_task-rest_run-05_bold.nii.gz,0,,,1.0,include,/gpfs/research/grattonlab/iNetworks/Nifti/derivatives/preproc_fmriprep-24.1.1/sub-INET001/ses-1/func/FD_outputs/sub-INET001_ses-1_task-rest_run-05_desc-tmask_fFD.txt,sub-INET001_ses-1_task-rest_run-05_desc-tmask_fFD.txt,265,0,0
sub-INET001,ses-1,task-rest,run-06,sub-INET001_ses-1_task-rest_run-06_bold.nii.gz,0,,,1.0,include,/gpfs/research/grattonlab/iNetworks/Nifti/derivatives/preproc_fmriprep-24.1.1/sub-INET001/ses-1/func/FD_outputs/sub-INET001_ses-1_task-rest_run-06_desc-tmask_fFD.txt,sub-INET001_ses-1_task-rest_run-06_desc-tmask_fFD.txt,265,0,0
sub-INET001,ses-2,task-rest,run-01,sub-INET001_ses-2_task-rest_run-01_bold.nii.gz,0,,,,include,/gpfs/research/grattonlab/iNetworks/Nifti/derivatives/preproc_fmriprep-24.1.1/sub-INET001/ses-2/func/FD_outputs/sub-INET001_ses-2_task-rest_run-01_desc-tmask_fFD.txt,sub-INET001_ses-2_task-rest_run-01_desc-tmask_fFD.txt,263,0,0
sub-INET001,ses-2,task-rest,run-02,sub-INET001_ses-2_task-rest_run-02_bold.nii.gz,0,,,1.0,include,/gpfs/research/grattonlab/iNetworks/Nifti/derivatives/preproc_fmriprep-24.1.1/sub-INET001/ses-2/func/FD_outputs/sub-INET001_ses-2_task-rest_run-02_desc-tmask_fFD.txt,sub-INET001_ses-2_task-rest_run-02_desc-tmask_fFD.txt,265,0,0
sub-INET001,ses-2,task-rest,run-03,sub-INET001_ses-2_task-rest_run-03_bold.nii.gz,0,,,1.0,include,/gpfs/research/grattonlab/iNetworks/Nifti/derivatives/preproc_fmriprep-24.1.1/sub-INET001/ses-2/func/FD_outputs/sub-INET001_ses-2_task-rest_run-03_desc-tmask_fFD.txt,sub-INET001_ses-2_task-rest_run-03_desc-tmask_fFD.txt,265,0,0
sub-INET001,ses-2,task-rest,run-04,sub-INET001_ses-2_task-rest_run-04_bold.nii.gz,0,,,1.0,include,/gpfs/research/grattonlab/iNetworks/Nifti/derivatives/preproc_fmriprep-24.1.1/sub-INET001/ses-2/func/FD_outputs/sub-INET001_ses-2_task-rest_run-04_desc-tmask_fFD.txt,sub-INET001_ses-2_task-rest_run-04_desc-tmask_fFD.txt,261,0,0
sub-INET001,ses-2,task-rest,run-05,sub-INET001_ses-2_task-rest_run-05_bold.nii.gz,0,,,1.0,include,/gpfs/research/grattonlab/iNetworks/Nifti/derivatives/preproc_fmriprep-24.1.1/sub-INET001/ses-2/func/FD_outputs/sub-INET001_ses-2_task-rest_run-05_desc-tmask_fFD.txt,sub-INET001_ses-2_task-rest_run-05_desc-tmask_fFD.txt,265,0,0
sub-INET001,ses-2,task-rest,run-06,sub-INET001_ses-2_task-rest_run-06_bold.nii.gz,0,,,1.0,include,/gpfs/research/grattonlab/iNetworks/Nifti/derivatives/preproc_fmriprep-24.1.1/sub-INET001/ses-2/func/FD_outputs/sub-INET001_ses-2_task-rest_run-06_desc-tmask_fFD.txt,sub-INET001_ses-2_task-rest_run-06_desc-tmask_fFD.txt,262,0,0
sub-INET001,ses-2,task-rest,run-07,sub-INET001_ses-2_task-rest_run-07_bold.nii.gz,0,,,1.0,include,/gpfs/research/grattonlab/iNetworks/Nifti/derivatives/preproc_fmriprep-24.1.1/sub-INET001/ses-2/func/FD_outputs/sub-INET001_ses-2_task-rest_run-07_desc-tmask_fFD.txt,sub-INET001_ses-2_task-rest_run-07_desc-tmask_fFD.txt,260,0,0
sub-INET001,ses-2,task-rest,run-08,sub-INET001_ses-2_task-rest_run-08_bold.nii.gz,0,,done after MRA/MRV,1.0,include,/gpfs/research/grattonlab/iNetworks/Nifti/derivatives/preproc_fmriprep-24.1.1/sub-INET001/ses-2/func/FD_outputs/sub-INET001_ses-2_task-rest_run-08_desc-tmask_fFD.txt,sub-INET001_ses-2_task-rest_run-08_desc-tmask_fFD.txt,265,0,0
sub-INET001,ses-3,task-rest,run-01,sub-INET001_ses-3_task-rest_run-01_bold.nii.gz,0,,,1.0,include,/gpfs/research/grattonlab/iNetworks/Nifti/derivatives/preproc_fmriprep-24.1.1/sub-INET001/ses-3/func/FD_outputs/sub-INET001_ses-3_task-rest_run-01_desc-tmask_fFD.txt,sub-INET001_ses-3_task-rest_run-01_desc-tmask_fFD.txt,258,0,0
sub-INET001,ses-3,task-rest,run-02,sub-INET001_ses-3_task-rest_run-02_bold.nii.gz,0,,big spike at end,1.0,include,/gpfs/research/grattonlab/iNetworks/Nifti/derivatives/preproc_fmriprep-24.1.1/sub-INET001/ses-3/func/FD_outputs/sub-INET001_ses-3_task-rest_run-02_desc-tmask_fFD.txt,sub-INET001_ses-3_task-rest_run-02_desc-tmask_fFD.txt,260,0,0
sub-INET001,ses-3,task-rest,run-03,sub-INET001_ses-3_task-rest_run-03_bold.nii.gz,0,,,1.0,include,/gpfs/research/grattonlab/iNetworks/Nifti/derivatives/preproc_fmriprep-24.1.1/sub-INET001/ses-3/func/FD_outputs/sub-INET001_ses-3_task-rest_run-03_desc-tmask_fFD.txt,sub-INET001_ses-3_task-rest_run-03_desc-tmask_fFD.txt,265,0,0
sub-INET001,ses-3,task-rest,run-04,sub-INET001_ses-3_task-rest_run-04_bold.nii.gz,0,,,1.0,include,/gpfs/research/grattonlab/iNetworks/Nifti/derivatives/preproc_fmriprep-24.1.1/sub-INET001/ses-3/func/FD_outputs/sub-INET001_ses-3_task-rest_run-04_desc-tmask_fFD.txt,sub-INET001_ses-3_task-rest_run-04_desc-tmask_fFD.txt,265,0,0
sub-INET001,ses-3,task-rest,run-05,sub-INET001_ses-3_task-rest_run-05_bold.nii.gz,0,,,1.0,include,/gpfs/research/grattonlab/iNetworks/Nifti/derivatives/preproc_fmriprep-24.1.1/sub-INET001/ses-3/func/FD_outputs/sub-INET001_ses-3_task-rest_run-05_desc-tmask_fFD.txt,sub-INET001_ses-3_task-rest_run-05_desc-tmask_fFD.txt,265,0,0
sub-INET001,ses-3,task-rest,run-07,sub-INET001_ses-3_task-rest_run-07_bold.nii.gz,0,,,1.0,include,/gpfs/research/grattonlab/iNetworks/Nifti/derivatives/preproc_fmriprep-24.1.1/sub-INET001/ses-3/func/FD_outputs/sub-INET001_ses-3_task-rest_run-07_desc-tmask_fFD.txt,sub-INET001_ses-3_task-rest_run-07_desc-tmask_fFD.txt,265,0,0
sub-INET001,ses-3,task-rest,run-08,sub-INET001_ses-3_task-rest_run-08_bold.nii.gz,0,,,,include,/gpfs/research/grattonlab/iNetworks/Nifti/derivatives/preproc_fmriprep-24.1.1/sub-INET001/ses-3/func/FD_outputs/sub-INET001_ses-3_task-rest_run-08_desc-tmask_fFD.txt,sub-INET001_ses-3_task-rest_run-08_desc-tmask_fFD.txt,265,0,0
sub-INET001,ses-4,task-rest,run-02,sub-INET001_ses-4_task-rest_run-02_bold.nii.gz,0,,,1.0,include,/gpfs/research/grattonlab/iNetworks/Nifti/derivatives/preproc_fmriprep-24.1.1/sub-INET001/ses-4/func/FD_outputs/sub-INET001_ses-4_task-rest_run-02_desc-tmask_fFD.txt,sub-INET001_ses-4_task-rest_run-02_desc-tmask_fFD.txt,264,0,0
sub-INET001,ses-4,task-rest,run-03,sub-INET001_ses-4_task-rest_run-03_bold.nii.gz,0,,,1.0,include,/gpfs/research/grattonlab/iNetworks/Nifti/derivatives/preproc_fmriprep-24.1.1/sub-INET001/ses-4/func/FD_outputs/sub-INET001_ses-4_task-rest_run-03_desc-tmask_fFD.txt,sub-INET001_ses-4_task-rest_run-03_desc-tmask_fFD.txt,262,0,0
sub-INET001,ses-4,task-rest,run-04,sub-INET001_ses-4_task-rest_run-04_bold.nii.gz,0,,,,include,/gpfs/research/grattonlab/iNetworks/Nifti/derivatives/preproc_fmriprep-24.1.1/sub-INET001/ses-4/func/FD_outputs/sub-INET001_ses-4_task-rest_run-04_desc-tmask_fFD.txt,sub-INET001_ses-4_task-rest_run-04_desc-tmask_fFD.txt,256,0,0
sub-INET001,ses-4,task-rest,run-05,sub-INET001_ses-4_task-rest_run-05_bold.nii.gz,0,,,1.0,include,/gpfs/research/grattonlab/iNetworks/Nifti/derivatives/preproc_fmriprep-24.1.1/sub-INET001/ses-4/func/FD_outputs/sub-INET001_ses-4_task-rest_run-05_desc-tmask_fFD.txt,sub-INET001_ses-4_task-rest_run-05_desc-tmask_fFD.txt,242,0,0
sub-INET001,ses-4,task-rest,run-06,sub-INET001_ses-4_task-rest_run-06_bold.nii.gz,0,,,1.0,include,/gpfs/research/grattonlab/iNetworks/Nifti/derivatives/preproc_fmriprep-24.1.1/sub-INET001/ses-4/func/FD_outputs/sub-INET001_ses-4_task-rest_run-06_desc-tmask_fFD.txt,sub-INET001_ses-4_task-rest_run-06_desc-tmask_fFD.txt,254,0,0
sub-INET001,ses-4,task-rest,run-07,sub-INET001_ses-4_task-rest_run-07_bold.nii.gz,0,,,1.0,include,/gpfs/research/grattonlab/iNetworks/Nifti/derivatives/preproc_fmriprep-24.1.1/sub-INET001/ses-4/func/FD_outputs/sub-INET001_ses-4_task-rest_run-07_desc-tmask_fFD.txt,sub-INET001_ses-4_task-rest_run-07_desc-tmask_fFD.txt,253,0,0
sub-INET001,ses-4,task-rest,run-08,sub-INET001_ses-4_task-rest_run-08_bold.nii.gz,0,,,1.0,include,/gpfs/research/grattonlab/iNetworks/Nifti/derivatives/preproc_fmriprep-24.1.1/sub-INET001/ses-4/func/FD_outputs/sub-INET001_ses-4_task-rest_run-08_desc-tmask_fFD.txt,sub-INET001_ses-4_task-rest_run-08_desc-tmask_fFD.txt,244,0,0
sub-INET001,ses-4,task-rest,run-09,sub-INET001_ses-4_task-rest_run-09_bold.nii.gz,0,,,,include,/gpfs/research/grattonlab/iNetworks/Nifti/derivatives/preproc_fmriprep-24.1.1/sub-INET001/ses-4/func/FD_outputs/sub-INET001_ses-4_task-rest_run-09_desc-tmask_fFD.txt,sub-INET001_ses-4_task-rest_run-09_desc-tmask_fFD.txt,262,0,0
sub-INET001,ses-5,task-rest,run-01,sub-INET001_ses-5_task-rest_run-01_bold.nii.gz,0,,,,include,/gpfs/research/grattonlab/iNetworks/Nifti/derivatives/preproc_fmriprep-24.1.1/sub-INET001/ses-5/func/FD_outputs/sub-INET001_ses-5_task-rest_run-01_desc-tmask_fFD.txt,sub-INET001_ses-5_task-rest_run-01_desc-tmask_fFD.txt,262,0,0
sub-INET001,ses-5,task-rest,run-02,sub-INET001_ses-5_task-rest_run-02_bold.nii.gz,0,,,1.0,include,/gpfs/research/grattonlab/iNetworks/Nifti/derivatives/preproc_fmriprep-24.1.1/sub-INET001/ses-5/func/FD_outputs/sub-INET001_ses-5_task-rest_run-02_desc-tmask_fFD.txt,sub-INET001_ses-5_task-rest_run-02_desc-tmask_fFD.txt,249,0,0
sub-INET001,ses-5,task-rest,run-03,sub-INET001_ses-5_task-rest_run-03_bold.nii.gz,0,,,1.0,include,/gpfs/research/grattonlab/iNetworks/Nifti/derivatives/preproc_fmriprep-24.1.1/sub-INET001/ses-5/func/FD_outputs/sub-INET001_ses-5_task-rest_run-03_desc-tmask_fFD.txt,sub-INET001_ses-5_task-rest_run-03_desc-tmask_fFD.txt,242,0,0
sub-INET001,ses-5,task-rest,run-04,sub-INET001_ses-5_task-rest_run-04_bold.nii.gz,0,,,,include,/gpfs/research/grattonlab/iNetworks/Nifti/derivatives/preproc_fmriprep-24.1.1/sub-INET001/ses-5/func/FD_outputs/sub-INET001_ses-5_task-rest_run-04_desc-tmask_fFD.txt,sub-INET001_ses-5_task-rest_run-04_desc-tmask_fFD.txt,244,0,0
sub-INET001,ses-5,task-rest,run-05,sub-INET001_ses-5_task-rest_run-05_bold.nii.gz,0,,,1.0,include,/gpfs/research/grattonlab/iNetworks/Nifti/derivatives/preproc_fmriprep-24.1.1/sub-INET001/ses-5/func/FD_outputs/sub-INET001_ses-5_task-rest_run-05_desc-tmask_fFD.txt,sub-INET001_ses-5_task-rest_run-05_desc-tmask_fFD.txt,234,0,0
sub-INET001,ses-5,task-rest,run-06,sub-INET001_ses-5_task-rest_run-06_bold.nii.gz,0,,,1.0,include,/gpfs/research/grattonlab/iNetworks/Nifti/derivatives/preproc_fmriprep-24.1.1/sub-INET001/ses-5/func/FD_outputs/sub-INET001_ses-5_task-rest_run-06_desc-tmask_fFD.txt,sub-INET001_ses-5_task-rest_run-06_desc-tmask_fFD.txt,156,0,0
sub-INET001,ses-5,task-rest,run-07,sub-INET001_ses-5_task-rest_run-07_bold.nii.gz,0,,,,include,/gpfs/research/grattonlab/iNetworks/Nifti/derivatives/preproc_fmriprep-24.1.1/sub-INET001/ses-5/func/FD_outputs/sub-INET001_ses-5_task-rest_run-07_desc-tmask_fFD.txt,sub-INET001_ses-5_task-rest_run-07_desc-tmask_fFD.txt,224,0,0
sub-INET001,ses-5,task-rest,run-08,sub-INET001_ses-5_task-rest_run-08_bold.nii.gz,0,,,,include,/gpfs/research/grattonlab/iNetworks/Nifti/derivatives/preproc_fmriprep-24.1.1/sub-INET001/ses-5/func/FD_outputs/sub-INET001_ses-5_task-rest_run-08_desc-tmask_fFD.txt,sub-INET001_ses-5_task-rest_run-08_desc-tmask_fFD.txt,211,0,0
sub-INET002,ses-1,task-rest,run-01,sub-INET002_ses-1_task-rest_run-01_bold.nii.gz,0,,,,include,/gpfs/research/grattonlab/iNetworks/Nifti/derivatives/preproc_fmriprep-24.1.1/sub-INET002/ses-1/func/FD_outputs/sub-INET002_ses-1_task-rest_run-01_desc-tmask_fFD.txt,sub-INET002_ses-1_task-rest_run-01_desc-tmask_fFD.txt,264,0,0
sub-INET002,ses-1,task-rest,run-02,sub-INET002_ses-1_task-rest_run-02_bold.nii.gz,0,,,1.0,include,/gpfs/research/grattonlab/iNetworks/Nifti/derivatives/preproc_fmriprep-24.1.1/sub-INET002/ses-1/func/FD_outputs/sub-INET002_ses-1_task-rest_run-02_desc-tmask_fFD.txt,sub-INET002_ses-1_task-rest_run-02_desc-tmask_fFD.txt,260,0,0
sub-INET002,ses-1,task-rest,run-03,sub-INET002_ses-1_task-rest_run-03_bold.nii.gz,0,,,1.0,include,/gpfs/research/grattonlab/iNetworks/Nifti/derivatives/preproc_fmriprep-24.1.1/sub-INET002/ses-1/func/FD_outputs/sub-INET002_ses-1_task-rest_run-03_desc-tmask_fFD.txt,sub-INET002_ses-1_task-rest_run-03_desc-tmask_fFD.txt,253,0,0
sub-INET002,ses-1,task-rest,run-04,sub-INET002_ses-1_task-rest_run-04_bold.nii.gz,0,,,,include,/gpfs/research/grattonlab/iNetworks/Nifti/derivatives/preproc_fmriprep-24.1.1/sub-INET002/ses-1/func/FD_outputs/sub-INET002_ses-1_task-rest_run-04_desc-tmask_fFD.txt,sub-INET002_ses-1_task-rest_run-04_desc-tmask_fFD.txt,262,0,0
sub-INET002,ses-1,task-rest,run-05,sub-INET002_ses-1_task-rest_run-05_bold.nii.gz,0,,,1.0,include,/gpfs/research/grattonlab/iNetworks/Nifti/derivatives/preproc_fmriprep-24.1.1/sub-INET002/ses-1/func/FD_outputs/sub-INET002_ses-1_task-rest_run-05_desc-tmask_fFD.txt,sub-INET002_ses-1_task-rest_run-05_desc-tmask_fFD.txt,262,0,0
sub-INET002,ses-1,task-rest,run-06,sub-INET002_ses-1_task-rest_run-06_bold.nii.gz,0,,,1.0,include,/gpfs/research/grattonlab/iNetworks/Nifti/derivatives/preproc_fmriprep-24.1.1/sub-INET002/ses-1/func/FD_outputs/sub-INET002_ses-1_task-rest_run-06_desc-tmask_fFD.txt,sub-INET002_ses-1_task-rest_run-06_desc-tmask_fFD.txt,261,0,0
sub-INET002,ses-1,task-rest,run-07,sub-INET002_ses-1_task-rest_run-07_bold.nii.gz,0,,,,include,/gpfs/research/grattonlab/iNetworks/Nifti/derivatives/preproc_fmriprep-24.1.1/sub-INET002/ses-1/func/FD_outputs/sub-INET002_ses-1_task-rest_run-07_desc-tmask_fFD.txt,sub-INET002_ses-1_task-rest_run-07_desc-tmask_fFD.txt,264,0,0
sub-INET002,ses-2,task-rest,run-01,sub-INET002_ses-2_task-rest_run-01_bold.nii.gz,0,,,2.0,include,/gpfs/research/grattonlab/iNetworks/Nifti/derivatives/preproc_fmriprep-24.1.1/sub-INET002/ses-2/func/FD_outputs/sub-INET002_ses-2_task-rest_run-01_desc-tmask_fFD.txt,sub-INET002_ses-2_task-rest_run-01_desc-tmask_fFD.txt,263,0,0
sub-INET002,ses-2,task-rest,run-02,sub-INET002_ses-2_task-rest_run-02_bold.nii.gz,0,,,1.0,include,/gpfs/research/grattonlab/iNetworks/Nifti/derivatives/preproc_fmriprep-24.1.1/sub-INET002/ses-2/func/FD_outputs/sub-INET002_ses-2_task-rest_run-02_desc-tmask_fFD.txt,sub-INET002_ses-2_task-rest_run-02_desc-tmask_fFD.txt,260,0,0
sub-INET002,ses-2,task-rest,run-03,sub-INET002_ses-2_task-rest_run-03_bold.nii.gz,0,,,1.0,include,/gpfs/research/grattonlab/iNetworks/Nifti/derivatives/preproc_fmriprep-24.1.1/sub-INET002/ses-2/func/FD_outputs/sub-INET002_ses-2_task-rest_run-03_desc-tmask_fFD.txt,sub-INET002_ses-2_task-rest_run-03_desc-tmask_fFD.txt,262,0,0
sub-INET002,ses-2,task-rest,run-04,sub-INET002_ses-2_task-rest_run-04_bold.nii.gz,0,,,1.0,include,/gpfs/research/grattonlab/iNetworks/Nifti/derivatives/preproc_fmriprep-24.1.1/sub-INET002/ses-2/func/FD_outputs/sub-INET002_ses-2_task-rest_run-04_desc-tmask_fFD.txt,sub-INET002_ses-2_task-rest_run-04_desc-tmask_fFD.txt,262,0,0
sub-INET002,ses-2,task-rest,run-05,sub-INET002_ses-2_task-rest_run-05_bold.nii.gz,0,,,2.0,include,/gpfs/research/grattonlab/iNetworks/Nifti/derivatives/preproc_fmriprep-24.1.1/sub-INET002/ses-2/func/FD_outputs/sub-INET002_ses-2_task-rest_run-05_desc-tmask_fFD.txt,sub-INET002_ses-2_task-rest_run-05_desc-tmask_fFD.txt,262,0,0
sub-INET002,ses-2,task-rest,run-06,sub-INET002_ses-2_task-rest_run-06_bold.nii.gz,0,,,1.0,include,/gpfs/research/grattonlab/iNetworks/Nifti/derivatives/preproc_fmriprep-24.1.1/sub-INET002/ses-2/func/FD_outputs/sub-INET002_ses-2_task-rest_run-06_desc-tmask_fFD.txt,sub-INET002_ses-2_task-rest_run-06_desc-tmask_fFD.txt,262,0,0
sub-INET002,ses-2,task-rest,run-07,sub-INET002_ses-2_task-rest_run-07_bold.nii.gz,0,,,1.0,include,/gpfs/research/grattonlab/iNetworks/Nifti/derivatives/preproc_fmriprep-24.1.1/sub-INET002/ses-2/func/FD_outputs/sub-INET002_ses-2_task-rest_run-07_desc-tmask_fFD.txt,sub-INET002_ses-2_task-rest_run-07_desc-tmask_fFD.txt,262,0,0
sub-INET002,ses-3,task-rest,run-01,sub-INET002_ses-3_task-rest_run-01_bold.nii.gz,0,,,,include,/gpfs/research/grattonlab/iNetworks/Nifti/derivatives/preproc_fmriprep-24.1.1/sub-INET002/ses-3/func/FD_outputs/sub-INET002_ses-3_task-rest_run-01_desc-tmask_fFD.txt,sub-INET002_ses-3_task-rest_run-01_desc-tmask_fFD.txt,262,0,0
sub-INET002,ses-3,task-rest,run-02,sub-INET002_ses-3_task-rest_run-02_bold.nii.gz,0,,,1.0,include,/gpfs/research/grattonlab/iNetworks/Nifti/derivatives/preproc_fmriprep-24.1.1/sub-INET002/ses-3/func/FD_outputs/sub-INET002_ses-3_task-rest_run-02_desc-tmask_fFD.txt,sub-INET002_ses-3_task-rest_run-02_desc-tmask_fFD.txt,263,0,0
sub-INET002,ses-3,task-rest,run-03,sub-INET002_ses-3_task-rest_run-03_bold.nii.gz,0,,,2.0,include,/gpfs/research/grattonlab/iNetworks/Nifti/derivatives/preproc_fmriprep-24.1.1/sub-INET002/ses-3/func/FD_outputs/sub-INET002_ses-3_task-rest_run-03_desc-tmask_fFD.txt,sub-INET002_ses-3_task-rest_run-03_desc-tmask_fFD.txt,262,0,0
sub-INET002,ses-3,task-rest,run-04,sub-INET002_ses-3_task-rest_run-04_bold.nii.gz,0,,,2.0,include,/gpfs/research/grattonlab/iNetworks/Nifti/derivatives/preproc_fmriprep-24.1.1/sub-INET002/ses-3/func/FD_outputs/sub-INET002_ses-3_task-rest_run-04_desc-tmask_fFD.txt,sub-INET002_ses-3_task-rest_run-04_desc-tmask_fFD.txt,254,0,0
sub-INET002,ses-3,task-rest,run-05,sub-INET002_ses-3_task-rest_run-05_bold.nii.gz,0,,,2.0,include,/gpfs/research/grattonlab/iNetworks/Nifti/derivatives/preproc_fmriprep-24.1.1/sub-INET002/ses-3/func/FD_outputs/sub-INET002_ses-3_task-rest_run-05_desc-tmask_fFD.txt,sub-INET002_ses-3_task-rest_run-05_desc-tmask_fFD.txt,264,0,0
sub-INET002,ses-3,task-rest,run-06,sub-INET002_ses-3_task-rest_run-06_bold.nii.gz,0,,,2.0,include,/gpfs/research/grattonlab/iNetworks/Nifti/derivatives/preproc_fmriprep-24.1.1/sub-INET002/ses-3/func/FD_outputs/sub-INET002_ses-3_task-rest_run-06_desc-tmask_fFD.txt,sub-INET002_ses-3_task-rest_run-06_desc-tmask_fFD.txt,263,0,0
sub-INET002,ses-3,task-rest,run-07,sub-INET002_ses-3_task-rest_run-07_bold.nii.gz,0,,,3.0,include,/gpfs/research/grattonlab/iNetworks/Nifti/derivatives/preproc_fmriprep-24.1.1/sub-INET002/ses-3/func/FD_outputs/sub-INET002_ses-3_task-rest_run-07_desc-tmask_fFD.txt,sub-INET002_ses-3_task-rest_run-07_desc-tmask_fFD.txt,264,0,0
sub-INET002,ses-3,task-rest,run-08,sub-INET002_ses-3_task-rest_run-08_bold.nii.gz,0,,,,include,/gpfs/research/grattonlab/iNetworks/Nifti/derivatives/preproc_fmriprep-24.1.1/sub-INET002/ses-3/func/FD_outputs/sub-INET002_ses-3_task-rest_run-08_desc-tmask_fFD.txt,sub-INET002_ses-3_task-rest_run-08_desc-tmask_fFD.txt,263,0,0
sub-INET002,ses-4,task-rest,run-01,sub-INET002_ses-4_task-rest_run-01_bold.nii.gz,0,,,2.0,include,/gpfs/research/grattonlab/iNetworks/Nifti/derivatives/preproc_fmriprep-24.1.1/sub-INET002/ses-4/func/FD_outputs/sub-INET002_ses-4_task-rest_run-01_desc-tmask_fFD.txt,sub-INET002_ses-4_task-rest_run-01_desc-tmask_fFD.txt,263,0,0
sub-INET002,ses-4,task-rest,run-02,sub-INET002_ses-4_task-rest_run-02_bold.nii.gz,0,,,2.0,include,/gpfs/research/grattonlab/iNetworks/Nifti/derivatives/preproc_fmriprep-24.1.1/sub-INET002/ses-4/func/FD_outputs/sub-INET002_ses-4_task-rest_run-02_desc-tmask_fFD.txt,sub-INET002_ses-4_task-rest_run-02_desc-tmask_fFD.txt,264,0,0
sub-INET002,ses-4,task-rest,run-03,sub-INET002_ses-4_task-rest_run-03_bold.nii.gz,0,,,2.0,include,/gpfs/research/grattonlab/iNetworks/Nifti/derivatives/preproc_fmriprep-24.1.1/sub-INET002/ses-4/func/FD_outputs/sub-INET002_ses-4_task-rest_run-03_desc-tmask_fFD.txt,sub-INET002_ses-4_task-rest_run-03_desc-tmask_fFD.txt,263,0,0
sub-INET002,ses-4,task-rest,run-04,sub-INET002_ses-4_task-rest_run-04_bold.nii.gz,0,,,2.0,include,/gpfs/research/grattonlab/iNetworks/Nifti/derivatives/preproc_fmriprep-24.1.1/sub-INET002/ses-4/func/FD_outputs/sub-INET002_ses-4_task-rest_run-04_desc-tmask_fFD.txt,sub-INET002_ses-4_task-rest_run-04_desc-tmask_fFD.txt,263,0,0
sub-INET002,ses-4,task-rest,run-05,sub-INET002_ses-4_task-rest_run-05_bold.nii.gz,0,,,2.0,include,/gpfs/research/grattonlab/iNetworks/Nifti/derivatives/preproc_fmriprep-24.1.1/sub-INET002/ses-4/func/FD_outputs/sub-INET002_ses-4_task-rest_run-05_desc-tmask_fFD.txt,sub-INET002_ses-4_task-rest_run-05_desc-tmask_fFD.txt,262,0,0
sub-INET002,ses-4,task-rest,run-06,sub-INET002_ses-4_task-rest_run-06_bold.nii.gz,0,,,2.0,include,/gpfs/research/grattonlab/iNetworks/Nifti/derivatives/preproc_fmriprep-24.1.1/sub-INET002/ses-4/func/FD_outputs/sub-INET002_ses-4_task-rest_run-06_desc-tmask_fFD.txt,sub-INET002_ses-4_task-rest_run-06_desc-tmask_fFD.txt,264,0,0
sub-INET002,ses-4,task-rest,run-07,sub-INET002_ses-4_task-rest_run-07_bold.nii.gz,0,,,2.0,include,/gpfs/research/grattonlab/iNetworks/Nifti/derivatives/preproc_fmriprep-24.1.1/sub-INET002/ses-4/func/FD_outputs/sub-INET002_ses-4_task-rest_run-07_desc-tmask_fFD.txt,sub-INET002_ses-4_task-rest_run-07_desc-tmask_fFD.txt,263,0,0
sub-INET002,ses-4,task-rest,run-08,sub-INET002_ses-4_task-rest_run-08_bold.nii.gz,0,,,2.0,include,/gpfs/research/grattonlab/iNetworks/Nifti/derivatives/preproc_fmriprep-24.1.1/sub-INET002/ses-4/func/FD_outputs/sub-INET002_ses-4_task-rest_run-08_desc-tmask_fFD.txt,sub-INET002_ses-4_task-rest_run-08_desc-tmask_fFD.txt,263,0,0
sub-INET002,ses-4,task-rest,run-09,sub-INET002_ses-4_task-rest_run-09_bold.nii.gz,0,,,,include,/gpfs/research/grattonlab/iNetworks/Nifti/derivatives/preproc_fmriprep-24.1.1/sub-INET002/ses-4/func/FD_outputs/sub-INET002_ses-4_task-rest_run-09_desc-tmask_fFD.txt,sub-INET002_ses-4_task-rest_run-09_desc-tmask_fFD.txt,263,0,0
sub-INET003,ses-1,task-rest,run-01,sub-INET003_ses-1_task-rest_run-01_bold.nii.gz,0,,,2.0,include,/gpfs/research/grattonlab/iNetworks/Nifti/derivatives/preproc_fmriprep-24.1.1/sub-INET003/ses-1/func/FD_outputs/sub-INET003_ses-1_task-rest_run-01_desc-tmask_fFD.txt,sub-INET003_ses-1_task-rest_run-01_desc-tmask_fFD.txt,263,0,0
sub-INET003,ses-1,task-rest,run-02,sub-INET003_ses-1_task-rest_run-02_bold.nii.gz,0,,,1.0,include,/gpfs/research/grattonlab/iNetworks/Nifti/derivatives/preproc_fmriprep-24.1.1/sub-INET003/ses-1/func/FD_outputs/sub-INET003_ses-1_task-rest_run-02_desc-tmask_fFD.txt,sub-INET003_ses-1_task-rest_run-02_desc-tmask_fFD.txt,264,0,0
sub-INET003,ses-1,task-rest,run-03,sub-INET003_ses-1_task-rest_run-03_bold.nii.gz,0,,,2.0,include,/gpfs/research/grattonlab/iNetworks/Nifti/derivatives/preproc_fmriprep-24.1.1/sub-INET003/ses-1/func/FD_outputs/sub-INET003_ses-1_task-rest_run-03_desc-tmask_fFD.txt,sub-INET003_ses-1_task-rest_run-03_desc-tmask_fFD.txt,265,0,0
sub-INET003,ses-1,task-rest,run-04,sub-INET003_ses-1_task-rest_run-04_bold.nii.gz,0,,,,include,/gpfs/research/grattonlab/iNetworks/Nifti/derivatives/preproc_fmriprep-24.1.1/sub-INET003/ses-1/func/FD_outputs/sub-INET003_ses-1_task-rest_run-04_desc-tmask_fFD.txt,sub-INET003_ses-1_task-rest_run-04_desc-tmask_fFD.txt,263,0,0
sub-INET003,ses-1,task-rest,run-05,sub-INET003_ses-1_task-rest_run-05_bold.nii.gz,0,,,,include,/gpfs/research/grattonlab/iNetworks/Nifti/derivatives/preproc_fmriprep-24.1.1/sub-INET003/ses-1/func/FD_outputs/sub-INET003_ses-1_task-rest_run-05_desc-tmask_fFD.txt,sub-INET003_ses-1_task-rest_run-05_desc-tmask_fFD.txt,264,0,0
sub-INET003,ses-1,task-rest,run-07,sub-INET003_ses-1_task-rest_run-07_bold.nii.gz,0,,,3.0,include,/gpfs/research/grattonlab/iNetworks/Nifti/derivatives/preproc_fmriprep-24.1.1/sub-INET003/ses-1/func/FD_outputs/sub-INET003_ses-1_task-rest_run-07_desc-tmask_fFD.txt,sub-INET003_ses-1_task-rest_run-07_desc-tmask_fFD.txt,252,0,0
sub-INET003,ses-2,task-rest,run-01,sub-INET003_ses-2_task-rest_run-01_bold.nii.gz,0,,,2.0,include,/gpfs/research/grattonlab/iNetworks/Nifti/derivatives/preproc_fmriprep-24.1.1/sub-INET003/ses-2/func/FD_outputs/sub-INET003_ses-2_task-rest_run-01_desc-tmask_fFD.txt,sub-INET003_ses-2_task-rest_run-01_desc-tmask_fFD.txt,262,0,0
sub-INET003,ses-2,task-rest,run-02,sub-INET003_ses-2_task-rest_run-02_bold.nii.gz,0,,,2.0,include,/gpfs/research/grattonlab/iNetworks/Nifti/derivatives/preproc_fmriprep-24.1.1/sub-INET003/ses-2/func/FD_outputs/sub-INET003_ses-2_task-rest_run-02_desc-tmask_fFD.txt,sub-INET003_ses-2_task-rest_run-02_desc-tmask_fFD.txt,262,0,0
sub-INET003,ses-2,task-rest,run-03,sub-INET003_ses-2_task-rest_run-03_bold.nii.gz,0,,,2.0,include,/gpfs/research/grattonlab/iNetworks/Nifti/derivatives/preproc_fmriprep-24.1.1/sub-INET003/ses-2/func/FD_outputs/sub-INET003_ses-2_task-rest_run-03_desc-tmask_fFD.txt,sub-INET003_ses-2_task-rest_run-03_desc-tmask_fFD.txt,264,0,0
sub-INET003,ses-2,task-rest,run-04,sub-INET003_ses-2_task-rest_run-04_bold.nii.gz,0,,,2.0,include,/gpfs/research/grattonlab/iNetworks/Nifti/derivatives/preproc_fmriprep-24.1.1/sub-INET003/ses-2/func/FD_outputs/sub-INET003_ses-2_task-rest_run-04_desc-tmask_fFD.txt,sub-INET003_ses-2_task-rest_run-04_desc-tmask_fFD.txt,263,0,0
sub-INET003,ses-2,task-rest,run-05,sub-INET003_ses-2_task-rest_run-05_bold.nii.gz,0,,,3.0,include,/gpfs/research/grattonlab/iNetworks/Nifti/derivatives/preproc_fmriprep-24.1.1/sub-INET003/ses-2/func/FD_outputs/sub-INET003_ses-2_task-rest_run-05_desc-tmask_fFD.txt,sub-INET003_ses-2_task-rest_run-05_desc-tmask_fFD.txt,264,0,0
sub-INET003,ses-2,task-rest,run-06,sub-INET003_ses-2_task-rest_run-06_bold.nii.gz,0,,,3.0,include,/gpfs/research/grattonlab/iNetworks/Nifti/derivatives/preproc_fmriprep-24.1.1/sub-INET003/ses-2/func/FD_outputs/sub-INET003_ses-2_task-rest_run-06_desc-tmask_fFD.txt,sub-INET003_ses-2_task-rest_run-06_desc-tmask_fFD.txt,258,0,0
sub-INET003,ses-2,task-rest,run-07,sub-INET003_ses-2_task-rest_run-07_bold.nii.gz,0,,,,include,/gpfs/research/grattonlab/iNetworks/Nifti/derivatives/preproc_fmriprep-24.1.1/sub-INET003/ses-2/func/FD_outputs/sub-INET003_ses-2_task-rest_run-07_desc-tmask_fFD.txt,sub-INET003_ses-2_task-rest_run-07_desc-tmask_fFD.txt,265,0,0
sub-INET003,ses-3,task-rest,run-02,sub-INET003_ses-3_task-rest_run-02_bold.nii.gz,0,,,3.0,include,/gpfs/research/grattonlab/iNetworks/Nifti/derivatives/preproc_fmriprep-24.1.1/sub-INET003/ses-3/func/FD_outputs/sub-INET003_ses-3_task-rest_run-02_desc-tmask_fFD.txt,sub-INET003_ses-3_task-rest_run-02_desc-tmask_fFD.txt,264,0,0
sub-INET003,ses-3,task-rest,run-03,sub-INET003_ses-3_task-rest_run-03_bold.nii.gz,0,,,3.0,include,/gpfs/research/grattonlab/iNetworks/Nifti/derivatives/preproc_fmriprep-24.1.1/sub-INET003/ses-3/func/FD_outputs/sub-INET003_ses-3_task-rest_run-03_desc-tmask_fFD.txt,sub-INET003_ses-3_task-rest_run-03_desc-tmask_fFD.txt,265,0,0
sub-INET003,ses-3,task-rest,run-05,sub-INET003_ses-3_task-rest_run-05_bold.nii.gz,0,,,3.0,include,/gpfs/research/grattonlab/iNetworks/Nifti/derivatives/preproc_fmriprep-24.1.1/sub-INET003/ses-3/func/FD_outputs/sub-INET003_ses-3_task-rest_run-05_desc-tmask_fFD.txt,sub-INET003_ses-3_task-rest_run-05_desc-tmask_fFD.txt,255,0,0
sub-INET003,ses-3,task-rest,run-06,sub-INET003_ses-3_task-rest_run-06_bold.nii.gz,0,,,3.0,include,/gpfs/research/grattonlab/iNetworks/Nifti/derivatives/preproc_fmriprep-24.1.1/sub-INET003/ses-3/func/FD_outputs/sub-INET003_ses-3_task-rest_run-06_desc-tmask_fFD.txt,sub-INET003_ses-3_task-rest_run-06_desc-tmask_fFD.txt,263,0,0
sub-INET003,ses-3,task-rest,run-07,sub-INET003_ses-3_task-rest_run-07_bold.nii.gz,0,,,3.0,include,/gpfs/research/grattonlab/iNetworks/Nifti/derivatives/preproc_fmriprep-24.1.1/sub-INET003/ses-3/func/FD_outputs/sub-INET003_ses-3_task-rest_run-07_desc-tmask_fFD.txt,sub-INET003_ses-3_task-rest_run-07_desc-tmask_fFD.txt,264,0,0
sub-INET003,ses-3,task-rest,run-08,sub-INET003_ses-3_task-rest_run-08_bold.nii.gz,0,,,3.0,include,/gpfs/research/grattonlab/iNetworks/Nifti/derivatives/preproc_fmriprep-24.1.1/sub-INET003/ses-3/func/FD_outputs/sub-INET003_ses-3_task-rest_run-08_desc-tmask_fFD.txt,sub-INET003_ses-3_task-rest_run-08_desc-tmask_fFD.txt,263,0,0
sub-INET003,ses-3,task-rest,run-09,sub-INET003_ses-3_task-rest_run-09_bold.nii.gz,0,,,,include,/gpfs/research/grattonlab/iNetworks/Nifti/derivatives/preproc_fmriprep-24.1.1/sub-INET003/ses-3/func/FD_outputs/sub-INET003_ses-3_task-rest_run-09_desc-tmask_fFD.txt,sub-INET003_ses-3_task-rest_run-09_desc-tmask_fFD.txt,265,0,0
sub-INET003,ses-4,task-rest,run-01,sub-INET003_ses-4_task-rest_run-01_bold.nii.gz,0,,,1.0,include,/gpfs/research/grattonlab/iNetworks/Nifti/derivatives/preproc_fmriprep-24.1.1/sub-INET003/ses-4/func/FD_outputs/sub-INET003_ses-4_task-rest_run-01_desc-tmask_fFD.txt,sub-INET003_ses-4_task-rest_run-01_desc-tmask_fFD.txt,265,0,0
sub-INET003,ses-4,task-rest,run-06,sub-INET003_ses-4_task-rest_run-06_bold.nii.gz,0,,,3.0,include,/gpfs/research/grattonlab/iNetworks/Nifti/derivatives/preproc_fmriprep-24.1.1/sub-INET003/ses-4/func/FD_outputs/sub-INET003_ses-4_task-rest_run-06_desc-tmask_fFD.txt,sub-INET003_ses-4_task-rest_run-06_desc-tmask_fFD.txt,264,0,0
sub-INET003,ses-4,task-rest,run-08,sub-INET003_ses-4_task-rest_run-08_bold.nii.gz,0,,,,include,/gpfs/research/grattonlab/iNetworks/Nifti/derivatives/preproc_fmriprep-24.1.1/sub-INET003/ses-4/func/FD_outputs/sub-INET003_ses-4_task-rest_run-08_desc-tmask_fFD.txt,sub-INET003_ses-4_task-rest_run-08_desc-tmask_fFD.txt,261,0,0
sub-INET005,ses-1,task-rest,run-01,sub-INET005_ses-1_task-rest_run-01_bold.nii.gz,0,,,,include,/gpfs/research/grattonlab/iNetworks/Nifti/derivatives/preproc_fmriprep-24.1.1/sub-INET005/ses-1/func/FD_outputs/sub-INET005_ses-1_task-rest_run-01_desc-tmask_fFD.txt,sub-INET005_ses-1_task-rest_run-01_desc-tmask_fFD.txt,264,0,0
sub-INET005,ses-1,task-rest,run-02,sub-INET005_ses-1_task-rest_run-02_bold.nii.gz,0,,,3.0,include,/gpfs/research/grattonlab/iNetworks/Nifti/derivatives/preproc_fmriprep-24.1.1/sub-INET005/ses-1/func/FD_outputs/sub-INET005_ses-1_task-rest_run-02_desc-tmask_fFD.txt,sub-INET005_ses-1_task-rest_run-02_desc-tmask_fFD.txt,265,0,0
sub-INET005,ses-1,task-rest,run-04,sub-INET005_ses-1_task-rest_run-04_bold.nii.gz,0,,,,include,/gpfs/research/grattonlab/iNetworks/Nifti/derivatives/preproc_fmriprep-24.1.1/sub-INET005/ses-1/func/FD_outputs/sub-INET005_ses-1_task-rest_run-04_desc-tmask_fFD.txt,sub-INET005_ses-1_task-rest_run-04_desc-tmask_fFD.txt,265,0,0
sub-INET005,ses-1,task-rest,run-05,sub-INET005_ses-1_task-rest_run-05_bold.nii.gz,0,,,,include,/gpfs/research/grattonlab/iNetworks/Nifti/derivatives/preproc_fmriprep-24.1.1/sub-INET005/ses-1/func/FD_outputs/sub-INET005_ses-1_task-rest_run-05_desc-tmask_fFD.txt,sub-INET005_ses-1_task-rest_run-05_desc-tmask_fFD.txt,259,0,0
sub-INET005,ses-1,task-rest,run-06,sub-INET005_ses-1_task-rest_run-06_bold.nii.gz,0,,,3.0,include,/gpfs/research/grattonlab/iNetworks/Nifti/derivatives/preproc_fmriprep-24.1.1/sub-INET005/ses-1/func/FD_outputs/sub-INET005_ses-1_task-rest_run-06_desc-tmask_fFD.txt,sub-INET005_ses-1_task-rest_run-06_desc-tmask_fFD.txt,264,0,0
sub-INET005,ses-1,task-rest,run-07,sub-INET005_ses-1_task-rest_run-07_bold.nii.gz,0,,,2.0,include,/gpfs/research/grattonlab/iNetworks/Nifti/derivatives/preproc_fmriprep-24.1.1/sub-INET005/ses-1/func/FD_outputs/sub-INET005_ses-1_task-rest_run-07_desc-tmask_fFD.txt,sub-INET005_ses-1_task-rest_run-07_desc-tmask_fFD.txt,265,0,0
sub-INET005,ses-1,task-rest,run-08,sub-INET005_ses-1_task-rest_run-08_bold.nii.gz,0,,,,include,/gpfs/research/grattonlab/iNetworks/Nifti/derivatives/preproc_fmriprep-24.1.1/sub-INET005/ses-1/func/FD_outputs/sub-INET005_ses-1_task-rest_run-08_desc-tmask_fFD.txt,sub-INET005_ses-1_task-rest_run-08_desc-tmask_fFD.txt,264,0,0
sub-INET005,ses-2,task-rest,run-01,sub-INET005_ses-2_task-rest_run-01_bold.nii.gz,0,,,2.0,include,/gpfs/research/grattonlab/iNetworks/Nifti/derivatives/preproc_fmriprep-24.1.1/sub-INET005/ses-2/func/FD_outputs/sub-INET005_ses-2_task-rest_run-01_desc-tmask_fFD.txt,sub-INET005_ses-2_task-rest_run-01_desc-tmask_fFD.txt,264,0,0
sub-INET005,ses-2,task-rest,run-02,sub-INET005_ses-2_task-rest_run-02_bold.nii.gz,0,,,2.0,include,/gpfs/research/grattonlab/iNetworks/Nifti/derivatives/preproc_fmriprep-24.1.1/sub-INET005/ses-2/func/FD_outputs/sub-INET005_ses-2_task-rest_run-02_desc-tmask_fFD.txt,sub-INET005_ses-2_task-rest_run-02_desc-tmask_fFD.txt,265,0,0
sub-INET005,ses-2,task-rest,run-06,sub-INET005_ses-2_task-rest_run-06_bold.nii.gz,0,,,2.0,include,/gpfs/research/grattonlab/iNetworks/Nifti/derivatives/preproc_fmriprep-24.1.1/sub-INET005/ses-2/func/FD_outputs/sub-INET005_ses-2_task-rest_run-06_desc-tmask_fFD.txt,sub-INET005_ses-2_task-rest_run-06_desc-tmask_fFD.txt,251,0,0
sub-INET005,ses-2,task-rest,run-07,sub-INET005_ses-2_task-rest_run-07_bold.nii.gz,0,,,,include,/gpfs/research/grattonlab/iNetworks/Nifti/derivatives/preproc_fmriprep-24.1.1/sub-INET005/ses-2/func/FD_outputs/sub-INET005_ses-2_task-rest_run-07_desc-tmask_fFD.txt,sub-INET005_ses-2_task-rest_run-07_desc-tmask_fFD.txt,258,0,0
sub-INET005,ses-3,task-rest,run-01,sub-INET005_ses-3_task-rest_run-01_bold.nii.gz,0,,,,include,/gpfs/research/grattonlab/iNetworks/Nifti/derivatives/preproc_fmriprep-24.1.1/sub-INET005/ses-3/func/FD_outputs/sub-INET005_ses-3_task-rest_run-01_desc-tmask_fFD.txt,sub-INET005_ses-3_task-rest_run-01_desc-tmask_fFD.txt,264,0,0
sub-INET005,ses-3,task-rest,run-05,sub-INET005_ses-3_task-rest_run-05_bold.nii.gz,0,,,2.0,include,/gpfs/research/grattonlab/iNetworks/Nifti/derivatives/preproc_fmriprep-24.1.1/sub-INET005/ses-3/func/FD_outputs/sub-INET005_ses-3_task-rest_run-05_desc-tmask_fFD.txt,sub-INET005_ses-3_task-rest_run-05_desc-tmask_fFD.txt,253,0,0
sub-INET005,ses-3,task-rest,run-06,sub-INET005_ses-3_task-rest_run-06_bold.nii.gz,0,,,3.0,include,/gpfs/research/grattonlab/iNetworks/Nifti/derivatives/preproc_fmriprep-24.1.1/sub-INET005/ses-3/func/FD_outputs/sub-INET005_ses-3_task-rest_run-06_desc-tmask_fFD.txt,sub-INET005_ses-3_task-rest_run-06_desc-tmask_fFD.txt,247,0,0
sub-INET005,ses-3,task-rest,run-07,sub-INET005_ses-3_task-rest_run-07_bold.nii.gz,0,,,3.0,include,/gpfs/research/grattonlab/iNetworks/Nifti/derivatives/preproc_fmriprep-24.1.1/sub-INET005/ses-3/func/FD_outputs/sub-INET005_ses-3_task-rest_run-07_desc-tmask_fFD.txt,sub-INET005_ses-3_task-rest_run-07_desc-tmask_fFD.txt,261,0,0
sub-INET005,ses-3,task-rest,run-08,sub-INET005_ses-3_task-rest_run-08_bold.nii.gz,0,,,,include,/gpfs/research/grattonlab/iNetworks/Nifti/derivatives/preproc_fmriprep-24.1.1/sub-INET005/ses-3/func/FD_outputs/sub-INET005_ses-3_task-rest_run-08_desc-tmask_fFD.txt,sub-INET005_ses-3_task-rest_run-08_desc-tmask_fFD.txt,265,0,0
sub-INET005,ses-3,task-rest,run-09,sub-INET005_ses-3_task-rest_run-09_bold.nii.gz,0,,,,include,/gpfs/research/grattonlab/iNetworks/Nifti/derivatives/preproc_fmriprep-24.1.1/sub-INET005/ses-3/func/FD_outputs/sub-INET005_ses-3_task-rest_run-09_desc-tmask_fFD.txt,sub-INET005_ses-3_task-rest_run-09_desc-tmask_fFD.txt,262,0,0
sub-INET005,ses-4,task-rest,run-01,sub-INET005_ses-4_task-rest_run-01_bold.nii.gz,0,,,2.0,include,/gpfs/research/grattonlab/iNetworks/Nifti/derivatives/preproc_fmriprep-24.1.1/sub-INET005/ses-4/func/FD_outputs/sub-INET005_ses-4_task-rest_run-01_desc-tmask_fFD.txt,sub-INET005_ses-4_task-rest_run-01_desc-tmask_fFD.txt,264,0,0
sub-INET005,ses-4,task-rest,run-02,sub-INET005_ses-4_task-rest_run-02_bold.nii.gz,0,,,2.0,include,/gpfs/research/grattonlab/iNetworks/Nifti/derivatives/preproc_fmriprep-24.1.1/sub-INET005/ses-4/func/FD_outputs/sub-INET005_ses-4_task-rest_run-02_desc-tmask_fFD.txt,sub-INET005_ses-4_task-rest_run-02_desc-tmask_fFD.txt,264,0,0
sub-INET005,ses-4,task-rest,run-07,sub-INET005_ses-4_task-rest_run-07_bold.nii.gz,0,,,3.0,include,/gpfs/research/grattonlab/iNetworks/Nifti/derivatives/preproc_fmriprep-24.1.1/sub-INET005/ses-4/func/FD_outputs/sub-INET005_ses-4_task-rest_run-07_desc-tmask_fFD.txt,sub-INET005_ses-4_task-rest_run-07_desc-tmask_fFD.txt,264,0,0
sub-INET005,ses-4,task-rest,run-08,sub-INET005_ses-4_task-rest_run-08_bold.nii.gz,0,,,2.0,include,/gpfs/research/grattonlab/iNetworks/Nifti/derivatives/preproc_fmriprep-24.1.1/sub-INET005/ses-4/func/FD_outputs/sub-INET005_ses-4_task-rest_run-08_desc-tmask_fFD.txt,sub-INET005_ses-4_task-rest_run-08_desc-tmask_fFD.txt,264,0,0
sub-INET005,ses-4,task-rest,run-09,sub-INET005_ses-4_task-rest_run-09_bold.nii.gz,0,,,,include,/gpfs/research/grattonlab/iNetworks/Nifti/derivatives/preproc_fmriprep-24.1.1/sub-INET005/ses-4/func/FD_outputs/sub-INET005_ses-4_task-rest_run-09_desc-tmask_fFD.txt,sub-INET005_ses-4_task-rest_run-09_desc-tmask_fFD.txt,265,0,0
sub-INET006,ses-1,task-rest,run-01,sub-INET006_ses-1_task-rest_run-01_bold.nii.gz,0,,,,include,/gpfs/research/grattonlab/iNetworks/Nifti/derivatives/preproc_fmriprep-24.1.1/sub-INET006/ses-1/func/FD_outputs/sub-INET006_ses-1_task-rest_run-01_desc-tmask_fFD.txt,sub-INET006_ses-1_task-rest_run-01_desc-tmask_fFD.txt,262,0,0
sub-INET006,ses-1,task-rest,run-02,sub-INET006_ses-1_task-rest_run-02_bold.nii.gz,0,,,2.0,include,/gpfs/research/grattonlab/iNetworks/Nifti/derivatives/preproc_fmriprep-24.1.1/sub-INET006/ses-1/func/FD_outputs/sub-INET006_ses-1_task-rest_run-02_desc-tmask_fFD.txt,sub-INET006_ses-1_task-rest_run-02_desc-tmask_fFD.txt,261,0,0
sub-INET006,ses-1,task-rest,run-03,sub-INET006_ses-1_task-rest_run-03_bold.nii.gz,0,,,3.0,include,/gpfs/research/grattonlab/iNetworks/Nifti/derivatives/preproc_fmriprep-24.1.1/sub-INET006/ses-1/func/FD_outputs/sub-INET006_ses-1_task-rest_run-03_desc-tmask_fFD.txt,sub-INET006_ses-1_task-rest_run-03_desc-tmask_fFD.txt,264,0,0
sub-INET006,ses-1,task-rest,run-04,sub-INET006_ses-1_task-rest_run-04_bold.nii.gz,0,,,3.0,include,/gpfs/research/grattonlab/iNetworks/Nifti/derivatives/preproc_fmriprep-24.1.1/sub-INET006/ses-1/func/FD_outputs/sub-INET006_ses-1_task-rest_run-04_desc-tmask_fFD.txt,sub-INET006_ses-1_task-rest_run-04_desc-tmask_fFD.txt,263,0,0
sub-INET006,ses-2,task-rest,run-01,sub-INET006_ses-2_task-rest_run-01_bold.nii.gz,0,,,2.0,include,/gpfs/research/grattonlab/iNetworks/Nifti/derivatives/preproc_fmriprep-24.1.1/sub-INET006/ses-2/func/FD_outputs/sub-INET006_ses-2_task-rest_run-01_desc-tmask_fFD.txt,sub-INET006_ses-2_task-rest_run-01_desc-tmask_fFD.txt,265,0,0
sub-INET006,ses-2,task-rest,run-02,sub-INET006_ses-2_task-rest_run-02_bold.nii.gz,0,,,2.0,include,/gpfs/research/grattonlab/iNetworks/Nifti/derivatives/preproc_fmriprep-24.1.1/sub-INET006/ses-2/func/FD_outputs/sub-INET006_ses-2_task-rest_run-02_desc-tmask_fFD.txt,sub-INET006_ses-2_task-rest_run-02_desc-tmask_fFD.txt,264,0,0
sub-INET006,ses-2,task-rest,run-03,sub-INET006_ses-2_task-rest_run-03_bold.nii.gz,0,,,2.0,include,/gpfs/research/grattonlab/iNetworks/Nifti/derivatives/preproc_fmriprep-24.1.1/sub-INET006/ses-2/func/FD_outputs/sub-INET006_ses-2_task-rest_run-03_desc-tmask_fFD.txt,sub-INET006_ses-2_task-rest_run-03_desc-tmask_fFD.txt,248,0,0
sub-INET006,ses-2,task-rest,run-04,sub-INET006_ses-2_task-rest_run-04_bold.nii.gz,0,,,3.0,include,/gpfs/research/grattonlab/iNetworks/Nifti/derivatives/preproc_fmriprep-24.1.1/sub-INET006/ses-2/func/FD_outputs/sub-INET006_ses-2_task-rest_run-04_desc-tmask_fFD.txt,sub-INET006_ses-2_task-rest_run-04_desc-tmask_fFD.txt,264,0,0
sub-INET006,ses-2,task-rest,run-06,sub-INET006_ses-2_task-rest_run-06_bold.nii.gz,0,,,3.0,include,/gpfs/research/grattonlab/iNetworks/Nifti/derivatives/preproc_fmriprep-24.1.1/sub-INET006/ses-2/func/FD_outputs/sub-INET006_ses-2_task-rest_run-06_desc-tmask_fFD.txt,sub-INET006_ses-2_task-rest_run-06_desc-tmask_fFD.txt,264,0,0
sub-INET006,ses-2,task-rest,run-07,sub-INET006_ses-2_task-rest_run-07_bold.nii.gz,0,,,2.0,include,/gpfs/research/grattonlab/iNetworks/Nifti/derivatives/preproc_fmriprep-24.1.1/sub-INET006/ses-2/func/FD_outputs/sub-INET006_ses-2_task-rest_run-07_desc-tmask_fFD.txt,sub-INET006_ses-2_task-rest_run-07_desc-tmask_fFD.txt,260,0,0
sub-INET006,ses-2,task-rest,run-08,sub-INET006_ses-2_task-rest_run-08_bold.nii.gz,0,,,2.0,include,/gpfs/research/grattonlab/iNetworks/Nifti/derivatives/preproc_fmriprep-24.1.1/sub-INET006/ses-2/func/FD_outputs/sub-INET006_ses-2_task-rest_run-08_desc-tmask_fFD.txt,sub-INET006_ses-2_task-rest_run-08_desc-tmask_fFD.txt,261,0,0
sub-INET006,ses-3,task-rest,run-01,sub-INET006_ses-3_task-rest_run-01_bold.nii.gz,0,,,2.0,include,/gpfs/research/grattonlab/iNetworks/Nifti/derivatives/preproc_fmriprep-24.1.1/sub-INET006/ses-3/func/FD_outputs/sub-INET006_ses-3_task-rest_run-01_desc-tmask_fFD.txt,sub-INET006_ses-3_task-rest_run-01_desc-tmask_fFD.txt,260,0,0
sub-INET006,ses-3,task-rest,run-02,sub-INET006_ses-3_task-rest_run-02_bold.nii.gz,0,,,3.0,include,/gpfs/research/grattonlab/iNetworks/Nifti/derivatives/preproc_fmriprep-24.1.1/sub-INET006/ses-3/func/FD_outputs/sub-INET006_ses-3_task-rest_run-02_desc-tmask_fFD.txt,sub-INET006_ses-3_task-rest_run-02_desc-tmask_fFD.txt,263,0,0
sub-INET006,ses-3,task-rest,run-04,sub-INET006_ses-3_task-rest_run-04_bold.nii.gz,0,,,3.0,include,/gpfs/research/grattonlab/iNetworks/Nifti/derivatives/preproc_fmriprep-24.1.1/sub-INET006/ses-3/func/FD_outputs/sub-INET006_ses-3_task-rest_run-04_desc-tmask_fFD.txt,sub-INET006_ses-3_task-rest_run-04_desc-tmask_fFD.txt,264,0,0
sub-INET006,ses-3,task-rest,run-05,sub-INET006_ses-3_task-rest_run-05_bold.nii.gz,0,,,3.0,include,/gpfs/research/grattonlab/iNetworks/Nifti/derivatives/preproc_fmriprep-24.1.1/sub-INET006/ses-3/func/FD_outputs/sub-INET006_ses-3_task-rest_run-05_desc-tmask_fFD.txt,sub-INET006_ses-3_task-rest_run-05_desc-tmask_fFD.txt,264,0,0
sub-INET006,ses-3,task-rest,run-06,sub-INET006_ses-3_task-rest_run-06_bold.nii.gz,0,,,2.0,include,/gpfs/research/grattonlab/iNetworks/Nifti/derivatives/preproc_fmriprep-24.1.1/sub-INET006/ses-3/func/FD_outputs/sub-INET006_ses-3_task-rest_run-06_desc-tmask_fFD.txt,sub-INET006_ses-3_task-rest_run-06_desc-tmask_fFD.txt,265,0,0
sub-INET006,ses-3,task-rest,run-07,sub-INET006_ses-3_task-rest_run-07_bold.nii.gz,0,,,2.0,include,/gpfs/research/grattonlab/iNetworks/Nifti/derivatives/preproc_fmriprep-24.1.1/sub-INET006/ses-3/func/FD_outputs/sub-INET006_ses-3_task-rest_run-07_desc-tmask_fFD.txt,sub-INET006_ses-3_task-rest_run-07_desc-tmask_fFD.txt,264,0,0
sub-INET006,ses-3,task-rest,run-08,sub-INET006_ses-3_task-rest_run-08_bold.nii.gz,0,,,,include,/gpfs/research/grattonlab/iNetworks/Nifti/derivatives/preproc_fmriprep-24.1.1/sub-INET006/ses-3/func/FD_outputs/sub-INET006_ses-3_task-rest_run-08_desc-tmask_fFD.txt,sub-INET006_ses-3_task-rest_run-08_desc-tmask_fFD.txt,264,0,0
sub-INET006,ses-4,task-rest,run-01,sub-INET006_ses-4_task-rest_run-01_bold.nii.gz,0,,,1.0,include,/gpfs/research/grattonlab/iNetworks/Nifti/derivatives/preproc_fmriprep-24.1.1/sub-INET006/ses-4/func/FD_outputs/sub-INET006_ses-4_task-rest_run-01_desc-tmask_fFD.txt,sub-INET006_ses-4_task-rest_run-01_desc-tmask_fFD.txt,264,0,0
sub-INET006,ses-4,task-rest,run-02,sub-INET006_ses-4_task-rest_run-02_bold.nii.gz,0,,,1.0,include,/gpfs/research/grattonlab/iNetworks/Nifti/derivatives/preproc_fmriprep-24.1.1/sub-INET006/ses-4/func/FD_outputs/sub-INET006_ses-4_task-rest_run-02_desc-tmask_fFD.txt,sub-INET006_ses-4_task-rest_run-02_desc-tmask_fFD.txt,264,0,0
sub-INET006,ses-4,task-rest,run-03,sub-INET006_ses-4_task-rest_run-03_bold.nii.gz,0,,,,include,/gpfs/research/grattonlab/iNetworks/Nifti/derivatives/preproc_fmriprep-24.1.1/sub-INET006/ses-4/func/FD_outputs/sub-INET006_ses-4_task-rest_run-03_desc-tmask_fFD.txt,sub-INET006_ses-4_task-rest_run-03_desc-tmask_fFD.txt,265,0,0
sub-INET006,ses-4,task-rest,run-04,sub-INET006_ses-4_task-rest_run-04_bold.nii.gz,0,,,2.0,include,/gpfs/research/grattonlab/iNetworks/Nifti/derivatives/preproc_fmriprep-24.1.1/sub-INET006/ses-4/func/FD_outputs/sub-INET006_ses-4_task-rest_run-04_desc-tmask_fFD.txt,sub-INET006_ses-4_task-rest_run-04_desc-tmask_fFD.txt,264,0,0
sub-INET006,ses-4,task-rest,run-05,sub-INET006_ses-4_task-rest_run-05_bold.nii.gz,0,,,1.0,include,/gpfs/research/grattonlab/iNetworks/Nifti/derivatives/preproc_fmriprep-24.1.1/sub-INET006/ses-4/func/FD_outputs/sub-INET006_ses-4_task-rest_run-05_desc-tmask_fFD.txt,sub-INET006_ses-4_task-rest_run-05_desc-tmask_fFD.txt,265,0,0
sub-INET006,ses-4,task-rest,run-06,sub-INET006_ses-4_task-rest_run-06_bold.nii.gz,0,,,2.0,include,/gpfs/research/grattonlab/iNetworks/Nifti/derivatives/preproc_fmriprep-24.1.1/sub-INET006/ses-4/func/FD_outputs/sub-INET006_ses-4_task-rest_run-06_desc-tmask_fFD.txt,sub-INET006_ses-4_task-rest_run-06_desc-tmask_fFD.txt,265,0,0
sub-INET006,ses-4,task-rest,run-07,sub-INET006_ses-4_task-rest_run-07_bold.nii.gz,0,,,1.0,include,/gpfs/research/grattonlab/iNetworks/Nifti/derivatives/preproc_fmriprep-24.1.1/sub-INET006/ses-4/func/FD_outputs/sub-INET006_ses-4_task-rest_run-07_desc-tmask_fFD.txt,sub-INET006_ses-4_task-rest_run-07_desc-tmask_fFD.txt,265,0,0
sub-INET006,ses-4,task-rest,run-08,sub-INET006_ses-4_task-rest_run-08_bold.nii.gz,0,,,,include,/gpfs/research/grattonlab/iNetworks/Nifti/derivatives/preproc_fmriprep-24.1.1/sub-INET006/ses-4/func/FD_outputs/sub-INET006_ses-4_task-rest_run-08_desc-tmask_fFD.txt,sub-INET006_ses-4_task-rest_run-08_desc-tmask_fFD.txt,261,0,0
sub-INET006,ses-4,task-rest,run-09,sub-INET006_ses-4_task-rest_run-09_bold.nii.gz,0,,,,include,/gpfs/research/grattonlab/iNetworks/Nifti/derivatives/preproc_fmriprep-24.1.1/sub-INET006/ses-4/func/FD_outputs/sub-INET006_ses-4_task-rest_run-09_desc-tmask_fFD.txt,sub-INET006_ses-4_task-rest_run-09_desc-tmask_fFD.txt,265,0,0
sub-INET010,ses-1,task-rest,run-01,sub-INET010_ses-1_task-rest_run-01_bold.nii.gz,0,,,2.0,include,/gpfs/research/grattonlab/iNetworks/Nifti/derivatives/preproc_fmriprep-24.1.1/sub-INET010/ses-1/func/FD_outputs/sub-INET010_ses-1_task-rest_run-01_desc-tmask_fFD.txt,sub-INET010_ses-1_task-rest_run-01_desc-tmask_fFD.txt,265,0,0
sub-INET010,ses-1,task-rest,run-02,sub-INET010_ses-1_task-rest_run-02_bold.nii.gz,0,,,2.0,include,/gpfs/research/grattonlab/iNetworks/Nifti/derivatives/preproc_fmriprep-24.1.1/sub-INET010/ses-1/func/FD_outputs/sub-INET010_ses-1_task-rest_run-02_desc-tmask_fFD.txt,sub-INET010_ses-1_task-rest_run-02_desc-tmask_fFD.txt,264,0,0
sub-INET010,ses-1,task-rest,run-03,sub-INET010_ses-1_task-rest_run-03_bold.nii.gz,0,,,3.0,include,/gpfs/research/grattonlab/iNetworks/Nifti/derivatives/preproc_fmriprep-24.1.1/sub-INET010/ses-1/func/FD_outputs/sub-INET010_ses-1_task-rest_run-03_desc-tmask_fFD.txt,sub-INET010_ses-1_task-rest_run-03_desc-tmask_fFD.txt,265,0,0
sub-INET010,ses-1,task-rest,run-04,sub-INET010_ses-1_task-rest_run-04_bold.nii.gz,0,,,2.0,include,/gpfs/research/grattonlab/iNetworks/Nifti/derivatives/preproc_fmriprep-24.1.1/sub-INET010/ses-1/func/FD_outputs/sub-INET010_ses-1_task-rest_run-04_desc-tmask_fFD.txt,sub-INET010_ses-1_task-rest_run-04_desc-tmask_fFD.txt,265,0,0
sub-INET010,ses-1,task-rest,run-05,sub-INET010_ses-1_task-rest_run-05_bold.nii.gz,0,,,2.0,include,/gpfs/research/grattonlab/iNetworks/Nifti/derivatives/preproc_fmriprep-24.1.1/sub-INET010/ses-1/func/FD_outputs/sub-INET010_ses-1_task-rest_run-05_desc-tmask_fFD.txt,sub-INET010_ses-1_task-rest_run-05_desc-tmask_fFD.txt,264,0,0
sub-INET010,ses-1,task-rest,run-06,sub-INET010_ses-1_task-rest_run-06_bold.nii.gz,0,,,2.0,include,/gpfs/research/grattonlab/iNetworks/Nifti/derivatives/preproc_fmriprep-24.1.1/sub-INET010/ses-1/func/FD_outputs/sub-INET010_ses-1_task-rest_run-06_desc-tmask_fFD.txt,sub-INET010_ses-1_task-rest_run-06_desc-tmask_fFD.txt,263,0,0
sub-INET010,ses-1,task-rest,run-07,sub-INET010_ses-1_task-rest_run-07_bold.nii.gz,0,,,,include,/gpfs/research/grattonlab/iNetworks/Nifti/derivatives/preproc_fmriprep-24.1.1/sub-INET010/ses-1/func/FD_outputs/sub-INET010_ses-1_task-rest_run-07_desc-tmask_fFD.txt,sub-INET010_ses-1_task-rest_run-07_desc-tmask_fFD.txt,265,0,0
sub-INET010,ses-2,task-rest,run-01,sub-INET010_ses-2_task-rest_run-01_bold.nii.gz,0,,,2.0,include,/gpfs/research/grattonlab/iNetworks/Nifti/derivatives/preproc_fmriprep-24.1.1/sub-INET010/ses-2/func/FD_outputs/sub-INET010_ses-2_task-rest_run-01_desc-tmask_fFD.txt,sub-INET010_ses-2_task-rest_run-01_desc-tmask_fFD.txt,264,0,0
sub-INET010,ses-2,task-rest,run-02,sub-INET010_ses-2_task-rest_run-02_bold.nii.gz,0,,,3.0,include,/gpfs/research/grattonlab/iNetworks/Nifti/derivatives/preproc_fmriprep-24.1.1/sub-INET010/ses-2/func/FD_outputs/sub-INET010_ses-2_task-rest_run-02_desc-tmask_fFD.txt,sub-INET010_ses-2_task-rest_run-02_desc-tmask_fFD.txt,264,0,0
sub-INET010,ses-2,task-rest,run-04,sub-INET010_ses-2_task-rest_run-04_bold.nii.gz,0,,,2.0,include,/gpfs/research/grattonlab/iNetworks/Nifti/derivatives/preproc_fmriprep-24.1.1/sub-INET010/ses-2/func/FD_outputs/sub-INET010_ses-2_task-rest_run-04_desc-tmask_fFD.txt,sub-INET010_ses-2_task-rest_run-04_desc-tmask_fFD.txt,265,0,0
sub-INET010,ses-2,task-rest,run-05,sub-INET010_ses-2_task-rest_run-05_bold.nii.gz,0,,,,include,/gpfs/research/grattonlab/iNetworks/Nifti/derivatives/preproc_fmriprep-24.1.1/sub-INET010/ses-2/func/FD_outputs/sub-INET010_ses-2_task-rest_run-05_desc-tmask_fFD.txt,sub-INET010_ses-2_task-rest_run-05_desc-tmask_fFD.txt,265,0,0
sub-INET010,ses-2,task-rest,run-06,sub-INET010_ses-2_task-rest_run-06_bold.nii.gz,0,,,1.0,include,/gpfs/research/grattonlab/iNetworks/Nifti/derivatives/preproc_fmriprep-24.1.1/sub-INET010/ses-2/func/FD_outputs/sub-INET010_ses-2_task-rest_run-06_desc-tmask_fFD.txt,sub-INET010_ses-2_task-rest_run-06_desc-tmask_fFD.txt,264,0,0
sub-INET010,ses-3,task-rest,run-01,sub-INET010_ses-3_task-rest_run-01_bold.nii.gz,0,,,,include,/gpfs/research/grattonlab/iNetworks/Nifti/derivatives/preproc_fmriprep-24.1.1/sub-INET010/ses-3/func/FD_outputs/sub-INET010_ses-3_task-rest_run-01_desc-tmask_fFD.txt,sub-INET010_ses-3_task-rest_run-01_desc-tmask_fFD.txt,265,0,0
sub-INET010,ses-3,task-rest,run-02,sub-INET010_ses-3_task-rest_run-02_bold.nii.gz,0,,,3.0,include,/gpfs/research/grattonlab/iNetworks/Nifti/derivatives/preproc_fmriprep-24.1.1/sub-INET010/ses-3/func/FD_outputs/sub-INET010_ses-3_task-rest_run-02_desc-tmask_fFD.txt,sub-INET010_ses-3_task-rest_run-02_desc-tmask_fFD.txt,265,0,0
sub-INET010,ses-3,task-rest,run-04,sub-INET010_ses-3_task-rest_run-04_bold.nii.gz,0,,,,include,/gpfs/research/grattonlab/iNetworks/Nifti/derivatives/preproc_fmriprep-24.1.1/sub-INET010/ses-3/func/FD_outputs/sub-INET010_ses-3_task-rest_run-04_desc-tmask_fFD.txt,sub-INET010_ses-3_task-rest_run-04_desc-tmask_fFD.txt,265,0,0
sub-INET010,ses-3,task-rest,run-05,sub-INET010_ses-3_task-rest_run-05_bold.nii.gz,0,,,2.0,include,/gpfs/research/grattonlab/iNetworks/Nifti/derivatives/preproc_fmriprep-24.1.1/sub-INET010/ses-3/func/FD_outputs/sub-INET010_ses-3_task-rest_run-05_desc-tmask_fFD.txt,sub-INET010_ses-3_task-rest_run-05_desc-tmask_fFD.txt,265,0,0
sub-INET010,ses-3,task-rest,run-06,sub-INET010_ses-3_task-rest_run-06_bold.nii.gz,0,,,3.0,include,/gpfs/research/grattonlab/iNetworks/Nifti/derivatives/preproc_fmriprep-24.1.1/sub-INET010/ses-3/func/FD_outputs/sub-INET010_ses-3_task-rest_run-06_desc-tmask_fFD.txt,sub-INET010_ses-3_task-rest_run-06_desc-tmask_fFD.txt,265,0,0
sub-INET010,ses-3,task-rest,run-07,sub-INET010_ses-3_task-rest_run-07_bold.nii.gz,0,,,,include,/gpfs/research/grattonlab/iNetworks/Nifti/derivatives/preproc_fmriprep-24.1.1/sub-INET010/ses-3/func/FD_outputs/sub-INET010_ses-3_task-rest_run-07_desc-tmask_fFD.txt,sub-INET010_ses-3_task-rest_run-07_desc-tmask_fFD.txt,263,0,0
sub-INET010,ses-3,task-rest,run-08,sub-INET010_ses-3_task-rest_run-08_bold.nii.gz,0,,,,include,/gpfs/research/grattonlab/iNetworks/Nifti/derivatives/preproc_fmriprep-24.1.1/sub-INET010/ses-3/func/FD_outputs/sub-INET010_ses-3_task-rest_run-08_desc-tmask_fFD.txt,sub-INET010_ses-3_task-rest_run-08_desc-tmask_fFD.txt,265,0,0
sub-INET010,ses-3,task-rest,run-09,sub-INET010_ses-3_task-rest_run-09_bold.nii.gz,0,,,,include,/gpfs/research/grattonlab/iNetworks/Nifti/derivatives/preproc_fmriprep-24.1.1/sub-INET010/ses-3/func/FD_outputs/sub-INET010_ses-3_task-rest_run-09_desc-tmask_fFD.txt,sub-INET010_ses-3_task-rest_run-09_desc-tmask_fFD.txt,265,0,0
sub-INET010,ses-4,task-rest,run-02,sub-INET010_ses-4_task-rest_run-02_bold.nii.gz,0,,,1.0,include,/gpfs/research/grattonlab/iNetworks/Nifti/derivatives/preproc_fmriprep-24.1.1/sub-INET010/ses-4/func/FD_outputs/sub-INET010_ses-4_task-rest_run-02_desc-tmask_fFD.txt,sub-INET010_ses-4_task-rest_run-02_desc-tmask_fFD.txt,265,0,0
sub-INET010,ses-4,task-rest,run-03,sub-INET010_ses-4_task-rest_run-03_bold.nii.gz,0,,,2.0,include,/gpfs/research/grattonlab/iNetworks/Nifti/derivatives/preproc_fmriprep-24.1.1/sub-INET010/ses-4/func/FD_outputs/sub-INET010_ses-4_task-rest_run-03_desc-tmask_fFD.txt,sub-INET010_ses-4_task-rest_run-03_desc-tmask_fFD.txt,264,0,0
sub-INET010,ses-4,task-rest,run-04,sub-INET010_ses-4_task-rest_run-04_bold.nii.gz,0,,,2.0,include,/gpfs/research/grattonlab/iNetworks/Nifti/derivatives/preproc_fmriprep-24.1.1/sub-INET010/ses-4/func/FD_outputs/sub-INET010_ses-4_task-rest_run-04_desc-tmask_fFD.txt,sub-INET010_ses-4_task-rest_run-04_desc-tmask_fFD.txt,264,0,0
sub-INET010,ses-4,task-rest,run-05,sub-INET010_ses-4_task-rest_run-05_bold.nii.gz,0,,,3.0,include,/gpfs/research/grattonlab/iNetworks/Nifti/derivatives/preproc_fmriprep-24.1.1/sub-INET010/ses-4/func/FD_outputs/sub-INET010_ses-4_task-rest_run-05_desc-tmask_fFD.txt,sub-INET010_ses-4_task-rest_run-05_desc-tmask_fFD.txt,265,0,0
sub-INET010,ses-4,task-rest,run-06,sub-INET010_ses-4_task-rest_run-06_bold.nii.gz,0,,,2.0,include,/gpfs/research/grattonlab/iNetworks/Nifti/derivatives/preproc_fmriprep-24.1.1/sub-INET010/ses-4/func/FD_outputs/sub-INET010_ses-4_task-rest_run-06_desc-tmask_fFD.txt,sub-INET010_ses-4_task-rest_run-06_desc-tmask_fFD.txt,264,0,0
sub-INET010,ses-4,task-rest,run-07,sub-INET010_ses-4_task-rest_run-07_bold.nii.gz,0,,,3.0,include,/gpfs/research/grattonlab/iNetworks/Nifti/derivatives/preproc_fmriprep-24.1.1/sub-INET010/ses-4/func/FD_outputs/sub-INET010_ses-4_task-rest_run-07_desc-tmask_fFD.txt,sub-INET010_ses-4_task-rest_run-07_desc-tmask_fFD.txt,265,0,0
sub-INET010,ses-4,task-rest,run-08,sub-INET010_ses-4_task-rest_run-08_bold.nii.gz,0,,,2.0,include,/gpfs/research/grattonlab/iNetworks/Nifti/derivatives/preproc_fmriprep-24.1.1/sub-INET010/ses-4/func/FD_outputs/sub-INET010_ses-4_task-rest_run-08_desc-tmask_fFD.txt,sub-INET010_ses-4_task-rest_run-08_desc-tmask_fFD.txt,265,0,0
sub-INET016,ses-1,task-rest,run-07,sub-INET016_ses-1_task-rest_run-07_bold.nii.gz,0,,,,include,/gpfs/research/grattonlab/iNetworks/Nifti/derivatives/preproc_fmriprep-24.1.1/sub-INET016/ses-1/func/FD_outputs/sub-INET016_ses-1_task-rest_run-07_desc-tmask_fFD.txt,sub-INET016_ses-1_task-rest_run-07_desc-tmask_fFD.txt,251,0,0
sub-INET016,ses-1,task-rest,run-08,sub-INET016_ses-1_task-rest_run-08_bold.nii.gz,0,,,,include,/gpfs/research/grattonlab/iNetworks/Nifti/derivatives/preproc_fmriprep-24.1.1/sub-INET016/ses-1/func/FD_outputs/sub-INET016_ses-1_task-rest_run-08_desc-tmask_fFD.txt,sub-INET016_ses-1_task-rest_run-08_desc-tmask_fFD.txt,261,0,0
sub-INET016,ses-2,task-rest,run-06,sub-INET016_ses-2_task-rest_run-06_bold.nii.gz,0,,1st 30 sec have a lot of movement,3.0,include,/gpfs/research/grattonlab/iNetworks/Nifti/derivatives/preproc_fmriprep-24.1.1/sub-INET016/ses-2/func/FD_outputs/sub-INET016_ses-2_task-rest_run-06_desc-tmask_fFD.txt,sub-INET016_ses-2_task-rest_run-06_desc-tmask_fFD.txt,254,0,0
sub-INET016,ses-2,task-rest,run-07,sub-INET016_ses-2_task-rest_run-07_bold.nii.gz,0,,,2.0,include,/gpfs/research/grattonlab/iNetworks/Nifti/derivatives/preproc_fmriprep-24.1.1/sub-INET016/ses-2/func/FD_outputs/sub-INET016_ses-2_task-rest_run-07_desc-tmask_fFD.txt,sub-INET016_ses-2_task-rest_run-07_desc-tmask_fFD.txt,251,0,0
sub-INET016,ses-3,task-rest,run-07,sub-INET016_ses-3_task-rest_run-07_bold.nii.gz,0,,,3.0,include,/gpfs/research/grattonlab/iNetworks/Nifti/derivatives/preproc_fmriprep-24.1.1/sub-INET016/ses-3/func/FD_outputs/sub-INET016_ses-3_task-rest_run-07_desc-tmask_fFD.txt,sub-INET016_ses-3_task-rest_run-07_desc-tmask_fFD.txt,262,0,0
sub-INET016,ses-3,task-rest,run-08,sub-INET016_ses-3_task-rest_run-08_bold.nii.gz,0,,,2.0,include,/gpfs/research/grattonlab/iNetworks/Nifti/derivatives/preproc_fmriprep-24.1.1/sub-INET016/ses-3/func/FD_outputs/sub-INET016_ses-3_task-rest_run-08_desc-tmask_fFD.txt,sub-INET016_ses-3_task-rest_run-08_desc-tmask_fFD.txt,258,0,0
sub-INET016,ses-4,task-rest,run-05,sub-INET016_ses-4_task-rest_run-05_bold.nii.gz,0,,,,include,/gpfs/research/grattonlab/iNetworks/Nifti/derivatives/preproc_fmriprep-24.1.1/sub-INET016/ses-4/func/FD_outputs/sub-INET016_ses-4_task-rest_run-05_desc-tmask_fFD.txt,sub-INET016_ses-4_task-rest_run-05_desc-tmask_fFD.txt,254,0,0
sub-INET016,ses-4,task-rest,run-09,sub-INET016_ses-4_task-rest_run-09_bold.nii.gz,0,,,,include,/gpfs/research/grattonlab/iNetworks/Nifti/derivatives/preproc_fmriprep-24.1.1/sub-INET016/ses-4/func/FD_outputs/sub-INET016_ses-4_task-rest_run-09_desc-tmask_fFD.txt,sub-INET016_ses-4_task-rest_run-09_desc-tmask_fFD.txt,236,0,0
sub-INET018,ses-1,task-rest,run-01,sub-INET018_ses-1_task-rest_run-01_bold.nii.gz,0,,,2.0,include,/gpfs/research/grattonlab/iNetworks/Nifti/derivatives/preproc_fmriprep-24.1.1/sub-INET018/ses-1/func/FD_outputs/sub-INET018_ses-1_task-rest_run-01_desc-tmask_fFD.txt,sub-INET018_ses-1_task-rest_run-01_desc-tmask_fFD.txt,265,0,0
sub-INET018,ses-1,task-rest,run-02,sub-INET018_ses-1_task-rest_run-02_bold.nii.gz,0,,,2.0,include,/gpfs/research/grattonlab/iNetworks/Nifti/derivatives/preproc_fmriprep-24.1.1/sub-INET018/ses-1/func/FD_outputs/sub-INET018_ses-1_task-rest_run-02_desc-tmask_fFD.txt,sub-INET018_ses-1_task-rest_run-02_desc-tmask_fFD.txt,264,0,0
sub-INET018,ses-1,task-rest,run-03,sub-INET018_ses-1_task-rest_run-03_bold.nii.gz,0,,,3.0,include,/gpfs/research/grattonlab/iNetworks/Nifti/derivatives/preproc_fmriprep-24.1.1/sub-INET018/ses-1/func/FD_outputs/sub-INET018_ses-1_task-rest_run-03_desc-tmask_fFD.txt,sub-INET018_ses-1_task-rest_run-03_desc-tmask_fFD.txt,264,0,0
sub-INET018,ses-1,task-rest,run-05,sub-INET018_ses-1_task-rest_run-05_bold.nii.gz,0,,,3.0,include,/gpfs/research/grattonlab/iNetworks/Nifti/derivatives/preproc_fmriprep-24.1.1/sub-INET018/ses-1/func/FD_outputs/sub-INET018_ses-1_task-rest_run-05_desc-tmask_fFD.txt,sub-INET018_ses-1_task-rest_run-05_desc-tmask_fFD.txt,265,0,0
sub-INET018,ses-2,task-rest,run-01,sub-INET018_ses-2_task-rest_run-01_bold.nii.gz,0,,,2.0,include,/gpfs/research/grattonlab/iNetworks/Nifti/derivatives/preproc_fmriprep-24.1.1/sub-INET018/ses-2/func/FD_outputs/sub-INET018_ses-2_task-rest_run-01_desc-tmask_fFD.txt,sub-INET018_ses-2_task-rest_run-01_desc-tmask_fFD.txt,264,0,0
sub-INET018,ses-2,task-rest,run-02,sub-INET018_ses-2_task-rest_run-02_bold.nii.gz,0,,,2.0,include,/gpfs/research/grattonlab/iNetworks/Nifti/derivatives/preproc_fmriprep-24.1.1/sub-INET018/ses-2/func/FD_outputs/sub-INET018_ses-2_task-rest_run-02_desc-tmask_fFD.txt,sub-INET018_ses-2_task-rest_run-02_desc-tmask_fFD.txt,265,0,0
sub-INET018,ses-2,task-rest,run-03,sub-INET018_ses-2_task-rest_run-03_bold.nii.gz,0,,,2.0,include,/gpfs/research/grattonlab/iNetworks/Nifti/derivatives/preproc_fmriprep-24.1.1/sub-INET018/ses-2/func/FD_outputs/sub-INET018_ses-2_task-rest_run-03_desc-tmask_fFD.txt,sub-INET018_ses-2_task-rest_run-03_desc-tmask_fFD.txt,265,0,0
sub-INET018,ses-2,task-rest,run-04,sub-INET018_ses-2_task-rest_run-04_bold.nii.gz,0,,,2.0,include,/gpfs/research/grattonlab/iNetworks/Nifti/derivatives/preproc_fmriprep-24.1.1/sub-INET018/ses-2/func/FD_outputs/sub-INET018_ses-2_task-rest_run-04_desc-tmask_fFD.txt,sub-INET018_ses-2_task-rest_run-04_desc-tmask_fFD.txt,265,0,0
sub-INET018,ses-2,task-rest,run-05,sub-INET018_ses-2_task-rest_run-05_bold.nii.gz,0,,,2.0,include,/gpfs/research/grattonlab/iNetworks/Nifti/derivatives/preproc_fmriprep-24.1.1/sub-INET018/ses-2/func/FD_outputs/sub-INET018_ses-2_task-rest_run-05_desc-tmask_fFD.txt,sub-INET018_ses-2_task-rest_run-05_desc-tmask_fFD.txt,265,0,0
sub-INET018,ses-2,task-rest,run-06,sub-INET018_ses-2_task-rest_run-06_bold.nii.gz,0,,,2.0,include,/gpfs/research/grattonlab/iNetworks/Nifti/derivatives/preproc_fmriprep-24.1.1/sub-INET018/ses-2/func/FD_outputs/sub-INET018_ses-2_task-rest_run-06_desc-tmask_fFD.txt,sub-INET018_ses-2_task-rest_run-06_desc-tmask_fFD.txt,264,0,0
sub-INET018,ses-2,task-rest,run-07,sub-INET018_ses-2_task-rest_run-07_bold.nii.gz,0,,,2.0,include,/gpfs/research/grattonlab/iNetworks/Nifti/derivatives/preproc_fmriprep-24.1.1/sub-INET018/ses-2/func/FD_outputs/sub-INET018_ses-2_task-rest_run-07_desc-tmask_fFD.txt,sub-INET018_ses-2_task-rest_run-07_desc-tmask_fFD.txt,258,0,0
sub-INET018,ses-2,task-rest,run-08,sub-INET018_ses-2_task-rest_run-08_bold.nii.gz,0,,,3.0,include,/gpfs/research/grattonlab/iNetworks/Nifti/derivatives/preproc_fmriprep-24.1.1/sub-INET018/ses-2/func/FD_outputs/sub-INET018_ses-2_task-rest_run-08_desc-tmask_fFD.txt,sub-INET018_ses-2_task-rest_run-08_desc-tmask_fFD.txt,264,0,0
sub-INET018,ses-2,task-rest,run-09,sub-INET018_ses-2_task-rest_run-09_bold.nii.gz,0,,,,include,/gpfs/research/grattonlab/iNetworks/Nifti/derivatives/preproc_fmriprep-24.1.1/sub-INET018/ses-2/func/FD_outputs/sub-INET018_ses-2_task-rest_run-09_desc-tmask_fFD.txt,sub-INET018_ses-2_task-rest_run-09_desc-tmask_fFD.txt,265,0,0
sub-INET018,ses-3,task-rest,run-01,sub-INET018_ses-3_task-rest_run-01_bold.nii.gz,0,,,3.0,include,/gpfs/research/grattonlab/iNetworks/Nifti/derivatives/preproc_fmriprep-24.1.1/sub-INET018/ses-3/func/FD_outputs/sub-INET018_ses-3_task-rest_run-01_desc-tmask_fFD.txt,sub-INET018_ses-3_task-rest_run-01_desc-tmask_fFD.txt,264,0,0
sub-INET018,ses-4,task-rest,run-01,sub-INET018_ses-4_task-rest_run-01_bold.nii.gz,0,,,3.0,include,/gpfs/research/grattonlab/iNetworks/Nifti/derivatives/preproc_fmriprep-24.1.1/sub-INET018/ses-4/func/FD_outputs/sub-INET018_ses-4_task-rest_run-01_desc-tmask_fFD.txt,sub-INET018_ses-4_task-rest_run-01_desc-tmask_fFD.txt,265,0,0
sub-INET018,ses-4,task-rest,run-07,sub-INET018_ses-4_task-rest_run-07_bold.nii.gz,0,,,2.0,include,/gpfs/research/grattonlab/iNetworks/Nifti/derivatives/preproc_fmriprep-24.1.1/sub-INET018/ses-4/func/FD_outputs/sub-INET018_ses-4_task-rest_run-07_desc-tmask_fFD.txt,sub-INET018_ses-4_task-rest_run-07_desc-tmask_fFD.txt,265,0,0
sub-INET018,ses-4,task-rest,run-08,sub-INET018_ses-4_task-rest_run-08_bold.nii.gz,0,,,,include,/gpfs/research/grattonlab/iNetworks/Nifti/derivatives/preproc_fmriprep-24.1.1/sub-INET018/ses-4/func/FD_outputs/sub-INET018_ses-4_task-rest_run-08_desc-tmask_fFD.txt,sub-INET018_ses-4_task-rest_run-08_desc-tmask_fFD.txt,265,0,0
sub-INET018,ses-4,task-rest,run-09,sub-INET018_ses-4_task-rest_run-09_bold.nii.gz,0,,,2.0,include,/gpfs/research/grattonlab/iNetworks/Nifti/derivatives/preproc_fmriprep-24.1.1/sub-INET018/ses-4/func/FD_outputs/sub-INET018_ses-4_task-rest_run-09_desc-tmask_fFD.txt,sub-INET018_ses-4_task-rest_run-09_desc-tmask_fFD.txt,265,0,0
sub-INET019,ses-1,task-rest,run-07,sub-INET019_ses-1_task-rest_run-07_bold.nii.gz,0,,,,include,/gpfs/research/grattonlab/iNetworks/Nifti/derivatives/preproc_fmriprep-24.1.1/sub-INET019/ses-1/func/FD_outputs/sub-INET019_ses-1_task-rest_run-07_desc-tmask_fFD.txt,sub-INET019_ses-1_task-rest_run-07_desc-tmask_fFD.txt,232,0,0
sub-INET019,ses-1,task-rest,run-08,sub-INET019_ses-1_task-rest_run-08_bold.nii.gz,0,,,,include,/gpfs/research/grattonlab/iNetworks/Nifti/derivatives/preproc_fmriprep-24.1.1/sub-INET019/ses-1/func/FD_outputs/sub-INET019_ses-1_task-rest_run-08_desc-tmask_fFD.txt,sub-INET019_ses-1_task-rest_run-08_desc-tmask_fFD.txt,234,0,0
sub-INET019,ses-2,task-rest,run-01,sub-INET019_ses-2_task-rest_run-01_bold.nii.gz,0,,,,include,/gpfs/research/grattonlab/iNetworks/Nifti/derivatives/preproc_fmriprep-24.1.1/sub-INET019/ses-2/func/FD_outputs/sub-INET019_ses-2_task-rest_run-01_desc-tmask_fFD.txt,sub-INET019_ses-2_task-rest_run-01_desc-tmask_fFD.txt,258,0,0
sub-INET019,ses-2,task-rest,run-02,sub-INET019_ses-2_task-rest_run-02_bold.nii.gz,0,,,1.0,include,/gpfs/research/grattonlab/iNetworks/Nifti/derivatives/preproc_fmriprep-24.1.1/sub-INET019/ses-2/func/FD_outputs/sub-INET019_ses-2_task-rest_run-02_desc-tmask_fFD.txt,sub-INET019_ses-2_task-rest_run-02_desc-tmask_fFD.txt,218,0,0
sub-INET019,ses-2,task-rest,run-03,sub-INET019_ses-2_task-rest_run-03_bold.nii.gz,0,,,2.0,include,/gpfs/research/grattonlab/iNetworks/Nifti/derivatives/preproc_fmriprep-24.1.1/sub-INET019/ses-2/func/FD_outputs/sub-INET019_ses-2_task-rest_run-03_desc-tmask_fFD.txt,sub-INET019_ses-2_task-rest_run-03_desc-tmask_fFD.txt,254,0,0
sub-INET019,ses-2,task-rest,run-04,sub-INET019_ses-2_task-rest_run-04_bold.nii.gz,0,,,2.0,include,/gpfs/research/grattonlab/iNetworks/Nifti/derivatives/preproc_fmriprep-24.1.1/sub-INET019/ses-2/func/FD_outputs/sub-INET019_ses-2_task-rest_run-04_desc-tmask_fFD.txt,sub-INET019_ses-2_task-rest_run-04_desc-tmask_fFD.txt,258,0,0
sub-INET019,ses-2,task-rest,run-05,sub-INET019_ses-2_task-rest_run-05_bold.nii.gz,0,,,2.0,include,/gpfs/research/grattonlab/iNetworks/Nifti/derivatives/preproc_fmriprep-24.1.1/sub-INET019/ses-2/func/FD_outputs/sub-INET019_ses-2_task-rest_run-05_desc-tmask_fFD.txt,sub-INET019_ses-2_task-rest_run-05_desc-tmask_fFD.txt,229,0,0
sub-INET019,ses-2,task-rest,run-06,sub-INET019_ses-2_task-rest_run-06_bold.nii.gz,0,,,2.0,include,/gpfs/research/grattonlab/iNetworks/Nifti/derivatives/preproc_fmriprep-24.1.1/sub-INET019/ses-2/func/FD_outputs/sub-INET019_ses-2_task-rest_run-06_desc-tmask_fFD.txt,sub-INET019_ses-2_task-rest_run-06_desc-tmask_fFD.txt,248,0,0
sub-INET019,ses-2,task-rest,run-07,sub-INET019_ses-2_task-rest_run-07_bold.nii.gz,0,,"really great, surprisingly",2.0,include,/gpfs/research/grattonlab/iNetworks/Nifti/derivatives/preproc_fmriprep-24.1.1/sub-INET019/ses-2/func/FD_outputs/sub-INET019_ses-2_task-rest_run-07_desc-tmask_fFD.txt,sub-INET019_ses-2_task-rest_run-07_desc-tmask_fFD.txt,262,0,0
sub-INET019,ses-3,task-rest,run-01,sub-INET019_ses-3_task-rest_run-01_bold.nii.gz,0,,,1.0,include,/gpfs/research/grattonlab/iNetworks/Nifti/derivatives/preproc_fmriprep-24.1.1/sub-INET019/ses-3/func/FD_outputs/sub-INET019_ses-3_task-rest_run-01_desc-tmask_fFD.txt,sub-INET019_ses-3_task-rest_run-01_desc-tmask_fFD.txt,265,0,0
sub-INET019,ses-3,task-rest,run-02,sub-INET019_ses-3_task-rest_run-02_bold.nii.gz,0,,,1.0,include,/gpfs/research/grattonlab/iNetworks/Nifti/derivatives/preproc_fmriprep-24.1.1/sub-INET019/ses-3/func/FD_outputs/sub-INET019_ses-3_task-rest_run-02_desc-tmask_fFD.txt,sub-INET019_ses-3_task-rest_run-02_desc-tmask_fFD.txt,256,0,0
sub-INET019,ses-3,task-rest,run-03,sub-INET019_ses-3_task-rest_run-03_bold.nii.gz,0,,,1.0,include,/gpfs/research/grattonlab/iNetworks/Nifti/derivatives/preproc_fmriprep-24.1.1/sub-INET019/ses-3/func/FD_outputs/sub-INET019_ses-3_task-rest_run-03_desc-tmask_fFD.txt,sub-INET019_ses-3_task-rest_run-03_desc-tmask_fFD.txt,259,0,0
sub-INET019,ses-3,task-rest,run-04,sub-INET019_ses-3_task-rest_run-04_bold.nii.gz,0,,,1.0,include,/gpfs/research/grattonlab/iNetworks/Nifti/derivatives/preproc_fmriprep-24.1.1/sub-INET019/ses-3/func/FD_outputs/sub-INET019_ses-3_task-rest_run-04_desc-tmask_fFD.txt,sub-INET019_ses-3_task-rest_run-04_desc-tmask_fFD.txt,255,0,0
sub-INET019,ses-3,task-rest,run-05,sub-INET019_ses-3_task-rest_run-05_bold.nii.gz,0,,,1.0,include,/gpfs/research/grattonlab/iNetworks/Nifti/derivatives/preproc_fmriprep-24.1.1/sub-INET019/ses-3/func/FD_outputs/sub-INET019_ses-3_task-rest_run-05_desc-tmask_fFD.txt,sub-INET019_ses-3_task-rest_run-05_desc-tmask_fFD.txt,259,0,0
sub-INET019,ses-3,task-rest,run-06,sub-INET019_ses-3_task-rest_run-06_bold.nii.gz,0,,,1.0,include,/gpfs/research/grattonlab/iNetworks/Nifti/derivatives/preproc_fmriprep-24.1.1/sub-INET019/ses-3/func/FD_outputs/sub-INET019_ses-3_task-rest_run-06_desc-tmask_fFD.txt,sub-INET019_ses-3_task-rest_run-06_desc-tmask_fFD.txt,261,0,0
sub-INET019,ses-3,task-rest,run-07,sub-INET019_ses-3_task-rest_run-07_bold.nii.gz,0,,,1.0,include,/gpfs/research/grattonlab/iNetworks/Nifti/derivatives/preproc_fmriprep-24.1.1/sub-INET019/ses-3/func/FD_outputs/sub-INET019_ses-3_task-rest_run-07_desc-tmask_fFD.txt,sub-INET019_ses-3_task-rest_run-07_desc-tmask_fFD.txt,261,0,0
sub-INET019,ses-3,task-rest,run-08,sub-INET019_ses-3_task-rest_run-08_bold.nii.gz,0,,,1.0,include,/gpfs/research/grattonlab/iNetworks/Nifti/derivatives/preproc_fmriprep-24.1.1/sub-INET019/ses-3/func/FD_outputs/sub-INET019_ses-3_task-rest_run-08_desc-tmask_fFD.txt,sub-INET019_ses-3_task-rest_run-08_desc-tmask_fFD.txt,240,0,0
sub-INET019,ses-3,task-rest,run-09,sub-INET019_ses-3_task-rest_run-09_bold.nii.gz,0,,,,include,/gpfs/research/grattonlab/iNetworks/Nifti/derivatives/preproc_fmriprep-24.1.1/sub-INET019/ses-3/func/FD_outputs/sub-INET019_ses-3_task-rest_run-09_desc-tmask_fFD.txt,sub-INET019_ses-3_task-rest_run-09_desc-tmask_fFD.txt,262,0,0
sub-INET019,ses-4,task-rest,run-01,sub-INET019_ses-4_task-rest_run-01_bold.nii.gz,0,,,1.0,include,/gpfs/research/grattonlab/iNetworks/Nifti/derivatives/preproc_fmriprep-24.1.1/sub-INET019/ses-4/func/FD_outputs/sub-INET019_ses-4_task-rest_run-01_desc-tmask_fFD.txt,sub-INET019_ses-4_task-rest_run-01_desc-tmask_fFD.txt,262,0,0
sub-INET019,ses-4,task-rest,run-02,sub-INET019_ses-4_task-rest_run-02_bold.nii.gz,0,,,2.0,include,/gpfs/research/grattonlab/iNetworks/Nifti/derivatives/preproc_fmriprep-24.1.1/sub-INET019/ses-4/func/FD_outputs/sub-INET019_ses-4_task-rest_run-02_desc-tmask_fFD.txt,sub-INET019_ses-4_task-rest_run-02_desc-tmask_fFD.txt,264,0,0
sub-INET019,ses-4,task-rest,run-03,sub-INET019_ses-4_task-rest_run-03_bold.nii.gz,0,,,1.0,include,/gpfs/research/grattonlab/iNetworks/Nifti/derivatives/preproc_fmriprep-24.1.1/sub-INET019/ses-4/func/FD_outputs/sub-INET019_ses-4_task-rest_run-03_desc-tmask_fFD.txt,sub-INET019_ses-4_task-rest_run-03_desc-tmask_fFD.txt,263,0,0
sub-INET019,ses-4,task-rest,run-04,sub-INET019_ses-4_task-rest_run-04_bold.nii.gz,0,,,1.0,include,/gpfs/research/grattonlab/iNetworks/Nifti/derivatives/preproc_fmriprep-24.1.1/sub-INET019/ses-4/func/FD_outputs/sub-INET019_ses-4_task-rest_run-04_desc-tmask_fFD.txt,sub-INET019_ses-4_task-rest_run-04_desc-tmask_fFD.txt,262,0,0
sub-INET019,ses-4,task-rest,run-05,sub-INET019_ses-4_task-rest_run-05_bold.nii.gz,0,,,1.0,include,/gpfs/research/grattonlab/iNetworks/Nifti/derivatives/preproc_fmriprep-24.1.1/sub-INET019/ses-4/func/FD_outputs/sub-INET019_ses-4_task-rest_run-05_desc-tmask_fFD.txt,sub-INET019_ses-4_task-rest_run-05_desc-tmask_fFD.txt,257,0,0
sub-INET019,ses-4,task-rest,run-06,sub-INET019_ses-4_task-rest_run-06_bold.nii.gz,0,,,1.0,include,/gpfs/research/grattonlab/iNetworks/Nifti/derivatives/preproc_fmriprep-24.1.1/sub-INET019/ses-4/func/FD_outputs/sub-INET019_ses-4_task-rest_run-06_desc-tmask_fFD.txt,sub-INET019_ses-4_task-rest_run-06_desc-tmask_fFD.txt,261,0,0
sub-INET019,ses-4,task-rest,run-07,sub-INET019_ses-4_task-rest_run-07_bold.nii.gz,0,,,1.0,include,/gpfs/research/grattonlab/iNetworks/Nifti/derivatives/preproc_fmriprep-24.1.1/sub-INET019/ses-4/func/FD_outputs/sub-INET019_ses-4_task-rest_run-07_desc-tmask_fFD.txt,sub-INET019_ses-4_task-rest_run-07_desc-tmask_fFD.txt,262,0,0
sub-INET019,ses-4,task-rest,run-08,sub-INET019_ses-4_task-rest_run-08_bold.nii.gz,0,,,1.0,include,/gpfs/research/grattonlab/iNetworks/Nifti/derivatives/preproc_fmriprep-24.1.1/sub-INET019/ses-4/func/FD_outputs/sub-INET019_ses-4_task-rest_run-08_desc-tmask_fFD.txt,sub-INET019_ses-4_task-rest_run-08_desc-tmask_fFD.txt,256,0,0
sub-INET019,ses-4,task-rest,run-09,sub-INET019_ses-4_task-rest_run-09_bold.nii.gz,0,,,,include,/gpfs/research/grattonlab/iNetworks/Nifti/derivatives/preproc_fmriprep-24.1.1/sub-INET019/ses-4/func/FD_outputs/sub-INET019_ses-4_task-rest_run-09_desc-tmask_fFD.txt,sub-INET019_ses-4_task-rest_run-09_desc-tmask_fFD.txt,255,0,0
sub-INET026,ses-1,task-rest,run-01,sub-INET026_ses-1_task-rest_run-01_bold.nii.gz,0,,,1.0,include,/gpfs/research/grattonlab/iNetworks/Nifti/derivatives/preproc_fmriprep-24.1.1/sub-INET026/ses-1/func/FD_outputs/sub-INET026_ses-1_task-rest_run-01_desc-tmask_fFD.txt,sub-INET026_ses-1_task-rest_run-01_desc-tmask_fFD.txt,261,0,0
sub-INET026,ses-1,task-rest,run-02,sub-INET026_ses-1_task-rest_run-02_bold.nii.gz,0,,,2.0,include,/gpfs/research/grattonlab/iNetworks/Nifti/derivatives/preproc_fmriprep-24.1.1/sub-INET026/ses-1/func/FD_outputs/sub-INET026_ses-1_task-rest_run-02_desc-tmask_fFD.txt,sub-INET026_ses-1_task-rest_run-02_desc-tmask_fFD.txt,264,0,0
sub-INET026,ses-1,task-rest,run-03,sub-INET026_ses-1_task-rest_run-03_bold.nii.gz,0,,,3.0,include,/gpfs/research/grattonlab/iNetworks/Nifti/derivatives/preproc_fmriprep-24.1.1/sub-INET026/ses-1/func/FD_outputs/sub-INET026_ses-1_task-rest_run-03_desc-tmask_fFD.txt,sub-INET026_ses-1_task-rest_run-03_desc-tmask_fFD.txt,262,0,0
sub-INET026,ses-2,task-rest,run-01,sub-INET026_ses-2_task-rest_run-01_bold.nii.gz,0,,,3.0,include,/gpfs/research/grattonlab/iNetworks/Nifti/derivatives/preproc_fmriprep-24.1.1/sub-INET026/ses-2/func/FD_outputs/sub-INET026_ses-2_task-rest_run-01_desc-tmask_fFD.txt,sub-INET026_ses-2_task-rest_run-01_desc-tmask_fFD.txt,263,0,0
sub-INET026,ses-2,task-rest,run-08,sub-INET026_ses-2_task-rest_run-08_bold.nii.gz,0,,,2.0,include,/gpfs/research/grattonlab/iNetworks/Nifti/derivatives/preproc_fmriprep-24.1.1/sub-INET026/ses-2/func/FD_outputs/sub-INET026_ses-2_task-rest_run-08_desc-tmask_fFD.txt,sub-INET026_ses-2_task-rest_run-08_desc-tmask_fFD.txt,248,0,0
sub-INET026,ses-3,task-rest,run-05,sub-INET026_ses-3_task-rest_run-05_bold.nii.gz,0,,,3.0,include,/gpfs/research/grattonlab/iNetworks/Nifti/derivatives/preproc_fmriprep-24.1.1/sub-INET026/ses-3/func/FD_outputs/sub-INET026_ses-3_task-rest_run-05_desc-tmask_fFD.txt,sub-INET026_ses-3_task-rest_run-05_desc-tmask_fFD.txt,228,0,0
sub-INET026,ses-3,task-rest,run-07,sub-INET026_ses-3_task-rest_run-07_bold.nii.gz,0,,,3.0,include,/gpfs/research/grattonlab/iNetworks/Nifti/derivatives/preproc_fmriprep-24.1.1/sub-INET026/ses-3/func/FD_outputs/sub-INET026_ses-3_task-rest_run-07_desc-tmask_fFD.txt,sub-INET026_ses-3_task-rest_run-07_desc-tmask_fFD.txt,244,0,0
sub-INET026,ses-4,task-rest,run-07,sub-INET026_ses-4_task-rest_run-07_bold.nii.gz,0,,,3.0,include,/gpfs/research/grattonlab/iNetworks/Nifti/derivatives/preproc_fmriprep-24.1.1/sub-INET026/ses-4/func/FD_outputs/sub-INET026_ses-4_task-rest_run-07_desc-tmask_fFD.txt,sub-INET026_ses-4_task-rest_run-07_desc-tmask_fFD.txt,255,0,0
sub-INET027,ses-1,task-rest,run-02,sub-INET027_ses-1_task-rest_run-02_bold.nii.gz,0,,,2.0,include,/gpfs/research/grattonlab/iNetworks/Nifti/derivatives/preproc_fmriprep-24.1.1/sub-INET027/ses-1/func/FD_outputs/sub-INET027_ses-1_task-rest_run-02_desc-tmask_fFD.txt,sub-INET027_ses-1_task-rest_run-02_desc-tmask_fFD.txt,233,0,0
sub-INET027,ses-1,task-rest,run-03,sub-INET027_ses-1_task-rest_run-03_bold.nii.gz,0,,,3.0,include,/gpfs/research/grattonlab/iNetworks/Nifti/derivatives/preproc_fmriprep-24.1.1/sub-INET027/ses-1/func/FD_outputs/sub-INET027_ses-1_task-rest_run-03_desc-tmask_fFD.txt,sub-INET027_ses-1_task-rest_run-03_desc-tmask_fFD.txt,202,0,0
sub-INET027,ses-1,task-rest,run-04,sub-INET027_ses-1_task-rest_run-04_bold.nii.gz,0,,,2.0,include,/gpfs/research/grattonlab/iNetworks/Nifti/derivatives/preproc_fmriprep-24.1.1/sub-INET027/ses-1/func/FD_outputs/sub-INET027_ses-1_task-rest_run-04_desc-tmask_fFD.txt,sub-INET027_ses-1_task-rest_run-04_desc-tmask_fFD.txt,231,0,0
sub-INET027,ses-1,task-rest,run-05,sub-INET027_ses-1_task-rest_run-05_bold.nii.gz,0,,,3.0,include,/gpfs/research/grattonlab/iNetworks/Nifti/derivatives/preproc_fmriprep-24.1.1/sub-INET027/ses-1/func/FD_outputs/sub-INET027_ses-1_task-rest_run-05_desc-tmask_fFD.txt,sub-INET027_ses-1_task-rest_run-05_desc-tmask_fFD.txt,258,0,0
sub-INET027,ses-1,task-rest,run-06,sub-INET027_ses-1_task-rest_run-06_bold.nii.gz,0,,,3.0,include,/gpfs/research/grattonlab/iNetworks/Nifti/derivatives/preproc_fmriprep-24.1.1/sub-INET027/ses-1/func/FD_outputs/sub-INET027_ses-1_task-rest_run-06_desc-tmask_fFD.txt,sub-INET027_ses-1_task-rest_run-06_desc-tmask_fFD.txt,259,0,0
sub-INET027,ses-1,task-rest,run-07,sub-INET027_ses-1_task-rest_run-07_bold.nii.gz,0,,,,include,/gpfs/research/grattonlab/iNetworks/Nifti/derivatives/preproc_fmriprep-24.1.1/sub-INET027/ses-1/func/FD_outputs/sub-INET027_ses-1_task-rest_run-07_desc-tmask_fFD.txt,sub-INET027_ses-1_task-rest_run-07_desc-tmask_fFD.txt,229,0,0
sub-INET027,ses-2,task-rest,run-01,sub-INET027_ses-2_task-rest_run-01_bold.nii.gz,0,,,2.0,include,/gpfs/research/grattonlab/iNetworks/Nifti/derivatives/preproc_fmriprep-24.1.1/sub-INET027/ses-2/func/FD_outputs/sub-INET027_ses-2_task-rest_run-01_desc-tmask_fFD.txt,sub-INET027_ses-2_task-rest_run-01_desc-tmask_fFD.txt,263,0,0
sub-INET027,ses-2,task-rest,run-02,sub-INET027_ses-2_task-rest_run-02_bold.nii.gz,0,,,2.0,include,/gpfs/research/grattonlab/iNetworks/Nifti/derivatives/preproc_fmriprep-24.1.1/sub-INET027/ses-2/func/FD_outputs/sub-INET027_ses-2_task-rest_run-02_desc-tmask_fFD.txt,sub-INET027_ses-2_task-rest_run-02_desc-tmask_fFD.txt,264,0,0
sub-INET027,ses-2,task-rest,run-03,sub-INET027_ses-2_task-rest_run-03_bold.nii.gz,0,,,2.0,include,/gpfs/research/grattonlab/iNetworks/Nifti/derivatives/preproc_fmriprep-24.1.1/sub-INET027/ses-2/func/FD_outputs/sub-INET027_ses-2_task-rest_run-03_desc-tmask_fFD.txt,sub-INET027_ses-2_task-rest_run-03_desc-tmask_fFD.txt,263,0,0
sub-INET027,ses-2,task-rest,run-04,sub-INET027_ses-2_task-rest_run-04_bold.nii.gz,0,,,3.0,include,/gpfs/research/grattonlab/iNetworks/Nifti/derivatives/preproc_fmriprep-24.1.1/sub-INET027/ses-2/func/FD_outputs/sub-INET027_ses-2_task-rest_run-04_desc-tmask_fFD.txt,sub-INET027_ses-2_task-rest_run-04_desc-tmask_fFD.txt,263,0,0
sub-INET027,ses-2,task-rest,run-05,sub-INET027_ses-2_task-rest_run-05_bold.nii.gz,0,,,3.0,include,/gpfs/research/grattonlab/iNetworks/Nifti/derivatives/preproc_fmriprep-24.1.1/sub-INET027/ses-2/func/FD_outputs/sub-INET027_ses-2_task-rest_run-05_desc-tmask_fFD.txt,sub-INET027_ses-2_task-rest_run-05_desc-tmask_fFD.txt,263,0,0
sub-INET027,ses-2,task-rest,run-06,sub-INET027_ses-2_task-rest_run-06_bold.nii.gz,0,,,2.0,include,/gpfs/research/grattonlab/iNetworks/Nifti/derivatives/preproc_fmriprep-24.1.1/sub-INET027/ses-2/func/FD_outputs/sub-INET027_ses-2_task-rest_run-06_desc-tmask_fFD.txt,sub-INET027_ses-2_task-rest_run-06_desc-tmask_fFD.txt,264,0,0
sub-INET027,ses-3,task-rest,run-01,sub-INET027_ses-3_task-rest_run-01_bold.nii.gz,0,,,3.0,include,/gpfs/research/grattonlab/iNetworks/Nifti/derivatives/preproc_fmriprep-24.1.1/sub-INET027/ses-3/func/FD_outputs/sub-INET027_ses-3_task-rest_run-01_desc-tmask_fFD.txt,sub-INET027_ses-3_task-rest_run-01_desc-tmask_fFD.txt,263,0,0
sub-INET027,ses-3,task-rest,run-02,sub-INET027_ses-3_task-rest_run-02_bold.nii.gz,0,,,3.0,include,/gpfs/research/grattonlab/iNetworks/Nifti/derivatives/preproc_fmriprep-24.1.1/sub-INET027/ses-3/func/FD_outputs/sub-INET027_ses-3_task-rest_run-02_desc-tmask_fFD.txt,sub-INET027_ses-3_task-rest_run-02_desc-tmask_fFD.txt,264,0,0
sub-INET027,ses-3,task-rest,run-05,sub-INET027_ses-3_task-rest_run-05_bold.nii.gz,0,,,3.0,include,/gpfs/research/grattonlab/iNetworks/Nifti/derivatives/preproc_fmriprep-24.1.1/sub-INET027/ses-3/func/FD_outputs/sub-INET027_ses-3_task-rest_run-05_desc-tmask_fFD.txt,sub-INET027_ses-3_task-rest_run-05_desc-tmask_fFD.txt,264,0,0
sub-INET027,ses-3,task-rest,run-06,sub-INET027_ses-3_task-rest_run-06_bold.nii.gz,0,,,3.0,include,/gpfs/research/grattonlab/iNetworks/Nifti/derivatives/preproc_fmriprep-24.1.1/sub-INET027/ses-3/func/FD_outputs/sub-INET027_ses-3_task-rest_run-06_desc-tmask_fFD.txt,sub-INET027_ses-3_task-rest_run-06_desc-tmask_fFD.txt,265,0,0
sub-INET027,ses-3,task-rest,run-07,sub-INET027_ses-3_task-rest_run-07_bold.nii.gz,0,,,2.0,include,/gpfs/research/grattonlab/iNetworks/Nifti/derivatives/preproc_fmriprep-24.1.1/sub-INET027/ses-3/func/FD_outputs/sub-INET027_ses-3_task-rest_run-07_desc-tmask_fFD.txt,sub-INET027_ses-3_task-rest_run-07_desc-tmask_fFD.txt,265,0,0
sub-INET027,ses-3,task-rest,run-08,sub-INET027_ses-3_task-rest_run-08_bold.nii.gz,0,,,3.0,include,/gpfs/research/grattonlab/iNetworks/Nifti/derivatives/preproc_fmriprep-24.1.1/sub-INET027/ses-3/func/FD_outputs/sub-INET027_ses-3_task-rest_run-08_desc-tmask_fFD.txt,sub-INET027_ses-3_task-rest_run-08_desc-tmask_fFD.txt,265,0,0
sub-INET027,ses-3,task-rest,run-09,sub-INET027_ses-3_task-rest_run-09_bold.nii.gz,0,,,,include,/gpfs/research/grattonlab/iNetworks/Nifti/derivatives/preproc_fmriprep-24.1.1/sub-INET027/ses-3/func/FD_outputs/sub-INET027_ses-3_task-rest_run-09_desc-tmask_fFD.txt,sub-INET027_ses-3_task-rest_run-09_desc-tmask_fFD.txt,264,0,0
sub-INET027,ses-4,task-rest,run-01,sub-INET027_ses-4_task-rest_run-01_bold.nii.gz,0,,,2.0,include,/gpfs/research/grattonlab/iNetworks/Nifti/derivatives/preproc_fmriprep-24.1.1/sub-INET027/ses-4/func/FD_outputs/sub-INET027_ses-4_task-rest_run-01_desc-tmask_fFD.txt,sub-INET027_ses-4_task-rest_run-01_desc-tmask_fFD.txt,261,0,0
sub-INET027,ses-4,task-rest,run-02,sub-INET027_ses-4_task-rest_run-02_bold.nii.gz,0,,,2.0,include,/gpfs/research/grattonlab/iNetworks/Nifti/derivatives/preproc_fmriprep-24.1.1/sub-INET027/ses-4/func/FD_outputs/sub-INET027_ses-4_task-rest_run-02_desc-tmask_fFD.txt,sub-INET027_ses-4_task-rest_run-02_desc-tmask_fFD.txt,265,0,0
sub-INET027,ses-4,task-rest,run-03,sub-INET027_ses-4_task-rest_run-03_bold.nii.gz,0,,,3.0,include,/gpfs/research/grattonlab/iNetworks/Nifti/derivatives/preproc_fmriprep-24.1.1/sub-INET027/ses-4/func/FD_outputs/sub-INET027_ses-4_task-rest_run-03_desc-tmask_fFD.txt,sub-INET027_ses-4_task-rest_run-03_desc-tmask_fFD.txt,262,0,0
sub-INET027,ses-4,task-rest,run-04,sub-INET027_ses-4_task-rest_run-04_bold.nii.gz,0,,,3.0,include,/gpfs/research/grattonlab/iNetworks/Nifti/derivatives/preproc_fmriprep-24.1.1/sub-INET027/ses-4/func/FD_outputs/sub-INET027_ses-4_task-rest_run-04_desc-tmask_fFD.txt,sub-INET027_ses-4_task-rest_run-04_desc-tmask_fFD.txt,263,0,0
sub-INET027,ses-4,task-rest,run-05,sub-INET027_ses-4_task-rest_run-05_bold.nii.gz,0,,,3.0,include,/gpfs/research/grattonlab/iNetworks/Nifti/derivatives/preproc_fmriprep-24.1.1/sub-INET027/ses-4/func/FD_outputs/sub-INET027_ses-4_task-rest_run-05_desc-tmask_fFD.txt,sub-INET027_ses-4_task-rest_run-05_desc-tmask_fFD.txt,264,0,0
sub-INET027,ses-4,task-rest,run-07,sub-INET027_ses-4_task-rest_run-07_bold.nii.gz,0,,,2.0,include,/gpfs/research/grattonlab/iNetworks/Nifti/derivatives/preproc_fmriprep-24.1.1/sub-INET027/ses-4/func/FD_outputs/sub-INET027_ses-4_task-rest_run-07_desc-tmask_fFD.txt,sub-INET027_ses-4_task-rest_run-07_desc-tmask_fFD.txt,264,0,0
sub-INET027,ses-4,task-rest,run-08,sub-INET027_ses-4_task-rest_run-08_bold.nii.gz,0,,,3.0,include,/gpfs/research/grattonlab/iNetworks/Nifti/derivatives/preproc_fmriprep-24.1.1/sub-INET027/ses-4/func/FD_outputs/sub-INET027_ses-4_task-rest_run-08_desc-tmask_fFD.txt,sub-INET027_ses-4_task-rest_run-08_desc-tmask_fFD.txt,261,0,0
sub-INET027,ses-4,task-rest,run-09,sub-INET027_ses-4_task-rest_run-09_bold.nii.gz,0,,,,include,/gpfs/research/grattonlab/iNetworks/Nifti/derivatives/preproc_fmriprep-24.1.1/sub-INET027/ses-4/func/FD_outputs/sub-INET027_ses-4_task-rest_run-09_desc-tmask_fFD.txt,sub-INET027_ses-4_task-rest_run-09_desc-tmask_fFD.txt,263,0,0
sub-INET029,ses-1,task-rest,run-01,sub-INET029_ses-1_task-rest_run-01_bold.nii.gz,0,,,1.0,include,/gpfs/research/grattonlab/iNetworks/Nifti/derivatives/preproc_fmriprep-24.1.1/sub-INET029/ses-1/func/FD_outputs/sub-INET029_ses-1_task-rest_run-01_desc-tmask_fFD.txt,sub-INET029_ses-1_task-rest_run-01_desc-tmask_fFD.txt,263,0,0
sub-INET029,ses-1,task-rest,run-02,sub-INET029_ses-1_task-rest_run-02_bold.nii.gz,0,,,3.0,include,/gpfs/research/grattonlab/iNetworks/Nifti/derivatives/preproc_fmriprep-24.1.1/sub-INET029/ses-1/func/FD_outputs/sub-INET029_ses-1_task-rest_run-02_desc-tmask_fFD.txt,sub-INET029_ses-1_task-rest_run-02_desc-tmask_fFD.txt,250,0,0
sub-INET029,ses-1,task-rest,run-05,sub-INET029_ses-1_task-rest_run-05_bold.nii.gz,0,,,1.0,include,/gpfs/research/grattonlab/iNetworks/Nifti/derivatives/preproc_fmriprep-24.1.1/sub-INET029/ses-1/func/FD_outputs/sub-INET029_ses-1_task-rest_run-05_desc-tmask_fFD.txt,sub-INET029_ses-1_task-rest_run-05_desc-tmask_fFD.txt,263,0,0
sub-INET029,ses-1,task-rest,run-06,sub-INET029_ses-1_task-rest_run-06_bold.nii.gz,0,,,1.0,include,/gpfs/research/grattonlab/iNetworks/Nifti/derivatives/preproc_fmriprep-24.1.1/sub-INET029/ses-1/func/FD_outputs/sub-INET029_ses-1_task-rest_run-06_desc-tmask_fFD.txt,sub-INET029_ses-1_task-rest_run-06_desc-tmask_fFD.txt,251,0,0
sub-INET029,ses-1,task-rest,run-07,sub-INET029_ses-1_task-rest_run-07_bold.nii.gz,0,,,3.0,include,/gpfs/research/grattonlab/iNetworks/Nifti/derivatives/preproc_fmriprep-24.1.1/sub-INET029/ses-1/func/FD_outputs/sub-INET029_ses-1_task-rest_run-07_desc-tmask_fFD.txt,sub-INET029_ses-1_task-rest_run-07_desc-tmask_fFD.txt,257,0,0
sub-INET029,ses-1,task-rest,run-08,sub-INET029_ses-1_task-rest_run-08_bold.nii.gz,0,,,2.0,include,/gpfs/research/grattonlab/iNetworks/Nifti/derivatives/preproc_fmriprep-24.1.1/sub-INET029/ses-1/func/FD_outputs/sub-INET029_ses-1_task-rest_run-08_desc-tmask_fFD.txt,sub-INET029_ses-1_task-rest_run-08_desc-tmask_fFD.txt,251,0,0
sub-INET029,ses-3,task-rest,run-01,sub-INET029_ses-3_task-rest_run-01_bold.nii.gz,0,,,1.0,include,/gpfs/research/grattonlab/iNetworks/Nifti/derivatives/preproc_fmriprep-24.1.1/sub-INET029/ses-3/func/FD_outputs/sub-INET029_ses-3_task-rest_run-01_desc-tmask_fFD.txt,sub-INET029_ses-3_task-rest_run-01_desc-tmask_fFD.txt,264,0,0
sub-INET029,ses-3,task-rest,run-02,sub-INET029_ses-3_task-rest_run-02_bold.nii.gz,0,,,1.0,include,/gpfs/research/grattonlab/iNetworks/Nifti/derivatives/preproc_fmriprep-24.1.1/sub-INET029/ses-3/func/FD_outputs/sub-INET029_ses-3_task-rest_run-02_desc-tmask_fFD.txt,sub-INET029_ses-3_task-rest_run-02_desc-tmask_fFD.txt,263,0,0
sub-INET029,ses-3,task-rest,run-03,sub-INET029_ses-3_task-rest_run-03_bold.nii.gz,0,,,1.0,include,/gpfs/research/grattonlab/iNetworks/Nifti/derivatives/preproc_fmriprep-24.1.1/sub-INET029/ses-3/func/FD_outputs/sub-INET029_ses-3_task-rest_run-03_desc-tmask_fFD.txt,sub-INET029_ses-3_task-rest_run-03_desc-tmask_fFD.txt,262,0,0
sub-INET029,ses-3,task-rest,run-04,sub-INET029_ses-3_task-rest_run-04_bold.nii.gz,0,,,1.0,include,/gpfs/research/grattonlab/iNetworks/Nifti/derivatives/preproc_fmriprep-24.1.1/sub-INET029/ses-3/func/FD_outputs/sub-INET029_ses-3_task-rest_run-04_desc-tmask_fFD.txt,sub-INET029_ses-3_task-rest_run-04_desc-tmask_fFD.txt,263,0,0
sub-INET029,ses-3,task-rest,run-05,sub-INET029_ses-3_task-rest_run-05_bold.nii.gz,0,,,1.0,include,/gpfs/research/grattonlab/iNetworks/Nifti/derivatives/preproc_fmriprep-24.1.1/sub-INET029/ses-3/func/FD_outputs/sub-INET029_ses-3_task-rest_run-05_desc-tmask_fFD.txt,sub-INET029_ses-3_task-rest_run-05_desc-tmask_fFD.txt,263,0,0
sub-INET029,ses-3,task-rest,run-06,sub-INET029_ses-3_task-rest_run-06_bold.nii.gz,0,,,2.0,include,/gpfs/research/grattonlab/iNetworks/Nifti/derivatives/preproc_fmriprep-24.1.1/sub-INET029/ses-3/func/FD_outputs/sub-INET029_ses-3_task-rest_run-06_desc-tmask_fFD.txt,sub-INET029_ses-3_task-rest_run-06_desc-tmask_fFD.txt,244,0,0
sub-INET029,ses-3,task-rest,run-07,sub-INET029_ses-3_task-rest_run-07_bold.nii.gz,0,,,1.0,include,/gpfs/research/grattonlab/iNetworks/Nifti/derivatives/preproc_fmriprep-24.1.1/sub-INET029/ses-3/func/FD_outputs/sub-INET029_ses-3_task-rest_run-07_desc-tmask_fFD.txt,sub-INET029_ses-3_task-rest_run-07_desc-tmask_fFD.txt,241,0,0
sub-INET029,ses-3,task-rest,run-08,sub-INET029_ses-3_task-rest_run-08_bold.nii.gz,0,,,2.0,include,/gpfs/research/grattonlab/iNetworks/Nifti/derivatives/preproc_fmriprep-24.1.1/sub-INET029/ses-3/func/FD_outputs/sub-INET029_ses-3_task-rest_run-08_desc-tmask_fFD.txt,sub-INET029_ses-3_task-rest_run-08_desc-tmask_fFD.txt,265,0,0
sub-INET029,ses-3,task-rest,run-09,sub-INET029_ses-3_task-rest_run-09_bold.nii.gz,0,,,1.0,include,/gpfs/research/grattonlab/iNetworks/Nifti/derivatives/preproc_fmriprep-24.1.1/sub-INET029/ses-3/func/FD_outputs/sub-INET029_ses-3_task-rest_run-09_desc-tmask_fFD.txt,sub-INET029_ses-3_task-rest_run-09_desc-tmask_fFD.txt,259,0,0
sub-INET030,ses-1,task-rest,run-01,sub-INET030_ses-1_task-rest_run-01_bold.nii.gz,0,,,2.0,include,/gpfs/research/grattonlab/iNetworks/Nifti/derivatives/preproc_fmriprep-24.1.1/sub-INET030/ses-1/func/FD_outputs/sub-INET030_ses-1_task-rest_run-01_desc-tmask_fFD.txt,sub-INET030_ses-1_task-rest_run-01_desc-tmask_fFD.txt,264,0,0
sub-INET030,ses-1,task-rest,run-02,sub-INET030_ses-1_task-rest_run-02_bold.nii.gz,0,,,2.0,include,/gpfs/research/grattonlab/iNetworks/Nifti/derivatives/preproc_fmriprep-24.1.1/sub-INET030/ses-1/func/FD_outputs/sub-INET030_ses-1_task-rest_run-02_desc-tmask_fFD.txt,sub-INET030_ses-1_task-rest_run-02_desc-tmask_fFD.txt,265,0,0
sub-INET030,ses-1,task-rest,run-03,sub-INET030_ses-1_task-rest_run-03_bold.nii.gz,0,,,3.0,include,/gpfs/research/grattonlab/iNetworks/Nifti/derivatives/preproc_fmriprep-24.1.1/sub-INET030/ses-1/func/FD_outputs/sub-INET030_ses-1_task-rest_run-03_desc-tmask_fFD.txt,sub-INET030_ses-1_task-rest_run-03_desc-tmask_fFD.txt,264,0,0
sub-INET030,ses-1,task-rest,run-04,sub-INET030_ses-1_task-rest_run-04_bold.nii.gz,0,,,2.0,include,/gpfs/research/grattonlab/iNetworks/Nifti/derivatives/preproc_fmriprep-24.1.1/sub-INET030/ses-1/func/FD_outputs/sub-INET030_ses-1_task-rest_run-04_desc-tmask_fFD.txt,sub-INET030_ses-1_task-rest_run-04_desc-tmask_fFD.txt,264,0,0
sub-INET030,ses-1,task-rest,run-05,sub-INET030_ses-1_task-rest_run-05_bold.nii.gz,0,,,2.0,include,/gpfs/research/grattonlab/iNetworks/Nifti/derivatives/preproc_fmriprep-24.1.1/sub-INET030/ses-1/func/FD_outputs/sub-INET030_ses-1_task-rest_run-05_desc-tmask_fFD.txt,sub-INET030_ses-1_task-rest_run-05_desc-tmask_fFD.txt,263,0,0
sub-INET030,ses-1,task-rest,run-06,sub-INET030_ses-1_task-rest_run-06_bold.nii.gz,0,,,2.0,include,/gpfs/research/grattonlab/iNetworks/Nifti/derivatives/preproc_fmriprep-24.1.1/sub-INET030/ses-1/func/FD_outputs/sub-INET030_ses-1_task-rest_run-06_desc-tmask_fFD.txt,sub-INET030_ses-1_task-rest_run-06_desc-tmask_fFD.txt,264,0,0
sub-INET030,ses-2,task-rest,run-01,sub-INET030_ses-2_task-rest_run-01_bold.nii.gz,0,,,2.0,include,/gpfs/research/grattonlab/iNetworks/Nifti/derivatives/preproc_fmriprep-24.1.1/sub-INET030/ses-2/func/FD_outputs/sub-INET030_ses-2_task-rest_run-01_desc-tmask_fFD.txt,sub-INET030_ses-2_task-rest_run-01_desc-tmask_fFD.txt,265,0,0
sub-INET030,ses-2,task-rest,run-02,sub-INET030_ses-2_task-rest_run-02_bold.nii.gz,0,,,2.0,include,/gpfs/research/grattonlab/iNetworks/Nifti/derivatives/preproc_fmriprep-24.1.1/sub-INET030/ses-2/func/FD_outputs/sub-INET030_ses-2_task-rest_run-02_desc-tmask_fFD.txt,sub-INET030_ses-2_task-rest_run-02_desc-tmask_fFD.txt,265,0,0
sub-INET030,ses-2,task-rest,run-04,sub-INET030_ses-2_task-rest_run-04_bold.nii.gz,0,,,2.0,include,/gpfs/research/grattonlab/iNetworks/Nifti/derivatives/preproc_fmriprep-24.1.1/sub-INET030/ses-2/func/FD_outputs/sub-INET030_ses-2_task-rest_run-04_desc-tmask_fFD.txt,sub-INET030_ses-2_task-rest_run-04_desc-tmask_fFD.txt,264,0,0
sub-INET030,ses-2,task-rest,run-05,sub-INET030_ses-2_task-rest_run-05_bold.nii.gz,0,,,2.0,include,/gpfs/research/grattonlab/iNetworks/Nifti/derivatives/preproc_fmriprep-24.1.1/sub-INET030/ses-2/func/FD_outputs/sub-INET030_ses-2_task-rest_run-05_desc-tmask_fFD.txt,sub-INET030_ses-2_task-rest_run-05_desc-tmask_fFD.txt,265,0,0
sub-INET030,ses-2,task-rest,run-06,sub-INET030_ses-2_task-rest_run-06_bold.nii.gz,0,,,2.0,include,/gpfs/research/grattonlab/iNetworks/Nifti/derivatives/preproc_fmriprep-24.1.1/sub-INET030/ses-2/func/FD_outputs/sub-INET030_ses-2_task-rest_run-06_desc-tmask_fFD.txt,sub-INET030_ses-2_task-rest_run-06_desc-tmask_fFD.txt,265,0,0
sub-INET030,ses-2,task-rest,run-07,sub-INET030_ses-2_task-rest_run-07_bold.nii.gz,0,,,2.0,include,/gpfs/research/grattonlab/iNetworks/Nifti/derivatives/preproc_fmriprep-24.1.1/sub-INET030/ses-2/func/FD_outputs/sub-INET030_ses-2_task-rest_run-07_desc-tmask_fFD.txt,sub-INET030_ses-2_task-rest_run-07_desc-tmask_fFD.txt,265,0,0
sub-INET030,ses-3,task-rest,run-01,sub-INET030_ses-3_task-rest_run-01_bold.nii.gz,0,,,3.0,include,/gpfs/research/grattonlab/iNetworks/Nifti/derivatives/preproc_fmriprep-24.1.1/sub-INET030/ses-3/func/FD_outputs/sub-INET030_ses-3_task-rest_run-01_desc-tmask_fFD.txt,sub-INET030_ses-3_task-rest_run-01_desc-tmask_fFD.txt,264,0,0
sub-INET030,ses-3,task-rest,run-04,sub-INET030_ses-3_task-rest_run-04_bold.nii.gz,0,,,3.0,include,/gpfs/research/grattonlab/iNetworks/Nifti/derivatives/preproc_fmriprep-24.1.1/sub-INET030/ses-3/func/FD_outputs/sub-INET030_ses-3_task-rest_run-04_desc-tmask_fFD.txt,sub-INET030_ses-3_task-rest_run-04_desc-tmask_fFD.txt,264,0,0
sub-INET030,ses-3,task-rest,run-06,sub-INET030_ses-3_task-rest_run-06_bold.nii.gz,0,,,2.0,include,/gpfs/research/grattonlab/iNetworks/Nifti/derivatives/preproc_fmriprep-24.1.1/sub-INET030/ses-3/func/FD_outputs/sub-INET030_ses-3_task-rest_run-06_desc-tmask_fFD.txt,sub-INET030_ses-3_task-rest_run-06_desc-tmask_fFD.txt,252,0,0
sub-INET030,ses-3,task-rest,run-07,sub-INET030_ses-3_task-rest_run-07_bold.nii.gz,0,,,2.0,include,/gpfs/research/grattonlab/iNetworks/Nifti/derivatives/preproc_fmriprep-24.1.1/sub-INET030/ses-3/func/FD_outputs/sub-INET030_ses-3_task-rest_run-07_desc-tmask_fFD.txt,sub-INET030_ses-3_task-rest_run-07_desc-tmask_fFD.txt,263,0,0
sub-INET030,ses-4,task-rest,run-01,sub-INET030_ses-4_task-rest_run-01_bold.nii.gz,0,,,2.0,include,/gpfs/research/grattonlab/iNetworks/Nifti/derivatives/preproc_fmriprep-24.1.1/sub-INET030/ses-4/func/FD_outputs/sub-INET030_ses-4_task-rest_run-01_desc-tmask_fFD.txt,sub-INET030_ses-4_task-rest_run-01_desc-tmask_fFD.txt,265,0,0
sub-INET030,ses-4,task-rest,run-03,sub-INET030_ses-4_task-rest_run-03_bold.nii.gz,0,,,2.0,include,/gpfs/research/grattonlab/iNetworks/Nifti/derivatives/preproc_fmriprep-24.1.1/sub-INET030/ses-4/func/FD_outputs/sub-INET030_ses-4_task-rest_run-03_desc-tmask_fFD.txt,sub-INET030_ses-4_task-rest_run-03_desc-tmask_fFD.txt,262,0,0
sub-INET030,ses-4,task-rest,run-04,sub-INET030_ses-4_task-rest_run-04_bold.nii.gz,0,,,2.0,include,/gpfs/research/grattonlab/iNetworks/Nifti/derivatives/preproc_fmriprep-24.1.1/sub-INET030/ses-4/func/FD_outputs/sub-INET030_ses-4_task-rest_run-04_desc-tmask_fFD.txt,sub-INET030_ses-4_task-rest_run-04_desc-tmask_fFD.txt,265,0,0
sub-INET030,ses-4,task-rest,run-05,sub-INET030_ses-4_task-rest_run-05_bold.nii.gz,0,,,2.0,include,/gpfs/research/grattonlab/iNetworks/Nifti/derivatives/preproc_fmriprep-24.1.1/sub-INET030/ses-4/func/FD_outputs/sub-INET030_ses-4_task-rest_run-05_desc-tmask_fFD.txt,sub-INET030_ses-4_task-rest_run-05_desc-tmask_fFD.txt,259,0,0
sub-INET030,ses-4,task-rest,run-06,sub-INET030_ses-4_task-rest_run-06_bold.nii.gz,0,,,2.0,include,/gpfs/research/grattonlab/iNetworks/Nifti/derivatives/preproc_fmriprep-24.1.1/sub-INET030/ses-4/func/FD_outputs/sub-INET030_ses-4_task-rest_run-06_desc-tmask_fFD.txt,sub-INET030_ses-4_task-rest_run-06_desc-tmask_fFD.txt,264,0,0
sub-INET030,ses-4,task-rest,run-07,sub-INET030_ses-4_task-rest_run-07_bold.nii.gz,0,,,2.0,include,/gpfs/research/grattonlab/iNetworks/Nifti/derivatives/preproc_fmriprep-24.1.1/sub-INET030/ses-4/func/FD_outputs/sub-INET030_ses-4_task-rest_run-07_desc-tmask_fFD.txt,sub-INET030_ses-4_task-rest_run-07_desc-tmask_fFD.txt,264,0,0
sub-INET030,ses-4,task-rest,run-08,sub-INET030_ses-4_task-rest_run-08_bold.nii.gz,0,,,2.0,include,/gpfs/research/grattonlab/iNetworks/Nifti/derivatives/preproc_fmriprep-24.1.1/sub-INET030/ses-4/func/FD_outputs/sub-INET030_ses-4_task-rest_run-08_desc-tmask_fFD.txt,sub-INET030_ses-4_task-rest_run-08_desc-tmask_fFD.txt,259,0,0
sub-INET030,ses-4,task-rest,run-09,sub-INET030_ses-4_task-rest_run-09_bold.nii.gz,0,,,,include,/gpfs/research/grattonlab/iNetworks/Nifti/derivatives/preproc_fmriprep-24.1.1/sub-INET030/ses-4/func/FD_outputs/sub-INET030_ses-4_task-rest_run-09_desc-tmask_fFD.txt,sub-INET030_ses-4_task-rest_run-09_desc-tmask_fFD.txt,263,0,0
sub-INET032,ses-1,task-rest,run-01,sub-INET032_ses-1_task-rest_run-01_bold.nii.gz,0,,,2.0,include,/gpfs/research/grattonlab/iNetworks/Nifti/derivatives/preproc_fmriprep-24.1.1/sub-INET032/ses-1/func/FD_outputs/sub-INET032_ses-1_task-rest_run-01_desc-tmask_fFD.txt,sub-INET032_ses-1_task-rest_run-01_desc-tmask_fFD.txt,252,0,0
sub-INET032,ses-1,task-rest,run-02,sub-INET032_ses-1_task-rest_run-02_bold.nii.gz,0,,,3.0,include,/gpfs/research/grattonlab/iNetworks/Nifti/derivatives/preproc_fmriprep-24.1.1/sub-INET032/ses-1/func/FD_outputs/sub-INET032_ses-1_task-rest_run-02_desc-tmask_fFD.txt,sub-INET032_ses-1_task-rest_run-02_desc-tmask_fFD.txt,261,0,0
sub-INET032,ses-1,task-rest,run-06,sub-INET032_ses-1_task-rest_run-06_bold.nii.gz,0,,,,include,/gpfs/research/grattonlab/iNetworks/Nifti/derivatives/preproc_fmriprep-24.1.1/sub-INET032/ses-1/func/FD_outputs/sub-INET032_ses-1_task-rest_run-06_desc-tmask_fFD.txt,sub-INET032_ses-1_task-rest_run-06_desc-tmask_fFD.txt,245,0,0
sub-INET032,ses-2,task-rest,run-01,sub-INET032_ses-2_task-rest_run-01_bold.nii.gz,0,,,3.0,include,/gpfs/research/grattonlab/iNetworks/Nifti/derivatives/preproc_fmriprep-24.1.1/sub-INET032/ses-2/func/FD_outputs/sub-INET032_ses-2_task-rest_run-01_desc-tmask_fFD.txt,sub-INET032_ses-2_task-rest_run-01_desc-tmask_fFD.txt,259,0,0
sub-INET032,ses-2,task-rest,run-05,sub-INET032_ses-2_task-rest_run-05_bold.nii.gz,0,,,5.3,include,/gpfs/research/grattonlab/iNetworks/Nifti/derivatives/preproc_fmriprep-24.1.1/sub-INET032/ses-2/func/FD_outputs/sub-INET032_ses-2_task-rest_run-05_desc-tmask_fFD.txt,sub-INET032_ses-2_task-rest_run-05_desc-tmask_fFD.txt,249,0,0
sub-INET032,ses-2,task-rest,run-07,sub-INET032_ses-2_task-rest_run-07_bold.nii.gz,0,,,2.0,include,/gpfs/research/grattonlab/iNetworks/Nifti/derivatives/preproc_fmriprep-24.1.1/sub-INET032/ses-2/func/FD_outputs/sub-INET032_ses-2_task-rest_run-07_desc-tmask_fFD.txt,sub-INET032_ses-2_task-rest_run-07_desc-tmask_fFD.txt,262,0,0
sub-INET032,ses-3,task-rest,run-01,sub-INET032_ses-3_task-rest_run-01_bold.nii.gz,0,,,2.0,include,/gpfs/research/grattonlab/iNetworks/Nifti/derivatives/preproc_fmriprep-24.1.1/sub-INET032/ses-3/func/FD_outputs/sub-INET032_ses-3_task-rest_run-01_desc-tmask_fFD.txt,sub-INET032_ses-3_task-rest_run-01_desc-tmask_fFD.txt,255,0,0
sub-INET032,ses-3,task-rest,run-04,sub-INET032_ses-3_task-rest_run-04_bold.nii.gz,0,,,4.5,include,/gpfs/research/grattonlab/iNetworks/Nifti/derivatives/preproc_fmriprep-24.1.1/sub-INET032/ses-3/func/FD_outputs/sub-INET032_ses-3_task-rest_run-04_desc-tmask_fFD.txt,sub-INET032_ses-3_task-rest_run-04_desc-tmask_fFD.txt,244,0,0
sub-INET032,ses-3,task-rest,run-06,sub-INET032_ses-3_task-rest_run-06_bold.nii.gz,0,,,1.0,include,/gpfs/research/grattonlab/iNetworks/Nifti/derivatives/preproc_fmriprep-24.1.1/sub-INET032/ses-3/func/FD_outputs/sub-INET032_ses-3_task-rest_run-06_desc-tmask_fFD.txt,sub-INET032_ses-3_task-rest_run-06_desc-tmask_fFD.txt,264,0,0
sub-INET032,ses-3,task-rest,run-07,sub-INET032_ses-3_task-rest_run-07_bold.nii.gz,0,,,1.0,include,/gpfs/research/grattonlab/iNetworks/Nifti/derivatives/preproc_fmriprep-24.1.1/sub-INET032/ses-3/func/FD_outputs/sub-INET032_ses-3_task-rest_run-07_desc-tmask_fFD.txt,sub-INET032_ses-3_task-rest_run-07_desc-tmask_fFD.txt,262,0,0
sub-INET032,ses-3,task-rest,run-08,sub-INET032_ses-3_task-rest_run-08_bold.nii.gz,0,,,1.0,include,/gpfs/research/grattonlab/iNetworks/Nifti/derivatives/preproc_fmriprep-24.1.1/sub-INET032/ses-3/func/FD_outputs/sub-INET032_ses-3_task-rest_run-08_desc-tmask_fFD.txt,sub-INET032_ses-3_task-rest_run-08_desc-tmask_fFD.txt,255,0,0
sub-INET032,ses-4,task-rest,run-01,sub-INET032_ses-4_task-rest_run-01_bold.nii.gz,0,,,3.0,include,/gpfs/research/grattonlab/iNetworks/Nifti/derivatives/preproc_fmriprep-24.1.1/sub-INET032/ses-4/func/FD_outputs/sub-INET032_ses-4_task-rest_run-01_desc-tmask_fFD.txt,sub-INET032_ses-4_task-rest_run-01_desc-tmask_fFD.txt,240,0,0
sub-INET032,ses-4,task-rest,run-02,sub-INET032_ses-4_task-rest_run-02_bold.nii.gz,0,,,3.0,include,/gpfs/research/grattonlab/iNetworks/Nifti/derivatives/preproc_fmriprep-24.1.1/sub-INET032/ses-4/func/FD_outputs/sub-INET032_ses-4_task-rest_run-02_desc-tmask_fFD.txt,sub-INET032_ses-4_task-rest_run-02_desc-tmask_fFD.txt,252,0,0
sub-INET032,ses-4,task-rest,run-04,sub-INET032_ses-4_task-rest_run-04_bold.nii.gz,0,,,1.0,include,/gpfs/research/grattonlab/iNetworks/Nifti/derivatives/preproc_fmriprep-24.1.1/sub-INET032/ses-4/func/FD_outputs/sub-INET032_ses-4_task-rest_run-04_desc-tmask_fFD.txt,sub-INET032_ses-4_task-rest_run-04_desc-tmask_fFD.txt,254,0,0
sub-INET032,ses-4,task-rest,run-05,sub-INET032_ses-4_task-rest_run-05_bold.nii.gz,0,,,2.0,include,/gpfs/research/grattonlab/iNetworks/Nifti/derivatives/preproc_fmriprep-24.1.1/sub-INET032/ses-4/func/FD_outputs/sub-INET032_ses-4_task-rest_run-05_desc-tmask_fFD.txt,sub-INET032_ses-4_task-rest_run-05_desc-tmask_fFD.txt,182,0,0
sub-INET032,ses-4,task-rest,run-06,sub-INET032_ses-4_task-rest_run-06_bold.nii.gz,0,,,2.0,include,/gpfs/research/grattonlab/iNetworks/Nifti/derivatives/preproc_fmriprep-24.1.1/sub-INET032/ses-4/func/FD_outputs/sub-INET032_ses-4_task-rest_run-06_desc-tmask_fFD.txt,sub-INET032_ses-4_task-rest_run-06_desc-tmask_fFD.txt,205,0,0
sub-INET032,ses-4,task-rest,run-07,sub-INET032_ses-4_task-rest_run-07_bold.nii.gz,0,,,3.0,include,/gpfs/research/grattonlab/iNetworks/Nifti/derivatives/preproc_fmriprep-24.1.1/sub-INET032/ses-4/func/FD_outputs/sub-INET032_ses-4_task-rest_run-07_desc-tmask_fFD.txt,sub-INET032_ses-4_task-rest_run-07_desc-tmask_fFD.txt,244,0,0
sub-INET032,ses-4,task-rest,run-08,sub-INET032_ses-4_task-rest_run-08_bold.nii.gz,0,,,1.0,include,/gpfs/research/grattonlab/iNetworks/Nifti/derivatives/preproc_fmriprep-24.1.1/sub-INET032/ses-4/func/FD_outputs/sub-INET032_ses-4_task-rest_run-08_desc-tmask_fFD.txt,sub-INET032_ses-4_task-rest_run-08_desc-tmask_fFD.txt,255,0,0
sub-INET033,ses-1,task-rest,run-02,sub-INET033_ses-1_task-rest_run-02_bold.nii.gz,0,,,2.0,include,/gpfs/research/grattonlab/iNetworks/Nifti/derivatives/preproc_fmriprep-24.1.1/sub-INET033/ses-1/func/FD_outputs/sub-INET033_ses-1_task-rest_run-02_desc-tmask_fFD.txt,sub-INET033_ses-1_task-rest_run-02_desc-tmask_fFD.txt,256,0,0
sub-INET033,ses-1,task-rest,run-03,sub-INET033_ses-1_task-rest_run-03_bold.nii.gz,0,,,3.0,include,/gpfs/research/grattonlab/iNetworks/Nifti/derivatives/preproc_fmriprep-24.1.1/sub-INET033/ses-1/func/FD_outputs/sub-INET033_ses-1_task-rest_run-03_desc-tmask_fFD.txt,sub-INET033_ses-1_task-rest_run-03_desc-tmask_fFD.txt,262,0,0
sub-INET033,ses-1,task-rest,run-04,sub-INET033_ses-1_task-rest_run-04_bold.nii.gz,0,,,3.0,include,/gpfs/research/grattonlab/iNetworks/Nifti/derivatives/preproc_fmriprep-24.1.1/sub-INET033/ses-1/func/FD_outputs/sub-INET033_ses-1_task-rest_run-04_desc-tmask_fFD.txt,sub-INET033_ses-1_task-rest_run-04_desc-tmask_fFD.txt,240,0,0
sub-INET033,ses-1,task-rest,run-05,sub-INET033_ses-1_task-rest_run-05_bold.nii.gz,0,,,3.0,include,/gpfs/research/grattonlab/iNetworks/Nifti/derivatives/preproc_fmriprep-24.1.1/sub-INET033/ses-1/func/FD_outputs/sub-INET033_ses-1_task-rest_run-05_desc-tmask_fFD.txt,sub-INET033_ses-1_task-rest_run-05_desc-tmask_fFD.txt,221,0,0
sub-INET033,ses-1,task-rest,run-06,sub-INET033_ses-1_task-rest_run-06_bold.nii.gz,0,,,3.0,include,/gpfs/research/grattonlab/iNetworks/Nifti/derivatives/preproc_fmriprep-24.1.1/sub-INET033/ses-1/func/FD_outputs/sub-INET033_ses-1_task-rest_run-06_desc-tmask_fFD.txt,sub-INET033_ses-1_task-rest_run-06_desc-tmask_fFD.txt,239,0,0
sub-INET033,ses-1,task-rest,run-07,sub-INET033_ses-1_task-rest_run-07_bold.nii.gz,0,,,3.0,include,/gpfs/research/grattonlab/iNetworks/Nifti/derivatives/preproc_fmriprep-24.1.1/sub-INET033/ses-1/func/FD_outputs/sub-INET033_ses-1_task-rest_run-07_desc-tmask_fFD.txt,sub-INET033_ses-1_task-rest_run-07_desc-tmask_fFD.txt,260,0,0
sub-INET033,ses-2,task-rest,run-01,sub-INET033_ses-2_task-rest_run-01_bold.nii.gz,0,,,2.0,include,/gpfs/research/grattonlab/iNetworks/Nifti/derivatives/preproc_fmriprep-24.1.1/sub-INET033/ses-2/func/FD_outputs/sub-INET033_ses-2_task-rest_run-01_desc-tmask_fFD.txt,sub-INET033_ses-2_task-rest_run-01_desc-tmask_fFD.txt,263,0,0
sub-INET033,ses-2,task-rest,run-02,sub-INET033_ses-2_task-rest_run-02_bold.nii.gz,0,,,3.0,include,/gpfs/research/grattonlab/iNetworks/Nifti/derivatives/preproc_fmriprep-24.1.1/sub-INET033/ses-2/func/FD_outputs/sub-INET033_ses-2_task-rest_run-02_desc-tmask_fFD.txt,sub-INET033_ses-2_task-rest_run-02_desc-tmask_fFD.txt,262,0,0
sub-INET033,ses-2,task-rest,run-03,sub-INET033_ses-2_task-rest_run-03_bold.nii.gz,0,,,3.0,include,/gpfs/research/grattonlab/iNetworks/Nifti/derivatives/preproc_fmriprep-24.1.1/sub-INET033/ses-2/func/FD_outputs/sub-INET033_ses-2_task-rest_run-03_desc-tmask_fFD.txt,sub-INET033_ses-2_task-rest_run-03_desc-tmask_fFD.txt,263,0,0
sub-INET033,ses-2,task-rest,run-04,sub-INET033_ses-2_task-rest_run-04_bold.nii.gz,0,,,2.0,include,/gpfs/research/grattonlab/iNetworks/Nifti/derivatives/preproc_fmriprep-24.1.1/sub-INET033/ses-2/func/FD_outputs/sub-INET033_ses-2_task-rest_run-04_desc-tmask_fFD.txt,sub-INET033_ses-2_task-rest_run-04_desc-tmask_fFD.txt,263,0,0
sub-INET033,ses-2,task-rest,run-05,sub-INET033_ses-2_task-rest_run-05_bold.nii.gz,0,,,3.0,include,/gpfs/research/grattonlab/iNetworks/Nifti/derivatives/preproc_fmriprep-24.1.1/sub-INET033/ses-2/func/FD_outputs/sub-INET033_ses-2_task-rest_run-05_desc-tmask_fFD.txt,sub-INET033_ses-2_task-rest_run-05_desc-tmask_fFD.txt,255,0,0
sub-INET033,ses-2,task-rest,run-06,sub-INET033_ses-2_task-rest_run-06_bold.nii.gz,0,,,3.0,include,/gpfs/research/grattonlab/iNetworks/Nifti/derivatives/preproc_fmriprep-24.1.1/sub-INET033/ses-2/func/FD_outputs/sub-INET033_ses-2_task-rest_run-06_desc-tmask_fFD.txt,sub-INET033_ses-2_task-rest_run-06_desc-tmask_fFD.txt,256,0,0
sub-INET033,ses-2,task-rest,run-08,sub-INET033_ses-2_task-rest_run-08_bold.nii.gz,0,,,3.0,include,/gpfs/research/grattonlab/iNetworks/Nifti/derivatives/preproc_fmriprep-24.1.1/sub-INET033/ses-2/func/FD_outputs/sub-INET033_ses-2_task-rest_run-08_desc-tmask_fFD.txt,sub-INET033_ses-2_task-rest_run-08_desc-tmask_fFD.txt,256,0,0
sub-INET033,ses-3,task-rest,run-01,sub-INET033_ses-3_task-rest_run-01_bold.nii.gz,0,,,1.0,include,/gpfs/research/grattonlab/iNetworks/Nifti/derivatives/preproc_fmriprep-24.1.1/sub-INET033/ses-3/func/FD_outputs/sub-INET033_ses-3_task-rest_run-01_desc-tmask_fFD.txt,sub-INET033_ses-3_task-rest_run-01_desc-tmask_fFD.txt,264,0,0
sub-INET033,ses-3,task-rest,run-02,sub-INET033_ses-3_task-rest_run-02_bold.nii.gz,0,,,2.0,include,/gpfs/research/grattonlab/iNetworks/Nifti/derivatives/preproc_fmriprep-24.1.1/sub-INET033/ses-3/func/FD_outputs/sub-INET033_ses-3_task-rest_run-02_desc-tmask_fFD.txt,sub-INET033_ses-3_task-rest_run-02_desc-tmask_fFD.txt,264,0,0
sub-INET033,ses-3,task-rest,run-05,sub-INET033_ses-3_task-rest_run-05_bold.nii.gz,0,,,3.0,include,/gpfs/research/grattonlab/iNetworks/Nifti/derivatives/preproc_fmriprep-24.1.1/sub-INET033/ses-3/func/FD_outputs/sub-INET033_ses-3_task-rest_run-05_desc-tmask_fFD.txt,sub-INET033_ses-3_task-rest_run-05_desc-tmask_fFD.txt,248,0,0
sub-INET033,ses-3,task-rest,run-06,sub-INET033_ses-3_task-rest_run-06_bold.nii.gz,0,,,3.0,include,/gpfs/research/grattonlab/iNetworks/Nifti/derivatives/preproc_fmriprep-24.1.1/sub-INET033/ses-3/func/FD_outputs/sub-INET033_ses-3_task-rest_run-06_desc-tmask_fFD.txt,sub-INET033_ses-3_task-rest_run-06_desc-tmask_fFD.txt,264,0,0
sub-INET033,ses-3,task-rest,run-07,sub-INET033_ses-3_task-rest_run-07_bold.nii.gz,0,,,2.0,include,/gpfs/research/grattonlab/iNetworks/Nifti/derivatives/preproc_fmriprep-24.1.1/sub-INET033/ses-3/func/FD_outputs/sub-INET033_ses-3_task-rest_run-07_desc-tmask_fFD.txt,sub-INET033_ses-3_task-rest_run-07_desc-tmask_fFD.txt,261,0,0
sub-INET033,ses-3,task-rest,run-08,sub-INET033_ses-3_task-rest_run-08_bold.nii.gz,0,,,3.0,include,/gpfs/research/grattonlab/iNetworks/Nifti/derivatives/preproc_fmriprep-24.1.1/sub-INET033/ses-3/func/FD_outputs/sub-INET033_ses-3_task-rest_run-08_desc-tmask_fFD.txt,sub-INET033_ses-3_task-rest_run-08_desc-tmask_fFD.txt,264,0,0
sub-INET033,ses-4,task-rest,run-01,sub-INET033_ses-4_task-rest_run-01_bold.nii.gz,0,,,2.0,include,/gpfs/research/grattonlab/iNetworks/Nifti/derivatives/preproc_fmriprep-24.1.1/sub-INET033/ses-4/func/FD_outputs/sub-INET033_ses-4_task-rest_run-01_desc-tmask_fFD.txt,sub-INET033_ses-4_task-rest_run-01_desc-tmask_fFD.txt,264,0,0
sub-INET033,ses-4,task-rest,run-02,sub-INET033_ses-4_task-rest_run-02_bold.nii.gz,0,,,3.0,include,/gpfs/research/grattonlab/iNetworks/Nifti/derivatives/preproc_fmriprep-24.1.1/sub-INET033/ses-4/func/FD_outputs/sub-INET033_ses-4_task-rest_run-02_desc-tmask_fFD.txt,sub-INET033_ses-4_task-rest_run-02_desc-tmask_fFD.txt,263,0,0
sub-INET033,ses-4,task-rest,run-03,sub-INET033_ses-4_task-rest_run-03_bold.nii.gz,0,,,3.0,include,/gpfs/research/grattonlab/iNetworks/Nifti/derivatives/preproc_fmriprep-24.1.1/sub-INET033/ses-4/func/FD_outputs/sub-INET033_ses-4_task-rest_run-03_desc-tmask_fFD.txt,sub-INET033_ses-4_task-rest_run-03_desc-tmask_fFD.txt,264,0,0
sub-INET033,ses-4,task-rest,run-04,sub-INET033_ses-4_task-rest_run-04_bold.nii.gz,0,,,3.0,include,/gpfs/research/grattonlab/iNetworks/Nifti/derivatives/preproc_fmriprep-24.1.1/sub-INET033/ses-4/func/FD_outputs/sub-INET033_ses-4_task-rest_run-04_desc-tmask_fFD.txt,sub-INET033_ses-4_task-rest_run-04_desc-tmask_fFD.txt,255,0,0
sub-INET033,ses-4,task-rest,run-05,sub-INET033_ses-4_task-rest_run-05_bold.nii.gz,0,,,2.0,include,/gpfs/research/grattonlab/iNetworks/Nifti/derivatives/preproc_fmriprep-24.1.1/sub-INET033/ses-4/func/FD_outputs/sub-INET033_ses-4_task-rest_run-05_desc-tmask_fFD.txt,sub-INET033_ses-4_task-rest_run-05_desc-tmask_fFD.txt,259,0,0
sub-INET033,ses-4,task-rest,run-06,sub-INET033_ses-4_task-rest_run-06_bold.nii.gz,0,,,3.0,include,/gpfs/research/grattonlab/iNetworks/Nifti/derivatives/preproc_fmriprep-24.1.1/sub-INET033/ses-4/func/FD_outputs/sub-INET033_ses-4_task-rest_run-06_desc-tmask_fFD.txt,sub-INET033_ses-4_task-rest_run-06_desc-tmask_fFD.txt,221,0,0
sub-INET033,ses-4,task-rest,run-07,sub-INET033_ses-4_task-rest_run-07_bold.nii.gz,0,,,3.0,include,/gpfs/research/grattonlab/iNetworks/Nifti/derivatives/preproc_fmriprep-24.1.1/sub-INET033/ses-4/func/FD_outputs/sub-INET033_ses-4_task-rest_run-07_desc-tmask_fFD.txt,sub-INET033_ses-4_task-rest_run-07_desc-tmask_fFD.txt,263,0,0
sub-INET033,ses-4,task-rest,run-08,sub-INET033_ses-4_task-rest_run-08_bold.nii.gz,0,,,2.0,include,/gpfs/research/grattonlab/iNetworks/Nifti/derivatives/preproc_fmriprep-24.1.1/sub-INET033/ses-4/func/FD_outputs/sub-INET033_ses-4_task-rest_run-08_desc-tmask_fFD.txt,sub-INET033_ses-4_task-rest_run-08_desc-tmask_fFD.txt,263,0,0
sub-INET033,ses-4,task-rest,run-09,sub-INET033_ses-4_task-rest_run-09_bold.nii.gz,0,,,,include,/gpfs/research/grattonlab/iNetworks/Nifti/derivatives/preproc_fmriprep-24.1.1/sub-INET033/ses-4/func/FD_outputs/sub-INET033_ses-4_task-rest_run-09_desc-tmask_fFD.txt,sub-INET033_ses-4_task-rest_run-09_desc-tmask_fFD.txt,263,0,0
sub-INET034,ses-1,task-rest,run-01,sub-INET034_ses-1_task-rest_run-01_bold.nii.gz,0,,,3.0,include,/gpfs/research/grattonlab/iNetworks/Nifti/derivatives/preproc_fmriprep-24.1.1/sub-INET034/ses-1/func/FD_outputs/sub-INET034_ses-1_task-rest_run-01_desc-tmask_fFD.txt,sub-INET034_ses-1_task-rest_run-01_desc-tmask_fFD.txt,265,0,0
sub-INET034,ses-1,task-rest,run-04,sub-INET034_ses-1_task-rest_run-04_bold.nii.gz,0,,,3.0,include,/gpfs/research/grattonlab/iNetworks/Nifti/derivatives/preproc_fmriprep-24.1.1/sub-INET034/ses-1/func/FD_outputs/sub-INET034_ses-1_task-rest_run-04_desc-tmask_fFD.txt,sub-INET034_ses-1_task-rest_run-04_desc-tmask_fFD.txt,265,0,0
sub-INET034,ses-2,task-rest,run-06,sub-INET034_ses-2_task-rest_run-06_bold.nii.gz,0,,,3.0,include,/gpfs/research/grattonlab/iNetworks/Nifti/derivatives/preproc_fmriprep-24.1.1/sub-INET034/ses-2/func/FD_outputs/sub-INET034_ses-2_task-rest_run-06_desc-tmask_fFD.txt,sub-INET034_ses-2_task-rest_run-06_desc-tmask_fFD.txt,258,0,0
sub-INET034,ses-4,task-rest,run-08,sub-INET034_ses-4_task-rest_run-08_bold.nii.gz,0,,,,include,/gpfs/research/grattonlab/iNetworks/Nifti/derivatives/preproc_fmriprep-24.1.1/sub-INET034/ses-4/func/FD_outputs/sub-INET034_ses-4_task-rest_run-08_desc-tmask_fFD.txt,sub-INET034_ses-4_task-rest_run-08_desc-tmask_fFD.txt,265,0,0
sub-INET035,ses-1,task-rest,run-02,sub-INET035_ses-1_task-rest_run-02_bold.nii.gz,0,,,2.0,include,/gpfs/research/grattonlab/iNetworks/Nifti/derivatives/preproc_fmriprep-24.1.1/sub-INET035/ses-1/func/FD_outputs/sub-INET035_ses-1_task-rest_run-02_desc-tmask_fFD.txt,sub-INET035_ses-1_task-rest_run-02_desc-tmask_fFD.txt,265,0,0
sub-INET035,ses-1,task-rest,run-03,sub-INET035_ses-1_task-rest_run-03_bold.nii.gz,0,,,2.0,include,/gpfs/research/grattonlab/iNetworks/Nifti/derivatives/preproc_fmriprep-24.1.1/sub-INET035/ses-1/func/FD_outputs/sub-INET035_ses-1_task-rest_run-03_desc-tmask_fFD.txt,sub-INET035_ses-1_task-rest_run-03_desc-tmask_fFD.txt,264,0,0
sub-INET035,ses-1,task-rest,run-04,sub-INET035_ses-1_task-rest_run-04_bold.nii.gz,0,,,2.0,include,/gpfs/research/grattonlab/iNetworks/Nifti/derivatives/preproc_fmriprep-24.1.1/sub-INET035/ses-1/func/FD_outputs/sub-INET035_ses-1_task-rest_run-04_desc-tmask_fFD.txt,sub-INET035_ses-1_task-rest_run-04_desc-tmask_fFD.txt,265,0,0
sub-INET035,ses-1,task-rest,run-05,sub-INET035_ses-1_task-rest_run-05_bold.nii.gz,0,,,2.0,include,/gpfs/research/grattonlab/iNetworks/Nifti/derivatives/preproc_fmriprep-24.1.1/sub-INET035/ses-1/func/FD_outputs/sub-INET035_ses-1_task-rest_run-05_desc-tmask_fFD.txt,sub-INET035_ses-1_task-rest_run-05_desc-tmask_fFD.txt,263,0,0
sub-INET035,ses-1,task-rest,run-06,sub-INET035_ses-1_task-rest_run-06_bold.nii.gz,0,,,2.0,include,/gpfs/research/grattonlab/iNetworks/Nifti/derivatives/preproc_fmriprep-24.1.1/sub-INET035/ses-1/func/FD_outputs/sub-INET035_ses-1_task-rest_run-06_desc-tmask_fFD.txt,sub-INET035_ses-1_task-rest_run-06_desc-tmask_fFD.txt,251,0,0
sub-INET035,ses-1,task-rest,run-07,sub-INET035_ses-1_task-rest_run-07_bold.nii.gz,0,,,2.0,include,/gpfs/research/grattonlab/iNetworks/Nifti/derivatives/preproc_fmriprep-24.1.1/sub-INET035/ses-1/func/FD_outputs/sub-INET035_ses-1_task-rest_run-07_desc-tmask_fFD.txt,sub-INET035_ses-1_task-rest_run-07_desc-tmask_fFD.txt,260,0,0
sub-INET035,ses-1,task-rest,run-08,sub-INET035_ses-1_task-rest_run-08_bold.nii.gz,0,,,2.0,include,/gpfs/research/grattonlab/iNetworks/Nifti/derivatives/preproc_fmriprep-24.1.1/sub-INET035/ses-1/func/FD_outputs/sub-INET035_ses-1_task-rest_run-08_desc-tmask_fFD.txt,sub-INET035_ses-1_task-rest_run-08_desc-tmask_fFD.txt,259,0,0
sub-INET035,ses-1,task-rest,run-09,sub-INET035_ses-1_task-rest_run-09_bold.nii.gz,0,,,,include,/gpfs/research/grattonlab/iNetworks/Nifti/derivatives/preproc_fmriprep-24.1.1/sub-INET035/ses-1/func/FD_outputs/sub-INET035_ses-1_task-rest_run-09_desc-tmask_fFD.txt,sub-INET035_ses-1_task-rest_run-09_desc-tmask_fFD.txt,259,0,0
sub-INET035,ses-2,task-rest,run-01,sub-INET035_ses-2_task-rest_run-01_bold.nii.gz,0,,,2.0,include,/gpfs/research/grattonlab/iNetworks/Nifti/derivatives/preproc_fmriprep-24.1.1/sub-INET035/ses-2/func/FD_outputs/sub-INET035_ses-2_task-rest_run-01_desc-tmask_fFD.txt,sub-INET035_ses-2_task-rest_run-01_desc-tmask_fFD.txt,263,0,0
sub-INET035,ses-2,task-rest,run-02,sub-INET035_ses-2_task-rest_run-02_bold.nii.gz,0,,,2.0,include,/gpfs/research/grattonlab/iNetworks/Nifti/derivatives/preproc_fmriprep-24.1.1/sub-INET035/ses-2/func/FD_outputs/sub-INET035_ses-2_task-rest_run-02_desc-tmask_fFD.txt,sub-INET035_ses-2_task-rest_run-02_desc-tmask_fFD.txt,245,0,0
sub-INET035,ses-2,task-rest,run-03,sub-INET035_ses-2_task-rest_run-03_bold.nii.gz,0,,,3.0,include,/gpfs/research/grattonlab/iNetworks/Nifti/derivatives/preproc_fmriprep-24.1.1/sub-INET035/ses-2/func/FD_outputs/sub-INET035_ses-2_task-rest_run-03_desc-tmask_fFD.txt,sub-INET035_ses-2_task-rest_run-03_desc-tmask_fFD.txt,241,0,0
sub-INET035,ses-2,task-rest,run-04,sub-INET035_ses-2_task-rest_run-04_bold.nii.gz,0,,,3.0,include,/gpfs/research/grattonlab/iNetworks/Nifti/derivatives/preproc_fmriprep-24.1.1/sub-INET035/ses-2/func/FD_outputs/sub-INET035_ses-2_task-rest_run-04_desc-tmask_fFD.txt,sub-INET035_ses-2_task-rest_run-04_desc-tmask_fFD.txt,263,0,0
sub-INET035,ses-2,task-rest,run-05,sub-INET035_ses-2_task-rest_run-05_bold.nii.gz,0,,,3.0,include,/gpfs/research/grattonlab/iNetworks/Nifti/derivatives/preproc_fmriprep-24.1.1/sub-INET035/ses-2/func/FD_outputs/sub-INET035_ses-2_task-rest_run-05_desc-tmask_fFD.txt,sub-INET035_ses-2_task-rest_run-05_desc-tmask_fFD.txt,265,0,0
sub-INET035,ses-2,task-rest,run-06,sub-INET035_ses-2_task-rest_run-06_bold.nii.gz,0,,,1.0,include,/gpfs/research/grattonlab/iNetworks/Nifti/derivatives/preproc_fmriprep-24.1.1/sub-INET035/ses-2/func/FD_outputs/sub-INET035_ses-2_task-rest_run-06_desc-tmask_fFD.txt,sub-INET035_ses-2_task-rest_run-06_desc-tmask_fFD.txt,264,0,0
sub-INET035,ses-2,task-rest,run-07,sub-INET035_ses-2_task-rest_run-07_bold.nii.gz,0,,,1.0,include,/gpfs/research/grattonlab/iNetworks/Nifti/derivatives/preproc_fmriprep-24.1.1/sub-INET035/ses-2/func/FD_outputs/sub-INET035_ses-2_task-rest_run-07_desc-tmask_fFD.txt,sub-INET035_ses-2_task-rest_run-07_desc-tmask_fFD.txt,265,0,0
sub-INET035,ses-3,task-rest,run-01,sub-INET035_ses-3_task-rest_run-01_bold.nii.gz,0,,,2.0,include,/gpfs/research/grattonlab/iNetworks/Nifti/derivatives/preproc_fmriprep-24.1.1/sub-INET035/ses-3/func/FD_outputs/sub-INET035_ses-3_task-rest_run-01_desc-tmask_fFD.txt,sub-INET035_ses-3_task-rest_run-01_desc-tmask_fFD.txt,259,0,0
sub-INET035,ses-3,task-rest,run-02,sub-INET035_ses-3_task-rest_run-02_bold.nii.gz,0,,,3.0,include,/gpfs/research/grattonlab/iNetworks/Nifti/derivatives/preproc_fmriprep-24.1.1/sub-INET035/ses-3/func/FD_outputs/sub-INET035_ses-3_task-rest_run-02_desc-tmask_fFD.txt,sub-INET035_ses-3_task-rest_run-02_desc-tmask_fFD.txt,261,0,0
sub-INET035,ses-3,task-rest,run-03,sub-INET035_ses-3_task-rest_run-03_bold.nii.gz,0,,,3.0,include,/gpfs/research/grattonlab/iNetworks/Nifti/derivatives/preproc_fmriprep-24.1.1/sub-INET035/ses-3/func/FD_outputs/sub-INET035_ses-3_task-rest_run-03_desc-tmask_fFD.txt,sub-INET035_ses-3_task-rest_run-03_desc-tmask_fFD.txt,264,0,0
sub-INET035,ses-3,task-rest,run-04,sub-INET035_ses-3_task-rest_run-04_bold.nii.gz,0,,,3.0,include,/gpfs/research/grattonlab/iNetworks/Nifti/derivatives/preproc_fmriprep-24.1.1/sub-INET035/ses-3/func/FD_outputs/sub-INET035_ses-3_task-rest_run-04_desc-tmask_fFD.txt,sub-INET035_ses-3_task-rest_run-04_desc-tmask_fFD.txt,264,0,0
sub-INET035,ses-3,task-rest,run-05,sub-INET035_ses-3_task-rest_run-05_bold.nii.gz,0,,,3.0,include,/gpfs/research/grattonlab/iNetworks/Nifti/derivatives/preproc_fmriprep-24.1.1/sub-INET035/ses-3/func/FD_outputs/sub-INET035_ses-3_task-rest_run-05_desc-tmask_fFD.txt,sub-INET035_ses-3_task-rest_run-05_desc-tmask_fFD.txt,264,0,0
sub-INET035,ses-3,task-rest,run-06,sub-INET035_ses-3_task-rest_run-06_bold.nii.gz,0,,,2.0,include,/gpfs/research/grattonlab/iNetworks/Nifti/derivatives/preproc_fmriprep-24.1.1/sub-INET035/ses-3/func/FD_outputs/sub-INET035_ses-3_task-rest_run-06_desc-tmask_fFD.txt,sub-INET035_ses-3_task-rest_run-06_desc-tmask_fFD.txt,265,0,0
sub-INET035,ses-3,task-rest,run-07,sub-INET035_ses-3_task-rest_run-07_bold.nii.gz,0,,,1.0,include,/gpfs/research/grattonlab/iNetworks/Nifti/derivatives/preproc_fmriprep-24.1.1/sub-INET035/ses-3/func/FD_outputs/sub-INET035_ses-3_task-rest_run-07_desc-tmask_fFD.txt,sub-INET035_ses-3_task-rest_run-07_desc-tmask_fFD.txt,265,0,0
sub-INET035,ses-3,task-rest,run-08,sub-INET035_ses-3_task-rest_run-08_bold.nii.gz,0,,,1.0,include,/gpfs/research/grattonlab/iNetworks/Nifti/derivatives/preproc_fmriprep-24.1.1/sub-INET035/ses-3/func/FD_outputs/sub-INET035_ses-3_task-rest_run-08_desc-tmask_fFD.txt,sub-INET035_ses-3_task-rest_run-08_desc-tmask_fFD.txt,264,0,0
sub-INET035,ses-4,task-rest,run-01,sub-INET035_ses-4_task-rest_run-01_bold.nii.gz,0,,,2.0,include,/gpfs/research/grattonlab/iNetworks/Nifti/derivatives/preproc_fmriprep-24.1.1/sub-INET035/ses-4/func/FD_outputs/sub-INET035_ses-4_task-rest_run-01_desc-tmask_fFD.txt,sub-INET035_ses-4_task-rest_run-01_desc-tmask_fFD.txt,264,0,0
sub-INET035,ses-4,task-rest,run-02,sub-INET035_ses-4_task-rest_run-02_bold.nii.gz,0,,,2.0,include,/gpfs/research/grattonlab/iNetworks/Nifti/derivatives/preproc_fmriprep-24.1.1/sub-INET035/ses-4/func/FD_outputs/sub-INET035_ses-4_task-rest_run-02_desc-tmask_fFD.txt,sub-INET035_ses-4_task-rest_run-02_desc-tmask_fFD.txt,264,0,0
sub-INET035,ses-4,task-rest,run-03,sub-INET035_ses-4_task-rest_run-03_bold.nii.gz,0,,,2.0,include,/gpfs/research/grattonlab/iNetworks/Nifti/derivatives/preproc_fmriprep-24.1.1/sub-INET035/ses-4/func/FD_outputs/sub-INET035_ses-4_task-rest_run-03_desc-tmask_fFD.txt,sub-INET035_ses-4_task-rest_run-03_desc-tmask_fFD.txt,265,0,0
sub-INET035,ses-4,task-rest,run-04,sub-INET035_ses-4_task-rest_run-04_bold.nii.gz,0,,,2.0,include,/gpfs/research/grattonlab/iNetworks/Nifti/derivatives/preproc_fmriprep-24.1.1/sub-INET035/ses-4/func/FD_outputs/sub-INET035_ses-4_task-rest_run-04_desc-tmask_fFD.txt,sub-INET035_ses-4_task-rest_run-04_desc-tmask_fFD.txt,262,0,0
sub-INET035,ses-4,task-rest,run-05,sub-INET035_ses-4_task-rest_run-05_bold.nii.gz,0,,,2.0,include,/gpfs/research/grattonlab/iNetworks/Nifti/derivatives/preproc_fmriprep-24.1.1/sub-INET035/ses-4/func/FD_outputs/sub-INET035_ses-4_task-rest_run-05_desc-tmask_fFD.txt,sub-INET035_ses-4_task-rest_run-05_desc-tmask_fFD.txt,250,0,0
sub-INET035,ses-4,task-rest,run-06,sub-INET035_ses-4_task-rest_run-06_bold.nii.gz,0,,,1.0,include,/gpfs/research/grattonlab/iNetworks/Nifti/derivatives/preproc_fmriprep-24.1.1/sub-INET035/ses-4/func/FD_outputs/sub-INET035_ses-4_task-rest_run-06_desc-tmask_fFD.txt,sub-INET035_ses-4_task-rest_run-06_desc-tmask_fFD.txt,263,0,0
sub-INET035,ses-4,task-rest,run-07,sub-INET035_ses-4_task-rest_run-07_bold.nii.gz,0,,,1.0,include,/gpfs/research/grattonlab/iNetworks/Nifti/derivatives/preproc_fmriprep-24.1.1/sub-INET035/ses-4/func/FD_outputs/sub-INET035_ses-4_task-rest_run-07_desc-tmask_fFD.txt,sub-INET035_ses-4_task-rest_run-07_desc-tmask_fFD.txt,264,0,0
sub-INET035,ses-4,task-rest,run-08,sub-INET035_ses-4_task-rest_run-08_bold.nii.gz,0,,,1.0,include,/gpfs/research/grattonlab/iNetworks/Nifti/derivatives/preproc_fmriprep-24.1.1/sub-INET035/ses-4/func/FD_outputs/sub-INET035_ses-4_task-rest_run-08_desc-tmask_fFD.txt,sub-INET035_ses-4_task-rest_run-08_desc-tmask_fFD.txt,263,0,0
sub-INET035,ses-4,task-rest,run-09,sub-INET035_ses-4_task-rest_run-09_bold.nii.gz,0,,,,include,/gpfs/research/grattonlab/iNetworks/Nifti/derivatives/preproc_fmriprep-24.1.1/sub-INET035/ses-4/func/FD_outputs/sub-INET035_ses-4_task-rest_run-09_desc-tmask_fFD.txt,sub-INET035_ses-4_task-rest_run-09_desc-tmask_fFD.txt,265,0,0
sub-INET036,ses-1,task-rest,run-01,sub-INET036_ses-1_task-rest_run-01_bold.nii.gz,0,,,1.0,include,/gpfs/research/grattonlab/iNetworks/Nifti/derivatives/preproc_fmriprep-24.1.1/sub-INET036/ses-1/func/FD_outputs/sub-INET036_ses-1_task-rest_run-01_desc-tmask_fFD.txt,sub-INET036_ses-1_task-rest_run-01_desc-tmask_fFD.txt,263,0,0
sub-INET036,ses-1,task-rest,run-06,sub-INET036_ses-1_task-rest_run-06_bold.nii.gz,0,,,3.0,include,/gpfs/research/grattonlab/iNetworks/Nifti/derivatives/preproc_fmriprep-24.1.1/sub-INET036/ses-1/func/FD_outputs/sub-INET036_ses-1_task-rest_run-06_desc-tmask_fFD.txt,sub-INET036_ses-1_task-rest_run-06_desc-tmask_fFD.txt,258,0,0
sub-INET036,ses-1,task-rest,run-07,sub-INET036_ses-1_task-rest_run-07_bold.nii.gz,0,,,3.0,include,/gpfs/research/grattonlab/iNetworks/Nifti/derivatives/preproc_fmriprep-24.1.1/sub-INET036/ses-1/func/FD_outputs/sub-INET036_ses-1_task-rest_run-07_desc-tmask_fFD.txt,sub-INET036_ses-1_task-rest_run-07_desc-tmask_fFD.txt,258,0,0
sub-INET036,ses-2,task-rest,run-01,sub-INET036_ses-2_task-rest_run-01_bold.nii.gz,0,,,2.0,include,/gpfs/research/grattonlab/iNetworks/Nifti/derivatives/preproc_fmriprep-24.1.1/sub-INET036/ses-2/func/FD_outputs/sub-INET036_ses-2_task-rest_run-01_desc-tmask_fFD.txt,sub-INET036_ses-2_task-rest_run-01_desc-tmask_fFD.txt,264,0,0
sub-INET036,ses-2,task-rest,run-05,sub-INET036_ses-2_task-rest_run-05_bold.nii.gz,0,,,3.0,include,/gpfs/research/grattonlab/iNetworks/Nifti/derivatives/preproc_fmriprep-24.1.1/sub-INET036/ses-2/func/FD_outputs/sub-INET036_ses-2_task-rest_run-05_desc-tmask_fFD.txt,sub-INET036_ses-2_task-rest_run-05_desc-tmask_fFD.txt,264,0,0
sub-INET036,ses-2,task-rest,run-06,sub-INET036_ses-2_task-rest_run-06_bold.nii.gz,0,,,2.0,include,/gpfs/research/grattonlab/iNetworks/Nifti/derivatives/preproc_fmriprep-24.1.1/sub-INET036/ses-2/func/FD_outputs/sub-INET036_ses-2_task-rest_run-06_desc-tmask_fFD.txt,sub-INET036_ses-2_task-rest_run-06_desc-tmask_fFD.txt,265,0,0
sub-INET036,ses-2,task-rest,run-07,sub-INET036_ses-2_task-rest_run-07_bold.nii.gz,0,,,2.0,include,/gpfs/research/grattonlab/iNetworks/Nifti/derivatives/preproc_fmriprep-24.1.1/sub-INET036/ses-2/func/FD_outputs/sub-INET036_ses-2_task-rest_run-07_desc-tmask_fFD.txt,sub-INET036_ses-2_task-rest_run-07_desc-tmask_fFD.txt,264,0,0
sub-INET036,ses-3,task-rest,run-06,sub-INET036_ses-3_task-rest_run-06_bold.nii.gz,0,,,3.0,include,/gpfs/research/grattonlab/iNetworks/Nifti/derivatives/preproc_fmriprep-24.1.1/sub-INET036/ses-3/func/FD_outputs/sub-INET036_ses-3_task-rest_run-06_desc-tmask_fFD.txt,sub-INET036_ses-3_task-rest_run-06_desc-tmask_fFD.txt,263,0,0
sub-INET036,ses-3,task-rest,run-07,sub-INET036_ses-3_task-rest_run-07_bold.nii.gz,0,,new field map,2.0,include,/gpfs/research/grattonlab/iNetworks/Nifti/derivatives/preproc_fmriprep-24.1.1/sub-INET036/ses-3/func/FD_outputs/sub-INET036_ses-3_task-rest_run-07_desc-tmask_fFD.txt,sub-INET036_ses-3_task-rest_run-07_desc-tmask_fFD.txt,263,0,0
sub-INET036,ses-4,task-rest,run-09,sub-INET036_ses-4_task-rest_run-09_bold.nii.gz,0,,,,include,/gpfs/research/grattonlab/iNetworks/Nifti/derivatives/preproc_fmriprep-24.1.1/sub-INET036/ses-4/func/FD_outputs/sub-INET036_ses-4_task-rest_run-09_desc-tmask_fFD.txt,sub-INET036_ses-4_task-rest_run-09_desc-tmask_fFD.txt,257,0,0
sub-INET038,ses-1,task-rest,run-01,sub-INET038_ses-1_task-rest_run-01_bold.nii.gz,0,,,3.0,include,/gpfs/research/grattonlab/iNetworks/Nifti/derivatives/preproc_fmriprep-24.1.1/sub-INET038/ses-1/func/FD_outputs/sub-INET038_ses-1_task-rest_run-01_desc-tmask_fFD.txt,sub-INET038_ses-1_task-rest_run-01_desc-tmask_fFD.txt,265,0,0
sub-INET038,ses-1,task-rest,run-02,sub-INET038_ses-1_task-rest_run-02_bold.nii.gz,0,,,3.0,include,/gpfs/research/grattonlab/iNetworks/Nifti/derivatives/preproc_fmriprep-24.1.1/sub-INET038/ses-1/func/FD_outputs/sub-INET038_ses-1_task-rest_run-02_desc-tmask_fFD.txt,sub-INET038_ses-1_task-rest_run-02_desc-tmask_fFD.txt,253,0,0
sub-INET038,ses-1,task-rest,run-03,sub-INET038_ses-1_task-rest_run-03_bold.nii.gz,0,,,3.0,include,/gpfs/research/grattonlab/iNetworks/Nifti/derivatives/preproc_fmriprep-24.1.1/sub-INET038/ses-1/func/FD_outputs/sub-INET038_ses-1_task-rest_run-03_desc-tmask_fFD.txt,sub-INET038_ses-1_task-rest_run-03_desc-tmask_fFD.txt,218,0,0
sub-INET038,ses-1,task-rest,run-07,sub-INET038_ses-1_task-rest_run-07_bold.nii.gz,0,,,3.0,include,/gpfs/research/grattonlab/iNetworks/Nifti/derivatives/preproc_fmriprep-24.1.1/sub-INET038/ses-1/func/FD_outputs/sub-INET038_ses-1_task-rest_run-07_desc-tmask_fFD.txt,sub-INET038_ses-1_task-rest_run-07_desc-tmask_fFD.txt,245,0,0
sub-INET038,ses-2,task-rest,run-01,sub-INET038_ses-2_task-rest_run-01_bold.nii.gz,0,,,3.0,include,/gpfs/research/grattonlab/iNetworks/Nifti/derivatives/preproc_fmriprep-24.1.1/sub-INET038/ses-2/func/FD_outputs/sub-INET038_ses-2_task-rest_run-01_desc-tmask_fFD.txt,sub-INET038_ses-2_task-rest_run-01_desc-tmask_fFD.txt,264,0,0
sub-INET038,ses-2,task-rest,run-02,sub-INET038_ses-2_task-rest_run-02_bold.nii.gz,0,,,2.0,include,/gpfs/research/grattonlab/iNetworks/Nifti/derivatives/preproc_fmriprep-24.1.1/sub-INET038/ses-2/func/FD_outputs/sub-INET038_ses-2_task-rest_run-02_desc-tmask_fFD.txt,sub-INET038_ses-2_task-rest_run-02_desc-tmask_fFD.txt,255,0,0
sub-INET038,ses-2,task-rest,run-03,sub-INET038_ses-2_task-rest_run-03_bold.nii.gz,0,,,3.0,include,/gpfs/research/grattonlab/iNetworks/Nifti/derivatives/preproc_fmriprep-24.1.1/sub-INET038/ses-2/func/FD_outputs/sub-INET038_ses-2_task-rest_run-03_desc-tmask_fFD.txt,sub-INET038_ses-2_task-rest_run-03_desc-tmask_fFD.txt,198,0,0
sub-INET038,ses-2,task-rest,run-04,sub-INET038_ses-2_task-rest_run-04_bold.nii.gz,0,,,3.0,include,/gpfs/research/grattonlab/iNetworks/Nifti/derivatives/preproc_fmriprep-24.1.1/sub-INET038/ses-2/func/FD_outputs/sub-INET038_ses-2_task-rest_run-04_desc-tmask_fFD.txt,sub-INET038_ses-2_task-rest_run-04_desc-tmask_fFD.txt,215,0,0
sub-INET038,ses-2,task-rest,run-05,sub-INET038_ses-2_task-rest_run-05_bold.nii.gz,0,,,2.0,include,/gpfs/research/grattonlab/iNetworks/Nifti/derivatives/preproc_fmriprep-24.1.1/sub-INET038/ses-2/func/FD_outputs/sub-INET038_ses-2_task-rest_run-05_desc-tmask_fFD.txt,sub-INET038_ses-2_task-rest_run-05_desc-tmask_fFD.txt,245,0,0
sub-INET038,ses-2,task-rest,run-06,sub-INET038_ses-2_task-rest_run-06_bold.nii.gz,0,,,2.0,include,/gpfs/research/grattonlab/iNetworks/Nifti/derivatives/preproc_fmriprep-24.1.1/sub-INET038/ses-2/func/FD_outputs/sub-INET038_ses-2_task-rest_run-06_desc-tmask_fFD.txt,sub-INET038_ses-2_task-rest_run-06_desc-tmask_fFD.txt,255,0,0
sub-INET038,ses-2,task-rest,run-07,sub-INET038_ses-2_task-rest_run-07_bold.nii.gz,0,,,2.0,include,/gpfs/research/grattonlab/iNetworks/Nifti/derivatives/preproc_fmriprep-24.1.1/sub-INET038/ses-2/func/FD_outputs/sub-INET038_ses-2_task-rest_run-07_desc-tmask_fFD.txt,sub-INET038_ses-2_task-rest_run-07_desc-tmask_fFD.txt,199,0,0
sub-INET038,ses-3,task-rest,run-05,sub-INET038_ses-3_task-rest_run-05_bold.nii.gz,0,,,3.0,include,/gpfs/research/grattonlab/iNetworks/Nifti/derivatives/preproc_fmriprep-24.1.1/sub-INET038/ses-3/func/FD_outputs/sub-INET038_ses-3_task-rest_run-05_desc-tmask_fFD.txt,sub-INET038_ses-3_task-rest_run-05_desc-tmask_fFD.txt,202,0,0
sub-INET038,ses-3,task-rest,run-06,sub-INET038_ses-3_task-rest_run-06_bold.nii.gz,0,,,,include,/gpfs/research/grattonlab/iNetworks/Nifti/derivatives/preproc_fmriprep-24.1.1/sub-INET038/ses-3/func/FD_outputs/sub-INET038_ses-3_task-rest_run-06_desc-tmask_fFD.txt,sub-INET038_ses-3_task-rest_run-06_desc-tmask_fFD.txt,232,0,0
sub-INET038,ses-4,task-rest,run-02,sub-INET038_ses-4_task-rest_run-02_bold.nii.gz,0,,,3.0,include,/gpfs/research/grattonlab/iNetworks/Nifti/derivatives/preproc_fmriprep-24.1.1/sub-INET038/ses-4/func/FD_outputs/sub-INET038_ses-4_task-rest_run-02_desc-tmask_fFD.txt,sub-INET038_ses-4_task-rest_run-02_desc-tmask_fFD.txt,259,0,0
sub-INET038,ses-4,task-rest,run-06,sub-INET038_ses-4_task-rest_run-06_bold.nii.gz,0,,,3.0,include,/gpfs/research/grattonlab/iNetworks/Nifti/derivatives/preproc_fmriprep-24.1.1/sub-INET038/ses-4/func/FD_outputs/sub-INET038_ses-4_task-rest_run-06_desc-tmask_fFD.txt,sub-INET038_ses-4_task-rest_run-06_desc-tmask_fFD.txt,234,0,0
sub-INET038,ses-4,task-rest,run-07,sub-INET038_ses-4_task-rest_run-07_bold.nii.gz,0,,,3.0,include,/gpfs/research/grattonlab/iNetworks/Nifti/derivatives/preproc_fmriprep-24.1.1/sub-INET038/ses-4/func/FD_outputs/sub-INET038_ses-4_task-rest_run-07_desc-tmask_fFD.txt,sub-INET038_ses-4_task-rest_run-07_desc-tmask_fFD.txt,228,0,0
sub-INET038,ses-4,task-rest,run-08,sub-INET038_ses-4_task-rest_run-08_bold.nii.gz,0,,,3.0,include,/gpfs/research/grattonlab/iNetworks/Nifti/derivatives/preproc_fmriprep-24.1.1/sub-INET038/ses-4/func/FD_outputs/sub-INET038_ses-4_task-rest_run-08_desc-tmask_fFD.txt,sub-INET038_ses-4_task-rest_run-08_desc-tmask_fFD.txt,219,0,0
sub-INET039,ses-1,task-rest,run-01,sub-INET039_ses-1_task-rest_run-01_bold.nii.gz,0,,,,include,/gpfs/research/grattonlab/iNetworks/Nifti/derivatives/preproc_fmriprep-24.1.1/sub-INET039/ses-1/func/FD_outputs/sub-INET039_ses-1_task-rest_run-01_desc-tmask_fFD.txt,sub-INET039_ses-1_task-rest_run-01_desc-tmask_fFD.txt,258,0,0
sub-INET039,ses-1,task-rest,run-02,sub-INET039_ses-1_task-rest_run-02_bold.nii.gz,0,,,,include,/gpfs/research/grattonlab/iNetworks/Nifti/derivatives/preproc_fmriprep-24.1.1/sub-INET039/ses-1/func/FD_outputs/sub-INET039_ses-1_task-rest_run-02_desc-tmask_fFD.txt,sub-INET039_ses-1_task-rest_run-02_desc-tmask_fFD.txt,257,0,0
sub-INET039,ses-1,task-rest,run-03,sub-INET039_ses-1_task-rest_run-03_bold.nii.gz,0,,,,include,/gpfs/research/grattonlab/iNetworks/Nifti/derivatives/preproc_fmriprep-24.1.1/sub-INET039/ses-1/func/FD_outputs/sub-INET039_ses-1_task-rest_run-03_desc-tmask_fFD.txt,sub-INET039_ses-1_task-rest_run-03_desc-tmask_fFD.txt,260,0,0
sub-INET039,ses-1,task-rest,run-04,sub-INET039_ses-1_task-rest_run-04_bold.nii.gz,0,,,,include,/gpfs/research/grattonlab/iNetworks/Nifti/derivatives/preproc_fmriprep-24.1.1/sub-INET039/ses-1/func/FD_outputs/sub-INET039_ses-1_task-rest_run-04_desc-tmask_fFD.txt,sub-INET039_ses-1_task-rest_run-04_desc-tmask_fFD.txt,254,0,0
sub-INET039,ses-1,task-rest,run-05,sub-INET039_ses-1_task-rest_run-05_bold.nii.gz,0,,,,include,/gpfs/research/grattonlab/iNetworks/Nifti/derivatives/preproc_fmriprep-24.1.1/sub-INET039/ses-1/func/FD_outputs/sub-INET039_ses-1_task-rest_run-05_desc-tmask_fFD.txt,sub-INET039_ses-1_task-rest_run-05_desc-tmask_fFD.txt,252,0,0
sub-INET039,ses-1,task-rest,run-06,sub-INET039_ses-1_task-rest_run-06_bold.nii.gz,0,,,,include,/gpfs/research/grattonlab/iNetworks/Nifti/derivatives/preproc_fmriprep-24.1.1/sub-INET039/ses-1/func/FD_outputs/sub-INET039_ses-1_task-rest_run-06_desc-tmask_fFD.txt,sub-INET039_ses-1_task-rest_run-06_desc-tmask_fFD.txt,216,0,0
sub-INET039,ses-1,task-rest,run-07,sub-INET039_ses-1_task-rest_run-07_bold.nii.gz,0,,,,include,/gpfs/research/grattonlab/iNetworks/Nifti/derivatives/preproc_fmriprep-24.1.1/sub-INET039/ses-1/func/FD_outputs/sub-INET039_ses-1_task-rest_run-07_desc-tmask_fFD.txt,sub-INET039_ses-1_task-rest_run-07_desc-tmask_fFD.txt,226,0,0
sub-INET039,ses-1,task-rest,run-08,sub-INET039_ses-1_task-rest_run-08_bold.nii.gz,0,,,,include,/gpfs/research/grattonlab/iNetworks/Nifti/derivatives/preproc_fmriprep-24.1.1/sub-INET039/ses-1/func/FD_outputs/sub-INET039_ses-1_task-rest_run-08_desc-tmask_fFD.txt,sub-INET039_ses-1_task-rest_run-08_desc-tmask_fFD.txt,216,0,0
sub-INET039,ses-2,task-rest,run-01,sub-INET039_ses-2_task-rest_run-01_bold.nii.gz,0,,,1.0,include,/gpfs/research/grattonlab/iNetworks/Nifti/derivatives/preproc_fmriprep-24.1.1/sub-INET039/ses-2/func/FD_outputs/sub-INET039_ses-2_task-rest_run-01_desc-tmask_fFD.txt,sub-INET039_ses-2_task-rest_run-01_desc-tmask_fFD.txt,262,0,0
sub-INET039,ses-2,task-rest,run-02,sub-INET039_ses-2_task-rest_run-02_bold.nii.gz,0,,,1.0,include,/gpfs/research/grattonlab/iNetworks/Nifti/derivatives/preproc_fmriprep-24.1.1/sub-INET039/ses-2/func/FD_outputs/sub-INET039_ses-2_task-rest_run-02_desc-tmask_fFD.txt,sub-INET039_ses-2_task-rest_run-02_desc-tmask_fFD.txt,264,0,0
sub-INET039,ses-2,task-rest,run-03,sub-INET039_ses-2_task-rest_run-03_bold.nii.gz,0,,,1.5,include,/gpfs/research/grattonlab/iNetworks/Nifti/derivatives/preproc_fmriprep-24.1.1/sub-INET039/ses-2/func/FD_outputs/sub-INET039_ses-2_task-rest_run-03_desc-tmask_fFD.txt,sub-INET039_ses-2_task-rest_run-03_desc-tmask_fFD.txt,220,0,0
sub-INET039,ses-2,task-rest,run-04,sub-INET039_ses-2_task-rest_run-04_bold.nii.gz,0,,,1.0,include,/gpfs/research/grattonlab/iNetworks/Nifti/derivatives/preproc_fmriprep-24.1.1/sub-INET039/ses-2/func/FD_outputs/sub-INET039_ses-2_task-rest_run-04_desc-tmask_fFD.txt,sub-INET039_ses-2_task-rest_run-04_desc-tmask_fFD.txt,263,0,0
sub-INET039,ses-2,task-rest,run-05,sub-INET039_ses-2_task-rest_run-05_bold.nii.gz,0,,,2.0,include,/gpfs/research/grattonlab/iNetworks/Nifti/derivatives/preproc_fmriprep-24.1.1/sub-INET039/ses-2/func/FD_outputs/sub-INET039_ses-2_task-rest_run-05_desc-tmask_fFD.txt,sub-INET039_ses-2_task-rest_run-05_desc-tmask_fFD.txt,258,0,0
sub-INET039,ses-2,task-rest,run-06,sub-INET039_ses-2_task-rest_run-06_bold.nii.gz,0,,,1.0,include,/gpfs/research/grattonlab/iNetworks/Nifti/derivatives/preproc_fmriprep-24.1.1/sub-INET039/ses-2/func/FD_outputs/sub-INET039_ses-2_task-rest_run-06_desc-tmask_fFD.txt,sub-INET039_ses-2_task-rest_run-06_desc-tmask_fFD.txt,248,0,0
sub-INET039,ses-2,task-rest,run-07,sub-INET039_ses-2_task-rest_run-07_bold.nii.gz,0,,,1.0,include,/gpfs/research/grattonlab/iNetworks/Nifti/derivatives/preproc_fmriprep-24.1.1/sub-INET039/ses-2/func/FD_outputs/sub-INET039_ses-2_task-rest_run-07_desc-tmask_fFD.txt,sub-INET039_ses-2_task-rest_run-07_desc-tmask_fFD.txt,254,0,0
sub-INET039,ses-2,task-rest,run-08,sub-INET039_ses-2_task-rest_run-08_bold.nii.gz,0,,,1.0,include,/gpfs/research/grattonlab/iNetworks/Nifti/derivatives/preproc_fmriprep-24.1.1/sub-INET039/ses-2/func/FD_outputs/sub-INET039_ses-2_task-rest_run-08_desc-tmask_fFD.txt,sub-INET039_ses-2_task-rest_run-08_desc-tmask_fFD.txt,260,0,0
sub-INET039,ses-3,task-rest,run-01,sub-INET039_ses-3_task-rest_run-01_bold.nii.gz,0,,,1.0,include,/gpfs/research/grattonlab/iNetworks/Nifti/derivatives/preproc_fmriprep-24.1.1/sub-INET039/ses-3/func/FD_outputs/sub-INET039_ses-3_task-rest_run-01_desc-tmask_fFD.txt,sub-INET039_ses-3_task-rest_run-01_desc-tmask_fFD.txt,256,0,0
sub-INET039,ses-3,task-rest,run-02,sub-INET039_ses-3_task-rest_run-02_bold.nii.gz,0,,,1.0,include,/gpfs/research/grattonlab/iNetworks/Nifti/derivatives/preproc_fmriprep-24.1.1/sub-INET039/ses-3/func/FD_outputs/sub-INET039_ses-3_task-rest_run-02_desc-tmask_fFD.txt,sub-INET039_ses-3_task-rest_run-02_desc-tmask_fFD.txt,262,0,0
sub-INET039,ses-3,task-rest,run-03,sub-INET039_ses-3_task-rest_run-03_bold.nii.gz,0,,,2.0,include,/gpfs/research/grattonlab/iNetworks/Nifti/derivatives/preproc_fmriprep-24.1.1/sub-INET039/ses-3/func/FD_outputs/sub-INET039_ses-3_task-rest_run-03_desc-tmask_fFD.txt,sub-INET039_ses-3_task-rest_run-03_desc-tmask_fFD.txt,195,0,0
sub-INET039,ses-3,task-rest,run-04,sub-INET039_ses-3_task-rest_run-04_bold.nii.gz,0,,,1.0,include,/gpfs/research/grattonlab/iNetworks/Nifti/derivatives/preproc_fmriprep-24.1.1/sub-INET039/ses-3/func/FD_outputs/sub-INET039_ses-3_task-rest_run-04_desc-tmask_fFD.txt,sub-INET039_ses-3_task-rest_run-04_desc-tmask_fFD.txt,246,0,0
sub-INET039,ses-3,task-rest,run-05,sub-INET039_ses-3_task-rest_run-05_bold.nii.gz,0,,,2.0,include,/gpfs/research/grattonlab/iNetworks/Nifti/derivatives/preproc_fmriprep-24.1.1/sub-INET039/ses-3/func/FD_outputs/sub-INET039_ses-3_task-rest_run-05_desc-tmask_fFD.txt,sub-INET039_ses-3_task-rest_run-05_desc-tmask_fFD.txt,224,0,0
sub-INET039,ses-3,task-rest,run-06,sub-INET039_ses-3_task-rest_run-06_bold.nii.gz,0,,,1.0,include,/gpfs/research/grattonlab/iNetworks/Nifti/derivatives/preproc_fmriprep-24.1.1/sub-INET039/ses-3/func/FD_outputs/sub-INET039_ses-3_task-rest_run-06_desc-tmask_fFD.txt,sub-INET039_ses-3_task-rest_run-06_desc-tmask_fFD.txt,216,0,0
sub-INET039,ses-3,task-rest,run-07,sub-INET039_ses-3_task-rest_run-07_bold.nii.gz,0,,,1.0,include,/gpfs/research/grattonlab/iNetworks/Nifti/derivatives/preproc_fmriprep-24.1.1/sub-INET039/ses-3/func/FD_outputs/sub-INET039_ses-3_task-rest_run-07_desc-tmask_fFD.txt,sub-INET039_ses-3_task-rest_run-07_desc-tmask_fFD.txt,239,0,0
sub-INET039,ses-3,task-rest,run-08,sub-INET039_ses-3_task-rest_run-08_bold.nii.gz,0,,,1.0,include,/gpfs/research/grattonlab/iNetworks/Nifti/derivatives/preproc_fmriprep-24.1.1/sub-INET039/ses-3/func/FD_outputs/sub-INET039_ses-3_task-rest_run-08_desc-tmask_fFD.txt,sub-INET039_ses-3_task-rest_run-08_desc-tmask_fFD.txt,230,0,0
sub-INET039,ses-3,task-rest,run-09,sub-INET039_ses-3_task-rest_run-09_bold.nii.gz,0,,,,include,/gpfs/research/grattonlab/iNetworks/Nifti/derivatives/preproc_fmriprep-24.1.1/sub-INET039/ses-3/func/FD_outputs/sub-INET039_ses-3_task-rest_run-09_desc-tmask_fFD.txt,sub-INET039_ses-3_task-rest_run-09_desc-tmask_fFD.txt,246,0,0
sub-INET039,ses-4,task-rest,run-01,sub-INET039_ses-4_task-rest_run-01_bold.nii.gz,0,,,1.0,include,/gpfs/research/grattonlab/iNetworks/Nifti/derivatives/preproc_fmriprep-24.1.1/sub-INET039/ses-4/func/FD_outputs/sub-INET039_ses-4_task-rest_run-01_desc-tmask_fFD.txt,sub-INET039_ses-4_task-rest_run-01_desc-tmask_fFD.txt,259,0,0
sub-INET039,ses-4,task-rest,run-02,sub-INET039_ses-4_task-rest_run-02_bold.nii.gz,0,,,1.0,include,/gpfs/research/grattonlab/iNetworks/Nifti/derivatives/preproc_fmriprep-24.1.1/sub-INET039/ses-4/func/FD_outputs/sub-INET039_ses-4_task-rest_run-02_desc-tmask_fFD.txt,sub-INET039_ses-4_task-rest_run-02_desc-tmask_fFD.txt,255,0,0
sub-INET039,ses-4,task-rest,run-03,sub-INET039_ses-4_task-rest_run-03_bold.nii.gz,0,,,1.0,include,/gpfs/research/grattonlab/iNetworks/Nifti/derivatives/preproc_fmriprep-24.1.1/sub-INET039/ses-4/func/FD_outputs/sub-INET039_ses-4_task-rest_run-03_desc-tmask_fFD.txt,sub-INET039_ses-4_task-rest_run-03_desc-tmask_fFD.txt,206,0,0
sub-INET039,ses-4,task-rest,run-04,sub-INET039_ses-4_task-rest_run-04_bold.nii.gz,0,,,2.0,include,/gpfs/research/grattonlab/iNetworks/Nifti/derivatives/preproc_fmriprep-24.1.1/sub-INET039/ses-4/func/FD_outputs/sub-INET039_ses-4_task-rest_run-04_desc-tmask_fFD.txt,sub-INET039_ses-4_task-rest_run-04_desc-tmask_fFD.txt,212,0,0
sub-INET039,ses-4,task-rest,run-05,sub-INET039_ses-4_task-rest_run-05_bold.nii.gz,0,,,2.0,include,/gpfs/research/grattonlab/iNetworks/Nifti/derivatives/preproc_fmriprep-24.1.1/sub-INET039/ses-4/func/FD_outputs/sub-INET039_ses-4_task-rest_run-05_desc-tmask_fFD.txt,sub-INET039_ses-4_task-rest_run-05_desc-tmask_fFD.txt,200,0,0
sub-INET039,ses-4,task-rest,run-06,sub-INET039_ses-4_task-rest_run-06_bold.nii.gz,0,,,2.0,include,/gpfs/research/grattonlab/iNetworks/Nifti/derivatives/preproc_fmriprep-24.1.1/sub-INET039/ses-4/func/FD_outputs/sub-INET039_ses-4_task-rest_run-06_desc-tmask_fFD.txt,sub-INET039_ses-4_task-rest_run-06_desc-tmask_fFD.txt,229,0,0
sub-INET039,ses-4,task-rest,run-07,sub-INET039_ses-4_task-rest_run-07_bold.nii.gz,0,,,1.0,include,/gpfs/research/grattonlab/iNetworks/Nifti/derivatives/preproc_fmriprep-24.1.1/sub-INET039/ses-4/func/FD_outputs/sub-INET039_ses-4_task-rest_run-07_desc-tmask_fFD.txt,sub-INET039_ses-4_task-rest_run-07_desc-tmask_fFD.txt,233,0,0
sub-INET039,ses-4,task-rest,run-08,sub-INET039_ses-4_task-rest_run-08_bold.nii.gz,0,,,1.0,include,/gpfs/research/grattonlab/iNetworks/Nifti/derivatives/preproc_fmriprep-24.1.1/sub-INET039/ses-4/func/FD_outputs/sub-INET039_ses-4_task-rest_run-08_desc-tmask_fFD.txt,sub-INET039_ses-4_task-rest_run-08_desc-tmask_fFD.txt,242,0,0
sub-INET039,ses-4,task-rest,run-09,sub-INET039_ses-4_task-rest_run-09_bold.nii.gz,0,,,,include,/gpfs/research/grattonlab/iNetworks/Nifti/derivatives/preproc_fmriprep-24.1.1/sub-INET039/ses-4/func/FD_outputs/sub-INET039_ses-4_task-rest_run-09_desc-tmask_fFD.txt,sub-INET039_ses-4_task-rest_run-09_desc-tmask_fFD.txt,254,0,0
sub-INET040,ses-1,task-rest,run-01,sub-INET040_ses-1_task-rest_run-01_bold.nii.gz,0,,,2.0,include,/gpfs/research/grattonlab/iNetworks/Nifti/derivatives/preproc_fmriprep-24.1.1/sub-INET040/ses-1/func/FD_outputs/sub-INET040_ses-1_task-rest_run-01_desc-tmask_fFD.txt,sub-INET040_ses-1_task-rest_run-01_desc-tmask_fFD.txt,265,0,0
sub-INET040,ses-1,task-rest,run-05,sub-INET040_ses-1_task-rest_run-05_bold.nii.gz,0,,,3.0,include,/gpfs/research/grattonlab/iNetworks/Nifti/derivatives/preproc_fmriprep-24.1.1/sub-INET040/ses-1/func/FD_outputs/sub-INET040_ses-1_task-rest_run-05_desc-tmask_fFD.txt,sub-INET040_ses-1_task-rest_run-05_desc-tmask_fFD.txt,265,0,0
sub-INET040,ses-1,task-rest,run-06,sub-INET040_ses-1_task-rest_run-06_bold.nii.gz,0,,,3.0,include,/gpfs/research/grattonlab/iNetworks/Nifti/derivatives/preproc_fmriprep-24.1.1/sub-INET040/ses-1/func/FD_outputs/sub-INET040_ses-1_task-rest_run-06_desc-tmask_fFD.txt,sub-INET040_ses-1_task-rest_run-06_desc-tmask_fFD.txt,265,0,0
sub-INET040,ses-2,task-rest,run-01,sub-INET040_ses-2_task-rest_run-01_bold.nii.gz,0,,,1.0,include,/gpfs/research/grattonlab/iNetworks/Nifti/derivatives/preproc_fmriprep-24.1.1/sub-INET040/ses-2/func/FD_outputs/sub-INET040_ses-2_task-rest_run-01_desc-tmask_fFD.txt,sub-INET040_ses-2_task-rest_run-01_desc-tmask_fFD.txt,263,0,0
sub-INET040,ses-2,task-rest,run-02,sub-INET040_ses-2_task-rest_run-02_bold.nii.gz,0,,,1.0,include,/gpfs/research/grattonlab/iNetworks/Nifti/derivatives/preproc_fmriprep-24.1.1/sub-INET040/ses-2/func/FD_outputs/sub-INET040_ses-2_task-rest_run-02_desc-tmask_fFD.txt,sub-INET040_ses-2_task-rest_run-02_desc-tmask_fFD.txt,263,0,0
sub-INET040,ses-2,task-rest,run-03,sub-INET040_ses-2_task-rest_run-03_bold.nii.gz,0,,,1.0,include,/gpfs/research/grattonlab/iNetworks/Nifti/derivatives/preproc_fmriprep-24.1.1/sub-INET040/ses-2/func/FD_outputs/sub-INET040_ses-2_task-rest_run-03_desc-tmask_fFD.txt,sub-INET040_ses-2_task-rest_run-03_desc-tmask_fFD.txt,263,0,0
sub-INET040,ses-2,task-rest,run-04,sub-INET040_ses-2_task-rest_run-04_bold.nii.gz,0,,,1.0,include,/gpfs/research/grattonlab/iNetworks/Nifti/derivatives/preproc_fmriprep-24.1.1/sub-INET040/ses-2/func/FD_outputs/sub-INET040_ses-2_task-rest_run-04_desc-tmask_fFD.txt,sub-INET040_ses-2_task-rest_run-04_desc-tmask_fFD.txt,265,0,0
sub-INET040,ses-2,task-rest,run-05,sub-INET040_ses-2_task-rest_run-05_bold.nii.gz,0,,,1.0,include,/gpfs/research/grattonlab/iNetworks/Nifti/derivatives/preproc_fmriprep-24.1.1/sub-INET040/ses-2/func/FD_outputs/sub-INET040_ses-2_task-rest_run-05_desc-tmask_fFD.txt,sub-INET040_ses-2_task-rest_run-05_desc-tmask_fFD.txt,264,0,0
sub-INET040,ses-2,task-rest,run-06,sub-INET040_ses-2_task-rest_run-06_bold.nii.gz,0,,,1.0,include,/gpfs/research/grattonlab/iNetworks/Nifti/derivatives/preproc_fmriprep-24.1.1/sub-INET040/ses-2/func/FD_outputs/sub-INET040_ses-2_task-rest_run-06_desc-tmask_fFD.txt,sub-INET040_ses-2_task-rest_run-06_desc-tmask_fFD.txt,265,0,0
sub-INET040,ses-2,task-rest,run-07,sub-INET040_ses-2_task-rest_run-07_bold.nii.gz,0,,,2.0,include,/gpfs/research/grattonlab/iNetworks/Nifti/derivatives/preproc_fmriprep-24.1.1/sub-INET040/ses-2/func/FD_outputs/sub-INET040_ses-2_task-rest_run-07_desc-tmask_fFD.txt,sub-INET040_ses-2_task-rest_run-07_desc-tmask_fFD.txt,258,0,0
sub-INET040,ses-3,task-rest,run-01,sub-INET040_ses-3_task-rest_run-01_bold.nii.gz,0,,,1.0,include,/gpfs/research/grattonlab/iNetworks/Nifti/derivatives/preproc_fmriprep-24.1.1/sub-INET040/ses-3/func/FD_outputs/sub-INET040_ses-3_task-rest_run-01_desc-tmask_fFD.txt,sub-INET040_ses-3_task-rest_run-01_desc-tmask_fFD.txt,265,0,0
sub-INET040,ses-3,task-rest,run-02,sub-INET040_ses-3_task-rest_run-02_bold.nii.gz,0,,,1.0,include,/gpfs/research/grattonlab/iNetworks/Nifti/derivatives/preproc_fmriprep-24.1.1/sub-INET040/ses-3/func/FD_outputs/sub-INET040_ses-3_task-rest_run-02_desc-tmask_fFD.txt,sub-INET040_ses-3_task-rest_run-02_desc-tmask_fFD.txt,264,0,0
sub-INET040,ses-3,task-rest,run-03,sub-INET040_ses-3_task-rest_run-03_bold.nii.gz,0,,,1.0,include,/gpfs/research/grattonlab/iNetworks/Nifti/derivatives/preproc_fmriprep-24.1.1/sub-INET040/ses-3/func/FD_outputs/sub-INET040_ses-3_task-rest_run-03_desc-tmask_fFD.txt,sub-INET040_ses-3_task-rest_run-03_desc-tmask_fFD.txt,264,0,0
sub-INET040,ses-3,task-rest,run-04,sub-INET040_ses-3_task-rest_run-04_bold.nii.gz,0,,,1.0,include,/gpfs/research/grattonlab/iNetworks/Nifti/derivatives/preproc_fmriprep-24.1.1/sub-INET040/ses-3/func/FD_outputs/sub-INET040_ses-3_task-rest_run-04_desc-tmask_fFD.txt,sub-INET040_ses-3_task-rest_run-04_desc-tmask_fFD.txt,264,0,0
sub-INET040,ses-3,task-rest,run-05,sub-INET040_ses-3_task-rest_run-05_bold.nii.gz,0,,,3.0,include,/gpfs/research/grattonlab/iNetworks/Nifti/derivatives/preproc_fmriprep-24.1.1/sub-INET040/ses-3/func/FD_outputs/sub-INET040_ses-3_task-rest_run-05_desc-tmask_fFD.txt,sub-INET040_ses-3_task-rest_run-05_desc-tmask_fFD.txt,265,0,0
sub-INET040,ses-3,task-rest,run-06,sub-INET040_ses-3_task-rest_run-06_bold.nii.gz,0,,,2.0,include,/gpfs/research/grattonlab/iNetworks/Nifti/derivatives/preproc_fmriprep-24.1.1/sub-INET040/ses-3/func/FD_outputs/sub-INET040_ses-3_task-rest_run-06_desc-tmask_fFD.txt,sub-INET040_ses-3_task-rest_run-06_desc-tmask_fFD.txt,265,0,0
sub-INET040,ses-3,task-rest,run-07,sub-INET040_ses-3_task-rest_run-07_bold.nii.gz,0,,,2.0,include,/gpfs/research/grattonlab/iNetworks/Nifti/derivatives/preproc_fmriprep-24.1.1/sub-INET040/ses-3/func/FD_outputs/sub-INET040_ses-3_task-rest_run-07_desc-tmask_fFD.txt,sub-INET040_ses-3_task-rest_run-07_desc-tmask_fFD.txt,265,0,0
sub-INET040,ses-3,task-rest,run-08,sub-INET040_ses-3_task-rest_run-08_bold.nii.gz,0,,,,include,/gpfs/research/grattonlab/iNetworks/Nifti/derivatives/preproc_fmriprep-24.1.1/sub-INET040/ses-3/func/FD_outputs/sub-INET040_ses-3_task-rest_run-08_desc-tmask_fFD.txt,sub-INET040_ses-3_task-rest_run-08_desc-tmask_fFD.txt,264,0,0
sub-INET040,ses-4,task-rest,run-01,sub-INET040_ses-4_task-rest_run-01_bold.nii.gz,0,,,1.0,include,/gpfs/research/grattonlab/iNetworks/Nifti/derivatives/preproc_fmriprep-24.1.1/sub-INET040/ses-4/func/FD_outputs/sub-INET040_ses-4_task-rest_run-01_desc-tmask_fFD.txt,sub-INET040_ses-4_task-rest_run-01_desc-tmask_fFD.txt,265,0,0
sub-INET040,ses-4,task-rest,run-02,sub-INET040_ses-4_task-rest_run-02_bold.nii.gz,0,,,1.0,include,/gpfs/research/grattonlab/iNetworks/Nifti/derivatives/preproc_fmriprep-24.1.1/sub-INET040/ses-4/func/FD_outputs/sub-INET040_ses-4_task-rest_run-02_desc-tmask_fFD.txt,sub-INET040_ses-4_task-rest_run-02_desc-tmask_fFD.txt,264,0,0
sub-INET040,ses-4,task-rest,run-03,sub-INET040_ses-4_task-rest_run-03_bold.nii.gz,0,,,2.0,include,/gpfs/research/grattonlab/iNetworks/Nifti/derivatives/preproc_fmriprep-24.1.1/sub-INET040/ses-4/func/FD_outputs/sub-INET040_ses-4_task-rest_run-03_desc-tmask_fFD.txt,sub-INET040_ses-4_task-rest_run-03_desc-tmask_fFD.txt,265,0,0
sub-INET040,ses-4,task-rest,run-04,sub-INET040_ses-4_task-rest_run-04_bold.nii.gz,0,,,2.0,include,/gpfs/research/grattonlab/iNetworks/Nifti/derivatives/preproc_fmriprep-24.1.1/sub-INET040/ses-4/func/FD_outputs/sub-INET040_ses-4_task-rest_run-04_desc-tmask_fFD.txt,sub-INET040_ses-4_task-rest_run-04_desc-tmask_fFD.txt,264,0,0
sub-INET040,ses-4,task-rest,run-05,sub-INET040_ses-4_task-rest_run-05_bold.nii.gz,0,,,2.0,include,/gpfs/research/grattonlab/iNetworks/Nifti/derivatives/preproc_fmriprep-24.1.1/sub-INET040/ses-4/func/FD_outputs/sub-INET040_ses-4_task-rest_run-05_desc-tmask_fFD.txt,sub-INET040_ses-4_task-rest_run-05_desc-tmask_fFD.txt,264,0,0
sub-INET040,ses-4,task-rest,run-06,sub-INET040_ses-4_task-rest_run-06_bold.nii.gz,0,,,2.0,include,/gpfs/research/grattonlab/iNetworks/Nifti/derivatives/preproc_fmriprep-24.1.1/sub-INET040/ses-4/func/FD_outputs/sub-INET040_ses-4_task-rest_run-06_desc-tmask_fFD.txt,sub-INET040_ses-4_task-rest_run-06_desc-tmask_fFD.txt,264,0,0
sub-INET040,ses-4,task-rest,run-07,sub-INET040_ses-4_task-rest_run-07_bold.nii.gz,0,,,2.0,include,/gpfs/research/grattonlab/iNetworks/Nifti/derivatives/preproc_fmriprep-24.1.1/sub-INET040/ses-4/func/FD_outputs/sub-INET040_ses-4_task-rest_run-07_desc-tmask_fFD.txt,sub-INET040_ses-4_task-rest_run-07_desc-tmask_fFD.txt,265,0,0
sub-INET040,ses-4,task-rest,run-08,sub-INET040_ses-4_task-rest_run-08_bold.nii.gz,0,,,2.0,include,/gpfs/research/grattonlab/iNetworks/Nifti/derivatives/preproc_fmriprep-24.1.1/sub-INET040/ses-4/func/FD_outputs/sub-INET040_ses-4_task-rest_run-08_desc-tmask_fFD.txt,sub-INET040_ses-4_task-rest_run-08_desc-tmask_fFD.txt,265,0,0
sub-INET040,ses-4,task-rest,run-09,sub-INET040_ses-4_task-rest_run-09_bold.nii.gz,0,,,2.0,include,/gpfs/research/grattonlab/iNetworks/Nifti/derivatives/preproc_fmriprep-24.1.1/sub-INET040/ses-4/func/FD_outputs/sub-INET040_ses-4_task-rest_run-09_desc-tmask_fFD.txt,sub-INET040_ses-4_task-rest_run-09_desc-tmask_fFD.txt,265,0,0
sub-INET041,ses-4,task-rest,run-01,sub-INET041_ses-4_task-rest_run-01_bold.nii.gz,0,,,3.0,include,/gpfs/research/grattonlab/iNetworks/Nifti/derivatives/preproc_fmriprep-24.1.1/sub-INET041/ses-4/func/FD_outputs/sub-INET041_ses-4_task-rest_run-01_desc-tmask_fFD.txt,sub-INET041_ses-4_task-rest_run-01_desc-tmask_fFD.txt,265,0,0
sub-INET041,ses-4,task-rest,run-03,sub-INET041_ses-4_task-rest_run-03_bold.nii.gz,0,,,3.0,include,/gpfs/research/grattonlab/iNetworks/Nifti/derivatives/preproc_fmriprep-24.1.1/sub-INET041/ses-4/func/FD_outputs/sub-INET041_ses-4_task-rest_run-03_desc-tmask_fFD.txt,sub-INET041_ses-4_task-rest_run-03_desc-tmask_fFD.txt,265,0,0
sub-INET041,ses-4,task-rest,run-08,sub-INET041_ses-4_task-rest_run-08_bold.nii.gz,0,,,,include,/gpfs/research/grattonlab/iNetworks/Nifti/derivatives/preproc_fmriprep-24.1.1/sub-INET041/ses-4/func/FD_outputs/sub-INET041_ses-4_task-rest_run-08_desc-tmask_fFD.txt,sub-INET041_ses-4_task-rest_run-08_desc-tmask_fFD.txt,264,0,0
sub-INET042,ses-1,task-rest,run-01,sub-INET042_ses-1_task-rest_run-01_bold.nii.gz,0,,,1.0,include,/gpfs/research/grattonlab/iNetworks/Nifti/derivatives/preproc_fmriprep-24.1.1/sub-INET042/ses-1/func/FD_outputs/sub-INET042_ses-1_task-rest_run-01_desc-tmask_fFD.txt,sub-INET042_ses-1_task-rest_run-01_desc-tmask_fFD.txt,264,0,0
sub-INET042,ses-1,task-rest,run-02,sub-INET042_ses-1_task-rest_run-02_bold.nii.gz,0,,,1.0,include,/gpfs/research/grattonlab/iNetworks/Nifti/derivatives/preproc_fmriprep-24.1.1/sub-INET042/ses-1/func/FD_outputs/sub-INET042_ses-1_task-rest_run-02_desc-tmask_fFD.txt,sub-INET042_ses-1_task-rest_run-02_desc-tmask_fFD.txt,261,0,0
sub-INET042,ses-1,task-rest,run-03,sub-INET042_ses-1_task-rest_run-03_bold.nii.gz,0,,,3.0,include,/gpfs/research/grattonlab/iNetworks/Nifti/derivatives/preproc_fmriprep-24.1.1/sub-INET042/ses-1/func/FD_outputs/sub-INET042_ses-1_task-rest_run-03_desc-tmask_fFD.txt,sub-INET042_ses-1_task-rest_run-03_desc-tmask_fFD.txt,250,0,0
sub-INET042,ses-1,task-rest,run-04,sub-INET042_ses-1_task-rest_run-04_bold.nii.gz,0,,,2.0,include,/gpfs/research/grattonlab/iNetworks/Nifti/derivatives/preproc_fmriprep-24.1.1/sub-INET042/ses-1/func/FD_outputs/sub-INET042_ses-1_task-rest_run-04_desc-tmask_fFD.txt,sub-INET042_ses-1_task-rest_run-04_desc-tmask_fFD.txt,241,0,0
sub-INET042,ses-1,task-rest,run-07,sub-INET042_ses-1_task-rest_run-07_bold.nii.gz,0,,,3.0,include,/gpfs/research/grattonlab/iNetworks/Nifti/derivatives/preproc_fmriprep-24.1.1/sub-INET042/ses-1/func/FD_outputs/sub-INET042_ses-1_task-rest_run-07_desc-tmask_fFD.txt,sub-INET042_ses-1_task-rest_run-07_desc-tmask_fFD.txt,259,0,0
sub-INET042,ses-2,task-rest,run-01,sub-INET042_ses-2_task-rest_run-01_bold.nii.gz,0,,,2.0,include,/gpfs/research/grattonlab/iNetworks/Nifti/derivatives/preproc_fmriprep-24.1.1/sub-INET042/ses-2/func/FD_outputs/sub-INET042_ses-2_task-rest_run-01_desc-tmask_fFD.txt,sub-INET042_ses-2_task-rest_run-01_desc-tmask_fFD.txt,264,0,0
sub-INET042,ses-2,task-rest,run-02,sub-INET042_ses-2_task-rest_run-02_bold.nii.gz,0,,,3.0,include,/gpfs/research/grattonlab/iNetworks/Nifti/derivatives/preproc_fmriprep-24.1.1/sub-INET042/ses-2/func/FD_outputs/sub-INET042_ses-2_task-rest_run-02_desc-tmask_fFD.txt,sub-INET042_ses-2_task-rest_run-02_desc-tmask_fFD.txt,262,0,0
sub-INET042,ses-2,task-rest,run-03,sub-INET042_ses-2_task-rest_run-03_bold.nii.gz,0,,,3.0,include,/gpfs/research/grattonlab/iNetworks/Nifti/derivatives/preproc_fmriprep-24.1.1/sub-INET042/ses-2/func/FD_outputs/sub-INET042_ses-2_task-rest_run-03_desc-tmask_fFD.txt,sub-INET042_ses-2_task-rest_run-03_desc-tmask_fFD.txt,263,0,0
sub-INET042,ses-2,task-rest,run-06,sub-INET042_ses-2_task-rest_run-06_bold.nii.gz,0,,,,include,/gpfs/research/grattonlab/iNetworks/Nifti/derivatives/preproc_fmriprep-24.1.1/sub-INET042/ses-2/func/FD_outputs/sub-INET042_ses-2_task-rest_run-06_desc-tmask_fFD.txt,sub-INET042_ses-2_task-rest_run-06_desc-tmask_fFD.txt,137,0,0
sub-INET042,ses-3,task-rest,run-01,sub-INET042_ses-3_task-rest_run-01_bold.nii.gz,0,,,3.0,include,/gpfs/research/grattonlab/iNetworks/Nifti/derivatives/preproc_fmriprep-24.1.1/sub-INET042/ses-3/func/FD_outputs/sub-INET042_ses-3_task-rest_run-01_desc-tmask_fFD.txt,sub-INET042_ses-3_task-rest_run-01_desc-tmask_fFD.txt,261,0,0
sub-INET042,ses-3,task-rest,run-02,sub-INET042_ses-3_task-rest_run-02_bold.nii.gz,0,,,2.0,include,/gpfs/research/grattonlab/iNetworks/Nifti/derivatives/preproc_fmriprep-24.1.1/sub-INET042/ses-3/func/FD_outputs/sub-INET042_ses-3_task-rest_run-02_desc-tmask_fFD.txt,sub-INET042_ses-3_task-rest_run-02_desc-tmask_fFD.txt,263,0,0
sub-INET042,ses-3,task-rest,run-03,sub-INET042_ses-3_task-rest_run-03_bold.nii.gz,0,,,3.0,include,/gpfs/research/grattonlab/iNetworks/Nifti/derivatives/preproc_fmriprep-24.1.1/sub-INET042/ses-3/func/FD_outputs/sub-INET042_ses-3_task-rest_run-03_desc-tmask_fFD.txt,sub-INET042_ses-3_task-rest_run-03_desc-tmask_fFD.txt,250,0,0
sub-INET042,ses-3,task-rest,run-04,sub-INET042_ses-3_task-rest_run-04_bold.nii.gz,0,,,3.0,include,/gpfs/research/grattonlab/iNetworks/Nifti/derivatives/preproc_fmriprep-24.1.1/sub-INET042/ses-3/func/FD_outputs/sub-INET042_ses-3_task-rest_run-04_desc-tmask_fFD.txt,sub-INET042_ses-3_task-rest_run-04_desc-tmask_fFD.txt,253,0,0
sub-INET042,ses-3,task-rest,run-06,sub-INET042_ses-3_task-rest_run-06_bold.nii.gz,0,,,3.0,include,/gpfs/research/grattonlab/iNetworks/Nifti/derivatives/preproc_fmriprep-24.1.1/sub-INET042/ses-3/func/FD_outputs/sub-INET042_ses-3_task-rest_run-06_desc-tmask_fFD.txt,sub-INET042_ses-3_task-rest_run-06_desc-tmask_fFD.txt,228,0,0
sub-INET042,ses-3,task-rest,run-07,sub-INET042_ses-3_task-rest_run-07_bold.nii.gz,0,,,3.0,include,/gpfs/research/grattonlab/iNetworks/Nifti/derivatives/preproc_fmriprep-24.1.1/sub-INET042/ses-3/func/FD_outputs/sub-INET042_ses-3_task-rest_run-07_desc-tmask_fFD.txt,sub-INET042_ses-3_task-rest_run-07_desc-tmask_fFD.txt,252,0,0
sub-INET042,ses-4,task-rest,run-08,sub-INET042_ses-4_task-rest_run-08_bold.nii.gz,0,,,,include,/gpfs/research/grattonlab/iNetworks/Nifti/derivatives/preproc_fmriprep-24.1.1/sub-INET042/ses-4/func/FD_outputs/sub-INET042_ses-4_task-rest_run-08_desc-tmask_fFD.txt,sub-INET042_ses-4_task-rest_run-08_desc-tmask_fFD.txt,258,0,0
sub-INET042,ses-4,task-rest,run-09,sub-INET042_ses-4_task-rest_run-09_bold.nii.gz,0,,,,include,/gpfs/research/grattonlab/iNetworks/Nifti/derivatives/preproc_fmriprep-24.1.1/sub-INET042/ses-4/func/FD_outputs/sub-INET042_ses-4_task-rest_run-09_desc-tmask_fFD.txt,sub-INET042_ses-4_task-rest_run-09_desc-tmask_fFD.txt,259,0,0
sub-INET044,ses-1,task-rest,run-01,sub-INET044_ses-1_task-rest_run-01_bold.nii.gz,0,,,1.0,include,/gpfs/research/grattonlab/iNetworks/Nifti/derivatives/preproc_fmriprep-24.1.1/sub-INET044/ses-1/func/FD_outputs/sub-INET044_ses-1_task-rest_run-01_desc-tmask_fFD.txt,sub-INET044_ses-1_task-rest_run-01_desc-tmask_fFD.txt,264,0,0
sub-INET044,ses-1,task-rest,run-02,sub-INET044_ses-1_task-rest_run-02_bold.nii.gz,0,,,1.0,include,/gpfs/research/grattonlab/iNetworks/Nifti/derivatives/preproc_fmriprep-24.1.1/sub-INET044/ses-1/func/FD_outputs/sub-INET044_ses-1_task-rest_run-02_desc-tmask_fFD.txt,sub-INET044_ses-1_task-rest_run-02_desc-tmask_fFD.txt,263,0,0
sub-INET044,ses-1,task-rest,run-03,sub-INET044_ses-1_task-rest_run-03_bold.nii.gz,0,,,2.0,include,/gpfs/research/grattonlab/iNetworks/Nifti/derivatives/preproc_fmriprep-24.1.1/sub-INET044/ses-1/func/FD_outputs/sub-INET044_ses-1_task-rest_run-03_desc-tmask_fFD.txt,sub-INET044_ses-1_task-rest_run-03_desc-tmask_fFD.txt,264,0,0
sub-INET044,ses-1,task-rest,run-04,sub-INET044_ses-1_task-rest_run-04_bold.nii.gz,0,,,1.0,include,/gpfs/research/grattonlab/iNetworks/Nifti/derivatives/preproc_fmriprep-24.1.1/sub-INET044/ses-1/func/FD_outputs/sub-INET044_ses-1_task-rest_run-04_desc-tmask_fFD.txt,sub-INET044_ses-1_task-rest_run-04_desc-tmask_fFD.txt,264,0,0
sub-INET044,ses-1,task-rest,run-06,sub-INET044_ses-1_task-rest_run-06_bold.nii.gz,0,,,1.0,include,/gpfs/research/grattonlab/iNetworks/Nifti/derivatives/preproc_fmriprep-24.1.1/sub-INET044/ses-1/func/FD_outputs/sub-INET044_ses-1_task-rest_run-06_desc-tmask_fFD.txt,sub-INET044_ses-1_task-rest_run-06_desc-tmask_fFD.txt,265,0,0
sub-INET044,ses-1,task-rest,run-07,sub-INET044_ses-1_task-rest_run-07_bold.nii.gz,0,,,2.0,include,/gpfs/research/grattonlab/iNetworks/Nifti/derivatives/preproc_fmriprep-24.1.1/sub-INET044/ses-1/func/FD_outputs/sub-INET044_ses-1_task-rest_run-07_desc-tmask_fFD.txt,sub-INET044_ses-1_task-rest_run-07_desc-tmask_fFD.txt,265,0,0
sub-INET044,ses-1,task-rest,run-08,sub-INET044_ses-1_task-rest_run-08_bold.nii.gz,0,,,,include,/gpfs/research/grattonlab/iNetworks/Nifti/derivatives/preproc_fmriprep-24.1.1/sub-INET044/ses-1/func/FD_outputs/sub-INET044_ses-1_task-rest_run-08_desc-tmask_fFD.txt,sub-INET044_ses-1_task-rest_run-08_desc-tmask_fFD.txt,264,0,0
sub-INET044,ses-2,task-rest,run-01,sub-INET044_ses-2_task-rest_run-01_bold.nii.gz,0,,field map 1,1.0,include,/gpfs/research/grattonlab/iNetworks/Nifti/derivatives/preproc_fmriprep-24.1.1/sub-INET044/ses-2/func/FD_outputs/sub-INET044_ses-2_task-rest_run-01_desc-tmask_fFD.txt,sub-INET044_ses-2_task-rest_run-01_desc-tmask_fFD.txt,264,0,0
sub-INET044,ses-2,task-rest,run-02,sub-INET044_ses-2_task-rest_run-02_bold.nii.gz,0,,field map 1,1.0,include,/gpfs/research/grattonlab/iNetworks/Nifti/derivatives/preproc_fmriprep-24.1.1/sub-INET044/ses-2/func/FD_outputs/sub-INET044_ses-2_task-rest_run-02_desc-tmask_fFD.txt,sub-INET044_ses-2_task-rest_run-02_desc-tmask_fFD.txt,265,0,0
sub-INET044,ses-2,task-rest,run-03,sub-INET044_ses-2_task-rest_run-03_bold.nii.gz,0,,field map 1,3.0,include,/gpfs/research/grattonlab/iNetworks/Nifti/derivatives/preproc_fmriprep-24.1.1/sub-INET044/ses-2/func/FD_outputs/sub-INET044_ses-2_task-rest_run-03_desc-tmask_fFD.txt,sub-INET044_ses-2_task-rest_run-03_desc-tmask_fFD.txt,264,0,0
sub-INET044,ses-2,task-rest,run-04,sub-INET044_ses-2_task-rest_run-04_bold.nii.gz,0,,field map 2,3.0,include,/gpfs/research/grattonlab/iNetworks/Nifti/derivatives/preproc_fmriprep-24.1.1/sub-INET044/ses-2/func/FD_outputs/sub-INET044_ses-2_task-rest_run-04_desc-tmask_fFD.txt,sub-INET044_ses-2_task-rest_run-04_desc-tmask_fFD.txt,264,0,0
sub-INET044,ses-2,task-rest,run-05,sub-INET044_ses-2_task-rest_run-05_bold.nii.gz,0,,field map 2,3.0,include,/gpfs/research/grattonlab/iNetworks/Nifti/derivatives/preproc_fmriprep-24.1.1/sub-INET044/ses-2/func/FD_outputs/sub-INET044_ses-2_task-rest_run-05_desc-tmask_fFD.txt,sub-INET044_ses-2_task-rest_run-05_desc-tmask_fFD.txt,258,0,0
sub-INET044,ses-2,task-rest,run-06,sub-INET044_ses-2_task-rest_run-06_bold.nii.gz,0,,field map 2,2.0,include,/gpfs/research/grattonlab/iNetworks/Nifti/derivatives/preproc_fmriprep-24.1.1/sub-INET044/ses-2/func/FD_outputs/sub-INET044_ses-2_task-rest_run-06_desc-tmask_fFD.txt,sub-INET044_ses-2_task-rest_run-06_desc-tmask_fFD.txt,264,0,0
sub-INET044,ses-2,task-rest,run-07,sub-INET044_ses-2_task-rest_run-07_bold.nii.gz,0,,field map 2,,include,/gpfs/research/grattonlab/iNetworks/Nifti/derivatives/preproc_fmriprep-24.1.1/sub-INET044/ses-2/func/FD_outputs/sub-INET044_ses-2_task-rest_run-07_desc-tmask_fFD.txt,sub-INET044_ses-2_task-rest_run-07_desc-tmask_fFD.txt,263,0,0
sub-INET044,ses-3,task-rest,run-01,sub-INET044_ses-3_task-rest_run-01_bold.nii.gz,0,,,1.0,include,/gpfs/research/grattonlab/iNetworks/Nifti/derivatives/preproc_fmriprep-24.1.1/sub-INET044/ses-3/func/FD_outputs/sub-INET044_ses-3_task-rest_run-01_desc-tmask_fFD.txt,sub-INET044_ses-3_task-rest_run-01_desc-tmask_fFD.txt,265,0,0
sub-INET044,ses-3,task-rest,run-02,sub-INET044_ses-3_task-rest_run-02_bold.nii.gz,0,,,1.0,include,/gpfs/research/grattonlab/iNetworks/Nifti/derivatives/preproc_fmriprep-24.1.1/sub-INET044/ses-3/func/FD_outputs/sub-INET044_ses-3_task-rest_run-02_desc-tmask_fFD.txt,sub-INET044_ses-3_task-rest_run-02_desc-tmask_fFD.txt,263,0,0
sub-INET044,ses-3,task-rest,run-03,sub-INET044_ses-3_task-rest_run-03_bold.nii.gz,0,,,2.0,include,/gpfs/research/grattonlab/iNetworks/Nifti/derivatives/preproc_fmriprep-24.1.1/sub-INET044/ses-3/func/FD_outputs/sub-INET044_ses-3_task-rest_run-03_desc-tmask_fFD.txt,sub-INET044_ses-3_task-rest_run-03_desc-tmask_fFD.txt,264,0,0
sub-INET044,ses-3,task-rest,run-06,sub-INET044_ses-3_task-rest_run-06_bold.nii.gz,0,,,1.0,include,/gpfs/research/grattonlab/iNetworks/Nifti/derivatives/preproc_fmriprep-24.1.1/sub-INET044/ses-3/func/FD_outputs/sub-INET044_ses-3_task-rest_run-06_desc-tmask_fFD.txt,sub-INET044_ses-3_task-rest_run-06_desc-tmask_fFD.txt,263,0,0
sub-INET044,ses-3,task-rest,run-07,sub-INET044_ses-3_task-rest_run-07_bold.nii.gz,0,,,1.0,include,/gpfs/research/grattonlab/iNetworks/Nifti/derivatives/preproc_fmriprep-24.1.1/sub-INET044/ses-3/func/FD_outputs/sub-INET044_ses-3_task-rest_run-07_desc-tmask_fFD.txt,sub-INET044_ses-3_task-rest_run-07_desc-tmask_fFD.txt,259,0,0
sub-INET044,ses-3,task-rest,run-08,sub-INET044_ses-3_task-rest_run-08_bold.nii.gz,0,,,,include,/gpfs/research/grattonlab/iNetworks/Nifti/derivatives/preproc_fmriprep-24.1.1/sub-INET044/ses-3/func/FD_outputs/sub-INET044_ses-3_task-rest_run-08_desc-tmask_fFD.txt,sub-INET044_ses-3_task-rest_run-08_desc-tmask_fFD.txt,263,0,0
sub-INET044,ses-4,task-rest,run-01,sub-INET044_ses-4_task-rest_run-01_bold.nii.gz,0,,,2.0,include,/gpfs/research/grattonlab/iNetworks/Nifti/derivatives/preproc_fmriprep-24.1.1/sub-INET044/ses-4/func/FD_outputs/sub-INET044_ses-4_task-rest_run-01_desc-tmask_fFD.txt,sub-INET044_ses-4_task-rest_run-01_desc-tmask_fFD.txt,264,0,0
sub-INET044,ses-4,task-rest,run-02,sub-INET044_ses-4_task-rest_run-02_bold.nii.gz,0,,,2.0,include,/gpfs/research/grattonlab/iNetworks/Nifti/derivatives/preproc_fmriprep-24.1.1/sub-INET044/ses-4/func/FD_outputs/sub-INET044_ses-4_task-rest_run-02_desc-tmask_fFD.txt,sub-INET044_ses-4_task-rest_run-02_desc-tmask_fFD.txt,264,0,0
sub-INET044,ses-4,task-rest,run-04,sub-INET044_ses-4_task-rest_run-04_bold.nii.gz,0,,,1.0,include,/gpfs/research/grattonlab/iNetworks/Nifti/derivatives/preproc_fmriprep-24.1.1/sub-INET044/ses-4/func/FD_outputs/sub-INET044_ses-4_task-rest_run-04_desc-tmask_fFD.txt,sub-INET044_ses-4_task-rest_run-04_desc-tmask_fFD.txt,247,0,0
sub-INET044,ses-4,task-rest,run-05,sub-INET044_ses-4_task-rest_run-05_bold.nii.gz,0,,,1.0,include,/gpfs/research/grattonlab/iNetworks/Nifti/derivatives/preproc_fmriprep-24.1.1/sub-INET044/ses-4/func/FD_outputs/sub-INET044_ses-4_task-rest_run-05_desc-tmask_fFD.txt,sub-INET044_ses-4_task-rest_run-05_desc-tmask_fFD.txt,264,0,0
sub-INET044,ses-4,task-rest,run-06,sub-INET044_ses-4_task-rest_run-06_bold.nii.gz,0,,,1.0,include,/gpfs/research/grattonlab/iNetworks/Nifti/derivatives/preproc_fmriprep-24.1.1/sub-INET044/ses-4/func/FD_outputs/sub-INET044_ses-4_task-rest_run-06_desc-tmask_fFD.txt,sub-INET044_ses-4_task-rest_run-06_desc-tmask_fFD.txt,264,0,0
sub-INET044,ses-4,task-rest,run-07,sub-INET044_ses-4_task-rest_run-07_bold.nii.gz,0,,,1.0,include,/gpfs/research/grattonlab/iNetworks/Nifti/derivatives/preproc_fmriprep-24.1.1/sub-INET044/ses-4/func/FD_outputs/sub-INET044_ses-4_task-rest_run-07_desc-tmask_fFD.txt,sub-INET044_ses-4_task-rest_run-07_desc-tmask_fFD.txt,265,0,0
sub-INET044,ses-4,task-rest,run-08,sub-INET044_ses-4_task-rest_run-08_bold.nii.gz,0,,,1.0,include,/gpfs/research/grattonlab/iNetworks/Nifti/derivatives/preproc_fmriprep-24.1.1/sub-INET044/ses-4/func/FD_outputs/sub-INET044_ses-4_task-rest_run-08_desc-tmask_fFD.txt,sub-INET044_ses-4_task-rest_run-08_desc-tmask_fFD.txt,264,0,0
sub-INET044,ses-4,task-rest,run-09,sub-INET044_ses-4_task-rest_run-09_bold.nii.gz,0,,,,include,/gpfs/research/grattonlab/iNetworks/Nifti/derivatives/preproc_fmriprep-24.1.1/sub-INET044/ses-4/func/FD_outputs/sub-INET044_ses-4_task-rest_run-09_desc-tmask_fFD.txt,sub-INET044_ses-4_task-rest_run-09_desc-tmask_fFD.txt,264,0,0
sub-INET045,ses-1,task-rest,run-01,sub-INET045_ses-1_task-rest_run-01_bold.nii.gz,0,,,2.0,include,/gpfs/research/grattonlab/iNetworks/Nifti/derivatives/preproc_fmriprep-24.1.1/sub-INET045/ses-1/func/FD_outputs/sub-INET045_ses-1_task-rest_run-01_desc-tmask_fFD.txt,sub-INET045_ses-1_task-rest_run-01_desc-tmask_fFD.txt,262,0,0
sub-INET045,ses-1,task-rest,run-02,sub-INET045_ses-1_task-rest_run-02_bold.nii.gz,0,,,2.0,include,/gpfs/research/grattonlab/iNetworks/Nifti/derivatives/preproc_fmriprep-24.1.1/sub-INET045/ses-1/func/FD_outputs/sub-INET045_ses-1_task-rest_run-02_desc-tmask_fFD.txt,sub-INET045_ses-1_task-rest_run-02_desc-tmask_fFD.txt,248,0,0
sub-INET045,ses-1,task-rest,run-03,sub-INET045_ses-1_task-rest_run-03_bold.nii.gz,0,,,1.0,include,/gpfs/research/grattonlab/iNetworks/Nifti/derivatives/preproc_fmriprep-24.1.1/sub-INET045/ses-1/func/FD_outputs/sub-INET045_ses-1_task-rest_run-03_desc-tmask_fFD.txt,sub-INET045_ses-1_task-rest_run-03_desc-tmask_fFD.txt,264,0,0
sub-INET045,ses-1,task-rest,run-04,sub-INET045_ses-1_task-rest_run-04_bold.nii.gz,0,,,1.0,include,/gpfs/research/grattonlab/iNetworks/Nifti/derivatives/preproc_fmriprep-24.1.1/sub-INET045/ses-1/func/FD_outputs/sub-INET045_ses-1_task-rest_run-04_desc-tmask_fFD.txt,sub-INET045_ses-1_task-rest_run-04_desc-tmask_fFD.txt,249,0,0
sub-INET045,ses-1,task-rest,run-05,sub-INET045_ses-1_task-rest_run-05_bold.nii.gz,0,,,1.0,include,/gpfs/research/grattonlab/iNetworks/Nifti/derivatives/preproc_fmriprep-24.1.1/sub-INET045/ses-1/func/FD_outputs/sub-INET045_ses-1_task-rest_run-05_desc-tmask_fFD.txt,sub-INET045_ses-1_task-rest_run-05_desc-tmask_fFD.txt,263,0,0
sub-INET045,ses-1,task-rest,run-06,sub-INET045_ses-1_task-rest_run-06_bold.nii.gz,0,,,1.0,include,/gpfs/research/grattonlab/iNetworks/Nifti/derivatives/preproc_fmriprep-24.1.1/sub-INET045/ses-1/func/FD_outputs/sub-INET045_ses-1_task-rest_run-06_desc-tmask_fFD.txt,sub-INET045_ses-1_task-rest_run-06_desc-tmask_fFD.txt,247,0,0
sub-INET045,ses-1,task-rest,run-07,sub-INET045_ses-1_task-rest_run-07_bold.nii.gz,0,,,1.0,include,/gpfs/research/grattonlab/iNetworks/Nifti/derivatives/preproc_fmriprep-24.1.1/sub-INET045/ses-1/func/FD_outputs/sub-INET045_ses-1_task-rest_run-07_desc-tmask_fFD.txt,sub-INET045_ses-1_task-rest_run-07_desc-tmask_fFD.txt,264,0,0
sub-INET045,ses-2,task-rest,run-01,sub-INET045_ses-2_task-rest_run-01_bold.nii.gz,0,,,1.0,include,/gpfs/research/grattonlab/iNetworks/Nifti/derivatives/preproc_fmriprep-24.1.1/sub-INET045/ses-2/func/FD_outputs/sub-INET045_ses-2_task-rest_run-01_desc-tmask_fFD.txt,sub-INET045_ses-2_task-rest_run-01_desc-tmask_fFD.txt,248,0,0
sub-INET045,ses-2,task-rest,run-02,sub-INET045_ses-2_task-rest_run-02_bold.nii.gz,0,,,1.0,include,/gpfs/research/grattonlab/iNetworks/Nifti/derivatives/preproc_fmriprep-24.1.1/sub-INET045/ses-2/func/FD_outputs/sub-INET045_ses-2_task-rest_run-02_desc-tmask_fFD.txt,sub-INET045_ses-2_task-rest_run-02_desc-tmask_fFD.txt,265,0,0
sub-INET045,ses-2,task-rest,run-03,sub-INET045_ses-2_task-rest_run-03_bold.nii.gz,0,,,1.0,include,/gpfs/research/grattonlab/iNetworks/Nifti/derivatives/preproc_fmriprep-24.1.1/sub-INET045/ses-2/func/FD_outputs/sub-INET045_ses-2_task-rest_run-03_desc-tmask_fFD.txt,sub-INET045_ses-2_task-rest_run-03_desc-tmask_fFD.txt,246,0,0
sub-INET045,ses-2,task-rest,run-04,sub-INET045_ses-2_task-rest_run-04_bold.nii.gz,0,,,1.0,include,/gpfs/research/grattonlab/iNetworks/Nifti/derivatives/preproc_fmriprep-24.1.1/sub-INET045/ses-2/func/FD_outputs/sub-INET045_ses-2_task-rest_run-04_desc-tmask_fFD.txt,sub-INET045_ses-2_task-rest_run-04_desc-tmask_fFD.txt,225,0,0
sub-INET045,ses-2,task-rest,run-05,sub-INET045_ses-2_task-rest_run-05_bold.nii.gz,0,,,1.0,include,/gpfs/research/grattonlab/iNetworks/Nifti/derivatives/preproc_fmriprep-24.1.1/sub-INET045/ses-2/func/FD_outputs/sub-INET045_ses-2_task-rest_run-05_desc-tmask_fFD.txt,sub-INET045_ses-2_task-rest_run-05_desc-tmask_fFD.txt,264,0,0
sub-INET045,ses-2,task-rest,run-06,sub-INET045_ses-2_task-rest_run-06_bold.nii.gz,0,,,2.0,include,/gpfs/research/grattonlab/iNetworks/Nifti/derivatives/preproc_fmriprep-24.1.1/sub-INET045/ses-2/func/FD_outputs/sub-INET045_ses-2_task-rest_run-06_desc-tmask_fFD.txt,sub-INET045_ses-2_task-rest_run-06_desc-tmask_fFD.txt,232,0,0
sub-INET045,ses-2,task-rest,run-07,sub-INET045_ses-2_task-rest_run-07_bold.nii.gz,0,,,1.0,include,/gpfs/research/grattonlab/iNetworks/Nifti/derivatives/preproc_fmriprep-24.1.1/sub-INET045/ses-2/func/FD_outputs/sub-INET045_ses-2_task-rest_run-07_desc-tmask_fFD.txt,sub-INET045_ses-2_task-rest_run-07_desc-tmask_fFD.txt,263,0,0
sub-INET045,ses-2,task-rest,run-08,sub-INET045_ses-2_task-rest_run-08_bold.nii.gz,0,,,,include,/gpfs/research/grattonlab/iNetworks/Nifti/derivatives/preproc_fmriprep-24.1.1/sub-INET045/ses-2/func/FD_outputs/sub-INET045_ses-2_task-rest_run-08_desc-tmask_fFD.txt,sub-INET045_ses-2_task-rest_run-08_desc-tmask_fFD.txt,247,0,0
sub-INET045,ses-3,task-rest,run-01,sub-INET045_ses-3_task-rest_run-01_bold.nii.gz,0,,,1.0,include,/gpfs/research/grattonlab/iNetworks/Nifti/derivatives/preproc_fmriprep-24.1.1/sub-INET045/ses-3/func/FD_outputs/sub-INET045_ses-3_task-rest_run-01_desc-tmask_fFD.txt,sub-INET045_ses-3_task-rest_run-01_desc-tmask_fFD.txt,263,0,0
sub-INET045,ses-3,task-rest,run-02,sub-INET045_ses-3_task-rest_run-02_bold.nii.gz,0,,,1.0,include,/gpfs/research/grattonlab/iNetworks/Nifti/derivatives/preproc_fmriprep-24.1.1/sub-INET045/ses-3/func/FD_outputs/sub-INET045_ses-3_task-rest_run-02_desc-tmask_fFD.txt,sub-INET045_ses-3_task-rest_run-02_desc-tmask_fFD.txt,265,0,0
sub-INET045,ses-3,task-rest,run-03,sub-INET045_ses-3_task-rest_run-03_bold.nii.gz,0,,,1.0,include,/gpfs/research/grattonlab/iNetworks/Nifti/derivatives/preproc_fmriprep-24.1.1/sub-INET045/ses-3/func/FD_outputs/sub-INET045_ses-3_task-rest_run-03_desc-tmask_fFD.txt,sub-INET045_ses-3_task-rest_run-03_desc-tmask_fFD.txt,264,0,0
sub-INET045,ses-3,task-rest,run-04,sub-INET045_ses-3_task-rest_run-04_bold.nii.gz,0,,,1.0,include,/gpfs/research/grattonlab/iNetworks/Nifti/derivatives/preproc_fmriprep-24.1.1/sub-INET045/ses-3/func/FD_outputs/sub-INET045_ses-3_task-rest_run-04_desc-tmask_fFD.txt,sub-INET045_ses-3_task-rest_run-04_desc-tmask_fFD.txt,243,0,0
sub-INET045,ses-3,task-rest,run-05,sub-INET045_ses-3_task-rest_run-05_bold.nii.gz,0,,,1.0,include,/gpfs/research/grattonlab/iNetworks/Nifti/derivatives/preproc_fmriprep-24.1.1/sub-INET045/ses-3/func/FD_outputs/sub-INET045_ses-3_task-rest_run-05_desc-tmask_fFD.txt,sub-INET045_ses-3_task-rest_run-05_desc-tmask_fFD.txt,264,0,0
sub-INET045,ses-3,task-rest,run-06,sub-INET045_ses-3_task-rest_run-06_bold.nii.gz,0,,,1.0,include,/gpfs/research/grattonlab/iNetworks/Nifti/derivatives/preproc_fmriprep-24.1.1/sub-INET045/ses-3/func/FD_outputs/sub-INET045_ses-3_task-rest_run-06_desc-tmask_fFD.txt,sub-INET045_ses-3_task-rest_run-06_desc-tmask_fFD.txt,254,0,0
sub-INET045,ses-3,task-rest,run-07,sub-INET045_ses-3_task-rest_run-07_bold.nii.gz,0,,,1.0,include,/gpfs/research/grattonlab/iNetworks/Nifti/derivatives/preproc_fmriprep-24.1.1/sub-INET045/ses-3/func/FD_outputs/sub-INET045_ses-3_task-rest_run-07_desc-tmask_fFD.txt,sub-INET045_ses-3_task-rest_run-07_desc-tmask_fFD.txt,218,0,0
sub-INET045,ses-3,task-rest,run-08,sub-INET045_ses-3_task-rest_run-08_bold.nii.gz,0,,,,include,/gpfs/research/grattonlab/iNetworks/Nifti/derivatives/preproc_fmriprep-24.1.1/sub-INET045/ses-3/func/FD_outputs/sub-INET045_ses-3_task-rest_run-08_desc-tmask_fFD.txt,sub-INET045_ses-3_task-rest_run-08_desc-tmask_fFD.txt,240,0,0
sub-INET045,ses-4,task-rest,run-01,sub-INET045_ses-4_task-rest_run-01_bold.nii.gz,0,,,1.0,include,/gpfs/research/grattonlab/iNetworks/Nifti/derivatives/preproc_fmriprep-24.1.1/sub-INET045/ses-4/func/FD_outputs/sub-INET045_ses-4_task-rest_run-01_desc-tmask_fFD.txt,sub-INET045_ses-4_task-rest_run-01_desc-tmask_fFD.txt,263,0,0
sub-INET045,ses-4,task-rest,run-02,sub-INET045_ses-4_task-rest_run-02_bold.nii.gz,0,,,1.0,include,/gpfs/research/grattonlab/iNetworks/Nifti/derivatives/preproc_fmriprep-24.1.1/sub-INET045/ses-4/func/FD_outputs/sub-INET045_ses-4_task-rest_run-02_desc-tmask_fFD.txt,sub-INET045_ses-4_task-rest_run-02_desc-tmask_fFD.txt,264,0,0
sub-INET045,ses-4,task-rest,run-03,sub-INET045_ses-4_task-rest_run-03_bold.nii.gz,0,,,1.0,include,/gpfs/research/grattonlab/iNetworks/Nifti/derivatives/preproc_fmriprep-24.1.1/sub-INET045/ses-4/func/FD_outputs/sub-INET045_ses-4_task-rest_run-03_desc-tmask_fFD.txt,sub-INET045_ses-4_task-rest_run-03_desc-tmask_fFD.txt,265,0,0
sub-INET045,ses-4,task-rest,run-04,sub-INET045_ses-4_task-rest_run-04_bold.nii.gz,0,,,1.0,include,/gpfs/research/grattonlab/iNetworks/Nifti/derivatives/preproc_fmriprep-24.1.1/sub-INET045/ses-4/func/FD_outputs/sub-INET045_ses-4_task-rest_run-04_desc-tmask_fFD.txt,sub-INET045_ses-4_task-rest_run-04_desc-tmask_fFD.txt,247,0,0
sub-INET045,ses-4,task-rest,run-05,sub-INET045_ses-4_task-rest_run-05_bold.nii.gz,0,,,1.0,include,/gpfs/research/grattonlab/iNetworks/Nifti/derivatives/preproc_fmriprep-24.1.1/sub-INET045/ses-4/func/FD_outputs/sub-INET045_ses-4_task-rest_run-05_desc-tmask_fFD.txt,sub-INET045_ses-4_task-rest_run-05_desc-tmask_fFD.txt,239,0,0
sub-INET045,ses-4,task-rest,run-06,sub-INET045_ses-4_task-rest_run-06_bold.nii.gz,0,,,1.0,include,/gpfs/research/grattonlab/iNetworks/Nifti/derivatives/preproc_fmriprep-24.1.1/sub-INET045/ses-4/func/FD_outputs/sub-INET045_ses-4_task-rest_run-06_desc-tmask_fFD.txt,sub-INET045_ses-4_task-rest_run-06_desc-tmask_fFD.txt,263,0,0
sub-INET045,ses-4,task-rest,run-07,sub-INET045_ses-4_task-rest_run-07_bold.nii.gz,0,,,1.0,include,/gpfs/research/grattonlab/iNetworks/Nifti/derivatives/preproc_fmriprep-24.1.1/sub-INET045/ses-4/func/FD_outputs/sub-INET045_ses-4_task-rest_run-07_desc-tmask_fFD.txt,sub-INET045_ses-4_task-rest_run-07_desc-tmask_fFD.txt,265,0,0
sub-INET045,ses-4,task-rest,run-08,sub-INET045_ses-4_task-rest_run-08_bold.nii.gz,0,,,1.0,include,/gpfs/research/grattonlab/iNetworks/Nifti/derivatives/preproc_fmriprep-24.1.1/sub-INET045/ses-4/func/FD_outputs/sub-INET045_ses-4_task-rest_run-08_desc-tmask_fFD.txt,sub-INET045_ses-4_task-rest_run-08_desc-tmask_fFD.txt,252,0,0
sub-INET045,ses-4,task-rest,run-09,sub-INET045_ses-4_task-rest_run-09_bold.nii.gz,0,,,,include,/gpfs/research/grattonlab/iNetworks/Nifti/derivatives/preproc_fmriprep-24.1.1/sub-INET045/ses-4/func/FD_outputs/sub-INET045_ses-4_task-rest_run-09_desc-tmask_fFD.txt,sub-INET045_ses-4_task-rest_run-09_desc-tmask_fFD.txt,246,0,0
sub-INET046,ses-1,task-rest,run-01,sub-INET046_ses-1_task-rest_run-01_bold.nii.gz,0,,,2.0,include,/gpfs/research/grattonlab/iNetworks/Nifti/derivatives/preproc_fmriprep-24.1.1/sub-INET046/ses-1/func/FD_outputs/sub-INET046_ses-1_task-rest_run-01_desc-tmask_fFD.txt,sub-INET046_ses-1_task-rest_run-01_desc-tmask_fFD.txt,256,0,0
sub-INET046,ses-1,task-rest,run-02,sub-INET046_ses-1_task-rest_run-02_bold.nii.gz,0,,,3.0,include,/gpfs/research/grattonlab/iNetworks/Nifti/derivatives/preproc_fmriprep-24.1.1/sub-INET046/ses-1/func/FD_outputs/sub-INET046_ses-1_task-rest_run-02_desc-tmask_fFD.txt,sub-INET046_ses-1_task-rest_run-02_desc-tmask_fFD.txt,255,0,0
sub-INET046,ses-1,task-rest,run-07,sub-INET046_ses-1_task-rest_run-07_bold.nii.gz,0,,,,include,/gpfs/research/grattonlab/iNetworks/Nifti/derivatives/preproc_fmriprep-24.1.1/sub-INET046/ses-1/func/FD_outputs/sub-INET046_ses-1_task-rest_run-07_desc-tmask_fFD.txt,sub-INET046_ses-1_task-rest_run-07_desc-tmask_fFD.txt,264,0,0
sub-INET046,ses-2,task-rest,run-01,sub-INET046_ses-2_task-rest_run-01_bold.nii.gz,0,,,2.0,include,/gpfs/research/grattonlab/iNetworks/Nifti/derivatives/preproc_fmriprep-24.1.1/sub-INET046/ses-2/func/FD_outputs/sub-INET046_ses-2_task-rest_run-01_desc-tmask_fFD.txt,sub-INET046_ses-2_task-rest_run-01_desc-tmask_fFD.txt,254,0,0
sub-INET046,ses-2,task-rest,run-02,sub-INET046_ses-2_task-rest_run-02_bold.nii.gz,0,,,3.0,include,/gpfs/research/grattonlab/iNetworks/Nifti/derivatives/preproc_fmriprep-24.1.1/sub-INET046/ses-2/func/FD_outputs/sub-INET046_ses-2_task-rest_run-02_desc-tmask_fFD.txt,sub-INET046_ses-2_task-rest_run-02_desc-tmask_fFD.txt,261,0,0
sub-INET046,ses-2,task-rest,run-07,sub-INET046_ses-2_task-rest_run-07_bold.nii.gz,0,,,,include,/gpfs/research/grattonlab/iNetworks/Nifti/derivatives/preproc_fmriprep-24.1.1/sub-INET046/ses-2/func/FD_outputs/sub-INET046_ses-2_task-rest_run-07_desc-tmask_fFD.txt,sub-INET046_ses-2_task-rest_run-07_desc-tmask_fFD.txt,264,0,0
sub-INET046,ses-3,task-rest,run-01,sub-INET046_ses-3_task-rest_run-01_bold.nii.gz,0,,fieldmap 1,3.0,include,/gpfs/research/grattonlab/iNetworks/Nifti/derivatives/preproc_fmriprep-24.1.1/sub-INET046/ses-3/func/FD_outputs/sub-INET046_ses-3_task-rest_run-01_desc-tmask_fFD.txt,sub-INET046_ses-3_task-rest_run-01_desc-tmask_fFD.txt,248,0,0
sub-INET046,ses-3,task-rest,run-02,sub-INET046_ses-3_task-rest_run-02_bold.nii.gz,0,,fieldmap 1,3.0,include,/gpfs/research/grattonlab/iNetworks/Nifti/derivatives/preproc_fmriprep-24.1.1/sub-INET046/ses-3/func/FD_outputs/sub-INET046_ses-3_task-rest_run-02_desc-tmask_fFD.txt,sub-INET046_ses-3_task-rest_run-02_desc-tmask_fFD.txt,263,0,0
sub-INET046,ses-3,task-rest,run-05,sub-INET046_ses-3_task-rest_run-05_bold.nii.gz,0,,fieldmap 2,3.0,include,/gpfs/research/grattonlab/iNetworks/Nifti/derivatives/preproc_fmriprep-24.1.1/sub-INET046/ses-3/func/FD_outputs/sub-INET046_ses-3_task-rest_run-05_desc-tmask_fFD.txt,sub-INET046_ses-3_task-rest_run-05_desc-tmask_fFD.txt,261,0,0
sub-INET046,ses-3,task-rest,run-07,sub-INET046_ses-3_task-rest_run-07_bold.nii.gz,0,,fieldmap 2,,include,/gpfs/research/grattonlab/iNetworks/Nifti/derivatives/preproc_fmriprep-24.1.1/sub-INET046/ses-3/func/FD_outputs/sub-INET046_ses-3_task-rest_run-07_desc-tmask_fFD.txt,sub-INET046_ses-3_task-rest_run-07_desc-tmask_fFD.txt,262,0,0
sub-INET046,ses-4,task-rest,run-01,sub-INET046_ses-4_task-rest_run-01_bold.nii.gz,0,,,2.0,include,/gpfs/research/grattonlab/iNetworks/Nifti/derivatives/preproc_fmriprep-24.1.1/sub-INET046/ses-4/func/FD_outputs/sub-INET046_ses-4_task-rest_run-01_desc-tmask_fFD.txt,sub-INET046_ses-4_task-rest_run-01_desc-tmask_fFD.txt,250,0,0
sub-INET046,ses-4,task-rest,run-02,sub-INET046_ses-4_task-rest_run-02_bold.nii.gz,0,,,3.0,include,/gpfs/research/grattonlab/iNetworks/Nifti/derivatives/preproc_fmriprep-24.1.1/sub-INET046/ses-4/func/FD_outputs/sub-INET046_ses-4_task-rest_run-02_desc-tmask_fFD.txt,sub-INET046_ses-4_task-rest_run-02_desc-tmask_fFD.txt,252,0,0
sub-INET046,ses-4,task-rest,run-07,sub-INET046_ses-4_task-rest_run-07_bold.nii.gz,0,,,3.0,include,/gpfs/research/grattonlab/iNetworks/Nifti/derivatives/preproc_fmriprep-24.1.1/sub-INET046/ses-4/func/FD_outputs/sub-INET046_ses-4_task-rest_run-07_desc-tmask_fFD.txt,sub-INET046_ses-4_task-rest_run-07_desc-tmask_fFD.txt,260,0,0
sub-INET046,ses-4,task-rest,run-09,sub-INET046_ses-4_task-rest_run-09_bold.nii.gz,0,,,,include,/gpfs/research/grattonlab/iNetworks/Nifti/derivatives/preproc_fmriprep-24.1.1/sub-INET046/ses-4/func/FD_outputs/sub-INET046_ses-4_task-rest_run-09_desc-tmask_fFD.txt,sub-INET046_ses-4_task-rest_run-09_desc-tmask_fFD.txt,264,0,0
sub-INET047,ses-1,task-rest,run-01,sub-INET047_ses-1_task-rest_run-01_bold.nii.gz,0,,,3.0,include,/gpfs/research/grattonlab/iNetworks/Nifti/derivatives/preproc_fmriprep-24.1.1/sub-INET047/ses-1/func/FD_outputs/sub-INET047_ses-1_task-rest_run-01_desc-tmask_fFD.txt,sub-INET047_ses-1_task-rest_run-01_desc-tmask_fFD.txt,263,0,0
sub-INET047,ses-1,task-rest,run-02,sub-INET047_ses-1_task-rest_run-02_bold.nii.gz,0,,,3.0,include,/gpfs/research/grattonlab/iNetworks/Nifti/derivatives/preproc_fmriprep-24.1.1/sub-INET047/ses-1/func/FD_outputs/sub-INET047_ses-1_task-rest_run-02_desc-tmask_fFD.txt,sub-INET047_ses-1_task-rest_run-02_desc-tmask_fFD.txt,245,0,0
sub-INET047,ses-1,task-rest,run-04,sub-INET047_ses-1_task-rest_run-04_bold.nii.gz,0,,,3.0,include,/gpfs/research/grattonlab/iNetworks/Nifti/derivatives/preproc_fmriprep-24.1.1/sub-INET047/ses-1/func/FD_outputs/sub-INET047_ses-1_task-rest_run-04_desc-tmask_fFD.txt,sub-INET047_ses-1_task-rest_run-04_desc-tmask_fFD.txt,260,0,0
sub-INET047,ses-1,task-rest,run-05,sub-INET047_ses-1_task-rest_run-05_bold.nii.gz,0,,,3.0,include,/gpfs/research/grattonlab/iNetworks/Nifti/derivatives/preproc_fmriprep-24.1.1/sub-INET047/ses-1/func/FD_outputs/sub-INET047_ses-1_task-rest_run-05_desc-tmask_fFD.txt,sub-INET047_ses-1_task-rest_run-05_desc-tmask_fFD.txt,250,0,0
sub-INET047,ses-1,task-rest,run-06,sub-INET047_ses-1_task-rest_run-06_bold.nii.gz,0,,,3.0,include,/gpfs/research/grattonlab/iNetworks/Nifti/derivatives/preproc_fmriprep-24.1.1/sub-INET047/ses-1/func/FD_outputs/sub-INET047_ses-1_task-rest_run-06_desc-tmask_fFD.txt,sub-INET047_ses-1_task-rest_run-06_desc-tmask_fFD.txt,218,0,0
sub-INET047,ses-1,task-rest,run-07,sub-INET047_ses-1_task-rest_run-07_bold.nii.gz,0,,,,include,/gpfs/research/grattonlab/iNetworks/Nifti/derivatives/preproc_fmriprep-24.1.1/sub-INET047/ses-1/func/FD_outputs/sub-INET047_ses-1_task-rest_run-07_desc-tmask_fFD.txt,sub-INET047_ses-1_task-rest_run-07_desc-tmask_fFD.txt,232,0,0
sub-INET047,ses-2,task-rest,run-01,sub-INET047_ses-2_task-rest_run-01_bold.nii.gz,0,,,2.0,include,/gpfs/research/grattonlab/iNetworks/Nifti/derivatives/preproc_fmriprep-24.1.1/sub-INET047/ses-2/func/FD_outputs/sub-INET047_ses-2_task-rest_run-01_desc-tmask_fFD.txt,sub-INET047_ses-2_task-rest_run-01_desc-tmask_fFD.txt,250,0,0
sub-INET047,ses-2,task-rest,run-02,sub-INET047_ses-2_task-rest_run-02_bold.nii.gz,0,,,2.0,include,/gpfs/research/grattonlab/iNetworks/Nifti/derivatives/preproc_fmriprep-24.1.1/sub-INET047/ses-2/func/FD_outputs/sub-INET047_ses-2_task-rest_run-02_desc-tmask_fFD.txt,sub-INET047_ses-2_task-rest_run-02_desc-tmask_fFD.txt,249,0,0
sub-INET047,ses-2,task-rest,run-03,sub-INET047_ses-2_task-rest_run-03_bold.nii.gz,0,,,2.0,include,/gpfs/research/grattonlab/iNetworks/Nifti/derivatives/preproc_fmriprep-24.1.1/sub-INET047/ses-2/func/FD_outputs/sub-INET047_ses-2_task-rest_run-03_desc-tmask_fFD.txt,sub-INET047_ses-2_task-rest_run-03_desc-tmask_fFD.txt,234,0,0
sub-INET047,ses-2,task-rest,run-04,sub-INET047_ses-2_task-rest_run-04_bold.nii.gz,0,,,2.0,include,/gpfs/research/grattonlab/iNetworks/Nifti/derivatives/preproc_fmriprep-24.1.1/sub-INET047/ses-2/func/FD_outputs/sub-INET047_ses-2_task-rest_run-04_desc-tmask_fFD.txt,sub-INET047_ses-2_task-rest_run-04_desc-tmask_fFD.txt,242,0,0
sub-INET047,ses-2,task-rest,run-05,sub-INET047_ses-2_task-rest_run-05_bold.nii.gz,0,,,3.0,include,/gpfs/research/grattonlab/iNetworks/Nifti/derivatives/preproc_fmriprep-24.1.1/sub-INET047/ses-2/func/FD_outputs/sub-INET047_ses-2_task-rest_run-05_desc-tmask_fFD.txt,sub-INET047_ses-2_task-rest_run-05_desc-tmask_fFD.txt,252,0,0
sub-INET047,ses-2,task-rest,run-06,sub-INET047_ses-2_task-rest_run-06_bold.nii.gz,0,,,3.0,include,/gpfs/research/grattonlab/iNetworks/Nifti/derivatives/preproc_fmriprep-24.1.1/sub-INET047/ses-2/func/FD_outputs/sub-INET047_ses-2_task-rest_run-06_desc-tmask_fFD.txt,sub-INET047_ses-2_task-rest_run-06_desc-tmask_fFD.txt,254,0,0
sub-INET047,ses-2,task-rest,run-07,sub-INET047_ses-2_task-rest_run-07_bold.nii.gz,0,,,3.0,include,/gpfs/research/grattonlab/iNetworks/Nifti/derivatives/preproc_fmriprep-24.1.1/sub-INET047/ses-2/func/FD_outputs/sub-INET047_ses-2_task-rest_run-07_desc-tmask_fFD.txt,sub-INET047_ses-2_task-rest_run-07_desc-tmask_fFD.txt,236,0,0
sub-INET047,ses-3,task-rest,run-01,sub-INET047_ses-3_task-rest_run-01_bold.nii.gz,0,,,1.0,include,/gpfs/research/grattonlab/iNetworks/Nifti/derivatives/preproc_fmriprep-24.1.1/sub-INET047/ses-3/func/FD_outputs/sub-INET047_ses-3_task-rest_run-01_desc-tmask_fFD.txt,sub-INET047_ses-3_task-rest_run-01_desc-tmask_fFD.txt,262,0,0
sub-INET047,ses-3,task-rest,run-02,sub-INET047_ses-3_task-rest_run-02_bold.nii.gz,0,,,1.0,include,/gpfs/research/grattonlab/iNetworks/Nifti/derivatives/preproc_fmriprep-24.1.1/sub-INET047/ses-3/func/FD_outputs/sub-INET047_ses-3_task-rest_run-02_desc-tmask_fFD.txt,sub-INET047_ses-3_task-rest_run-02_desc-tmask_fFD.txt,264,0,0
sub-INET047,ses-3,task-rest,run-03,sub-INET047_ses-3_task-rest_run-03_bold.nii.gz,0,,,1.0,include,/gpfs/research/grattonlab/iNetworks/Nifti/derivatives/preproc_fmriprep-24.1.1/sub-INET047/ses-3/func/FD_outputs/sub-INET047_ses-3_task-rest_run-03_desc-tmask_fFD.txt,sub-INET047_ses-3_task-rest_run-03_desc-tmask_fFD.txt,255,0,0
sub-INET047,ses-3,task-rest,run-04,sub-INET047_ses-3_task-rest_run-04_bold.nii.gz,0,,,1.0,include,/gpfs/research/grattonlab/iNetworks/Nifti/derivatives/preproc_fmriprep-24.1.1/sub-INET047/ses-3/func/FD_outputs/sub-INET047_ses-3_task-rest_run-04_desc-tmask_fFD.txt,sub-INET047_ses-3_task-rest_run-04_desc-tmask_fFD.txt,232,0,0
sub-INET047,ses-3,task-rest,run-05,sub-INET047_ses-3_task-rest_run-05_bold.nii.gz,0,,,1.0,include,/gpfs/research/grattonlab/iNetworks/Nifti/derivatives/preproc_fmriprep-24.1.1/sub-INET047/ses-3/func/FD_outputs/sub-INET047_ses-3_task-rest_run-05_desc-tmask_fFD.txt,sub-INET047_ses-3_task-rest_run-05_desc-tmask_fFD.txt,240,0,0
sub-INET047,ses-3,task-rest,run-06,sub-INET047_ses-3_task-rest_run-06_bold.nii.gz,0,,,1.0,include,/gpfs/research/grattonlab/iNetworks/Nifti/derivatives/preproc_fmriprep-24.1.1/sub-INET047/ses-3/func/FD_outputs/sub-INET047_ses-3_task-rest_run-06_desc-tmask_fFD.txt,sub-INET047_ses-3_task-rest_run-06_desc-tmask_fFD.txt,252,0,0
sub-INET047,ses-3,task-rest,run-07,sub-INET047_ses-3_task-rest_run-07_bold.nii.gz,0,,,2.0,include,/gpfs/research/grattonlab/iNetworks/Nifti/derivatives/preproc_fmriprep-24.1.1/sub-INET047/ses-3/func/FD_outputs/sub-INET047_ses-3_task-rest_run-07_desc-tmask_fFD.txt,sub-INET047_ses-3_task-rest_run-07_desc-tmask_fFD.txt,246,0,0
sub-INET047,ses-3,task-rest,run-08,sub-INET047_ses-3_task-rest_run-08_bold.nii.gz,0,,,,include,/gpfs/research/grattonlab/iNetworks/Nifti/derivatives/preproc_fmriprep-24.1.1/sub-INET047/ses-3/func/FD_outputs/sub-INET047_ses-3_task-rest_run-08_desc-tmask_fFD.txt,sub-INET047_ses-3_task-rest_run-08_desc-tmask_fFD.txt,248,0,0
sub-INET047,ses-4,task-rest,run-01,sub-INET047_ses-4_task-rest_run-01_bold.nii.gz,0,,,1.0,include,/gpfs/research/grattonlab/iNetworks/Nifti/derivatives/preproc_fmriprep-24.1.1/sub-INET047/ses-4/func/FD_outputs/sub-INET047_ses-4_task-rest_run-01_desc-tmask_fFD.txt,sub-INET047_ses-4_task-rest_run-01_desc-tmask_fFD.txt,260,0,0
sub-INET047,ses-4,task-rest,run-02,sub-INET047_ses-4_task-rest_run-02_bold.nii.gz,0,,,1.0,include,/gpfs/research/grattonlab/iNetworks/Nifti/derivatives/preproc_fmriprep-24.1.1/sub-INET047/ses-4/func/FD_outputs/sub-INET047_ses-4_task-rest_run-02_desc-tmask_fFD.txt,sub-INET047_ses-4_task-rest_run-02_desc-tmask_fFD.txt,252,0,0
sub-INET047,ses-4,task-rest,run-03,sub-INET047_ses-4_task-rest_run-03_bold.nii.gz,0,,,1.0,include,/gpfs/research/grattonlab/iNetworks/Nifti/derivatives/preproc_fmriprep-24.1.1/sub-INET047/ses-4/func/FD_outputs/sub-INET047_ses-4_task-rest_run-03_desc-tmask_fFD.txt,sub-INET047_ses-4_task-rest_run-03_desc-tmask_fFD.txt,241,0,0
sub-INET047,ses-4,task-rest,run-04,sub-INET047_ses-4_task-rest_run-04_bold.nii.gz,0,,,1.0,include,/gpfs/research/grattonlab/iNetworks/Nifti/derivatives/preproc_fmriprep-24.1.1/sub-INET047/ses-4/func/FD_outputs/sub-INET047_ses-4_task-rest_run-04_desc-tmask_fFD.txt,sub-INET047_ses-4_task-rest_run-04_desc-tmask_fFD.txt,249,0,0
sub-INET047,ses-4,task-rest,run-05,sub-INET047_ses-4_task-rest_run-05_bold.nii.gz,0,,,1.0,include,/gpfs/research/grattonlab/iNetworks/Nifti/derivatives/preproc_fmriprep-24.1.1/sub-INET047/ses-4/func/FD_outputs/sub-INET047_ses-4_task-rest_run-05_desc-tmask_fFD.txt,sub-INET047_ses-4_task-rest_run-05_desc-tmask_fFD.txt,240,0,0
sub-INET047,ses-4,task-rest,run-06,sub-INET047_ses-4_task-rest_run-06_bold.nii.gz,0,,,1.0,include,/gpfs/research/grattonlab/iNetworks/Nifti/derivatives/preproc_fmriprep-24.1.1/sub-INET047/ses-4/func/FD_outputs/sub-INET047_ses-4_task-rest_run-06_desc-tmask_fFD.txt,sub-INET047_ses-4_task-rest_run-06_desc-tmask_fFD.txt,243,0,0
sub-INET047,ses-4,task-rest,run-07,sub-INET047_ses-4_task-rest_run-07_bold.nii.gz,0,,,1.0,include,/gpfs/research/grattonlab/iNetworks/Nifti/derivatives/preproc_fmriprep-24.1.1/sub-INET047/ses-4/func/FD_outputs/sub-INET047_ses-4_task-rest_run-07_desc-tmask_fFD.txt,sub-INET047_ses-4_task-rest_run-07_desc-tmask_fFD.txt,252,0,0
sub-INET047,ses-4,task-rest,run-08,sub-INET047_ses-4_task-rest_run-08_bold.nii.gz,0,,,1.0,include,/gpfs/research/grattonlab/iNetworks/Nifti/derivatives/preproc_fmriprep-24.1.1/sub-INET047/ses-4/func/FD_outputs/sub-INET047_ses-4_task-rest_run-08_desc-tmask_fFD.txt,sub-INET047_ses-4_task-rest_run-08_desc-tmask_fFD.txt,225,0,0
sub-INET047,ses-4,task-rest,run-09,sub-INET047_ses-4_task-rest_run-09_bold.nii.gz,0,,,,include,/gpfs/research/grattonlab/iNetworks/Nifti/derivatives/preproc_fmriprep-24.1.1/sub-INET047/ses-4/func/FD_outputs/sub-INET047_ses-4_task-rest_run-09_desc-tmask_fFD.txt,sub-INET047_ses-4_task-rest_run-09_desc-tmask_fFD.txt,258,0,0
sub-INET048,ses-1,task-rest,run-01,sub-INET048_ses-1_task-rest_run-01_bold.nii.gz,0,,,3.0,include,/gpfs/research/grattonlab/iNetworks/Nifti/derivatives/preproc_fmriprep-24.1.1/sub-INET048/ses-1/func/FD_outputs/sub-INET048_ses-1_task-rest_run-01_desc-tmask_fFD.txt,sub-INET048_ses-1_task-rest_run-01_desc-tmask_fFD.txt,263,0,0
sub-INET048,ses-1,task-rest,run-07,sub-INET048_ses-1_task-rest_run-07_bold.nii.gz,0,,,,include,/gpfs/research/grattonlab/iNetworks/Nifti/derivatives/preproc_fmriprep-24.1.1/sub-INET048/ses-1/func/FD_outputs/sub-INET048_ses-1_task-rest_run-07_desc-tmask_fFD.txt,sub-INET048_ses-1_task-rest_run-07_desc-tmask_fFD.txt,265,0,0
sub-INET048,ses-2,task-rest,run-01,sub-INET048_ses-2_task-rest_run-01_bold.nii.gz,0,,,3.0,include,/gpfs/research/grattonlab/iNetworks/Nifti/derivatives/preproc_fmriprep-24.1.1/sub-INET048/ses-2/func/FD_outputs/sub-INET048_ses-2_task-rest_run-01_desc-tmask_fFD.txt,sub-INET048_ses-2_task-rest_run-01_desc-tmask_fFD.txt,265,0,0
sub-INET048,ses-2,task-rest,run-07,sub-INET048_ses-2_task-rest_run-07_bold.nii.gz,0,,,,include,/gpfs/research/grattonlab/iNetworks/Nifti/derivatives/preproc_fmriprep-24.1.1/sub-INET048/ses-2/func/FD_outputs/sub-INET048_ses-2_task-rest_run-07_desc-tmask_fFD.txt,sub-INET048_ses-2_task-rest_run-07_desc-tmask_fFD.txt,257,0,0
sub-INET048,ses-3,task-rest,run-01,sub-INET048_ses-3_task-rest_run-01_bold.nii.gz,0,,,3.0,include,/gpfs/research/grattonlab/iNetworks/Nifti/derivatives/preproc_fmriprep-24.1.1/sub-INET048/ses-3/func/FD_outputs/sub-INET048_ses-3_task-rest_run-01_desc-tmask_fFD.txt,sub-INET048_ses-3_task-rest_run-01_desc-tmask_fFD.txt,263,0,0
sub-INET048,ses-3,task-rest,run-08,sub-INET048_ses-3_task-rest_run-08_bold.nii.gz,0,,,,include,/gpfs/research/grattonlab/iNetworks/Nifti/derivatives/preproc_fmriprep-24.1.1/sub-INET048/ses-3/func/FD_outputs/sub-INET048_ses-3_task-rest_run-08_desc-tmask_fFD.txt,sub-INET048_ses-3_task-rest_run-08_desc-tmask_fFD.txt,241,0,0
sub-INET048,ses-4,task-rest,run-01,sub-INET048_ses-4_task-rest_run-01_bold.nii.gz,0,,,3.0,include,/gpfs/research/grattonlab/iNetworks/Nifti/derivatives/preproc_fmriprep-24.1.1/sub-INET048/ses-4/func/FD_outputs/sub-INET048_ses-4_task-rest_run-01_desc-tmask_fFD.txt,sub-INET048_ses-4_task-rest_run-01_desc-tmask_fFD.txt,264,0,0
sub-INET048,ses-4,task-rest,run-09,sub-INET048_ses-4_task-rest_run-09_bold.nii.gz,0,,,,include,/gpfs/research/grattonlab/iNetworks/Nifti/derivatives/preproc_fmriprep-24.1.1/sub-INET048/ses-4/func/FD_outputs/sub-INET048_ses-4_task-rest_run-09_desc-tmask_fFD.txt,sub-INET048_ses-4_task-rest_run-09_desc-tmask_fFD.txt,265,0,0
sub-INET049,ses-1,task-rest,run-01,sub-INET049_ses-1_task-rest_run-01_bold.nii.gz,0,,,1.0,include,/gpfs/research/grattonlab/iNetworks/Nifti/derivatives/preproc_fmriprep-24.1.1/sub-INET049/ses-1/func/FD_outputs/sub-INET049_ses-1_task-rest_run-01_desc-tmask_fFD.txt,sub-INET049_ses-1_task-rest_run-01_desc-tmask_fFD.txt,250,0,0
sub-INET049,ses-1,task-rest,run-02,sub-INET049_ses-1_task-rest_run-02_bold.nii.gz,0,,,2.0,include,/gpfs/research/grattonlab/iNetworks/Nifti/derivatives/preproc_fmriprep-24.1.1/sub-INET049/ses-1/func/FD_outputs/sub-INET049_ses-1_task-rest_run-02_desc-tmask_fFD.txt,sub-INET049_ses-1_task-rest_run-02_desc-tmask_fFD.txt,255,0,0
sub-INET049,ses-1,task-rest,run-07,sub-INET049_ses-1_task-rest_run-07_bold.nii.gz,0,,,,include,/gpfs/research/grattonlab/iNetworks/Nifti/derivatives/preproc_fmriprep-24.1.1/sub-INET049/ses-1/func/FD_outputs/sub-INET049_ses-1_task-rest_run-07_desc-tmask_fFD.txt,sub-INET049_ses-1_task-rest_run-07_desc-tmask_fFD.txt,199,0,0
sub-INET049,ses-2,task-rest,run-01,sub-INET049_ses-2_task-rest_run-01_bold.nii.gz,0,,,1.0,include,/gpfs/research/grattonlab/iNetworks/Nifti/derivatives/preproc_fmriprep-24.1.1/sub-INET049/ses-2/func/FD_outputs/sub-INET049_ses-2_task-rest_run-01_desc-tmask_fFD.txt,sub-INET049_ses-2_task-rest_run-01_desc-tmask_fFD.txt,262,0,0
sub-INET049,ses-2,task-rest,run-02,sub-INET049_ses-2_task-rest_run-02_bold.nii.gz,0,,,2.0,include,/gpfs/research/grattonlab/iNetworks/Nifti/derivatives/preproc_fmriprep-24.1.1/sub-INET049/ses-2/func/FD_outputs/sub-INET049_ses-2_task-rest_run-02_desc-tmask_fFD.txt,sub-INET049_ses-2_task-rest_run-02_desc-tmask_fFD.txt,260,0,0
sub-INET049,ses-2,task-rest,run-04,sub-INET049_ses-2_task-rest_run-04_bold.nii.gz,0,,,3.0,include,/gpfs/research/grattonlab/iNetworks/Nifti/derivatives/preproc_fmriprep-24.1.1/sub-INET049/ses-2/func/FD_outputs/sub-INET049_ses-2_task-rest_run-04_desc-tmask_fFD.txt,sub-INET049_ses-2_task-rest_run-04_desc-tmask_fFD.txt,187,0,0
sub-INET049,ses-2,task-rest,run-07,sub-INET049_ses-2_task-rest_run-07_bold.nii.gz,0,,,,include,/gpfs/research/grattonlab/iNetworks/Nifti/derivatives/preproc_fmriprep-24.1.1/sub-INET049/ses-2/func/FD_outputs/sub-INET049_ses-2_task-rest_run-07_desc-tmask_fFD.txt,sub-INET049_ses-2_task-rest_run-07_desc-tmask_fFD.txt,264,0,0
sub-INET049,ses-3,task-rest,run-01,sub-INET049_ses-3_task-rest_run-01_bold.nii.gz,0,,,2.0,include,/gpfs/research/grattonlab/iNetworks/Nifti/derivatives/preproc_fmriprep-24.1.1/sub-INET049/ses-3/func/FD_outputs/sub-INET049_ses-3_task-rest_run-01_desc-tmask_fFD.txt,sub-INET049_ses-3_task-rest_run-01_desc-tmask_fFD.txt,215,0,0
sub-INET049,ses-3,task-rest,run-02,sub-INET049_ses-3_task-rest_run-02_bold.nii.gz,0,,,3.0,include,/gpfs/research/grattonlab/iNetworks/Nifti/derivatives/preproc_fmriprep-24.1.1/sub-INET049/ses-3/func/FD_outputs/sub-INET049_ses-3_task-rest_run-02_desc-tmask_fFD.txt,sub-INET049_ses-3_task-rest_run-02_desc-tmask_fFD.txt,251,0,0
sub-INET049,ses-3,task-rest,run-09,sub-INET049_ses-3_task-rest_run-09_bold.nii.gz,0,,,,include,/gpfs/research/grattonlab/iNetworks/Nifti/derivatives/preproc_fmriprep-24.1.1/sub-INET049/ses-3/func/FD_outputs/sub-INET049_ses-3_task-rest_run-09_desc-tmask_fFD.txt,sub-INET049_ses-3_task-rest_run-09_desc-tmask_fFD.txt,242,0,0
sub-INET049,ses-4,task-rest,run-01,sub-INET049_ses-4_task-rest_run-01_bold.nii.gz,0,,,3.0,include,/gpfs/research/grattonlab/iNetworks/Nifti/derivatives/preproc_fmriprep-24.1.1/sub-INET049/ses-4/func/FD_outputs/sub-INET049_ses-4_task-rest_run-01_desc-tmask_fFD.txt,sub-INET049_ses-4_task-rest_run-01_desc-tmask_fFD.txt,248,0,0
sub-INET049,ses-4,task-rest,run-03,sub-INET049_ses-4_task-rest_run-03_bold.nii.gz,0,,,3.0,include,/gpfs/research/grattonlab/iNetworks/Nifti/derivatives/preproc_fmriprep-24.1.1/sub-INET049/ses-4/func/FD_outputs/sub-INET049_ses-4_task-rest_run-03_desc-tmask_fFD.txt,sub-INET049_ses-4_task-rest_run-03_desc-tmask_fFD.txt,246,0,0
sub-INET049,ses-4,task-rest,run-07,sub-INET049_ses-4_task-rest_run-07_bold.nii.gz,0,,,,include,/gpfs/research/grattonlab/iNetworks/Nifti/derivatives/preproc_fmriprep-24.1.1/sub-INET049/ses-4/func/FD_outputs/sub-INET049_ses-4_task-rest_run-07_desc-tmask_fFD.txt,sub-INET049_ses-4_task-rest_run-07_desc-tmask_fFD.txt,258,0,0
sub-INET050,ses-1,task-rest,run-01,sub-INET050_ses-1_task-rest_run-01_bold.nii.gz,0,,,2.0,include,/gpfs/research/grattonlab/iNetworks/Nifti/derivatives/preproc_fmriprep-24.1.1/sub-INET050/ses-1/func/FD_outputs/sub-INET050_ses-1_task-rest_run-01_desc-tmask_fFD.txt,sub-INET050_ses-1_task-rest_run-01_desc-tmask_fFD.txt,265,0,0
sub-INET050,ses-1,task-rest,run-02,sub-INET050_ses-1_task-rest_run-02_bold.nii.gz,0,,,2.0,include,/gpfs/research/grattonlab/iNetworks/Nifti/derivatives/preproc_fmriprep-24.1.1/sub-INET050/ses-1/func/FD_outputs/sub-INET050_ses-1_task-rest_run-02_desc-tmask_fFD.txt,sub-INET050_ses-1_task-rest_run-02_desc-tmask_fFD.txt,265,0,0
sub-INET050,ses-1,task-rest,run-03,sub-INET050_ses-1_task-rest_run-03_bold.nii.gz,0,,,2.0,include,/gpfs/research/grattonlab/iNetworks/Nifti/derivatives/preproc_fmriprep-24.1.1/sub-INET050/ses-1/func/FD_outputs/sub-INET050_ses-1_task-rest_run-03_desc-tmask_fFD.txt,sub-INET050_ses-1_task-rest_run-03_desc-tmask_fFD.txt,265,0,0
sub-INET050,ses-1,task-rest,run-04,sub-INET050_ses-1_task-rest_run-04_bold.nii.gz,0,,,3.0,include,/gpfs/research/grattonlab/iNetworks/Nifti/derivatives/preproc_fmriprep-24.1.1/sub-INET050/ses-1/func/FD_outputs/sub-INET050_ses-1_task-rest_run-04_desc-tmask_fFD.txt,sub-INET050_ses-1_task-rest_run-04_desc-tmask_fFD.txt,264,0,0
sub-INET050,ses-1,task-rest,run-05,sub-INET050_ses-1_task-rest_run-05_bold.nii.gz,0,,,1.0,include,/gpfs/research/grattonlab/iNetworks/Nifti/derivatives/preproc_fmriprep-24.1.1/sub-INET050/ses-1/func/FD_outputs/sub-INET050_ses-1_task-rest_run-05_desc-tmask_fFD.txt,sub-INET050_ses-1_task-rest_run-05_desc-tmask_fFD.txt,265,0,0
sub-INET050,ses-1,task-rest,run-06,sub-INET050_ses-1_task-rest_run-06_bold.nii.gz,0,,,1.0,include,/gpfs/research/grattonlab/iNetworks/Nifti/derivatives/preproc_fmriprep-24.1.1/sub-INET050/ses-1/func/FD_outputs/sub-INET050_ses-1_task-rest_run-06_desc-tmask_fFD.txt,sub-INET050_ses-1_task-rest_run-06_desc-tmask_fFD.txt,264,0,0
sub-INET050,ses-1,task-rest,run-07,sub-INET050_ses-1_task-rest_run-07_bold.nii.gz,0,,,1.0,include,/gpfs/research/grattonlab/iNetworks/Nifti/derivatives/preproc_fmriprep-24.1.1/sub-INET050/ses-1/func/FD_outputs/sub-INET050_ses-1_task-rest_run-07_desc-tmask_fFD.txt,sub-INET050_ses-1_task-rest_run-07_desc-tmask_fFD.txt,265,0,0
sub-INET050,ses-1,task-rest,run-08,sub-INET050_ses-1_task-rest_run-08_bold.nii.gz,0,,,,include,/gpfs/research/grattonlab/iNetworks/Nifti/derivatives/preproc_fmriprep-24.1.1/sub-INET050/ses-1/func/FD_outputs/sub-INET050_ses-1_task-rest_run-08_desc-tmask_fFD.txt,sub-INET050_ses-1_task-rest_run-08_desc-tmask_fFD.txt,264,0,0
sub-INET050,ses-2,task-rest,run-01,sub-INET050_ses-2_task-rest_run-01_bold.nii.gz,0,,,1.0,include,/gpfs/research/grattonlab/iNetworks/Nifti/derivatives/preproc_fmriprep-24.1.1/sub-INET050/ses-2/func/FD_outputs/sub-INET050_ses-2_task-rest_run-01_desc-tmask_fFD.txt,sub-INET050_ses-2_task-rest_run-01_desc-tmask_fFD.txt,265,0,0
sub-INET050,ses-2,task-rest,run-02,sub-INET050_ses-2_task-rest_run-02_bold.nii.gz,0,,,1.0,include,/gpfs/research/grattonlab/iNetworks/Nifti/derivatives/preproc_fmriprep-24.1.1/sub-INET050/ses-2/func/FD_outputs/sub-INET050_ses-2_task-rest_run-02_desc-tmask_fFD.txt,sub-INET050_ses-2_task-rest_run-02_desc-tmask_fFD.txt,264,0,0
sub-INET050,ses-2,task-rest,run-03,sub-INET050_ses-2_task-rest_run-03_bold.nii.gz,0,,,1.0,include,/gpfs/research/grattonlab/iNetworks/Nifti/derivatives/preproc_fmriprep-24.1.1/sub-INET050/ses-2/func/FD_outputs/sub-INET050_ses-2_task-rest_run-03_desc-tmask_fFD.txt,sub-INET050_ses-2_task-rest_run-03_desc-tmask_fFD.txt,264,0,0
sub-INET050,ses-2,task-rest,run-04,sub-INET050_ses-2_task-rest_run-04_bold.nii.gz,0,,,2.0,include,/gpfs/research/grattonlab/iNetworks/Nifti/derivatives/preproc_fmriprep-24.1.1/sub-INET050/ses-2/func/FD_outputs/sub-INET050_ses-2_task-rest_run-04_desc-tmask_fFD.txt,sub-INET050_ses-2_task-rest_run-04_desc-tmask_fFD.txt,264,0,0
sub-INET050,ses-2,task-rest,run-05,sub-INET050_ses-2_task-rest_run-05_bold.nii.gz,0,,,1.0,include,/gpfs/research/grattonlab/iNetworks/Nifti/derivatives/preproc_fmriprep-24.1.1/sub-INET050/ses-2/func/FD_outputs/sub-INET050_ses-2_task-rest_run-05_desc-tmask_fFD.txt,sub-INET050_ses-2_task-rest_run-05_desc-tmask_fFD.txt,264,0,0
sub-INET050,ses-2,task-rest,run-06,sub-INET050_ses-2_task-rest_run-06_bold.nii.gz,0,,,2.0,include,/gpfs/research/grattonlab/iNetworks/Nifti/derivatives/preproc_fmriprep-24.1.1/sub-INET050/ses-2/func/FD_outputs/sub-INET050_ses-2_task-rest_run-06_desc-tmask_fFD.txt,sub-INET050_ses-2_task-rest_run-06_desc-tmask_fFD.txt,264,0,0
sub-INET050,ses-2,task-rest,run-07,sub-INET050_ses-2_task-rest_run-07_bold.nii.gz,0,,,1.0,include,/gpfs/research/grattonlab/iNetworks/Nifti/derivatives/preproc_fmriprep-24.1.1/sub-INET050/ses-2/func/FD_outputs/sub-INET050_ses-2_task-rest_run-07_desc-tmask_fFD.txt,sub-INET050_ses-2_task-rest_run-07_desc-tmask_fFD.txt,264,0,0
sub-INET050,ses-2,task-rest,run-08,sub-INET050_ses-2_task-rest_run-08_bold.nii.gz,0,,,,include,/gpfs/research/grattonlab/iNetworks/Nifti/derivatives/preproc_fmriprep-24.1.1/sub-INET050/ses-2/func/FD_outputs/sub-INET050_ses-2_task-rest_run-08_desc-tmask_fFD.txt,sub-INET050_ses-2_task-rest_run-08_desc-tmask_fFD.txt,263,0,0
sub-INET050,ses-3,task-rest,run-01,sub-INET050_ses-3_task-rest_run-01_bold.nii.gz,0,,,2.0,include,/gpfs/research/grattonlab/iNetworks/Nifti/derivatives/preproc_fmriprep-24.1.1/sub-INET050/ses-3/func/FD_outputs/sub-INET050_ses-3_task-rest_run-01_desc-tmask_fFD.txt,sub-INET050_ses-3_task-rest_run-01_desc-tmask_fFD.txt,263,0,0
sub-INET050,ses-3,task-rest,run-02,sub-INET050_ses-3_task-rest_run-02_bold.nii.gz,0,,,1.0,include,/gpfs/research/grattonlab/iNetworks/Nifti/derivatives/preproc_fmriprep-24.1.1/sub-INET050/ses-3/func/FD_outputs/sub-INET050_ses-3_task-rest_run-02_desc-tmask_fFD.txt,sub-INET050_ses-3_task-rest_run-02_desc-tmask_fFD.txt,263,0,0
sub-INET050,ses-3,task-rest,run-03,sub-INET050_ses-3_task-rest_run-03_bold.nii.gz,0,,,1.0,include,/gpfs/research/grattonlab/iNetworks/Nifti/derivatives/preproc_fmriprep-24.1.1/sub-INET050/ses-3/func/FD_outputs/sub-INET050_ses-3_task-rest_run-03_desc-tmask_fFD.txt,sub-INET050_ses-3_task-rest_run-03_desc-tmask_fFD.txt,264,0,0
sub-INET050,ses-3,task-rest,run-04,sub-INET050_ses-3_task-rest_run-04_bold.nii.gz,0,,,1.0,include,/gpfs/research/grattonlab/iNetworks/Nifti/derivatives/preproc_fmriprep-24.1.1/sub-INET050/ses-3/func/FD_outputs/sub-INET050_ses-3_task-rest_run-04_desc-tmask_fFD.txt,sub-INET050_ses-3_task-rest_run-04_desc-tmask_fFD.txt,265,0,0
sub-INET050,ses-3,task-rest,run-06,sub-INET050_ses-3_task-rest_run-06_bold.nii.gz,0,,,3.0,include,/gpfs/research/grattonlab/iNetworks/Nifti/derivatives/preproc_fmriprep-24.1.1/sub-INET050/ses-3/func/FD_outputs/sub-INET050_ses-3_task-rest_run-06_desc-tmask_fFD.txt,sub-INET050_ses-3_task-rest_run-06_desc-tmask_fFD.txt,264,0,0
sub-INET050,ses-3,task-rest,run-07,sub-INET050_ses-3_task-rest_run-07_bold.nii.gz,0,,,2.0,include,/gpfs/research/grattonlab/iNetworks/Nifti/derivatives/preproc_fmriprep-24.1.1/sub-INET050/ses-3/func/FD_outputs/sub-INET050_ses-3_task-rest_run-07_desc-tmask_fFD.txt,sub-INET050_ses-3_task-rest_run-07_desc-tmask_fFD.txt,264,0,0
sub-INET050,ses-3,task-rest,run-08,sub-INET050_ses-3_task-rest_run-08_bold.nii.gz,0,,,,include,/gpfs/research/grattonlab/iNetworks/Nifti/derivatives/preproc_fmriprep-24.1.1/sub-INET050/ses-3/func/FD_outputs/sub-INET050_ses-3_task-rest_run-08_desc-tmask_fFD.txt,sub-INET050_ses-3_task-rest_run-08_desc-tmask_fFD.txt,264,0,0
sub-INET050,ses-4,task-rest,run-01,sub-INET050_ses-4_task-rest_run-01_bold.nii.gz,0,,,1.0,include,/gpfs/research/grattonlab/iNetworks/Nifti/derivatives/preproc_fmriprep-24.1.1/sub-INET050/ses-4/func/FD_outputs/sub-INET050_ses-4_task-rest_run-01_desc-tmask_fFD.txt,sub-INET050_ses-4_task-rest_run-01_desc-tmask_fFD.txt,265,0,0
sub-INET050,ses-4,task-rest,run-02,sub-INET050_ses-4_task-rest_run-02_bold.nii.gz,0,,,1.0,include,/gpfs/research/grattonlab/iNetworks/Nifti/derivatives/preproc_fmriprep-24.1.1/sub-INET050/ses-4/func/FD_outputs/sub-INET050_ses-4_task-rest_run-02_desc-tmask_fFD.txt,sub-INET050_ses-4_task-rest_run-02_desc-tmask_fFD.txt,264,0,0
sub-INET050,ses-4,task-rest,run-03,sub-INET050_ses-4_task-rest_run-03_bold.nii.gz,0,,,2.0,include,/gpfs/research/grattonlab/iNetworks/Nifti/derivatives/preproc_fmriprep-24.1.1/sub-INET050/ses-4/func/FD_outputs/sub-INET050_ses-4_task-rest_run-03_desc-tmask_fFD.txt,sub-INET050_ses-4_task-rest_run-03_desc-tmask_fFD.txt,264,0,0
sub-INET050,ses-4,task-rest,run-04,sub-INET050_ses-4_task-rest_run-04_bold.nii.gz,0,,,1.0,include,/gpfs/research/grattonlab/iNetworks/Nifti/derivatives/preproc_fmriprep-24.1.1/sub-INET050/ses-4/func/FD_outputs/sub-INET050_ses-4_task-rest_run-04_desc-tmask_fFD.txt,sub-INET050_ses-4_task-rest_run-04_desc-tmask_fFD.txt,265,0,0
sub-INET050,ses-4,task-rest,run-05,sub-INET050_ses-4_task-rest_run-05_bold.nii.gz,0,,,1.0,include,/gpfs/research/grattonlab/iNetworks/Nifti/derivatives/preproc_fmriprep-24.1.1/sub-INET050/ses-4/func/FD_outputs/sub-INET050_ses-4_task-rest_run-05_desc-tmask_fFD.txt,sub-INET050_ses-4_task-rest_run-05_desc-tmask_fFD.txt,264,0,0
sub-INET050,ses-4,task-rest,run-06,sub-INET050_ses-4_task-rest_run-06_bold.nii.gz,0,,,3.0,include,/gpfs/research/grattonlab/iNetworks/Nifti/derivatives/preproc_fmriprep-24.1.1/sub-INET050/ses-4/func/FD_outputs/sub-INET050_ses-4_task-rest_run-06_desc-tmask_fFD.txt,sub-INET050_ses-4_task-rest_run-06_desc-tmask_fFD.txt,265,0,0
sub-INET050,ses-4,task-rest,run-07,sub-INET050_ses-4_task-rest_run-07_bold.nii.gz,0,,,2.0,include,/gpfs/research/grattonlab/iNetworks/Nifti/derivatives/preproc_fmriprep-24.1.1/sub-INET050/ses-4/func/FD_outputs/sub-INET050_ses-4_task-rest_run-07_desc-tmask_fFD.txt,sub-INET050_ses-4_task-rest_run-07_desc-tmask_fFD.txt,263,0,0
sub-INET050,ses-4,task-rest,run-08,sub-INET050_ses-4_task-rest_run-08_bold.nii.gz,0,,,1.0,include,/gpfs/research/grattonlab/iNetworks/Nifti/derivatives/preproc_fmriprep-24.1.1/sub-INET050/ses-4/func/FD_outputs/sub-INET050_ses-4_task-rest_run-08_desc-tmask_fFD.txt,sub-INET050_ses-4_task-rest_run-08_desc-tmask_fFD.txt,264,0,0
sub-INET050,ses-4,task-rest,run-09,sub-INET050_ses-4_task-rest_run-09_bold.nii.gz,0,,,,include,/gpfs/research/grattonlab/iNetworks/Nifti/derivatives/preproc_fmriprep-24.1.1/sub-INET050/ses-4/func/FD_outputs/sub-INET050_ses-4_task-rest_run-09_desc-tmask_fFD.txt,sub-INET050_ses-4_task-rest_run-09_desc-tmask_fFD.txt,264,0,0
sub-INET051,ses-1,task-rest,run-01,sub-INET051_ses-1_task-rest_run-01_bold.nii.gz,0,,,2.0,include,/gpfs/research/grattonlab/iNetworks/Nifti/derivatives/preproc_fmriprep-24.1.1/sub-INET051/ses-1/func/FD_outputs/sub-INET051_ses-1_task-rest_run-01_desc-tmask_fFD.txt,sub-INET051_ses-1_task-rest_run-01_desc-tmask_fFD.txt,265,0,0
sub-INET051,ses-1,task-rest,run-02,sub-INET051_ses-1_task-rest_run-02_bold.nii.gz,0,,,1.0,include,/gpfs/research/grattonlab/iNetworks/Nifti/derivatives/preproc_fmriprep-24.1.1/sub-INET051/ses-1/func/FD_outputs/sub-INET051_ses-1_task-rest_run-02_desc-tmask_fFD.txt,sub-INET051_ses-1_task-rest_run-02_desc-tmask_fFD.txt,264,0,0
sub-INET051,ses-1,task-rest,run-03,sub-INET051_ses-1_task-rest_run-03_bold.nii.gz,0,,,2.0,include,/gpfs/research/grattonlab/iNetworks/Nifti/derivatives/preproc_fmriprep-24.1.1/sub-INET051/ses-1/func/FD_outputs/sub-INET051_ses-1_task-rest_run-03_desc-tmask_fFD.txt,sub-INET051_ses-1_task-rest_run-03_desc-tmask_fFD.txt,265,0,0
sub-INET051,ses-1,task-rest,run-04,sub-INET051_ses-1_task-rest_run-04_bold.nii.gz,0,,,2.0,include,/gpfs/research/grattonlab/iNetworks/Nifti/derivatives/preproc_fmriprep-24.1.1/sub-INET051/ses-1/func/FD_outputs/sub-INET051_ses-1_task-rest_run-04_desc-tmask_fFD.txt,sub-INET051_ses-1_task-rest_run-04_desc-tmask_fFD.txt,265,0,0
sub-INET051,ses-1,task-rest,run-05,sub-INET051_ses-1_task-rest_run-05_bold.nii.gz,0,,,2.0,include,/gpfs/research/grattonlab/iNetworks/Nifti/derivatives/preproc_fmriprep-24.1.1/sub-INET051/ses-1/func/FD_outputs/sub-INET051_ses-1_task-rest_run-05_desc-tmask_fFD.txt,sub-INET051_ses-1_task-rest_run-05_desc-tmask_fFD.txt,265,0,0
sub-INET051,ses-1,task-rest,run-06,sub-INET051_ses-1_task-rest_run-06_bold.nii.gz,0,,,2.0,include,/gpfs/research/grattonlab/iNetworks/Nifti/derivatives/preproc_fmriprep-24.1.1/sub-INET051/ses-1/func/FD_outputs/sub-INET051_ses-1_task-rest_run-06_desc-tmask_fFD.txt,sub-INET051_ses-1_task-rest_run-06_desc-tmask_fFD.txt,265,0,0
sub-INET051,ses-1,task-rest,run-07,sub-INET051_ses-1_task-rest_run-07_bold.nii.gz,0,,,,include,/gpfs/research/grattonlab/iNetworks/Nifti/derivatives/preproc_fmriprep-24.1.1/sub-INET051/ses-1/func/FD_outputs/sub-INET051_ses-1_task-rest_run-07_desc-tmask_fFD.txt,sub-INET051_ses-1_task-rest_run-07_desc-tmask_fFD.txt,265,0,0
sub-INET051,ses-2,task-rest,run-01,sub-INET051_ses-2_task-rest_run-01_bold.nii.gz,0,,field map 1,1.0,include,/gpfs/research/grattonlab/iNetworks/Nifti/derivatives/preproc_fmriprep-24.1.1/sub-INET051/ses-2/func/FD_outputs/sub-INET051_ses-2_task-rest_run-01_desc-tmask_fFD.txt,sub-INET051_ses-2_task-rest_run-01_desc-tmask_fFD.txt,265,0,0
sub-INET051,ses-2,task-rest,run-02,sub-INET051_ses-2_task-rest_run-02_bold.nii.gz,0,,field map 1,2.0,include,/gpfs/research/grattonlab/iNetworks/Nifti/derivatives/preproc_fmriprep-24.1.1/sub-INET051/ses-2/func/FD_outputs/sub-INET051_ses-2_task-rest_run-02_desc-tmask_fFD.txt,sub-INET051_ses-2_task-rest_run-02_desc-tmask_fFD.txt,265,0,0
sub-INET051,ses-2,task-rest,run-03,sub-INET051_ses-2_task-rest_run-03_bold.nii.gz,0,,field map 1,2.0,include,/gpfs/research/grattonlab/iNetworks/Nifti/derivatives/preproc_fmriprep-24.1.1/sub-INET051/ses-2/func/FD_outputs/sub-INET051_ses-2_task-rest_run-03_desc-tmask_fFD.txt,sub-INET051_ses-2_task-rest_run-03_desc-tmask_fFD.txt,263,0,0
sub-INET051,ses-2,task-rest,run-04,sub-INET051_ses-2_task-rest_run-04_bold.nii.gz,0,,field map 1,1.0,include,/gpfs/research/grattonlab/iNetworks/Nifti/derivatives/preproc_fmriprep-24.1.1/sub-INET051/ses-2/func/FD_outputs/sub-INET051_ses-2_task-rest_run-04_desc-tmask_fFD.txt,sub-INET051_ses-2_task-rest_run-04_desc-tmask_fFD.txt,265,0,0
sub-INET051,ses-2,task-rest,run-05,sub-INET051_ses-2_task-rest_run-05_bold.nii.gz,0,,field map 2,1.0,include,/gpfs/research/grattonlab/iNetworks/Nifti/derivatives/preproc_fmriprep-24.1.1/sub-INET051/ses-2/func/FD_outputs/sub-INET051_ses-2_task-rest_run-05_desc-tmask_fFD.txt,sub-INET051_ses-2_task-rest_run-05_desc-tmask_fFD.txt,264,0,0
sub-INET051,ses-2,task-rest,run-06,sub-INET051_ses-2_task-rest_run-06_bold.nii.gz,0,,field map 2,2.0,include,/gpfs/research/grattonlab/iNetworks/Nifti/derivatives/preproc_fmriprep-24.1.1/sub-INET051/ses-2/func/FD_outputs/sub-INET051_ses-2_task-rest_run-06_desc-tmask_fFD.txt,sub-INET051_ses-2_task-rest_run-06_desc-tmask_fFD.txt,265,0,0
sub-INET051,ses-2,task-rest,run-07,sub-INET051_ses-2_task-rest_run-07_bold.nii.gz,0,,field map 2,,include,/gpfs/research/grattonlab/iNetworks/Nifti/derivatives/preproc_fmriprep-24.1.1/sub-INET051/ses-2/func/FD_outputs/sub-INET051_ses-2_task-rest_run-07_desc-tmask_fFD.txt,sub-INET051_ses-2_task-rest_run-07_desc-tmask_fFD.txt,265,0,0
sub-INET051,ses-3,task-rest,run-01,sub-INET051_ses-3_task-rest_run-01_bold.nii.gz,0,,,1.0,include,/gpfs/research/grattonlab/iNetworks/Nifti/derivatives/preproc_fmriprep-24.1.1/sub-INET051/ses-3/func/FD_outputs/sub-INET051_ses-3_task-rest_run-01_desc-tmask_fFD.txt,sub-INET051_ses-3_task-rest_run-01_desc-tmask_fFD.txt,264,0,0
sub-INET051,ses-3,task-rest,run-02,sub-INET051_ses-3_task-rest_run-02_bold.nii.gz,0,,,2.0,include,/gpfs/research/grattonlab/iNetworks/Nifti/derivatives/preproc_fmriprep-24.1.1/sub-INET051/ses-3/func/FD_outputs/sub-INET051_ses-3_task-rest_run-02_desc-tmask_fFD.txt,sub-INET051_ses-3_task-rest_run-02_desc-tmask_fFD.txt,265,0,0
sub-INET051,ses-3,task-rest,run-03,sub-INET051_ses-3_task-rest_run-03_bold.nii.gz,0,,,2.0,include,/gpfs/research/grattonlab/iNetworks/Nifti/derivatives/preproc_fmriprep-24.1.1/sub-INET051/ses-3/func/FD_outputs/sub-INET051_ses-3_task-rest_run-03_desc-tmask_fFD.txt,sub-INET051_ses-3_task-rest_run-03_desc-tmask_fFD.txt,264,0,0
sub-INET051,ses-3,task-rest,run-04,sub-INET051_ses-3_task-rest_run-04_bold.nii.gz,0,,,2.0,include,/gpfs/research/grattonlab/iNetworks/Nifti/derivatives/preproc_fmriprep-24.1.1/sub-INET051/ses-3/func/FD_outputs/sub-INET051_ses-3_task-rest_run-04_desc-tmask_fFD.txt,sub-INET051_ses-3_task-rest_run-04_desc-tmask_fFD.txt,265,0,0
sub-INET051,ses-3,task-rest,run-05,sub-INET051_ses-3_task-rest_run-05_bold.nii.gz,0,,,2.0,include,/gpfs/research/grattonlab/iNetworks/Nifti/derivatives/preproc_fmriprep-24.1.1/sub-INET051/ses-3/func/FD_outputs/sub-INET051_ses-3_task-rest_run-05_desc-tmask_fFD.txt,sub-INET051_ses-3_task-rest_run-05_desc-tmask_fFD.txt,264,0,0
sub-INET051,ses-3,task-rest,run-06,sub-INET051_ses-3_task-rest_run-06_bold.nii.gz,0,,,1.0,include,/gpfs/research/grattonlab/iNetworks/Nifti/derivatives/preproc_fmriprep-24.1.1/sub-INET051/ses-3/func/FD_outputs/sub-INET051_ses-3_task-rest_run-06_desc-tmask_fFD.txt,sub-INET051_ses-3_task-rest_run-06_desc-tmask_fFD.txt,265,0,0
sub-INET051,ses-3,task-rest,run-07,sub-INET051_ses-3_task-rest_run-07_bold.nii.gz,0,,,1.0,include,/gpfs/research/grattonlab/iNetworks/Nifti/derivatives/preproc_fmriprep-24.1.1/sub-INET051/ses-3/func/FD_outputs/sub-INET051_ses-3_task-rest_run-07_desc-tmask_fFD.txt,sub-INET051_ses-3_task-rest_run-07_desc-tmask_fFD.txt,265,0,0
sub-INET051,ses-3,task-rest,run-08,sub-INET051_ses-3_task-rest_run-08_bold.nii.gz,0,,,,include,/gpfs/research/grattonlab/iNetworks/Nifti/derivatives/preproc_fmriprep-24.1.1/sub-INET051/ses-3/func/FD_outputs/sub-INET051_ses-3_task-rest_run-08_desc-tmask_fFD.txt,sub-INET051_ses-3_task-rest_run-08_desc-tmask_fFD.txt,265,0,0
sub-INET051,ses-4,task-rest,run-01,sub-INET051_ses-4_task-rest_run-01_bold.nii.gz,0,,,1.0,include,/gpfs/research/grattonlab/iNetworks/Nifti/derivatives/preproc_fmriprep-24.1.1/sub-INET051/ses-4/func/FD_outputs/sub-INET051_ses-4_task-rest_run-01_desc-tmask_fFD.txt,sub-INET051_ses-4_task-rest_run-01_desc-tmask_fFD.txt,264,0,0
sub-INET051,ses-4,task-rest,run-02,sub-INET051_ses-4_task-rest_run-02_bold.nii.gz,0,,,1.0,include,/gpfs/research/grattonlab/iNetworks/Nifti/derivatives/preproc_fmriprep-24.1.1/sub-INET051/ses-4/func/FD_outputs/sub-INET051_ses-4_task-rest_run-02_desc-tmask_fFD.txt,sub-INET051_ses-4_task-rest_run-02_desc-tmask_fFD.txt,265,0,0
sub-INET051,ses-4,task-rest,run-03,sub-INET051_ses-4_task-rest_run-03_bold.nii.gz,0,,,1.0,include,/gpfs/research/grattonlab/iNetworks/Nifti/derivatives/preproc_fmriprep-24.1.1/sub-INET051/ses-4/func/FD_outputs/sub-INET051_ses-4_task-rest_run-03_desc-tmask_fFD.txt,sub-INET051_ses-4_task-rest_run-03_desc-tmask_fFD.txt,265,0,0
sub-INET051,ses-4,task-rest,run-04,sub-INET051_ses-4_task-rest_run-04_bold.nii.gz,0,,,1.0,include,/gpfs/research/grattonlab/iNetworks/Nifti/derivatives/preproc_fmriprep-24.1.1/sub-INET051/ses-4/func/FD_outputs/sub-INET051_ses-4_task-rest_run-04_desc-tmask_fFD.txt,sub-INET051_ses-4_task-rest_run-04_desc-tmask_fFD.txt,265,0,0
sub-INET051,ses-4,task-rest,run-05,sub-INET051_ses-4_task-rest_run-05_bold.nii.gz,0,,,2.0,include,/gpfs/research/grattonlab/iNetworks/Nifti/derivatives/preproc_fmriprep-24.1.1/sub-INET051/ses-4/func/FD_outputs/sub-INET051_ses-4_task-rest_run-05_desc-tmask_fFD.txt,sub-INET051_ses-4_task-rest_run-05_desc-tmask_fFD.txt,265,0,0
sub-INET051,ses-4,task-rest,run-06,sub-INET051_ses-4_task-rest_run-06_bold.nii.gz,0,,,1.0,include,/gpfs/research/grattonlab/iNetworks/Nifti/derivatives/preproc_fmriprep-24.1.1/sub-INET051/ses-4/func/FD_outputs/sub-INET051_ses-4_task-rest_run-06_desc-tmask_fFD.txt,sub-INET051_ses-4_task-rest_run-06_desc-tmask_fFD.txt,265,0,0
sub-INET051,ses-4,task-rest,run-07,sub-INET051_ses-4_task-rest_run-07_bold.nii.gz,0,,,1.0,include,/gpfs/research/grattonlab/iNetworks/Nifti/derivatives/preproc_fmriprep-24.1.1/sub-INET051/ses-4/func/FD_outputs/sub-INET051_ses-4_task-rest_run-07_desc-tmask_fFD.txt,sub-INET051_ses-4_task-rest_run-07_desc-tmask_fFD.txt,265,0,0
sub-INET051,ses-4,task-rest,run-08,sub-INET051_ses-4_task-rest_run-08_bold.nii.gz,0,,,1.0,include,/gpfs/research/grattonlab/iNetworks/Nifti/derivatives/preproc_fmriprep-24.1.1/sub-INET051/ses-4/func/FD_outputs/sub-INET051_ses-4_task-rest_run-08_desc-tmask_fFD.txt,sub-INET051_ses-4_task-rest_run-08_desc-tmask_fFD.txt,265,0,0
sub-INET051,ses-4,task-rest,run-09,sub-INET051_ses-4_task-rest_run-09_bold.nii.gz,0,,,,include,/gpfs/research/grattonlab/iNetworks/Nifti/derivatives/preproc_fmriprep-24.1.1/sub-INET051/ses-4/func/FD_outputs/sub-INET051_ses-4_task-rest_run-09_desc-tmask_fFD.txt,sub-INET051_ses-4_task-rest_run-09_desc-tmask_fFD.txt,265,0,0
sub-INET052,ses-1,task-rest,run-07,sub-INET052_ses-1_task-rest_run-07_bold.nii.gz,0,,,,include,/gpfs/research/grattonlab/iNetworks/Nifti/derivatives/preproc_fmriprep-24.1.1/sub-INET052/ses-1/func/FD_outputs/sub-INET052_ses-1_task-rest_run-07_desc-tmask_fFD.txt,sub-INET052_ses-1_task-rest_run-07_desc-tmask_fFD.txt,264,0,0
sub-INET052,ses-3,task-rest,run-06,sub-INET052_ses-3_task-rest_run-06_bold.nii.gz,0,,,3.0,include,/gpfs/research/grattonlab/iNetworks/Nifti/derivatives/preproc_fmriprep-24.1.1/sub-INET052/ses-3/func/FD_outputs/sub-INET052_ses-3_task-rest_run-06_desc-tmask_fFD.txt,sub-INET052_ses-3_task-rest_run-06_desc-tmask_fFD.txt,258,0,0
sub-INET052,ses-3,task-rest,run-07,sub-INET052_ses-3_task-rest_run-07_bold.nii.gz,0,,,3.0,include,/gpfs/research/grattonlab/iNetworks/Nifti/derivatives/preproc_fmriprep-24.1.1/sub-INET052/ses-3/func/FD_outputs/sub-INET052_ses-3_task-rest_run-07_desc-tmask_fFD.txt,sub-INET052_ses-3_task-rest_run-07_desc-tmask_fFD.txt,247,0,0
sub-INET052,ses-3,task-rest,run-08,sub-INET052_ses-3_task-rest_run-08_bold.nii.gz,0,,,,include,/gpfs/research/grattonlab/iNetworks/Nifti/derivatives/preproc_fmriprep-24.1.1/sub-INET052/ses-3/func/FD_outputs/sub-INET052_ses-3_task-rest_run-08_desc-tmask_fFD.txt,sub-INET052_ses-3_task-rest_run-08_desc-tmask_fFD.txt,264,0,0
sub-INET052,ses-4,task-rest,run-05,sub-INET052_ses-4_task-rest_run-05_bold.nii.gz,0,,,3.0,include,/gpfs/research/grattonlab/iNetworks/Nifti/derivatives/preproc_fmriprep-24.1.1/sub-INET052/ses-4/func/FD_outputs/sub-INET052_ses-4_task-rest_run-05_desc-tmask_fFD.txt,sub-INET052_ses-4_task-rest_run-05_desc-tmask_fFD.txt,243,0,0
sub-INET052,ses-4,task-rest,run-06,sub-INET052_ses-4_task-rest_run-06_bold.nii.gz,0,,,2.0,include,/gpfs/research/grattonlab/iNetworks/Nifti/derivatives/preproc_fmriprep-24.1.1/sub-INET052/ses-4/func/FD_outputs/sub-INET052_ses-4_task-rest_run-06_desc-tmask_fFD.txt,sub-INET052_ses-4_task-rest_run-06_desc-tmask_fFD.txt,250,0,0
sub-INET052,ses-4,task-rest,run-08,sub-INET052_ses-4_task-rest_run-08_bold.nii.gz,0,,,,include,/gpfs/research/grattonlab/iNetworks/Nifti/derivatives/preproc_fmriprep-24.1.1/sub-INET052/ses-4/func/FD_outputs/sub-INET052_ses-4_task-rest_run-08_desc-tmask_fFD.txt,sub-INET052_ses-4_task-rest_run-08_desc-tmask_fFD.txt,265,0,0
sub-INET055,ses-1,task-rest,run-01,sub-INET055_ses-1_task-rest_run-01_bold.nii.gz,0,,,2.0,include,/gpfs/research/grattonlab/iNetworks/Nifti/derivatives/preproc_fmriprep-24.1.1/sub-INET055/ses-1/func/FD_outputs/sub-INET055_ses-1_task-rest_run-01_desc-tmask_fFD.txt,sub-INET055_ses-1_task-rest_run-01_desc-tmask_fFD.txt,264,0,0
sub-INET055,ses-1,task-rest,run-02,sub-INET055_ses-1_task-rest_run-02_bold.nii.gz,0,,,3.0,include,/gpfs/research/grattonlab/iNetworks/Nifti/derivatives/preproc_fmriprep-24.1.1/sub-INET055/ses-1/func/FD_outputs/sub-INET055_ses-1_task-rest_run-02_desc-tmask_fFD.txt,sub-INET055_ses-1_task-rest_run-02_desc-tmask_fFD.txt,264,0,0
sub-INET055,ses-1,task-rest,run-03,sub-INET055_ses-1_task-rest_run-03_bold.nii.gz,0,,,3.0,include,/gpfs/research/grattonlab/iNetworks/Nifti/derivatives/preproc_fmriprep-24.1.1/sub-INET055/ses-1/func/FD_outputs/sub-INET055_ses-1_task-rest_run-03_desc-tmask_fFD.txt,sub-INET055_ses-1_task-rest_run-03_desc-tmask_fFD.txt,265,0,0
sub-INET055,ses-1,task-rest,run-04,sub-INET055_ses-1_task-rest_run-04_bold.nii.gz,0,,,2.0,include,/gpfs/research/grattonlab/iNetworks/Nifti/derivatives/preproc_fmriprep-24.1.1/sub-INET055/ses-1/func/FD_outputs/sub-INET055_ses-1_task-rest_run-04_desc-tmask_fFD.txt,sub-INET055_ses-1_task-rest_run-04_desc-tmask_fFD.txt,248,0,0
sub-INET055,ses-1,task-rest,run-05,sub-INET055_ses-1_task-rest_run-05_bold.nii.gz,0,,,2.0,include,/gpfs/research/grattonlab/iNetworks/Nifti/derivatives/preproc_fmriprep-24.1.1/sub-INET055/ses-1/func/FD_outputs/sub-INET055_ses-1_task-rest_run-05_desc-tmask_fFD.txt,sub-INET055_ses-1_task-rest_run-05_desc-tmask_fFD.txt,258,0,0
sub-INET055,ses-1,task-rest,run-06,sub-INET055_ses-1_task-rest_run-06_bold.nii.gz,0,,,3.0,include,/gpfs/research/grattonlab/iNetworks/Nifti/derivatives/preproc_fmriprep-24.1.1/sub-INET055/ses-1/func/FD_outputs/sub-INET055_ses-1_task-rest_run-06_desc-tmask_fFD.txt,sub-INET055_ses-1_task-rest_run-06_desc-tmask_fFD.txt,260,0,0
sub-INET055,ses-1,task-rest,run-07,sub-INET055_ses-1_task-rest_run-07_bold.nii.gz,0,,,,include,/gpfs/research/grattonlab/iNetworks/Nifti/derivatives/preproc_fmriprep-24.1.1/sub-INET055/ses-1/func/FD_outputs/sub-INET055_ses-1_task-rest_run-07_desc-tmask_fFD.txt,sub-INET055_ses-1_task-rest_run-07_desc-tmask_fFD.txt,263,0,0
sub-INET055,ses-2,task-rest,run-01,sub-INET055_ses-2_task-rest_run-01_bold.nii.gz,0,,,2.0,include,/gpfs/research/grattonlab/iNetworks/Nifti/derivatives/preproc_fmriprep-24.1.1/sub-INET055/ses-2/func/FD_outputs/sub-INET055_ses-2_task-rest_run-01_desc-tmask_fFD.txt,sub-INET055_ses-2_task-rest_run-01_desc-tmask_fFD.txt,263,0,0
sub-INET055,ses-2,task-rest,run-02,sub-INET055_ses-2_task-rest_run-02_bold.nii.gz,0,,,1.0,include,/gpfs/research/grattonlab/iNetworks/Nifti/derivatives/preproc_fmriprep-24.1.1/sub-INET055/ses-2/func/FD_outputs/sub-INET055_ses-2_task-rest_run-02_desc-tmask_fFD.txt,sub-INET055_ses-2_task-rest_run-02_desc-tmask_fFD.txt,265,0,0
sub-INET055,ses-2,task-rest,run-03,sub-INET055_ses-2_task-rest_run-03_bold.nii.gz,0,,,3.0,include,/gpfs/research/grattonlab/iNetworks/Nifti/derivatives/preproc_fmriprep-24.1.1/sub-INET055/ses-2/func/FD_outputs/sub-INET055_ses-2_task-rest_run-03_desc-tmask_fFD.txt,sub-INET055_ses-2_task-rest_run-03_desc-tmask_fFD.txt,265,0,0
sub-INET055,ses-2,task-rest,run-04,sub-INET055_ses-2_task-rest_run-04_bold.nii.gz,0,,,3.0,include,/gpfs/research/grattonlab/iNetworks/Nifti/derivatives/preproc_fmriprep-24.1.1/sub-INET055/ses-2/func/FD_outputs/sub-INET055_ses-2_task-rest_run-04_desc-tmask_fFD.txt,sub-INET055_ses-2_task-rest_run-04_desc-tmask_fFD.txt,265,0,0
sub-INET055,ses-2,task-rest,run-07,sub-INET055_ses-2_task-rest_run-07_bold.nii.gz,0,,,,include,/gpfs/research/grattonlab/iNetworks/Nifti/derivatives/preproc_fmriprep-24.1.1/sub-INET055/ses-2/func/FD_outputs/sub-INET055_ses-2_task-rest_run-07_desc-tmask_fFD.txt,sub-INET055_ses-2_task-rest_run-07_desc-tmask_fFD.txt,265,0,0
sub-INET055,ses-3,task-rest,run-01,sub-INET055_ses-3_task-rest_run-01_bold.nii.gz,0,,,2.0,include,/gpfs/research/grattonlab/iNetworks/Nifti/derivatives/preproc_fmriprep-24.1.1/sub-INET055/ses-3/func/FD_outputs/sub-INET055_ses-3_task-rest_run-01_desc-tmask_fFD.txt,sub-INET055_ses-3_task-rest_run-01_desc-tmask_fFD.txt,264,0,0
sub-INET055,ses-3,task-rest,run-02,sub-INET055_ses-3_task-rest_run-02_bold.nii.gz,0,,,3.0,include,/gpfs/research/grattonlab/iNetworks/Nifti/derivatives/preproc_fmriprep-24.1.1/sub-INET055/ses-3/func/FD_outputs/sub-INET055_ses-3_task-rest_run-02_desc-tmask_fFD.txt,sub-INET055_ses-3_task-rest_run-02_desc-tmask_fFD.txt,264,0,0
sub-INET055,ses-3,task-rest,run-03,sub-INET055_ses-3_task-rest_run-03_bold.nii.gz,0,,,3.0,include,/gpfs/research/grattonlab/iNetworks/Nifti/derivatives/preproc_fmriprep-24.1.1/sub-INET055/ses-3/func/FD_outputs/sub-INET055_ses-3_task-rest_run-03_desc-tmask_fFD.txt,sub-INET055_ses-3_task-rest_run-03_desc-tmask_fFD.txt,264,0,0
sub-INET055,ses-3,task-rest,run-05,sub-INET055_ses-3_task-rest_run-05_bold.nii.gz,0,,,3.0,include,/gpfs/research/grattonlab/iNetworks/Nifti/derivatives/preproc_fmriprep-24.1.1/sub-INET055/ses-3/func/FD_outputs/sub-INET055_ses-3_task-rest_run-05_desc-tmask_fFD.txt,sub-INET055_ses-3_task-rest_run-05_desc-tmask_fFD.txt,264,0,0
sub-INET055,ses-3,task-rest,run-06,sub-INET055_ses-3_task-rest_run-06_bold.nii.gz,0,,,3.0,include,/gpfs/research/grattonlab/iNetworks/Nifti/derivatives/preproc_fmriprep-24.1.1/sub-INET055/ses-3/func/FD_outputs/sub-INET055_ses-3_task-rest_run-06_desc-tmask_fFD.txt,sub-INET055_ses-3_task-rest_run-06_desc-tmask_fFD.txt,265,0,0
sub-INET055,ses-4,task-rest,run-01,sub-INET055_ses-4_task-rest_run-01_bold.nii.gz,0,,,1.0,include,/gpfs/research/grattonlab/iNetworks/Nifti/derivatives/preproc_fmriprep-24.1.1/sub-INET055/ses-4/func/FD_outputs/sub-INET055_ses-4_task-rest_run-01_desc-tmask_fFD.txt,sub-INET055_ses-4_task-rest_run-01_desc-tmask_fFD.txt,264,0,0
sub-INET055,ses-4,task-rest,run-02,sub-INET055_ses-4_task-rest_run-02_bold.nii.gz,0,,,1.0,include,/gpfs/research/grattonlab/iNetworks/Nifti/derivatives/preproc_fmriprep-24.1.1/sub-INET055/ses-4/func/FD_outputs/sub-INET055_ses-4_task-rest_run-02_desc-tmask_fFD.txt,sub-INET055_ses-4_task-rest_run-02_desc-tmask_fFD.txt,265,0,0
sub-INET055,ses-4,task-rest,run-03,sub-INET055_ses-4_task-rest_run-03_bold.nii.gz,0,,,2.0,include,/gpfs/research/grattonlab/iNetworks/Nifti/derivatives/preproc_fmriprep-24.1.1/sub-INET055/ses-4/func/FD_outputs/sub-INET055_ses-4_task-rest_run-03_desc-tmask_fFD.txt,sub-INET055_ses-4_task-rest_run-03_desc-tmask_fFD.txt,265,0,0
sub-INET055,ses-4,task-rest,run-04,sub-INET055_ses-4_task-rest_run-04_bold.nii.gz,0,,,2.0,include,/gpfs/research/grattonlab/iNetworks/Nifti/derivatives/preproc_fmriprep-24.1.1/sub-INET055/ses-4/func/FD_outputs/sub-INET055_ses-4_task-rest_run-04_desc-tmask_fFD.txt,sub-INET055_ses-4_task-rest_run-04_desc-tmask_fFD.txt,265,0,0
sub-INET055,ses-4,task-rest,run-05,sub-INET055_ses-4_task-rest_run-05_bold.nii.gz,0,,,1.0,include,/gpfs/research/grattonlab/iNetworks/Nifti/derivatives/preproc_fmriprep-24.1.1/sub-INET055/ses-4/func/FD_outputs/sub-INET055_ses-4_task-rest_run-05_desc-tmask_fFD.txt,sub-INET055_ses-4_task-rest_run-05_desc-tmask_fFD.txt,264,0,0
sub-INET055,ses-4,task-rest,run-06,sub-INET055_ses-4_task-rest_run-06_bold.nii.gz,0,,,2.0,include,/gpfs/research/grattonlab/iNetworks/Nifti/derivatives/preproc_fmriprep-24.1.1/sub-INET055/ses-4/func/FD_outputs/sub-INET055_ses-4_task-rest_run-06_desc-tmask_fFD.txt,sub-INET055_ses-4_task-rest_run-06_desc-tmask_fFD.txt,259,0,0
sub-INET055,ses-4,task-rest,run-07,sub-INET055_ses-4_task-rest_run-07_bold.nii.gz,0,,,2.0,include,/gpfs/research/grattonlab/iNetworks/Nifti/derivatives/preproc_fmriprep-24.1.1/sub-INET055/ses-4/func/FD_outputs/sub-INET055_ses-4_task-rest_run-07_desc-tmask_fFD.txt,sub-INET055_ses-4_task-rest_run-07_desc-tmask_fFD.txt,261,0,0
sub-INET055,ses-4,task-rest,run-08,sub-INET055_ses-4_task-rest_run-08_bold.nii.gz,0,,,,include,/gpfs/research/grattonlab/iNetworks/Nifti/derivatives/preproc_fmriprep-24.1.1/sub-INET055/ses-4/func/FD_outputs/sub-INET055_ses-4_task-rest_run-08_desc-tmask_fFD.txt,sub-INET055_ses-4_task-rest_run-08_desc-tmask_fFD.txt,265,0,0
sub-INET056,ses-1,task-rest,run-01,sub-INET056_ses-1_task-rest_run-01_bold.nii.gz,0,,,3.0,include,/gpfs/research/grattonlab/iNetworks/Nifti/derivatives/preproc_fmriprep-24.1.1/sub-INET056/ses-1/func/FD_outputs/sub-INET056_ses-1_task-rest_run-01_desc-tmask_fFD.txt,sub-INET056_ses-1_task-rest_run-01_desc-tmask_fFD.txt,265,0,0
sub-INET056,ses-1,task-rest,run-02,sub-INET056_ses-1_task-rest_run-02_bold.nii.gz,0,,,2.0,include,/gpfs/research/grattonlab/iNetworks/Nifti/derivatives/preproc_fmriprep-24.1.1/sub-INET056/ses-1/func/FD_outputs/sub-INET056_ses-1_task-rest_run-02_desc-tmask_fFD.txt,sub-INET056_ses-1_task-rest_run-02_desc-tmask_fFD.txt,261,0,0
sub-INET056,ses-1,task-rest,run-03,sub-INET056_ses-1_task-rest_run-03_bold.nii.gz,0,,,3.0,include,/gpfs/research/grattonlab/iNetworks/Nifti/derivatives/preproc_fmriprep-24.1.1/sub-INET056/ses-1/func/FD_outputs/sub-INET056_ses-1_task-rest_run-03_desc-tmask_fFD.txt,sub-INET056_ses-1_task-rest_run-03_desc-tmask_fFD.txt,264,0,0
sub-INET056,ses-1,task-rest,run-04,sub-INET056_ses-1_task-rest_run-04_bold.nii.gz,0,,,3.0,include,/gpfs/research/grattonlab/iNetworks/Nifti/derivatives/preproc_fmriprep-24.1.1/sub-INET056/ses-1/func/FD_outputs/sub-INET056_ses-1_task-rest_run-04_desc-tmask_fFD.txt,sub-INET056_ses-1_task-rest_run-04_desc-tmask_fFD.txt,263,0,0
sub-INET056,ses-1,task-rest,run-05,sub-INET056_ses-1_task-rest_run-05_bold.nii.gz,0,,,3.0,include,/gpfs/research/grattonlab/iNetworks/Nifti/derivatives/preproc_fmriprep-24.1.1/sub-INET056/ses-1/func/FD_outputs/sub-INET056_ses-1_task-rest_run-05_desc-tmask_fFD.txt,sub-INET056_ses-1_task-rest_run-05_desc-tmask_fFD.txt,265,0,0
sub-INET056,ses-1,task-rest,run-06,sub-INET056_ses-1_task-rest_run-06_bold.nii.gz,0,,,3.0,include,/gpfs/research/grattonlab/iNetworks/Nifti/derivatives/preproc_fmriprep-24.1.1/sub-INET056/ses-1/func/FD_outputs/sub-INET056_ses-1_task-rest_run-06_desc-tmask_fFD.txt,sub-INET056_ses-1_task-rest_run-06_desc-tmask_fFD.txt,258,0,0
sub-INET056,ses-1,task-rest,run-08,sub-INET056_ses-1_task-rest_run-08_bold.nii.gz,0,,,,include,/gpfs/research/grattonlab/iNetworks/Nifti/derivatives/preproc_fmriprep-24.1.1/sub-INET056/ses-1/func/FD_outputs/sub-INET056_ses-1_task-rest_run-08_desc-tmask_fFD.txt,sub-INET056_ses-1_task-rest_run-08_desc-tmask_fFD.txt,264,0,0
sub-INET056,ses-2,task-rest,run-01,sub-INET056_ses-2_task-rest_run-01_bold.nii.gz,0,,,2.0,include,/gpfs/research/grattonlab/iNetworks/Nifti/derivatives/preproc_fmriprep-24.1.1/sub-INET056/ses-2/func/FD_outputs/sub-INET056_ses-2_task-rest_run-01_desc-tmask_fFD.txt,sub-INET056_ses-2_task-rest_run-01_desc-tmask_fFD.txt,263,0,0
sub-INET056,ses-2,task-rest,run-02,sub-INET056_ses-2_task-rest_run-02_bold.nii.gz,0,,,3.0,include,/gpfs/research/grattonlab/iNetworks/Nifti/derivatives/preproc_fmriprep-24.1.1/sub-INET056/ses-2/func/FD_outputs/sub-INET056_ses-2_task-rest_run-02_desc-tmask_fFD.txt,sub-INET056_ses-2_task-rest_run-02_desc-tmask_fFD.txt,265,0,0
sub-INET056,ses-2,task-rest,run-03,sub-INET056_ses-2_task-rest_run-03_bold.nii.gz,0,,,2.0,include,/gpfs/research/grattonlab/iNetworks/Nifti/derivatives/preproc_fmriprep-24.1.1/sub-INET056/ses-2/func/FD_outputs/sub-INET056_ses-2_task-rest_run-03_desc-tmask_fFD.txt,sub-INET056_ses-2_task-rest_run-03_desc-tmask_fFD.txt,264,0,0
sub-INET056,ses-2,task-rest,run-04,sub-INET056_ses-2_task-rest_run-04_bold.nii.gz,0,,,3.0,include,/gpfs/research/grattonlab/iNetworks/Nifti/derivatives/preproc_fmriprep-24.1.1/sub-INET056/ses-2/func/FD_outputs/sub-INET056_ses-2_task-rest_run-04_desc-tmask_fFD.txt,sub-INET056_ses-2_task-rest_run-04_desc-tmask_fFD.txt,250,0,0
sub-INET056,ses-2,task-rest,run-05,sub-INET056_ses-2_task-rest_run-05_bold.nii.gz,0,,,3.0,include,/gpfs/research/grattonlab/iNetworks/Nifti/derivatives/preproc_fmriprep-24.1.1/sub-INET056/ses-2/func/FD_outputs/sub-INET056_ses-2_task-rest_run-05_desc-tmask_fFD.txt,sub-INET056_ses-2_task-rest_run-05_desc-tmask_fFD.txt,217,0,0
sub-INET056,ses-2,task-rest,run-06,sub-INET056_ses-2_task-rest_run-06_bold.nii.gz,0,,,3.0,include,/gpfs/research/grattonlab/iNetworks/Nifti/derivatives/preproc_fmriprep-24.1.1/sub-INET056/ses-2/func/FD_outputs/sub-INET056_ses-2_task-rest_run-06_desc-tmask_fFD.txt,sub-INET056_ses-2_task-rest_run-06_desc-tmask_fFD.txt,157,0,0
sub-INET056,ses-2,task-rest,run-07,sub-INET056_ses-2_task-rest_run-07_bold.nii.gz,0,,,3.0,include,/gpfs/research/grattonlab/iNetworks/Nifti/derivatives/preproc_fmriprep-24.1.1/sub-INET056/ses-2/func/FD_outputs/sub-INET056_ses-2_task-rest_run-07_desc-tmask_fFD.txt,sub-INET056_ses-2_task-rest_run-07_desc-tmask_fFD.txt,235,0,0
sub-INET056,ses-2,task-rest,run-08,sub-INET056_ses-2_task-rest_run-08_bold.nii.gz,0,,,3.0,include,/gpfs/research/grattonlab/iNetworks/Nifti/derivatives/preproc_fmriprep-24.1.1/sub-INET056/ses-2/func/FD_outputs/sub-INET056_ses-2_task-rest_run-08_desc-tmask_fFD.txt,sub-INET056_ses-2_task-rest_run-08_desc-tmask_fFD.txt,241,0,0
sub-INET056,ses-3,task-rest,run-01,sub-INET056_ses-3_task-rest_run-01_bold.nii.gz,0,,,3.0,include,/gpfs/research/grattonlab/iNetworks/Nifti/derivatives/preproc_fmriprep-24.1.1/sub-INET056/ses-3/func/FD_outputs/sub-INET056_ses-3_task-rest_run-01_desc-tmask_fFD.txt,sub-INET056_ses-3_task-rest_run-01_desc-tmask_fFD.txt,264,0,0
sub-INET056,ses-3,task-rest,run-05,sub-INET056_ses-3_task-rest_run-05_bold.nii.gz,0,,,3.0,include,/gpfs/research/grattonlab/iNetworks/Nifti/derivatives/preproc_fmriprep-24.1.1/sub-INET056/ses-3/func/FD_outputs/sub-INET056_ses-3_task-rest_run-05_desc-tmask_fFD.txt,sub-INET056_ses-3_task-rest_run-05_desc-tmask_fFD.txt,264,0,0
sub-INET056,ses-3,task-rest,run-06,sub-INET056_ses-3_task-rest_run-06_bold.nii.gz,0,,,3.0,include,/gpfs/research/grattonlab/iNetworks/Nifti/derivatives/preproc_fmriprep-24.1.1/sub-INET056/ses-3/func/FD_outputs/sub-INET056_ses-3_task-rest_run-06_desc-tmask_fFD.txt,sub-INET056_ses-3_task-rest_run-06_desc-tmask_fFD.txt,264,0,0
sub-INET056,ses-3,task-rest,run-07,sub-INET056_ses-3_task-rest_run-07_bold.nii.gz,0,,,2.0,include,/gpfs/research/grattonlab/iNetworks/Nifti/derivatives/preproc_fmriprep-24.1.1/sub-INET056/ses-3/func/FD_outputs/sub-INET056_ses-3_task-rest_run-07_desc-tmask_fFD.txt,sub-INET056_ses-3_task-rest_run-07_desc-tmask_fFD.txt,264,0,0
sub-INET056,ses-3,task-rest,run-08,sub-INET056_ses-3_task-rest_run-08_bold.nii.gz,0,,,3.0,include,/gpfs/research/grattonlab/iNetworks/Nifti/derivatives/preproc_fmriprep-24.1.1/sub-INET056/ses-3/func/FD_outputs/sub-INET056_ses-3_task-rest_run-08_desc-tmask_fFD.txt,sub-INET056_ses-3_task-rest_run-08_desc-tmask_fFD.txt,264,0,0
sub-INET056,ses-4,task-rest,run-01,sub-INET056_ses-4_task-rest_run-01_bold.nii.gz,0,,,2.0,include,/gpfs/research/grattonlab/iNetworks/Nifti/derivatives/preproc_fmriprep-24.1.1/sub-INET056/ses-4/func/FD_outputs/sub-INET056_ses-4_task-rest_run-01_desc-tmask_fFD.txt,sub-INET056_ses-4_task-rest_run-01_desc-tmask_fFD.txt,265,0,0
sub-INET056,ses-4,task-rest,run-02,sub-INET056_ses-4_task-rest_run-02_bold.nii.gz,0,,,2.0,include,/gpfs/research/grattonlab/iNetworks/Nifti/derivatives/preproc_fmriprep-24.1.1/sub-INET056/ses-4/func/FD_outputs/sub-INET056_ses-4_task-rest_run-02_desc-tmask_fFD.txt,sub-INET056_ses-4_task-rest_run-02_desc-tmask_fFD.txt,264,0,0
sub-INET056,ses-4,task-rest,run-03,sub-INET056_ses-4_task-rest_run-03_bold.nii.gz,0,,,3.0,include,/gpfs/research/grattonlab/iNetworks/Nifti/derivatives/preproc_fmriprep-24.1.1/sub-INET056/ses-4/func/FD_outputs/sub-INET056_ses-4_task-rest_run-03_desc-tmask_fFD.txt,sub-INET056_ses-4_task-rest_run-03_desc-tmask_fFD.txt,265,0,0
sub-INET056,ses-4,task-rest,run-04,sub-INET056_ses-4_task-rest_run-04_bold.nii.gz,0,,,3.0,include,/gpfs/research/grattonlab/iNetworks/Nifti/derivatives/preproc_fmriprep-24.1.1/sub-INET056/ses-4/func/FD_outputs/sub-INET056_ses-4_task-rest_run-04_desc-tmask_fFD.txt,sub-INET056_ses-4_task-rest_run-04_desc-tmask_fFD.txt,265,0,0
sub-INET056,ses-4,task-rest,run-05,sub-INET056_ses-4_task-rest_run-05_bold.nii.gz,0,,,2.0,include,/gpfs/research/grattonlab/iNetworks/Nifti/derivatives/preproc_fmriprep-24.1.1/sub-INET056/ses-4/func/FD_outputs/sub-INET056_ses-4_task-rest_run-05_desc-tmask_fFD.txt,sub-INET056_ses-4_task-rest_run-05_desc-tmask_fFD.txt,264,0,0
sub-INET056,ses-4,task-rest,run-06,sub-INET056_ses-4_task-rest_run-06_bold.nii.gz,0,,,2.0,include,/gpfs/research/grattonlab/iNetworks/Nifti/derivatives/preproc_fmriprep-24.1.1/sub-INET056/ses-4/func/FD_outputs/sub-INET056_ses-4_task-rest_run-06_desc-tmask_fFD.txt,sub-INET056_ses-4_task-rest_run-06_desc-tmask_fFD.txt,264,0,0
sub-INET056,ses-4,task-rest,run-07,sub-INET056_ses-4_task-rest_run-07_bold.nii.gz,0,,,3.0,include,/gpfs/research/grattonlab/iNetworks/Nifti/derivatives/preproc_fmriprep-24.1.1/sub-INET056/ses-4/func/FD_outputs/sub-INET056_ses-4_task-rest_run-07_desc-tmask_fFD.txt,sub-INET056_ses-4_task-rest_run-07_desc-tmask_fFD.txt,264,0,0
sub-INET056,ses-4,task-rest,run-08,sub-INET056_ses-4_task-rest_run-08_bold.nii.gz,0,,,3.0,include,/gpfs/research/grattonlab/iNetworks/Nifti/derivatives/preproc_fmriprep-24.1.1/sub-INET056/ses-4/func/FD_outputs/sub-INET056_ses-4_task-rest_run-08_desc-tmask_fFD.txt,sub-INET056_ses-4_task-rest_run-08_desc-tmask_fFD.txt,264,0,0
sub-INET057,ses-1,task-rest,run-01,sub-INET057_ses-1_task-rest_run-01_bold.nii.gz,0,,,1.0,include,/gpfs/research/grattonlab/iNetworks/Nifti/derivatives/preproc_fmriprep-24.1.1/sub-INET057/ses-1/func/FD_outputs/sub-INET057_ses-1_task-rest_run-01_desc-tmask_fFD.txt,sub-INET057_ses-1_task-rest_run-01_desc-tmask_fFD.txt,264,0,0
sub-INET057,ses-1,task-rest,run-02,sub-INET057_ses-1_task-rest_run-02_bold.nii.gz,0,,,1.0,include,/gpfs/research/grattonlab/iNetworks/Nifti/derivatives/preproc_fmriprep-24.1.1/sub-INET057/ses-1/func/FD_outputs/sub-INET057_ses-1_task-rest_run-02_desc-tmask_fFD.txt,sub-INET057_ses-1_task-rest_run-02_desc-tmask_fFD.txt,265,0,0
sub-INET057,ses-1,task-rest,run-03,sub-INET057_ses-1_task-rest_run-03_bold.nii.gz,0,,,2.0,include,/gpfs/research/grattonlab/iNetworks/Nifti/derivatives/preproc_fmriprep-24.1.1/sub-INET057/ses-1/func/FD_outputs/sub-INET057_ses-1_task-rest_run-03_desc-tmask_fFD.txt,sub-INET057_ses-1_task-rest_run-03_desc-tmask_fFD.txt,265,0,0
sub-INET057,ses-1,task-rest,run-04,sub-INET057_ses-1_task-rest_run-04_bold.nii.gz,0,,,1.0,include,/gpfs/research/grattonlab/iNetworks/Nifti/derivatives/preproc_fmriprep-24.1.1/sub-INET057/ses-1/func/FD_outputs/sub-INET057_ses-1_task-rest_run-04_desc-tmask_fFD.txt,sub-INET057_ses-1_task-rest_run-04_desc-tmask_fFD.txt,265,0,0
sub-INET057,ses-1,task-rest,run-05,sub-INET057_ses-1_task-rest_run-05_bold.nii.gz,0,,,2.0,include,/gpfs/research/grattonlab/iNetworks/Nifti/derivatives/preproc_fmriprep-24.1.1/sub-INET057/ses-1/func/FD_outputs/sub-INET057_ses-1_task-rest_run-05_desc-tmask_fFD.txt,sub-INET057_ses-1_task-rest_run-05_desc-tmask_fFD.txt,263,0,0
sub-INET057,ses-1,task-rest,run-06,sub-INET057_ses-1_task-rest_run-06_bold.nii.gz,0,,,2.0,include,/gpfs/research/grattonlab/iNetworks/Nifti/derivatives/preproc_fmriprep-24.1.1/sub-INET057/ses-1/func/FD_outputs/sub-INET057_ses-1_task-rest_run-06_desc-tmask_fFD.txt,sub-INET057_ses-1_task-rest_run-06_desc-tmask_fFD.txt,261,0,0
sub-INET057,ses-1,task-rest,run-07,sub-INET057_ses-1_task-rest_run-07_bold.nii.gz,0,,,2.0,include,/gpfs/research/grattonlab/iNetworks/Nifti/derivatives/preproc_fmriprep-24.1.1/sub-INET057/ses-1/func/FD_outputs/sub-INET057_ses-1_task-rest_run-07_desc-tmask_fFD.txt,sub-INET057_ses-1_task-rest_run-07_desc-tmask_fFD.txt,265,0,0
sub-INET057,ses-2,task-rest,run-01,sub-INET057_ses-2_task-rest_run-01_bold.nii.gz,0,,,2.0,include,/gpfs/research/grattonlab/iNetworks/Nifti/derivatives/preproc_fmriprep-24.1.1/sub-INET057/ses-2/func/FD_outputs/sub-INET057_ses-2_task-rest_run-01_desc-tmask_fFD.txt,sub-INET057_ses-2_task-rest_run-01_desc-tmask_fFD.txt,264,0,0
sub-INET057,ses-2,task-rest,run-02,sub-INET057_ses-2_task-rest_run-02_bold.nii.gz,0,,,1.0,include,/gpfs/research/grattonlab/iNetworks/Nifti/derivatives/preproc_fmriprep-24.1.1/sub-INET057/ses-2/func/FD_outputs/sub-INET057_ses-2_task-rest_run-02_desc-tmask_fFD.txt,sub-INET057_ses-2_task-rest_run-02_desc-tmask_fFD.txt,265,0,0
sub-INET057,ses-2,task-rest,run-03,sub-INET057_ses-2_task-rest_run-03_bold.nii.gz,0,,,2.0,include,/gpfs/research/grattonlab/iNetworks/Nifti/derivatives/preproc_fmriprep-24.1.1/sub-INET057/ses-2/func/FD_outputs/sub-INET057_ses-2_task-rest_run-03_desc-tmask_fFD.txt,sub-INET057_ses-2_task-rest_run-03_desc-tmask_fFD.txt,253,0,0
sub-INET057,ses-2,task-rest,run-04,sub-INET057_ses-2_task-rest_run-04_bold.nii.gz,0,,,2.0,include,/gpfs/research/grattonlab/iNetworks/Nifti/derivatives/preproc_fmriprep-24.1.1/sub-INET057/ses-2/func/FD_outputs/sub-INET057_ses-2_task-rest_run-04_desc-tmask_fFD.txt,sub-INET057_ses-2_task-rest_run-04_desc-tmask_fFD.txt,257,0,0
sub-INET057,ses-2,task-rest,run-05,sub-INET057_ses-2_task-rest_run-05_bold.nii.gz,0,,,3.0,include,/gpfs/research/grattonlab/iNetworks/Nifti/derivatives/preproc_fmriprep-24.1.1/sub-INET057/ses-2/func/FD_outputs/sub-INET057_ses-2_task-rest_run-05_desc-tmask_fFD.txt,sub-INET057_ses-2_task-rest_run-05_desc-tmask_fFD.txt,255,0,0
sub-INET057,ses-2,task-rest,run-06,sub-INET057_ses-2_task-rest_run-06_bold.nii.gz,0,,,3.0,include,/gpfs/research/grattonlab/iNetworks/Nifti/derivatives/preproc_fmriprep-24.1.1/sub-INET057/ses-2/func/FD_outputs/sub-INET057_ses-2_task-rest_run-06_desc-tmask_fFD.txt,sub-INET057_ses-2_task-rest_run-06_desc-tmask_fFD.txt,262,0,0
sub-INET057,ses-2,task-rest,run-07,sub-INET057_ses-2_task-rest_run-07_bold.nii.gz,0,,,3.0,include,/gpfs/research/grattonlab/iNetworks/Nifti/derivatives/preproc_fmriprep-24.1.1/sub-INET057/ses-2/func/FD_outputs/sub-INET057_ses-2_task-rest_run-07_desc-tmask_fFD.txt,sub-INET057_ses-2_task-rest_run-07_desc-tmask_fFD.txt,259,0,0
sub-INET057,ses-3,task-rest,run-01,sub-INET057_ses-3_task-rest_run-01_bold.nii.gz,0,,,2.0,include,/gpfs/research/grattonlab/iNetworks/Nifti/derivatives/preproc_fmriprep-24.1.1/sub-INET057/ses-3/func/FD_outputs/sub-INET057_ses-3_task-rest_run-01_desc-tmask_fFD.txt,sub-INET057_ses-3_task-rest_run-01_desc-tmask_fFD.txt,264,0,0
sub-INET057,ses-3,task-rest,run-02,sub-INET057_ses-3_task-rest_run-02_bold.nii.gz,0,,,3.0,include,/gpfs/research/grattonlab/iNetworks/Nifti/derivatives/preproc_fmriprep-24.1.1/sub-INET057/ses-3/func/FD_outputs/sub-INET057_ses-3_task-rest_run-02_desc-tmask_fFD.txt,sub-INET057_ses-3_task-rest_run-02_desc-tmask_fFD.txt,264,0,0
sub-INET057,ses-3,task-rest,run-03,sub-INET057_ses-3_task-rest_run-03_bold.nii.gz,0,,,2.0,include,/gpfs/research/grattonlab/iNetworks/Nifti/derivatives/preproc_fmriprep-24.1.1/sub-INET057/ses-3/func/FD_outputs/sub-INET057_ses-3_task-rest_run-03_desc-tmask_fFD.txt,sub-INET057_ses-3_task-rest_run-03_desc-tmask_fFD.txt,264,0,0
sub-INET057,ses-3,task-rest,run-04,sub-INET057_ses-3_task-rest_run-04_bold.nii.gz,0,,,3.0,include,/gpfs/research/grattonlab/iNetworks/Nifti/derivatives/preproc_fmriprep-24.1.1/sub-INET057/ses-3/func/FD_outputs/sub-INET057_ses-3_task-rest_run-04_desc-tmask_fFD.txt,sub-INET057_ses-3_task-rest_run-04_desc-tmask_fFD.txt,262,0,0
sub-INET057,ses-3,task-rest,run-05,sub-INET057_ses-3_task-rest_run-05_bold.nii.gz,0,,,2.0,include,/gpfs/research/grattonlab/iNetworks/Nifti/derivatives/preproc_fmriprep-24.1.1/sub-INET057/ses-3/func/FD_outputs/sub-INET057_ses-3_task-rest_run-05_desc-tmask_fFD.txt,sub-INET057_ses-3_task-rest_run-05_desc-tmask_fFD.txt,255,0,0
sub-INET057,ses-3,task-rest,run-06,sub-INET057_ses-3_task-rest_run-06_bold.nii.gz,0,,,2.0,include,/gpfs/research/grattonlab/iNetworks/Nifti/derivatives/preproc_fmriprep-24.1.1/sub-INET057/ses-3/func/FD_outputs/sub-INET057_ses-3_task-rest_run-06_desc-tmask_fFD.txt,sub-INET057_ses-3_task-rest_run-06_desc-tmask_fFD.txt,264,0,0
sub-INET057,ses-3,task-rest,run-07,sub-INET057_ses-3_task-rest_run-07_bold.nii.gz,0,,,3.0,include,/gpfs/research/grattonlab/iNetworks/Nifti/derivatives/preproc_fmriprep-24.1.1/sub-INET057/ses-3/func/FD_outputs/sub-INET057_ses-3_task-rest_run-07_desc-tmask_fFD.txt,sub-INET057_ses-3_task-rest_run-07_desc-tmask_fFD.txt,262,0,0
sub-INET057,ses-3,task-rest,run-08,sub-INET057_ses-3_task-rest_run-08_bold.nii.gz,0,,,3.0,include,/gpfs/research/grattonlab/iNetworks/Nifti/derivatives/preproc_fmriprep-24.1.1/sub-INET057/ses-3/func/FD_outputs/sub-INET057_ses-3_task-rest_run-08_desc-tmask_fFD.txt,sub-INET057_ses-3_task-rest_run-08_desc-tmask_fFD.txt,263,0,0
sub-INET057,ses-4,task-rest,run-01,sub-INET057_ses-4_task-rest_run-01_bold.nii.gz,0,,,3.0,include,/gpfs/research/grattonlab/iNetworks/Nifti/derivatives/preproc_fmriprep-24.1.1/sub-INET057/ses-4/func/FD_outputs/sub-INET057_ses-4_task-rest_run-01_desc-tmask_fFD.txt,sub-INET057_ses-4_task-rest_run-01_desc-tmask_fFD.txt,265,0,0
sub-INET057,ses-4,task-rest,run-02,sub-INET057_ses-4_task-rest_run-02_bold.nii.gz,0,,,3.0,include,/gpfs/research/grattonlab/iNetworks/Nifti/derivatives/preproc_fmriprep-24.1.1/sub-INET057/ses-4/func/FD_outputs/sub-INET057_ses-4_task-rest_run-02_desc-tmask_fFD.txt,sub-INET057_ses-4_task-rest_run-02_desc-tmask_fFD.txt,263,0,0
sub-INET057,ses-4,task-rest,run-06,sub-INET057_ses-4_task-rest_run-06_bold.nii.gz,0,,,2.0,include,/gpfs/research/grattonlab/iNetworks/Nifti/derivatives/preproc_fmriprep-24.1.1/sub-INET057/ses-4/func/FD_outputs/sub-INET057_ses-4_task-rest_run-06_desc-tmask_fFD.txt,sub-INET057_ses-4_task-rest_run-06_desc-tmask_fFD.txt,265,0,0
sub-INET057,ses-4,task-rest,run-07,sub-INET057_ses-4_task-rest_run-07_bold.nii.gz,0,,,1.0,include,/gpfs/research/grattonlab/iNetworks/Nifti/derivatives/preproc_fmriprep-24.1.1/sub-INET057/ses-4/func/FD_outputs/sub-INET057_ses-4_task-rest_run-07_desc-tmask_fFD.txt,sub-INET057_ses-4_task-rest_run-07_desc-tmask_fFD.txt,261,0,0
sub-INET057,ses-4,task-rest,run-08,sub-INET057_ses-4_task-rest_run-08_bold.nii.gz,0,,,1.0,include,/gpfs/research/grattonlab/iNetworks/Nifti/derivatives/preproc_fmriprep-24.1.1/sub-INET057/ses-4/func/FD_outputs/sub-INET057_ses-4_task-rest_run-08_desc-tmask_fFD.txt,sub-INET057_ses-4_task-rest_run-08_desc-tmask_fFD.txt,265,0,0
sub-INET058,ses-1,task-rest,run-01,sub-INET058_ses-1_task-rest_run-01_bold.nii.gz,0,,,3.0,include,/gpfs/research/grattonlab/iNetworks/Nifti/derivatives/preproc_fmriprep-24.1.1/sub-INET058/ses-1/func/FD_outputs/sub-INET058_ses-1_task-rest_run-01_desc-tmask_fFD.txt,sub-INET058_ses-1_task-rest_run-01_desc-tmask_fFD.txt,265,0,0
sub-INET058,ses-1,task-rest,run-03,sub-INET058_ses-1_task-rest_run-03_bold.nii.gz,0,,,2.0,include,/gpfs/research/grattonlab/iNetworks/Nifti/derivatives/preproc_fmriprep-24.1.1/sub-INET058/ses-1/func/FD_outputs/sub-INET058_ses-1_task-rest_run-03_desc-tmask_fFD.txt,sub-INET058_ses-1_task-rest_run-03_desc-tmask_fFD.txt,264,0,0
sub-INET058,ses-1,task-rest,run-05,sub-INET058_ses-1_task-rest_run-05_bold.nii.gz,0,,,3.0,include,/gpfs/research/grattonlab/iNetworks/Nifti/derivatives/preproc_fmriprep-24.1.1/sub-INET058/ses-1/func/FD_outputs/sub-INET058_ses-1_task-rest_run-05_desc-tmask_fFD.txt,sub-INET058_ses-1_task-rest_run-05_desc-tmask_fFD.txt,264,0,0
sub-INET058,ses-3,task-rest,run-01,sub-INET058_ses-3_task-rest_run-01_bold.nii.gz,0,,,2.0,include,/gpfs/research/grattonlab/iNetworks/Nifti/derivatives/preproc_fmriprep-24.1.1/sub-INET058/ses-3/func/FD_outputs/sub-INET058_ses-3_task-rest_run-01_desc-tmask_fFD.txt,sub-INET058_ses-3_task-rest_run-01_desc-tmask_fFD.txt,265,0,0
sub-INET058,ses-3,task-rest,run-02,sub-INET058_ses-3_task-rest_run-02_bold.nii.gz,0,,,3.0,include,/gpfs/research/grattonlab/iNetworks/Nifti/derivatives/preproc_fmriprep-24.1.1/sub-INET058/ses-3/func/FD_outputs/sub-INET058_ses-3_task-rest_run-02_desc-tmask_fFD.txt,sub-INET058_ses-3_task-rest_run-02_desc-tmask_fFD.txt,265,0,0
sub-INET058,ses-3,task-rest,run-04,sub-INET058_ses-3_task-rest_run-04_bold.nii.gz,0,,,3.0,include,/gpfs/research/grattonlab/iNetworks/Nifti/derivatives/preproc_fmriprep-24.1.1/sub-INET058/ses-3/func/FD_outputs/sub-INET058_ses-3_task-rest_run-04_desc-tmask_fFD.txt,sub-INET058_ses-3_task-rest_run-04_desc-tmask_fFD.txt,262,0,0
sub-INET058,ses-3,task-rest,run-05,sub-INET058_ses-3_task-rest_run-05_bold.nii.gz,0,,,2.0,include,/gpfs/research/grattonlab/iNetworks/Nifti/derivatives/preproc_fmriprep-24.1.1/sub-INET058/ses-3/func/FD_outputs/sub-INET058_ses-3_task-rest_run-05_desc-tmask_fFD.txt,sub-INET058_ses-3_task-rest_run-05_desc-tmask_fFD.txt,264,0,0
sub-INET058,ses-3,task-rest,run-06,sub-INET058_ses-3_task-rest_run-06_bold.nii.gz,0,,,2.0,include,/gpfs/research/grattonlab/iNetworks/Nifti/derivatives/preproc_fmriprep-24.1.1/sub-INET058/ses-3/func/FD_outputs/sub-INET058_ses-3_task-rest_run-06_desc-tmask_fFD.txt,sub-INET058_ses-3_task-rest_run-06_desc-tmask_fFD.txt,265,0,0
sub-INET058,ses-3,task-rest,run-07,sub-INET058_ses-3_task-rest_run-07_bold.nii.gz,0,,,3.0,include,/gpfs/research/grattonlab/iNetworks/Nifti/derivatives/preproc_fmriprep-24.1.1/sub-INET058/ses-3/func/FD_outputs/sub-INET058_ses-3_task-rest_run-07_desc-tmask_fFD.txt,sub-INET058_ses-3_task-rest_run-07_desc-tmask_fFD.txt,264,0,0
sub-INET058,ses-3,task-rest,run-08,sub-INET058_ses-3_task-rest_run-08_bold.nii.gz,0,,,3.0,include,/gpfs/research/grattonlab/iNetworks/Nifti/derivatives/preproc_fmriprep-24.1.1/sub-INET058/ses-3/func/FD_outputs/sub-INET058_ses-3_task-rest_run-08_desc-tmask_fFD.txt,sub-INET058_ses-3_task-rest_run-08_desc-tmask_fFD.txt,264,0,0
sub-INET058,ses-3,task-rest,run-09,sub-INET058_ses-3_task-rest_run-09_bold.nii.gz,0,,,3.0,include,/gpfs/research/grattonlab/iNetworks/Nifti/derivatives/preproc_fmriprep-24.1.1/sub-INET058/ses-3/func/FD_outputs/sub-INET058_ses-3_task-rest_run-09_desc-tmask_fFD.txt,sub-INET058_ses-3_task-rest_run-09_desc-tmask_fFD.txt,264,0,0
sub-INET058,ses-4,task-rest,run-01,sub-INET058_ses-4_task-rest_run-01_bold.nii.gz,0,,,3.0,include,/gpfs/research/grattonlab/iNetworks/Nifti/derivatives/preproc_fmriprep-24.1.1/sub-INET058/ses-4/func/FD_outputs/sub-INET058_ses-4_task-rest_run-01_desc-tmask_fFD.txt,sub-INET058_ses-4_task-rest_run-01_desc-tmask_fFD.txt,265,0,0
sub-INET058,ses-4,task-rest,run-03,sub-INET058_ses-4_task-rest_run-03_bold.nii.gz,0,,,3.0,include,/gpfs/research/grattonlab/iNetworks/Nifti/derivatives/preproc_fmriprep-24.1.1/sub-INET058/ses-4/func/FD_outputs/sub-INET058_ses-4_task-rest_run-03_desc-tmask_fFD.txt,sub-INET058_ses-4_task-rest_run-03_desc-tmask_fFD.txt,265,0,0
sub-INET058,ses-4,task-rest,run-04,sub-INET058_ses-4_task-rest_run-04_bold.nii.gz,0,,,3.0,include,/gpfs/research/grattonlab/iNetworks/Nifti/derivatives/preproc_fmriprep-24.1.1/sub-INET058/ses-4/func/FD_outputs/sub-INET058_ses-4_task-rest_run-04_desc-tmask_fFD.txt,sub-INET058_ses-4_task-rest_run-04_desc-tmask_fFD.txt,264,0,0
sub-INET058,ses-4,task-rest,run-06,sub-INET058_ses-4_task-rest_run-06_bold.nii.gz,0,,,3.0,include,/gpfs/research/grattonlab/iNetworks/Nifti/derivatives/preproc_fmriprep-24.1.1/sub-INET058/ses-4/func/FD_outputs/sub-INET058_ses-4_task-rest_run-06_desc-tmask_fFD.txt,sub-INET058_ses-4_task-rest_run-06_desc-tmask_fFD.txt,263,0,0
sub-INET058,ses-4,task-rest,run-07,sub-INET058_ses-4_task-rest_run-07_bold.nii.gz,0,,,1.0,include,/gpfs/research/grattonlab/iNetworks/Nifti/derivatives/preproc_fmriprep-24.1.1/sub-INET058/ses-4/func/FD_outputs/sub-INET058_ses-4_task-rest_run-07_desc-tmask_fFD.txt,sub-INET058_ses-4_task-rest_run-07_desc-tmask_fFD.txt,265,0,0
sub-INET058,ses-4,task-rest,run-08,sub-INET058_ses-4_task-rest_run-08_bold.nii.gz,0,,,1.0,include,/gpfs/research/grattonlab/iNetworks/Nifti/derivatives/preproc_fmriprep-24.1.1/sub-INET058/ses-4/func/FD_outputs/sub-INET058_ses-4_task-rest_run-08_desc-tmask_fFD.txt,sub-INET058_ses-4_task-rest_run-08_desc-tmask_fFD.txt,265,0,0
sub-INET059,ses-4,task-rest,run-01,sub-INET059_ses-4_task-rest_run-01_bold.nii.gz,0,,,2.0,include,/gpfs/research/grattonlab/iNetworks/Nifti/derivatives/preproc_fmriprep-24.1.1/sub-INET059/ses-4/func/FD_outputs/sub-INET059_ses-4_task-rest_run-01_desc-tmask_fFD.txt,sub-INET059_ses-4_task-rest_run-01_desc-tmask_fFD.txt,262,0,0
sub-INET059,ses-4,task-rest,run-02,sub-INET059_ses-4_task-rest_run-02_bold.nii.gz,0,,,3.0,include,/gpfs/research/grattonlab/iNetworks/Nifti/derivatives/preproc_fmriprep-24.1.1/sub-INET059/ses-4/func/FD_outputs/sub-INET059_ses-4_task-rest_run-02_desc-tmask_fFD.txt,sub-INET059_ses-4_task-rest_run-02_desc-tmask_fFD.txt,262,0,0
sub-INET060,ses-1,task-rest,run-01,sub-INET060_ses-1_task-rest_run-01_bold.nii.gz,0,,,3.0,include,/gpfs/research/grattonlab/iNetworks/Nifti/derivatives/preproc_fmriprep-24.1.1/sub-INET060/ses-1/func/FD_outputs/sub-INET060_ses-1_task-rest_run-01_desc-tmask_fFD.txt,sub-INET060_ses-1_task-rest_run-01_desc-tmask_fFD.txt,265,0,0
sub-INET060,ses-1,task-rest,run-02,sub-INET060_ses-1_task-rest_run-02_bold.nii.gz,0,,,3.0,include,/gpfs/research/grattonlab/iNetworks/Nifti/derivatives/preproc_fmriprep-24.1.1/sub-INET060/ses-1/func/FD_outputs/sub-INET060_ses-1_task-rest_run-02_desc-tmask_fFD.txt,sub-INET060_ses-1_task-rest_run-02_desc-tmask_fFD.txt,264,0,0
sub-INET060,ses-1,task-rest,run-03,sub-INET060_ses-1_task-rest_run-03_bold.nii.gz,0,,,3.0,include,/gpfs/research/grattonlab/iNetworks/Nifti/derivatives/preproc_fmriprep-24.1.1/sub-INET060/ses-1/func/FD_outputs/sub-INET060_ses-1_task-rest_run-03_desc-tmask_fFD.txt,sub-INET060_ses-1_task-rest_run-03_desc-tmask_fFD.txt,265,0,0
sub-INET060,ses-1,task-rest,run-04,sub-INET060_ses-1_task-rest_run-04_bold.nii.gz,0,,,3.0,include,/gpfs/research/grattonlab/iNetworks/Nifti/derivatives/preproc_fmriprep-24.1.1/sub-INET060/ses-1/func/FD_outputs/sub-INET060_ses-1_task-rest_run-04_desc-tmask_fFD.txt,sub-INET060_ses-1_task-rest_run-04_desc-tmask_fFD.txt,265,0,0
sub-INET060,ses-1,task-rest,run-07,sub-INET060_ses-1_task-rest_run-07_bold.nii.gz,0,,,3.0,include,/gpfs/research/grattonlab/iNetworks/Nifti/derivatives/preproc_fmriprep-24.1.1/sub-INET060/ses-1/func/FD_outputs/sub-INET060_ses-1_task-rest_run-07_desc-tmask_fFD.txt,sub-INET060_ses-1_task-rest_run-07_desc-tmask_fFD.txt,249,0,0
sub-INET060,ses-2,task-rest,run-05,sub-INET060_ses-2_task-rest_run-05_bold.nii.gz,0,,,3.0,include,/gpfs/research/grattonlab/iNetworks/Nifti/derivatives/preproc_fmriprep-24.1.1/sub-INET060/ses-2/func/FD_outputs/sub-INET060_ses-2_task-rest_run-05_desc-tmask_fFD.txt,sub-INET060_ses-2_task-rest_run-05_desc-tmask_fFD.txt,264,0,0
sub-INET060,ses-2,task-rest,run-07,sub-INET060_ses-2_task-rest_run-07_bold.nii.gz,0,,,3.0,include,/gpfs/research/grattonlab/iNetworks/Nifti/derivatives/preproc_fmriprep-24.1.1/sub-INET060/ses-2/func/FD_outputs/sub-INET060_ses-2_task-rest_run-07_desc-tmask_fFD.txt,sub-INET060_ses-2_task-rest_run-07_desc-tmask_fFD.txt,264,0,0
sub-INET060,ses-3,task-rest,run-01,sub-INET060_ses-3_task-rest_run-01_bold.nii.gz,0,,,3.0,include,/gpfs/research/grattonlab/iNetworks/Nifti/derivatives/preproc_fmriprep-24.1.1/sub-INET060/ses-3/func/FD_outputs/sub-INET060_ses-3_task-rest_run-01_desc-tmask_fFD.txt,sub-INET060_ses-3_task-rest_run-01_desc-tmask_fFD.txt,263,0,0
sub-INET060,ses-3,task-rest,run-02,sub-INET060_ses-3_task-rest_run-02_bold.nii.gz,0,,,3.0,include,/gpfs/research/grattonlab/iNetworks/Nifti/derivatives/preproc_fmriprep-24.1.1/sub-INET060/ses-3/func/FD_outputs/sub-INET060_ses-3_task-rest_run-02_desc-tmask_fFD.txt,sub-INET060_ses-3_task-rest_run-02_desc-tmask_fFD.txt,265,0,0
sub-INET060,ses-3,task-rest,run-03,sub-INET060_ses-3_task-rest_run-03_bold.nii.gz,0,,,3.0,include,/gpfs/research/grattonlab/iNetworks/Nifti/derivatives/preproc_fmriprep-24.1.1/sub-INET060/ses-3/func/FD_outputs/sub-INET060_ses-3_task-rest_run-03_desc-tmask_fFD.txt,sub-INET060_ses-3_task-rest_run-03_desc-tmask_fFD.txt,265,0,0
sub-INET060,ses-3,task-rest,run-04,sub-INET060_ses-3_task-rest_run-04_bold.nii.gz,0,,,3.0,include,/gpfs/research/grattonlab/iNetworks/Nifti/derivatives/preproc_fmriprep-24.1.1/sub-INET060/ses-3/func/FD_outputs/sub-INET060_ses-3_task-rest_run-04_desc-tmask_fFD.txt,sub-INET060_ses-3_task-rest_run-04_desc-tmask_fFD.txt,264,0,0
sub-INET060,ses-4,task-rest,run-01,sub-INET060_ses-4_task-rest_run-01_bold.nii.gz,0,,,3.0,include,/gpfs/research/grattonlab/iNetworks/Nifti/derivatives/preproc_fmriprep-24.1.1/sub-INET060/ses-4/func/FD_outputs/sub-INET060_ses-4_task-rest_run-01_desc-tmask_fFD.txt,sub-INET060_ses-4_task-rest_run-01_desc-tmask_fFD.txt,263,0,0
sub-INET060,ses-4,task-rest,run-02,sub-INET060_ses-4_task-rest_run-02_bold.nii.gz,0,,,3.0,include,/gpfs/research/grattonlab/iNetworks/Nifti/derivatives/preproc_fmriprep-24.1.1/sub-INET060/ses-4/func/FD_outputs/sub-INET060_ses-4_task-rest_run-02_desc-tmask_fFD.txt,sub-INET060_ses-4_task-rest_run-02_desc-tmask_fFD.txt,265,0,0
sub-INET060,ses-4,task-rest,run-03,sub-INET060_ses-4_task-rest_run-03_bold.nii.gz,0,,,3.0,include,/gpfs/research/grattonlab/iNetworks/Nifti/derivatives/preproc_fmriprep-24.1.1/sub-INET060/ses-4/func/FD_outputs/sub-INET060_ses-4_task-rest_run-03_desc-tmask_fFD.txt,sub-INET060_ses-4_task-rest_run-03_desc-tmask_fFD.txt,264,0,0
sub-INET060,ses-4,task-rest,run-04,sub-INET060_ses-4_task-rest_run-04_bold.nii.gz,0,,,3.0,include,/gpfs/research/grattonlab/iNetworks/Nifti/derivatives/preproc_fmriprep-24.1.1/sub-INET060/ses-4/func/FD_outputs/sub-INET060_ses-4_task-rest_run-04_desc-tmask_fFD.txt,sub-INET060_ses-4_task-rest_run-04_desc-tmask_fFD.txt,252,0,0
sub-INET060,ses-4,task-rest,run-05,sub-INET060_ses-4_task-rest_run-05_bold.nii.gz,0,,,2.0,include,/gpfs/research/grattonlab/iNetworks/Nifti/derivatives/preproc_fmriprep-24.1.1/sub-INET060/ses-4/func/FD_outputs/sub-INET060_ses-4_task-rest_run-05_desc-tmask_fFD.txt,sub-INET060_ses-4_task-rest_run-05_desc-tmask_fFD.txt,263,0,0
sub-INET060,ses-4,task-rest,run-06,sub-INET060_ses-4_task-rest_run-06_bold.nii.gz,0,,,2.0,include,/gpfs/research/grattonlab/iNetworks/Nifti/derivatives/preproc_fmriprep-24.1.1/sub-INET060/ses-4/func/FD_outputs/sub-INET060_ses-4_task-rest_run-06_desc-tmask_fFD.txt,sub-INET060_ses-4_task-rest_run-06_desc-tmask_fFD.txt,264,0,0
sub-INET060,ses-4,task-rest,run-07,sub-INET060_ses-4_task-rest_run-07_bold.nii.gz,0,,,2.0,include,/gpfs/research/grattonlab/iNetworks/Nifti/derivatives/preproc_fmriprep-24.1.1/sub-INET060/ses-4/func/FD_outputs/sub-INET060_ses-4_task-rest_run-07_desc-tmask_fFD.txt,sub-INET060_ses-4_task-rest_run-07_desc-tmask_fFD.txt,265,0,0
sub-INET060,ses-4,task-rest,run-08,sub-INET060_ses-4_task-rest_run-08_bold.nii.gz,0,,,3.0,include,/gpfs/research/grattonlab/iNetworks/Nifti/derivatives/preproc_fmriprep-24.1.1/sub-INET060/ses-4/func/FD_outputs/sub-INET060_ses-4_task-rest_run-08_desc-tmask_fFD.txt,sub-INET060_ses-4_task-rest_run-08_desc-tmask_fFD.txt,264,0,0
sub-INET061,ses-1,task-rest,run-01,sub-INET061_ses-1_task-rest_run-01_bold.nii.gz,0,,,3.0,include,/gpfs/research/grattonlab/iNetworks/Nifti/derivatives/preproc_fmriprep-24.1.1/sub-INET061/ses-1/func/FD_outputs/sub-INET061_ses-1_task-rest_run-01_desc-tmask_fFD.txt,sub-INET061_ses-1_task-rest_run-01_desc-tmask_fFD.txt,265,0,0
sub-INET061,ses-1,task-rest,run-06,sub-INET061_ses-1_task-rest_run-06_bold.nii.gz,0,,,3.0,include,/gpfs/research/grattonlab/iNetworks/Nifti/derivatives/preproc_fmriprep-24.1.1/sub-INET061/ses-1/func/FD_outputs/sub-INET061_ses-1_task-rest_run-06_desc-tmask_fFD.txt,sub-INET061_ses-1_task-rest_run-06_desc-tmask_fFD.txt,264,0,0
sub-INET061,ses-2,task-rest,run-01,sub-INET061_ses-2_task-rest_run-01_bold.nii.gz,0,,,3.0,include,/gpfs/research/grattonlab/iNetworks/Nifti/derivatives/preproc_fmriprep-24.1.1/sub-INET061/ses-2/func/FD_outputs/sub-INET061_ses-2_task-rest_run-01_desc-tmask_fFD.txt,sub-INET061_ses-2_task-rest_run-01_desc-tmask_fFD.txt,265,0,0
sub-INET061,ses-3,task-rest,run-01,sub-INET061_ses-3_task-rest_run-01_bold.nii.gz,0,,,2.0,include,/gpfs/research/grattonlab/iNetworks/Nifti/derivatives/preproc_fmriprep-24.1.1/sub-INET061/ses-3/func/FD_outputs/sub-INET061_ses-3_task-rest_run-01_desc-tmask_fFD.txt,sub-INET061_ses-3_task-rest_run-01_desc-tmask_fFD.txt,265,0,0
sub-INET061,ses-3,task-rest,run-02,sub-INET061_ses-3_task-rest_run-02_bold.nii.gz,0,,,2.0,include,/gpfs/research/grattonlab/iNetworks/Nifti/derivatives/preproc_fmriprep-24.1.1/sub-INET061/ses-3/func/FD_outputs/sub-INET061_ses-3_task-rest_run-02_desc-tmask_fFD.txt,sub-INET061_ses-3_task-rest_run-02_desc-tmask_fFD.txt,265,0,0
sub-INET061,ses-3,task-rest,run-03,sub-INET061_ses-3_task-rest_run-03_bold.nii.gz,0,,,2.0,include,/gpfs/research/grattonlab/iNetworks/Nifti/derivatives/preproc_fmriprep-24.1.1/sub-INET061/ses-3/func/FD_outputs/sub-INET061_ses-3_task-rest_run-03_desc-tmask_fFD.txt,sub-INET061_ses-3_task-rest_run-03_desc-tmask_fFD.txt,264,0,0
sub-INET061,ses-3,task-rest,run-04,sub-INET061_ses-3_task-rest_run-04_bold.nii.gz,0,,,2.0,include,/gpfs/research/grattonlab/iNetworks/Nifti/derivatives/preproc_fmriprep-24.1.1/sub-INET061/ses-3/func/FD_outputs/sub-INET061_ses-3_task-rest_run-04_desc-tmask_fFD.txt,sub-INET061_ses-3_task-rest_run-04_desc-tmask_fFD.txt,265,0,0
sub-INET061,ses-3,task-rest,run-05,sub-INET061_ses-3_task-rest_run-05_bold.nii.gz,0,,,2.0,include,/gpfs/research/grattonlab/iNetworks/Nifti/derivatives/preproc_fmriprep-24.1.1/sub-INET061/ses-3/func/FD_outputs/sub-INET061_ses-3_task-rest_run-05_desc-tmask_fFD.txt,sub-INET061_ses-3_task-rest_run-05_desc-tmask_fFD.txt,264,0,0
sub-INET061,ses-3,task-rest,run-06,sub-INET061_ses-3_task-rest_run-06_bold.nii.gz,0,,,3.0,include,/gpfs/research/grattonlab/iNetworks/Nifti/derivatives/preproc_fmriprep-24.1.1/sub-INET061/ses-3/func/FD_outputs/sub-INET061_ses-3_task-rest_run-06_desc-tmask_fFD.txt,sub-INET061_ses-3_task-rest_run-06_desc-tmask_fFD.txt,263,0,0
sub-INET061,ses-4,task-rest,run-01,sub-INET061_ses-4_task-rest_run-01_bold.nii.gz,0,,,3.0,include,/gpfs/research/grattonlab/iNetworks/Nifti/derivatives/preproc_fmriprep-24.1.1/sub-INET061/ses-4/func/FD_outputs/sub-INET061_ses-4_task-rest_run-01_desc-tmask_fFD.txt,sub-INET061_ses-4_task-rest_run-01_desc-tmask_fFD.txt,265,0,0
sub-INET061,ses-4,task-rest,run-05,sub-INET061_ses-4_task-rest_run-05_bold.nii.gz,0,,,3.0,include,/gpfs/research/grattonlab/iNetworks/Nifti/derivatives/preproc_fmriprep-24.1.1/sub-INET061/ses-4/func/FD_outputs/sub-INET061_ses-4_task-rest_run-05_desc-tmask_fFD.txt,sub-INET061_ses-4_task-rest_run-05_desc-tmask_fFD.txt,263,0,0
sub-INET061,ses-4,task-rest,run-06,sub-INET061_ses-4_task-rest_run-06_bold.nii.gz,0,,,3.0,include,/gpfs/research/grattonlab/iNetworks/Nifti/derivatives/preproc_fmriprep-24.1.1/sub-INET061/ses-4/func/FD_outputs/sub-INET061_ses-4_task-rest_run-06_desc-tmask_fFD.txt,sub-INET061_ses-4_task-rest_run-06_desc-tmask_fFD.txt,265,0,0
sub-INET061,ses-4,task-rest,run-07,sub-INET061_ses-4_task-rest_run-07_bold.nii.gz,0,,,2.0,include,/gpfs/research/grattonlab/iNetworks/Nifti/derivatives/preproc_fmriprep-24.1.1/sub-INET061/ses-4/func/FD_outputs/sub-INET061_ses-4_task-rest_run-07_desc-tmask_fFD.txt,sub-INET061_ses-4_task-rest_run-07_desc-tmask_fFD.txt,265,0,0
sub-INET061,ses-4,task-rest,run-08,sub-INET061_ses-4_task-rest_run-08_bold.nii.gz,0,,,3.0,include,/gpfs/research/grattonlab/iNetworks/Nifti/derivatives/preproc_fmriprep-24.1.1/sub-INET061/ses-4/func/FD_outputs/sub-INET061_ses-4_task-rest_run-08_desc-tmask_fFD.txt,sub-INET061_ses-4_task-rest_run-08_desc-tmask_fFD.txt,245,0,0
sub-INET061,ses-5,task-rest,run-04,sub-INET061_ses-5_task-rest_run-04_bold.nii.gz,0,,,2.0,include,/gpfs/research/grattonlab/iNetworks/Nifti/derivatives/preproc_fmriprep-24.1.1/sub-INET061/ses-5/func/FD_outputs/sub-INET061_ses-5_task-rest_run-04_desc-tmask_fFD.txt,sub-INET061_ses-5_task-rest_run-04_desc-tmask_fFD.txt,240,0,0
sub-INET061,ses-5,task-rest,run-05,sub-INET061_ses-5_task-rest_run-05_bold.nii.gz,0,,,2.0,include,/gpfs/research/grattonlab/iNetworks/Nifti/derivatives/preproc_fmriprep-24.1.1/sub-INET061/ses-5/func/FD_outputs/sub-INET061_ses-5_task-rest_run-05_desc-tmask_fFD.txt,sub-INET061_ses-5_task-rest_run-05_desc-tmask_fFD.txt,252,0,0
sub-INET061,ses-5,task-rest,run-06,sub-INET061_ses-5_task-rest_run-06_bold.nii.gz,0,,,3.0,include,/gpfs/research/grattonlab/iNetworks/Nifti/derivatives/preproc_fmriprep-24.1.1/sub-INET061/ses-5/func/FD_outputs/sub-INET061_ses-5_task-rest_run-06_desc-tmask_fFD.txt,sub-INET061_ses-5_task-rest_run-06_desc-tmask_fFD.txt,265,0,0
sub-INET061,ses-5,task-rest,run-07,sub-INET061_ses-5_task-rest_run-07_bold.nii.gz,0,,,2.0,include,/gpfs/research/grattonlab/iNetworks/Nifti/derivatives/preproc_fmriprep-24.1.1/sub-INET061/ses-5/func/FD_outputs/sub-INET061_ses-5_task-rest_run-07_desc-tmask_fFD.txt,sub-INET061_ses-5_task-rest_run-07_desc-tmask_fFD.txt,262,0,0
sub-INET061,ses-5,task-rest,run-08,sub-INET061_ses-5_task-rest_run-08_bold.nii.gz,0,,,1.0,include,/gpfs/research/grattonlab/iNetworks/Nifti/derivatives/preproc_fmriprep-24.1.1/sub-INET061/ses-5/func/FD_outputs/sub-INET061_ses-5_task-rest_run-08_desc-tmask_fFD.txt,sub-INET061_ses-5_task-rest_run-08_desc-tmask_fFD.txt,242,0,0
sub-INET062,ses-1,task-rest,run-01,sub-INET062_ses-1_task-rest_run-01_bold.nii.gz,0,,,2.0,include,/gpfs/research/grattonlab/iNetworks/Nifti/derivatives/preproc_fmriprep-24.1.1/sub-INET062/ses-1/func/FD_outputs/sub-INET062_ses-1_task-rest_run-01_desc-tmask_fFD.txt,sub-INET062_ses-1_task-rest_run-01_desc-tmask_fFD.txt,265,0,0
sub-INET062,ses-1,task-rest,run-02,sub-INET062_ses-1_task-rest_run-02_bold.nii.gz,0,,,3.0,include,/gpfs/research/grattonlab/iNetworks/Nifti/derivatives/preproc_fmriprep-24.1.1/sub-INET062/ses-1/func/FD_outputs/sub-INET062_ses-1_task-rest_run-02_desc-tmask_fFD.txt,sub-INET062_ses-1_task-rest_run-02_desc-tmask_fFD.txt,265,0,0
sub-INET062,ses-1,task-rest,run-03,sub-INET062_ses-1_task-rest_run-03_bold.nii.gz,0,,,3.0,include,/gpfs/research/grattonlab/iNetworks/Nifti/derivatives/preproc_fmriprep-24.1.1/sub-INET062/ses-1/func/FD_outputs/sub-INET062_ses-1_task-rest_run-03_desc-tmask_fFD.txt,sub-INET062_ses-1_task-rest_run-03_desc-tmask_fFD.txt,264,0,0
sub-INET062,ses-1,task-rest,run-05,sub-INET062_ses-1_task-rest_run-05_bold.nii.gz,0,,,3.0,include,/gpfs/research/grattonlab/iNetworks/Nifti/derivatives/preproc_fmriprep-24.1.1/sub-INET062/ses-1/func/FD_outputs/sub-INET062_ses-1_task-rest_run-05_desc-tmask_fFD.txt,sub-INET062_ses-1_task-rest_run-05_desc-tmask_fFD.txt,264,0,0
sub-INET062,ses-1,task-rest,run-06,sub-INET062_ses-1_task-rest_run-06_bold.nii.gz,0,,,3.0,include,/gpfs/research/grattonlab/iNetworks/Nifti/derivatives/preproc_fmriprep-24.1.1/sub-INET062/ses-1/func/FD_outputs/sub-INET062_ses-1_task-rest_run-06_desc-tmask_fFD.txt,sub-INET062_ses-1_task-rest_run-06_desc-tmask_fFD.txt,264,0,0
sub-INET062,ses-1,task-rest,run-07,sub-INET062_ses-1_task-rest_run-07_bold.nii.gz,0,,,2.0,include,/gpfs/research/grattonlab/iNetworks/Nifti/derivatives/preproc_fmriprep-24.1.1/sub-INET062/ses-1/func/FD_outputs/sub-INET062_ses-1_task-rest_run-07_desc-tmask_fFD.txt,sub-INET062_ses-1_task-rest_run-07_desc-tmask_fFD.txt,263,0,0
sub-INET062,ses-2,task-rest,run-01,sub-INET062_ses-2_task-rest_run-01_bold.nii.gz,0,,,3.0,include,/gpfs/research/grattonlab/iNetworks/Nifti/derivatives/preproc_fmriprep-24.1.1/sub-INET062/ses-2/func/FD_outputs/sub-INET062_ses-2_task-rest_run-01_desc-tmask_fFD.txt,sub-INET062_ses-2_task-rest_run-01_desc-tmask_fFD.txt,264,0,0
sub-INET062,ses-3,task-rest,run-01,sub-INET062_ses-3_task-rest_run-01_bold.nii.gz,0,,,2.0,include,/gpfs/research/grattonlab/iNetworks/Nifti/derivatives/preproc_fmriprep-24.1.1/sub-INET062/ses-3/func/FD_outputs/sub-INET062_ses-3_task-rest_run-01_desc-tmask_fFD.txt,sub-INET062_ses-3_task-rest_run-01_desc-tmask_fFD.txt,263,0,0
sub-INET062,ses-3,task-rest,run-02,sub-INET062_ses-3_task-rest_run-02_bold.nii.gz,0,,,2.0,include,/gpfs/research/grattonlab/iNetworks/Nifti/derivatives/preproc_fmriprep-24.1.1/sub-INET062/ses-3/func/FD_outputs/sub-INET062_ses-3_task-rest_run-02_desc-tmask_fFD.txt,sub-INET062_ses-3_task-rest_run-02_desc-tmask_fFD.txt,264,0,0
sub-INET062,ses-3,task-rest,run-03,sub-INET062_ses-3_task-rest_run-03_bold.nii.gz,0,,,3.0,include,/gpfs/research/grattonlab/iNetworks/Nifti/derivatives/preproc_fmriprep-24.1.1/sub-INET062/ses-3/func/FD_outputs/sub-INET062_ses-3_task-rest_run-03_desc-tmask_fFD.txt,sub-INET062_ses-3_task-rest_run-03_desc-tmask_fFD.txt,262,0,0
sub-INET062,ses-3,task-rest,run-06,sub-INET062_ses-3_task-rest_run-06_bold.nii.gz,0,,,3.0,include,/gpfs/research/grattonlab/iNetworks/Nifti/derivatives/preproc_fmriprep-24.1.1/sub-INET062/ses-3/func/FD_outputs/sub-INET062_ses-3_task-rest_run-06_desc-tmask_fFD.txt,sub-INET062_ses-3_task-rest_run-06_desc-tmask_fFD.txt,257,0,0
sub-INET062,ses-3,task-rest,run-08,sub-INET062_ses-3_task-rest_run-08_bold.nii.gz,0,,,2.0,include,/gpfs/research/grattonlab/iNetworks/Nifti/derivatives/preproc_fmriprep-24.1.1/sub-INET062/ses-3/func/FD_outputs/sub-INET062_ses-3_task-rest_run-08_desc-tmask_fFD.txt,sub-INET062_ses-3_task-rest_run-08_desc-tmask_fFD.txt,263,0,0
sub-INET062,ses-4,task-rest,run-01,sub-INET062_ses-4_task-rest_run-01_bold.nii.gz,0,,,2.0,include,/gpfs/research/grattonlab/iNetworks/Nifti/derivatives/preproc_fmriprep-24.1.1/sub-INET062/ses-4/func/FD_outputs/sub-INET062_ses-4_task-rest_run-01_desc-tmask_fFD.txt,sub-INET062_ses-4_task-rest_run-01_desc-tmask_fFD.txt,262,0,0
sub-INET062,ses-4,task-rest,run-04,sub-INET062_ses-4_task-rest_run-04_bold.nii.gz,0,,,3.0,include,/gpfs/research/grattonlab/iNetworks/Nifti/derivatives/preproc_fmriprep-24.1.1/sub-INET062/ses-4/func/FD_outputs/sub-INET062_ses-4_task-rest_run-04_desc-tmask_fFD.txt,sub-INET062_ses-4_task-rest_run-04_desc-tmask_fFD.txt,264,0,0
sub-INET062,ses-4,task-rest,run-05,sub-INET062_ses-4_task-rest_run-05_bold.nii.gz,0,,,3.0,include,/gpfs/research/grattonlab/iNetworks/Nifti/derivatives/preproc_fmriprep-24.1.1/sub-INET062/ses-4/func/FD_outputs/sub-INET062_ses-4_task-rest_run-05_desc-tmask_fFD.txt,sub-INET062_ses-4_task-rest_run-05_desc-tmask_fFD.txt,257,0,0
sub-INET062,ses-4,task-rest,run-06,sub-INET062_ses-4_task-rest_run-06_bold.nii.gz,0,,,2.0,include,/gpfs/research/grattonlab/iNetworks/Nifti/derivatives/preproc_fmriprep-24.1.1/sub-INET062/ses-4/func/FD_outputs/sub-INET062_ses-4_task-rest_run-06_desc-tmask_fFD.txt,sub-INET062_ses-4_task-rest_run-06_desc-tmask_fFD.txt,256,0,0
sub-INET062,ses-4,task-rest,run-07,sub-INET062_ses-4_task-rest_run-07_bold.nii.gz,0,,,2.0,include,/gpfs/research/grattonlab/iNetworks/Nifti/derivatives/preproc_fmriprep-24.1.1/sub-INET062/ses-4/func/FD_outputs/sub-INET062_ses-4_task-rest_run-07_desc-tmask_fFD.txt,sub-INET062_ses-4_task-rest_run-07_desc-tmask_fFD.txt,245,0,0
sub-INET062,ses-4,task-rest,run-08,sub-INET062_ses-4_task-rest_run-08_bold.nii.gz,0,,,2.0,include,/gpfs/research/grattonlab/iNetworks/Nifti/derivatives/preproc_fmriprep-24.1.1/sub-INET062/ses-4/func/FD_outputs/sub-INET062_ses-4_task-rest_run-08_desc-tmask_fFD.txt,sub-INET062_ses-4_task-rest_run-08_desc-tmask_fFD.txt,262,0,0
sub-INET063,ses-1,task-rest,run-01,sub-INET063_ses-1_task-rest_run-01_bold.nii.gz,0,,,2.0,include,/gpfs/research/grattonlab/iNetworks/Nifti/derivatives/preproc_fmriprep-24.1.1/sub-INET063/ses-1/func/FD_outputs/sub-INET063_ses-1_task-rest_run-01_desc-tmask_fFD.txt,sub-INET063_ses-1_task-rest_run-01_desc-tmask_fFD.txt,265,0,0
sub-INET063,ses-1,task-rest,run-02,sub-INET063_ses-1_task-rest_run-02_bold.nii.gz,0,,,3.0,include,/gpfs/research/grattonlab/iNetworks/Nifti/derivatives/preproc_fmriprep-24.1.1/sub-INET063/ses-1/func/FD_outputs/sub-INET063_ses-1_task-rest_run-02_desc-tmask_fFD.txt,sub-INET063_ses-1_task-rest_run-02_desc-tmask_fFD.txt,264,0,0
sub-INET063,ses-2,task-rest,run-01,sub-INET063_ses-2_task-rest_run-01_bold.nii.gz,0,,,2.0,include,/gpfs/research/grattonlab/iNetworks/Nifti/derivatives/preproc_fmriprep-24.1.1/sub-INET063/ses-2/func/FD_outputs/sub-INET063_ses-2_task-rest_run-01_desc-tmask_fFD.txt,sub-INET063_ses-2_task-rest_run-01_desc-tmask_fFD.txt,265,0,0
sub-INET063,ses-3,task-rest,run-01,sub-INET063_ses-3_task-rest_run-01_bold.nii.gz,0,,,2.0,include,/gpfs/research/grattonlab/iNetworks/Nifti/derivatives/preproc_fmriprep-24.1.1/sub-INET063/ses-3/func/FD_outputs/sub-INET063_ses-3_task-rest_run-01_desc-tmask_fFD.txt,sub-INET063_ses-3_task-rest_run-01_desc-tmask_fFD.txt,265,0,0
sub-INET063,ses-3,task-rest,run-02,sub-INET063_ses-3_task-rest_run-02_bold.nii.gz,0,,,3.0,include,/gpfs/research/grattonlab/iNetworks/Nifti/derivatives/preproc_fmriprep-24.1.1/sub-INET063/ses-3/func/FD_outputs/sub-INET063_ses-3_task-rest_run-02_desc-tmask_fFD.txt,sub-INET063_ses-3_task-rest_run-02_desc-tmask_fFD.txt,263,0,0
sub-INET063,ses-4,task-rest,run-01,sub-INET063_ses-4_task-rest_run-01_bold.nii.gz,0,,,1.0,include,/gpfs/research/grattonlab/iNetworks/Nifti/derivatives/preproc_fmriprep-24.1.1/sub-INET063/ses-4/func/FD_outputs/sub-INET063_ses-4_task-rest_run-01_desc-tmask_fFD.txt,sub-INET063_ses-4_task-rest_run-01_desc-tmask_fFD.txt,256,0,0
sub-INET063,ses-4,task-rest,run-02,sub-INET063_ses-4_task-rest_run-02_bold.nii.gz,0,,,1.0,include,/gpfs/research/grattonlab/iNetworks/Nifti/derivatives/preproc_fmriprep-24.1.1/sub-INET063/ses-4/func/FD_outputs/sub-INET063_ses-4_task-rest_run-02_desc-tmask_fFD.txt,sub-INET063_ses-4_task-rest_run-02_desc-tmask_fFD.txt,265,0,0
sub-INET063,ses-4,task-rest,run-03,sub-INET063_ses-4_task-rest_run-03_bold.nii.gz,0,,,2.0,include,/gpfs/research/grattonlab/iNetworks/Nifti/derivatives/preproc_fmriprep-24.1.1/sub-INET063/ses-4/func/FD_outputs/sub-INET063_ses-4_task-rest_run-03_desc-tmask_fFD.txt,sub-INET063_ses-4_task-rest_run-03_desc-tmask_fFD.txt,265,0,0
sub-INET063,ses-4,task-rest,run-04,sub-INET063_ses-4_task-rest_run-04_bold.nii.gz,0,,,3.0,include,/gpfs/research/grattonlab/iNetworks/Nifti/derivatives/preproc_fmriprep-24.1.1/sub-INET063/ses-4/func/FD_outputs/sub-INET063_ses-4_task-rest_run-04_desc-tmask_fFD.txt,sub-INET063_ses-4_task-rest_run-04_desc-tmask_fFD.txt,264,0,0
sub-INET063,ses-4,task-rest,run-05,sub-INET063_ses-4_task-rest_run-05_bold.nii.gz,0,,,1.0,include,/gpfs/research/grattonlab/iNetworks/Nifti/derivatives/preproc_fmriprep-24.1.1/sub-INET063/ses-4/func/FD_outputs/sub-INET063_ses-4_task-rest_run-05_desc-tmask_fFD.txt,sub-INET063_ses-4_task-rest_run-05_desc-tmask_fFD.txt,265,0,0
sub-INET063,ses-4,task-rest,run-06,sub-INET063_ses-4_task-rest_run-06_bold.nii.gz,0,,,1.0,include,/gpfs/research/grattonlab/iNetworks/Nifti/derivatives/preproc_fmriprep-24.1.1/sub-INET063/ses-4/func/FD_outputs/sub-INET063_ses-4_task-rest_run-06_desc-tmask_fFD.txt,sub-INET063_ses-4_task-rest_run-06_desc-tmask_fFD.txt,265,0,0
sub-INET063,ses-4,task-rest,run-07,sub-INET063_ses-4_task-rest_run-07_bold.nii.gz,0,,,2.0,include,/gpfs/research/grattonlab/iNetworks/Nifti/derivatives/preproc_fmriprep-24.1.1/sub-INET063/ses-4/func/FD_outputs/sub-INET063_ses-4_task-rest_run-07_desc-tmask_fFD.txt,sub-INET063_ses-4_task-rest_run-07_desc-tmask_fFD.txt,265,0,0
sub-INET063,ses-4,task-rest,run-08,sub-INET063_ses-4_task-rest_run-08_bold.nii.gz,0,,,2.0,include,/gpfs/research/grattonlab/iNetworks/Nifti/derivatives/preproc_fmriprep-24.1.1/sub-INET063/ses-4/func/FD_outputs/sub-INET063_ses-4_task-rest_run-08_desc-tmask_fFD.txt,sub-INET063_ses-4_task-rest_run-08_desc-tmask_fFD.txt,264,0,0
sub-INET063,ses-4,task-rest,run-09,sub-INET063_ses-4_task-rest_run-09_bold.nii.gz,0,,,1.0,include,/gpfs/research/grattonlab/iNetworks/Nifti/derivatives/preproc_fmriprep-24.1.1/sub-INET063/ses-4/func/FD_outputs/sub-INET063_ses-4_task-rest_run-09_desc-tmask_fFD.txt,sub-INET063_ses-4_task-rest_run-09_desc-tmask_fFD.txt,265,0,0
sub-INET065,ses-1,task-rest,run-01,sub-INET065_ses-1_task-rest_run-01_bold.nii.gz,0,,,3.0,include,/gpfs/research/grattonlab/iNetworks/Nifti/derivatives/preproc_fmriprep-24.1.1/sub-INET065/ses-1/func/FD_outputs/sub-INET065_ses-1_task-rest_run-01_desc-tmask_fFD.txt,sub-INET065_ses-1_task-rest_run-01_desc-tmask_fFD.txt,263,0,0
sub-INET065,ses-1,task-rest,run-07,sub-INET065_ses-1_task-rest_run-07_bold.nii.gz,0,,,3.0,include,/gpfs/research/grattonlab/iNetworks/Nifti/derivatives/preproc_fmriprep-24.1.1/sub-INET065/ses-1/func/FD_outputs/sub-INET065_ses-1_task-rest_run-07_desc-tmask_fFD.txt,sub-INET065_ses-1_task-rest_run-07_desc-tmask_fFD.txt,188,0,0
sub-INET065,ses-2,task-rest,run-01,sub-INET065_ses-2_task-rest_run-01_bold.nii.gz,0,,,1.0,include,/gpfs/research/grattonlab/iNetworks/Nifti/derivatives/preproc_fmriprep-24.1.1/sub-INET065/ses-2/func/FD_outputs/sub-INET065_ses-2_task-rest_run-01_desc-tmask_fFD.txt,sub-INET065_ses-2_task-rest_run-01_desc-tmask_fFD.txt,263,0,0
sub-INET065,ses-2,task-rest,run-02,sub-INET065_ses-2_task-rest_run-02_bold.nii.gz,0,,,1.0,include,/gpfs/research/grattonlab/iNetworks/Nifti/derivatives/preproc_fmriprep-24.1.1/sub-INET065/ses-2/func/FD_outputs/sub-INET065_ses-2_task-rest_run-02_desc-tmask_fFD.txt,sub-INET065_ses-2_task-rest_run-02_desc-tmask_fFD.txt,198,0,0
sub-INET065,ses-2,task-rest,run-04,sub-INET065_ses-2_task-rest_run-04_bold.nii.gz,0,,,2.0,include,/gpfs/research/grattonlab/iNetworks/Nifti/derivatives/preproc_fmriprep-24.1.1/sub-INET065/ses-2/func/FD_outputs/sub-INET065_ses-2_task-rest_run-04_desc-tmask_fFD.txt,sub-INET065_ses-2_task-rest_run-04_desc-tmask_fFD.txt,144,0,0
sub-INET065,ses-2,task-rest,run-05,sub-INET065_ses-2_task-rest_run-05_bold.nii.gz,0,,,1.0,include,/gpfs/research/grattonlab/iNetworks/Nifti/derivatives/preproc_fmriprep-24.1.1/sub-INET065/ses-2/func/FD_outputs/sub-INET065_ses-2_task-rest_run-05_desc-tmask_fFD.txt,sub-INET065_ses-2_task-rest_run-05_desc-tmask_fFD.txt,228,0,0
sub-INET065,ses-2,task-rest,run-06,sub-INET065_ses-2_task-rest_run-06_bold.nii.gz,0,,,2.0,include,/gpfs/research/grattonlab/iNetworks/Nifti/derivatives/preproc_fmriprep-24.1.1/sub-INET065/ses-2/func/FD_outputs/sub-INET065_ses-2_task-rest_run-06_desc-tmask_fFD.txt,sub-INET065_ses-2_task-rest_run-06_desc-tmask_fFD.txt,241,0,0
sub-INET065,ses-2,task-rest,run-07,sub-INET065_ses-2_task-rest_run-07_bold.nii.gz,0,,,3.0,include,/gpfs/research/grattonlab/iNetworks/Nifti/derivatives/preproc_fmriprep-24.1.1/sub-INET065/ses-2/func/FD_outputs/sub-INET065_ses-2_task-rest_run-07_desc-tmask_fFD.txt,sub-INET065_ses-2_task-rest_run-07_desc-tmask_fFD.txt,223,0,0
sub-INET065,ses-3,task-rest,run-01,sub-INET065_ses-3_task-rest_run-01_bold.nii.gz,0,,,3.0,include,/gpfs/research/grattonlab/iNetworks/Nifti/derivatives/preproc_fmriprep-24.1.1/sub-INET065/ses-3/func/FD_outputs/sub-INET065_ses-3_task-rest_run-01_desc-tmask_fFD.txt,sub-INET065_ses-3_task-rest_run-01_desc-tmask_fFD.txt,264,0,0
sub-INET065,ses-3,task-rest,run-06,sub-INET065_ses-3_task-rest_run-06_bold.nii.gz,0,,,2.0,include,/gpfs/research/grattonlab/iNetworks/Nifti/derivatives/preproc_fmriprep-24.1.1/sub-INET065/ses-3/func/FD_outputs/sub-INET065_ses-3_task-rest_run-06_desc-tmask_fFD.txt,sub-INET065_ses-3_task-rest_run-06_desc-tmask_fFD.txt,237,0,0
sub-INET065,ses-3,task-rest,run-07,sub-INET065_ses-3_task-rest_run-07_bold.nii.gz,0,,,2.0,include,/gpfs/research/grattonlab/iNetworks/Nifti/derivatives/preproc_fmriprep-24.1.1/sub-INET065/ses-3/func/FD_outputs/sub-INET065_ses-3_task-rest_run-07_desc-tmask_fFD.txt,sub-INET065_ses-3_task-rest_run-07_desc-tmask_fFD.txt,258,0,0
sub-INET065,ses-3,task-rest,run-08,sub-INET065_ses-3_task-rest_run-08_bold.nii.gz,0,,,1.0,include,/gpfs/research/grattonlab/iNetworks/Nifti/derivatives/preproc_fmriprep-24.1.1/sub-INET065/ses-3/func/FD_outputs/sub-INET065_ses-3_task-rest_run-08_desc-tmask_fFD.txt,sub-INET065_ses-3_task-rest_run-08_desc-tmask_fFD.txt,260,0,0
sub-INET065,ses-4,task-rest,run-01,sub-INET065_ses-4_task-rest_run-01_bold.nii.gz,0,,,2.0,include,/gpfs/research/grattonlab/iNetworks/Nifti/derivatives/preproc_fmriprep-24.1.1/sub-INET065/ses-4/func/FD_outputs/sub-INET065_ses-4_task-rest_run-01_desc-tmask_fFD.txt,sub-INET065_ses-4_task-rest_run-01_desc-tmask_fFD.txt,249,0,0
sub-INET065,ses-4,task-rest,run-02,sub-INET065_ses-4_task-rest_run-02_bold.nii.gz,0,,,3.0,include,/gpfs/research/grattonlab/iNetworks/Nifti/derivatives/preproc_fmriprep-24.1.1/sub-INET065/ses-4/func/FD_outputs/sub-INET065_ses-4_task-rest_run-02_desc-tmask_fFD.txt,sub-INET065_ses-4_task-rest_run-02_desc-tmask_fFD.txt,237,0,0
sub-INET065,ses-4,task-rest,run-05,sub-INET065_ses-4_task-rest_run-05_bold.nii.gz,0,,,3.0,include,/gpfs/research/grattonlab/iNetworks/Nifti/derivatives/preproc_fmriprep-24.1.1/sub-INET065/ses-4/func/FD_outputs/sub-INET065_ses-4_task-rest_run-05_desc-tmask_fFD.txt,sub-INET065_ses-4_task-rest_run-05_desc-tmask_fFD.txt,218,0,0
sub-INET065,ses-4,task-rest,run-06,sub-INET065_ses-4_task-rest_run-06_bold.nii.gz,0,,,1.0,include,/gpfs/research/grattonlab/iNetworks/Nifti/derivatives/preproc_fmriprep-24.1.1/sub-INET065/ses-4/func/FD_outputs/sub-INET065_ses-4_task-rest_run-06_desc-tmask_fFD.txt,sub-INET065_ses-4_task-rest_run-06_desc-tmask_fFD.txt,265,0,0
sub-INET065,ses-4,task-rest,run-07,sub-INET065_ses-4_task-rest_run-07_bold.nii.gz,0,,,2.0,include,/gpfs/research/grattonlab/iNetworks/Nifti/derivatives/preproc_fmriprep-24.1.1/sub-INET065/ses-4/func/FD_outputs/sub-INET065_ses-4_task-rest_run-07_desc-tmask_fFD.txt,sub-INET065_ses-4_task-rest_run-07_desc-tmask_fFD.txt,265,0,0
sub-INET065,ses-4,task-rest,run-08,sub-INET065_ses-4_task-rest_run-08_bold.nii.gz,0,,,1.0,include,/gpfs/research/grattonlab/iNetworks/Nifti/derivatives/preproc_fmriprep-24.1.1/sub-INET065/ses-4/func/FD_outputs/sub-INET065_ses-4_task-rest_run-08_desc-tmask_fFD.txt,sub-INET065_ses-4_task-rest_run-08_desc-tmask_fFD.txt,243,0,0
sub-INET065,ses-4,task-rest,run-09,sub-INET065_ses-4_task-rest_run-09_bold.nii.gz,0,,,1.0,include,/gpfs/research/grattonlab/iNetworks/Nifti/derivatives/preproc_fmriprep-24.1.1/sub-INET065/ses-4/func/FD_outputs/sub-INET065_ses-4_task-rest_run-09_desc-tmask_fFD.txt,sub-INET065_ses-4_task-rest_run-09_desc-tmask_fFD.txt,264,0,0
sub-INET067,ses-1,task-rest,run-01,sub-INET067_ses-1_task-rest_run-01_bold.nii.gz,0,,,2.0,include,/gpfs/research/grattonlab/iNetworks/Nifti/derivatives/preproc_fmriprep-24.1.1/sub-INET067/ses-1/func/FD_outputs/sub-INET067_ses-1_task-rest_run-01_desc-tmask_fFD.txt,sub-INET067_ses-1_task-rest_run-01_desc-tmask_fFD.txt,225,0,0
sub-INET067,ses-1,task-rest,run-02,sub-INET067_ses-1_task-rest_run-02_bold.nii.gz,0,,,2.0,include,/gpfs/research/grattonlab/iNetworks/Nifti/derivatives/preproc_fmriprep-24.1.1/sub-INET067/ses-1/func/FD_outputs/sub-INET067_ses-1_task-rest_run-02_desc-tmask_fFD.txt,sub-INET067_ses-1_task-rest_run-02_desc-tmask_fFD.txt,256,0,0
sub-INET067,ses-1,task-rest,run-03,sub-INET067_ses-1_task-rest_run-03_bold.nii.gz,0,,,2.0,include,/gpfs/research/grattonlab/iNetworks/Nifti/derivatives/preproc_fmriprep-24.1.1/sub-INET067/ses-1/func/FD_outputs/sub-INET067_ses-1_task-rest_run-03_desc-tmask_fFD.txt,sub-INET067_ses-1_task-rest_run-03_desc-tmask_fFD.txt,217,0,0
sub-INET067,ses-1,task-rest,run-04,sub-INET067_ses-1_task-rest_run-04_bold.nii.gz,0,,,3.0,include,/gpfs/research/grattonlab/iNetworks/Nifti/derivatives/preproc_fmriprep-24.1.1/sub-INET067/ses-1/func/FD_outputs/sub-INET067_ses-1_task-rest_run-04_desc-tmask_fFD.txt,sub-INET067_ses-1_task-rest_run-04_desc-tmask_fFD.txt,264,0,0
sub-INET067,ses-1,task-rest,run-05,sub-INET067_ses-1_task-rest_run-05_bold.nii.gz,0,,,2.0,include,/gpfs/research/grattonlab/iNetworks/Nifti/derivatives/preproc_fmriprep-24.1.1/sub-INET067/ses-1/func/FD_outputs/sub-INET067_ses-1_task-rest_run-05_desc-tmask_fFD.txt,sub-INET067_ses-1_task-rest_run-05_desc-tmask_fFD.txt,264,0,0
sub-INET067,ses-1,task-rest,run-06,sub-INET067_ses-1_task-rest_run-06_bold.nii.gz,0,,,2.0,include,/gpfs/research/grattonlab/iNetworks/Nifti/derivatives/preproc_fmriprep-24.1.1/sub-INET067/ses-1/func/FD_outputs/sub-INET067_ses-1_task-rest_run-06_desc-tmask_fFD.txt,sub-INET067_ses-1_task-rest_run-06_desc-tmask_fFD.txt,265,0,0
sub-INET067,ses-1,task-rest,run-07,sub-INET067_ses-1_task-rest_run-07_bold.nii.gz,0,,,2.0,include,/gpfs/research/grattonlab/iNetworks/Nifti/derivatives/preproc_fmriprep-24.1.1/sub-INET067/ses-1/func/FD_outputs/sub-INET067_ses-1_task-rest_run-07_desc-tmask_fFD.txt,sub-INET067_ses-1_task-rest_run-07_desc-tmask_fFD.txt,265,0,0
sub-INET067,ses-2,task-rest,run-01,sub-INET067_ses-2_task-rest_run-01_bold.nii.gz,0,,,1.0,include,/gpfs/research/grattonlab/iNetworks/Nifti/derivatives/preproc_fmriprep-24.1.1/sub-INET067/ses-2/func/FD_outputs/sub-INET067_ses-2_task-rest_run-01_desc-tmask_fFD.txt,sub-INET067_ses-2_task-rest_run-01_desc-tmask_fFD.txt,265,0,0
sub-INET067,ses-2,task-rest,run-02,sub-INET067_ses-2_task-rest_run-02_bold.nii.gz,0,,,3.0,include,/gpfs/research/grattonlab/iNetworks/Nifti/derivatives/preproc_fmriprep-24.1.1/sub-INET067/ses-2/func/FD_outputs/sub-INET067_ses-2_task-rest_run-02_desc-tmask_fFD.txt,sub-INET067_ses-2_task-rest_run-02_desc-tmask_fFD.txt,264,0,0
sub-INET067,ses-2,task-rest,run-03,sub-INET067_ses-2_task-rest_run-03_bold.nii.gz,0,,,3.0,include,/gpfs/research/grattonlab/iNetworks/Nifti/derivatives/preproc_fmriprep-24.1.1/sub-INET067/ses-2/func/FD_outputs/sub-INET067_ses-2_task-rest_run-03_desc-tmask_fFD.txt,sub-INET067_ses-2_task-rest_run-03_desc-tmask_fFD.txt,246,0,0
sub-INET067,ses-2,task-rest,run-04,sub-INET067_ses-2_task-rest_run-04_bold.nii.gz,0,,,3.0,include,/gpfs/research/grattonlab/iNetworks/Nifti/derivatives/preproc_fmriprep-24.1.1/sub-INET067/ses-2/func/FD_outputs/sub-INET067_ses-2_task-rest_run-04_desc-tmask_fFD.txt,sub-INET067_ses-2_task-rest_run-04_desc-tmask_fFD.txt,251,0,0
sub-INET067,ses-2,task-rest,run-06,sub-INET067_ses-2_task-rest_run-06_bold.nii.gz,0,,,2.0,include,/gpfs/research/grattonlab/iNetworks/Nifti/derivatives/preproc_fmriprep-24.1.1/sub-INET067/ses-2/func/FD_outputs/sub-INET067_ses-2_task-rest_run-06_desc-tmask_fFD.txt,sub-INET067_ses-2_task-rest_run-06_desc-tmask_fFD.txt,253,0,0
sub-INET067,ses-2,task-rest,run-07,sub-INET067_ses-2_task-rest_run-07_bold.nii.gz,0,,,2.0,include,/gpfs/research/grattonlab/iNetworks/Nifti/derivatives/preproc_fmriprep-24.1.1/sub-INET067/ses-2/func/FD_outputs/sub-INET067_ses-2_task-rest_run-07_desc-tmask_fFD.txt,sub-INET067_ses-2_task-rest_run-07_desc-tmask_fFD.txt,264,0,0
sub-INET067,ses-3,task-rest,run-01,sub-INET067_ses-3_task-rest_run-01_bold.nii.gz,0,,,2.0,include,/gpfs/research/grattonlab/iNetworks/Nifti/derivatives/preproc_fmriprep-24.1.1/sub-INET067/ses-3/func/FD_outputs/sub-INET067_ses-3_task-rest_run-01_desc-tmask_fFD.txt,sub-INET067_ses-3_task-rest_run-01_desc-tmask_fFD.txt,264,0,0
sub-INET067,ses-3,task-rest,run-07,sub-INET067_ses-3_task-rest_run-07_bold.nii.gz,0,,,3.0,include,/gpfs/research/grattonlab/iNetworks/Nifti/derivatives/preproc_fmriprep-24.1.1/sub-INET067/ses-3/func/FD_outputs/sub-INET067_ses-3_task-rest_run-07_desc-tmask_fFD.txt,sub-INET067_ses-3_task-rest_run-07_desc-tmask_fFD.txt,264,0,0
sub-INET067,ses-3,task-rest,run-08,sub-INET067_ses-3_task-rest_run-08_bold.nii.gz,0,,,2.0,include,/gpfs/research/grattonlab/iNetworks/Nifti/derivatives/preproc_fmriprep-24.1.1/sub-INET067/ses-3/func/FD_outputs/sub-INET067_ses-3_task-rest_run-08_desc-tmask_fFD.txt,sub-INET067_ses-3_task-rest_run-08_desc-tmask_fFD.txt,262,0,0
sub-INET067,ses-4,task-rest,run-01,sub-INET067_ses-4_task-rest_run-01_bold.nii.gz,0,,,1.0,include,/gpfs/research/grattonlab/iNetworks/Nifti/derivatives/preproc_fmriprep-24.1.1/sub-INET067/ses-4/func/FD_outputs/sub-INET067_ses-4_task-rest_run-01_desc-tmask_fFD.txt,sub-INET067_ses-4_task-rest_run-01_desc-tmask_fFD.txt,264,0,0
sub-INET067,ses-4,task-rest,run-02,sub-INET067_ses-4_task-rest_run-02_bold.nii.gz,0,,,3.0,include,/gpfs/research/grattonlab/iNetworks/Nifti/derivatives/preproc_fmriprep-24.1.1/sub-INET067/ses-4/func/FD_outputs/sub-INET067_ses-4_task-rest_run-02_desc-tmask_fFD.txt,sub-INET067_ses-4_task-rest_run-02_desc-tmask_fFD.txt,264,0,0
sub-INET067,ses-4,task-rest,run-03,sub-INET067_ses-4_task-rest_run-03_bold.nii.gz,0,,,2.0,include,/gpfs/research/grattonlab/iNetworks/Nifti/derivatives/preproc_fmriprep-24.1.1/sub-INET067/ses-4/func/FD_outputs/sub-INET067_ses-4_task-rest_run-03_desc-tmask_fFD.txt,sub-INET067_ses-4_task-rest_run-03_desc-tmask_fFD.txt,265,0,0
sub-INET067,ses-4,task-rest,run-04,sub-INET067_ses-4_task-rest_run-04_bold.nii.gz,0,,,3.0,include,/gpfs/research/grattonlab/iNetworks/Nifti/derivatives/preproc_fmriprep-24.1.1/sub-INET067/ses-4/func/FD_outputs/sub-INET067_ses-4_task-rest_run-04_desc-tmask_fFD.txt,sub-INET067_ses-4_task-rest_run-04_desc-tmask_fFD.txt,264,0,0
sub-INET067,ses-4,task-rest,run-05,sub-INET067_ses-4_task-rest_run-05_bold.nii.gz,0,,,2.0,include,/gpfs/research/grattonlab/iNetworks/Nifti/derivatives/preproc_fmriprep-24.1.1/sub-INET067/ses-4/func/FD_outputs/sub-INET067_ses-4_task-rest_run-05_desc-tmask_fFD.txt,sub-INET067_ses-4_task-rest_run-05_desc-tmask_fFD.txt,262,0,0
sub-INET067,ses-4,task-rest,run-06,sub-INET067_ses-4_task-rest_run-06_bold.nii.gz,0,,,2.0,include,/gpfs/research/grattonlab/iNetworks/Nifti/derivatives/preproc_fmriprep-24.1.1/sub-INET067/ses-4/func/FD_outputs/sub-INET067_ses-4_task-rest_run-06_desc-tmask_fFD.txt,sub-INET067_ses-4_task-rest_run-06_desc-tmask_fFD.txt,263,0,0
sub-INET067,ses-4,task-rest,run-07,sub-INET067_ses-4_task-rest_run-07_bold.nii.gz,0,,,2.0,include,/gpfs/research/grattonlab/iNetworks/Nifti/derivatives/preproc_fmriprep-24.1.1/sub-INET067/ses-4/func/FD_outputs/sub-INET067_ses-4_task-rest_run-07_desc-tmask_fFD.txt,sub-INET067_ses-4_task-rest_run-07_desc-tmask_fFD.txt,259,0,0
sub-INET067,ses-4,task-rest,run-08,sub-INET067_ses-4_task-rest_run-08_bold.nii.gz,0,,,2.0,include,/gpfs/research/grattonlab/iNetworks/Nifti/derivatives/preproc_fmriprep-24.1.1/sub-INET067/ses-4/func/FD_outputs/sub-INET067_ses-4_task-rest_run-08_desc-tmask_fFD.txt,sub-INET067_ses-4_task-rest_run-08_desc-tmask_fFD.txt,265,0,0
sub-INET068,ses-1,task-rest,run-01,sub-INET068_ses-1_task-rest_run-01_bold.nii.gz,0,,,3.0,include,/gpfs/research/grattonlab/iNetworks/Nifti/derivatives/preproc_fmriprep-24.1.1/sub-INET068/ses-1/func/FD_outputs/sub-INET068_ses-1_task-rest_run-01_desc-tmask_fFD.txt,sub-INET068_ses-1_task-rest_run-01_desc-tmask_fFD.txt,265,0,0
sub-INET068,ses-1,task-rest,run-02,sub-INET068_ses-1_task-rest_run-02_bold.nii.gz,0,,,3.0,include,/gpfs/research/grattonlab/iNetworks/Nifti/derivatives/preproc_fmriprep-24.1.1/sub-INET068/ses-1/func/FD_outputs/sub-INET068_ses-1_task-rest_run-02_desc-tmask_fFD.txt,sub-INET068_ses-1_task-rest_run-02_desc-tmask_fFD.txt,264,0,0
sub-INET068,ses-1,task-rest,run-03,sub-INET068_ses-1_task-rest_run-03_bold.nii.gz,0,,,3.0,include,/gpfs/research/grattonlab/iNetworks/Nifti/derivatives/preproc_fmriprep-24.1.1/sub-INET068/ses-1/func/FD_outputs/sub-INET068_ses-1_task-rest_run-03_desc-tmask_fFD.txt,sub-INET068_ses-1_task-rest_run-03_desc-tmask_fFD.txt,264,0,0
sub-INET068,ses-1,task-rest,run-05,sub-INET068_ses-1_task-rest_run-05_bold.nii.gz,0,,,2.0,include,/gpfs/research/grattonlab/iNetworks/Nifti/derivatives/preproc_fmriprep-24.1.1/sub-INET068/ses-1/func/FD_outputs/sub-INET068_ses-1_task-rest_run-05_desc-tmask_fFD.txt,sub-INET068_ses-1_task-rest_run-05_desc-tmask_fFD.txt,265,0,0
sub-INET068,ses-1,task-rest,run-06,sub-INET068_ses-1_task-rest_run-06_bold.nii.gz,0,,,3.0,include,/gpfs/research/grattonlab/iNetworks/Nifti/derivatives/preproc_fmriprep-24.1.1/sub-INET068/ses-1/func/FD_outputs/sub-INET068_ses-1_task-rest_run-06_desc-tmask_fFD.txt,sub-INET068_ses-1_task-rest_run-06_desc-tmask_fFD.txt,263,0,0
sub-INET068,ses-1,task-rest,run-07,sub-INET068_ses-1_task-rest_run-07_bold.nii.gz,0,,,3.0,include,/gpfs/research/grattonlab/iNetworks/Nifti/derivatives/preproc_fmriprep-24.1.1/sub-INET068/ses-1/func/FD_outputs/sub-INET068_ses-1_task-rest_run-07_desc-tmask_fFD.txt,sub-INET068_ses-1_task-rest_run-07_desc-tmask_fFD.txt,254,0,0
sub-INET068,ses-2,task-rest,run-01,sub-INET068_ses-2_task-rest_run-01_bold.nii.gz,0,,,3.0,include,/gpfs/research/grattonlab/iNetworks/Nifti/derivatives/preproc_fmriprep-24.1.1/sub-INET068/ses-2/func/FD_outputs/sub-INET068_ses-2_task-rest_run-01_desc-tmask_fFD.txt,sub-INET068_ses-2_task-rest_run-01_desc-tmask_fFD.txt,262,0,0
sub-INET068,ses-2,task-rest,run-04,sub-INET068_ses-2_task-rest_run-04_bold.nii.gz,0,,,2.0,include,/gpfs/research/grattonlab/iNetworks/Nifti/derivatives/preproc_fmriprep-24.1.1/sub-INET068/ses-2/func/FD_outputs/sub-INET068_ses-2_task-rest_run-04_desc-tmask_fFD.txt,sub-INET068_ses-2_task-rest_run-04_desc-tmask_fFD.txt,261,0,0
sub-INET068,ses-2,task-rest,run-05,sub-INET068_ses-2_task-rest_run-05_bold.nii.gz,0,,,2.0,include,/gpfs/research/grattonlab/iNetworks/Nifti/derivatives/preproc_fmriprep-24.1.1/sub-INET068/ses-2/func/FD_outputs/sub-INET068_ses-2_task-rest_run-05_desc-tmask_fFD.txt,sub-INET068_ses-2_task-rest_run-05_desc-tmask_fFD.txt,264,0,0
sub-INET068,ses-2,task-rest,run-06,sub-INET068_ses-2_task-rest_run-06_bold.nii.gz,0,,,3.0,include,/gpfs/research/grattonlab/iNetworks/Nifti/derivatives/preproc_fmriprep-24.1.1/sub-INET068/ses-2/func/FD_outputs/sub-INET068_ses-2_task-rest_run-06_desc-tmask_fFD.txt,sub-INET068_ses-2_task-rest_run-06_desc-tmask_fFD.txt,256,0,0
sub-INET068,ses-2,task-rest,run-07,sub-INET068_ses-2_task-rest_run-07_bold.nii.gz,0,,,3.0,include,/gpfs/research/grattonlab/iNetworks/Nifti/derivatives/preproc_fmriprep-24.1.1/sub-INET068/ses-2/func/FD_outputs/sub-INET068_ses-2_task-rest_run-07_desc-tmask_fFD.txt,sub-INET068_ses-2_task-rest_run-07_desc-tmask_fFD.txt,265,0,0
sub-INET068,ses-3,task-rest,run-01,sub-INET068_ses-3_task-rest_run-01_bold.nii.gz,0,,,2.0,include,/gpfs/research/grattonlab/iNetworks/Nifti/derivatives/preproc_fmriprep-24.1.1/sub-INET068/ses-3/func/FD_outputs/sub-INET068_ses-3_task-rest_run-01_desc-tmask_fFD.txt,sub-INET068_ses-3_task-rest_run-01_desc-tmask_fFD.txt,262,0,0
sub-INET068,ses-3,task-rest,run-02,sub-INET068_ses-3_task-rest_run-02_bold.nii.gz,0,,,1.0,include,/gpfs/research/grattonlab/iNetworks/Nifti/derivatives/preproc_fmriprep-24.1.1/sub-INET068/ses-3/func/FD_outputs/sub-INET068_ses-3_task-rest_run-02_desc-tmask_fFD.txt,sub-INET068_ses-3_task-rest_run-02_desc-tmask_fFD.txt,265,0,0
sub-INET068,ses-3,task-rest,run-03,sub-INET068_ses-3_task-rest_run-03_bold.nii.gz,0,,,2.0,include,/gpfs/research/grattonlab/iNetworks/Nifti/derivatives/preproc_fmriprep-24.1.1/sub-INET068/ses-3/func/FD_outputs/sub-INET068_ses-3_task-rest_run-03_desc-tmask_fFD.txt,sub-INET068_ses-3_task-rest_run-03_desc-tmask_fFD.txt,264,0,0
sub-INET068,ses-3,task-rest,run-04,sub-INET068_ses-3_task-rest_run-04_bold.nii.gz,0,,,2.0,include,/gpfs/research/grattonlab/iNetworks/Nifti/derivatives/preproc_fmriprep-24.1.1/sub-INET068/ses-3/func/FD_outputs/sub-INET068_ses-3_task-rest_run-04_desc-tmask_fFD.txt,sub-INET068_ses-3_task-rest_run-04_desc-tmask_fFD.txt,264,0,0
sub-INET068,ses-3,task-rest,run-05,sub-INET068_ses-3_task-rest_run-05_bold.nii.gz,0,,,1.0,include,/gpfs/research/grattonlab/iNetworks/Nifti/derivatives/preproc_fmriprep-24.1.1/sub-INET068/ses-3/func/FD_outputs/sub-INET068_ses-3_task-rest_run-05_desc-tmask_fFD.txt,sub-INET068_ses-3_task-rest_run-05_desc-tmask_fFD.txt,263,0,0
sub-INET068,ses-3,task-rest,run-06,sub-INET068_ses-3_task-rest_run-06_bold.nii.gz,0,,,1.0,include,/gpfs/research/grattonlab/iNetworks/Nifti/derivatives/preproc_fmriprep-24.1.1/sub-INET068/ses-3/func/FD_outputs/sub-INET068_ses-3_task-rest_run-06_desc-tmask_fFD.txt,sub-INET068_ses-3_task-rest_run-06_desc-tmask_fFD.txt,264,0,0
sub-INET068,ses-3,task-rest,run-07,sub-INET068_ses-3_task-rest_run-07_bold.nii.gz,0,,,1.0,include,/gpfs/research/grattonlab/iNetworks/Nifti/derivatives/preproc_fmriprep-24.1.1/sub-INET068/ses-3/func/FD_outputs/sub-INET068_ses-3_task-rest_run-07_desc-tmask_fFD.txt,sub-INET068_ses-3_task-rest_run-07_desc-tmask_fFD.txt,264,0,0
sub-INET068,ses-3,task-rest,run-08,sub-INET068_ses-3_task-rest_run-08_bold.nii.gz,0,,,2.0,include,/gpfs/research/grattonlab/iNetworks/Nifti/derivatives/preproc_fmriprep-24.1.1/sub-INET068/ses-3/func/FD_outputs/sub-INET068_ses-3_task-rest_run-08_desc-tmask_fFD.txt,sub-INET068_ses-3_task-rest_run-08_desc-tmask_fFD.txt,264,0,0
sub-INET068,ses-3,task-rest,run-09,sub-INET068_ses-3_task-rest_run-09_bold.nii.gz,0,,,1.0,include,/gpfs/research/grattonlab/iNetworks/Nifti/derivatives/preproc_fmriprep-24.1.1/sub-INET068/ses-3/func/FD_outputs/sub-INET068_ses-3_task-rest_run-09_desc-tmask_fFD.txt,sub-INET068_ses-3_task-rest_run-09_desc-tmask_fFD.txt,265,0,0
sub-INET068,ses-4,task-rest,run-02,sub-INET068_ses-4_task-rest_run-02_bold.nii.gz,0,,,3.0,include,/gpfs/research/grattonlab/iNetworks/Nifti/derivatives/preproc_fmriprep-24.1.1/sub-INET068/ses-4/func/FD_outputs/sub-INET068_ses-4_task-rest_run-02_desc-tmask_fFD.txt,sub-INET068_ses-4_task-rest_run-02_desc-tmask_fFD.txt,262,0,0
sub-INET068,ses-4,task-rest,run-07,sub-INET068_ses-4_task-rest_run-07_bold.nii.gz,0,,,2.0,include,/gpfs/research/grattonlab/iNetworks/Nifti/derivatives/preproc_fmriprep-24.1.1/sub-INET068/ses-4/func/FD_outputs/sub-INET068_ses-4_task-rest_run-07_desc-tmask_fFD.txt,sub-INET068_ses-4_task-rest_run-07_desc-tmask_fFD.txt,264,0,0
sub-INET068,ses-4,task-rest,run-08,sub-INET068_ses-4_task-rest_run-08_bold.nii.gz,0,,,3.0,include,/gpfs/research/grattonlab/iNetworks/Nifti/derivatives/preproc_fmriprep-24.1.1/sub-INET068/ses-4/func/FD_outputs/sub-INET068_ses-4_task-rest_run-08_desc-tmask_fFD.txt,sub-INET068_ses-4_task-rest_run-08_desc-tmask_fFD.txt,261,0,0
sub-INET068,ses-4,task-rest,run-09,sub-INET068_ses-4_task-rest_run-09_bold.nii.gz,0,,,3.0,include,/gpfs/research/grattonlab/iNetworks/Nifti/derivatives/preproc_fmriprep-24.1.1/sub-INET068/ses-4/func/FD_outputs/sub-INET068_ses-4_task-rest_run-09_desc-tmask_fFD.txt,sub-INET068_ses-4_task-rest_run-09_desc-tmask_fFD.txt,265,0,0
sub-INET069,ses-1,task-rest,run-01,sub-INET069_ses-1_task-rest_run-01_bold.nii.gz,0,,,3.0,include,/gpfs/research/grattonlab/iNetworks/Nifti/derivatives/preproc_fmriprep-24.1.1/sub-INET069/ses-1/func/FD_outputs/sub-INET069_ses-1_task-rest_run-01_desc-tmask_fFD.txt,sub-INET069_ses-1_task-rest_run-01_desc-tmask_fFD.txt,265,0,0
sub-INET069,ses-2,task-rest,run-01,sub-INET069_ses-2_task-rest_run-01_bold.nii.gz,0,,,3.0,include,/gpfs/research/grattonlab/iNetworks/Nifti/derivatives/preproc_fmriprep-24.1.1/sub-INET069/ses-2/func/FD_outputs/sub-INET069_ses-2_task-rest_run-01_desc-tmask_fFD.txt,sub-INET069_ses-2_task-rest_run-01_desc-tmask_fFD.txt,262,0,0
sub-INET069,ses-4,task-rest,run-01,sub-INET069_ses-4_task-rest_run-01_bold.nii.gz,0,,,3.0,include,/gpfs/research/grattonlab/iNetworks/Nifti/derivatives/preproc_fmriprep-24.1.1/sub-INET069/ses-4/func/FD_outputs/sub-INET069_ses-4_task-rest_run-01_desc-tmask_fFD.txt,sub-INET069_ses-4_task-rest_run-01_desc-tmask_fFD.txt,265,0,0
sub-INET069,ses-4,task-rest,run-02,sub-INET069_ses-4_task-rest_run-02_bold.nii.gz,0,,,3.0,include,/gpfs/research/grattonlab/iNetworks/Nifti/derivatives/preproc_fmriprep-24.1.1/sub-INET069/ses-4/func/FD_outputs/sub-INET069_ses-4_task-rest_run-02_desc-tmask_fFD.txt,sub-INET069_ses-4_task-rest_run-02_desc-tmask_fFD.txt,262,0,0
sub-INET070,ses-1,task-rest,run-01,sub-INET070_ses-1_task-rest_run-01_bold.nii.gz,0,,,1.0,include,/gpfs/research/grattonlab/iNetworks/Nifti/derivatives/preproc_fmriprep-24.1.1/sub-INET070/ses-1/func/FD_outputs/sub-INET070_ses-1_task-rest_run-01_desc-tmask_fFD.txt,sub-INET070_ses-1_task-rest_run-01_desc-tmask_fFD.txt,263,0,0
sub-INET070,ses-1,task-rest,run-02,sub-INET070_ses-1_task-rest_run-02_bold.nii.gz,0,,,1.0,include,/gpfs/research/grattonlab/iNetworks/Nifti/derivatives/preproc_fmriprep-24.1.1/sub-INET070/ses-1/func/FD_outputs/sub-INET070_ses-1_task-rest_run-02_desc-tmask_fFD.txt,sub-INET070_ses-1_task-rest_run-02_desc-tmask_fFD.txt,264,0,0
sub-INET070,ses-1,task-rest,run-03,sub-INET070_ses-1_task-rest_run-03_bold.nii.gz,0,,,3.0,include,/gpfs/research/grattonlab/iNetworks/Nifti/derivatives/preproc_fmriprep-24.1.1/sub-INET070/ses-1/func/FD_outputs/sub-INET070_ses-1_task-rest_run-03_desc-tmask_fFD.txt,sub-INET070_ses-1_task-rest_run-03_desc-tmask_fFD.txt,265,0,0
sub-INET070,ses-1,task-rest,run-04,sub-INET070_ses-1_task-rest_run-04_bold.nii.gz,0,,,2.0,include,/gpfs/research/grattonlab/iNetworks/Nifti/derivatives/preproc_fmriprep-24.1.1/sub-INET070/ses-1/func/FD_outputs/sub-INET070_ses-1_task-rest_run-04_desc-tmask_fFD.txt,sub-INET070_ses-1_task-rest_run-04_desc-tmask_fFD.txt,264,0,0
sub-INET070,ses-1,task-rest,run-05,sub-INET070_ses-1_task-rest_run-05_bold.nii.gz,0,,,2.0,include,/gpfs/research/grattonlab/iNetworks/Nifti/derivatives/preproc_fmriprep-24.1.1/sub-INET070/ses-1/func/FD_outputs/sub-INET070_ses-1_task-rest_run-05_desc-tmask_fFD.txt,sub-INET070_ses-1_task-rest_run-05_desc-tmask_fFD.txt,264,0,0
sub-INET070,ses-1,task-rest,run-06,sub-INET070_ses-1_task-rest_run-06_bold.nii.gz,0,,,3.0,include,/gpfs/research/grattonlab/iNetworks/Nifti/derivatives/preproc_fmriprep-24.1.1/sub-INET070/ses-1/func/FD_outputs/sub-INET070_ses-1_task-rest_run-06_desc-tmask_fFD.txt,sub-INET070_ses-1_task-rest_run-06_desc-tmask_fFD.txt,264,0,0
sub-INET070,ses-1,task-rest,run-07,sub-INET070_ses-1_task-rest_run-07_bold.nii.gz,0,,,3.0,include,/gpfs/research/grattonlab/iNetworks/Nifti/derivatives/preproc_fmriprep-24.1.1/sub-INET070/ses-1/func/FD_outputs/sub-INET070_ses-1_task-rest_run-07_desc-tmask_fFD.txt,sub-INET070_ses-1_task-rest_run-07_desc-tmask_fFD.txt,263,0,0
sub-INET070,ses-2,task-rest,run-01,sub-INET070_ses-2_task-rest_run-01_bold.nii.gz,0,,,1.0,include,/gpfs/research/grattonlab/iNetworks/Nifti/derivatives/preproc_fmriprep-24.1.1/sub-INET070/ses-2/func/FD_outputs/sub-INET070_ses-2_task-rest_run-01_desc-tmask_fFD.txt,sub-INET070_ses-2_task-rest_run-01_desc-tmask_fFD.txt,264,0,0
sub-INET070,ses-2,task-rest,run-02,sub-INET070_ses-2_task-rest_run-02_bold.nii.gz,0,,,2.0,include,/gpfs/research/grattonlab/iNetworks/Nifti/derivatives/preproc_fmriprep-24.1.1/sub-INET070/ses-2/func/FD_outputs/sub-INET070_ses-2_task-rest_run-02_desc-tmask_fFD.txt,sub-INET070_ses-2_task-rest_run-02_desc-tmask_fFD.txt,265,0,0
sub-INET070,ses-2,task-rest,run-03,sub-INET070_ses-2_task-rest_run-03_bold.nii.gz,0,,,2.0,include,/gpfs/research/grattonlab/iNetworks/Nifti/derivatives/preproc_fmriprep-24.1.1/sub-INET070/ses-2/func/FD_outputs/sub-INET070_ses-2_task-rest_run-03_desc-tmask_fFD.txt,sub-INET070_ses-2_task-rest_run-03_desc-tmask_fFD.txt,260,0,0
sub-INET070,ses-2,task-rest,run-04,sub-INET070_ses-2_task-rest_run-04_bold.nii.gz,0,,,3.0,include,/gpfs/research/grattonlab/iNetworks/Nifti/derivatives/preproc_fmriprep-24.1.1/sub-INET070/ses-2/func/FD_outputs/sub-INET070_ses-2_task-rest_run-04_desc-tmask_fFD.txt,sub-INET070_ses-2_task-rest_run-04_desc-tmask_fFD.txt,265,0,0
sub-INET070,ses-3,task-rest,run-01,sub-INET070_ses-3_task-rest_run-01_bold.nii.gz,0,,,1.0,include,/gpfs/research/grattonlab/iNetworks/Nifti/derivatives/preproc_fmriprep-24.1.1/sub-INET070/ses-3/func/FD_outputs/sub-INET070_ses-3_task-rest_run-01_desc-tmask_fFD.txt,sub-INET070_ses-3_task-rest_run-01_desc-tmask_fFD.txt,265,0,0
sub-INET070,ses-3,task-rest,run-02,sub-INET070_ses-3_task-rest_run-02_bold.nii.gz,0,,,3.0,include,/gpfs/research/grattonlab/iNetworks/Nifti/derivatives/preproc_fmriprep-24.1.1/sub-INET070/ses-3/func/FD_outputs/sub-INET070_ses-3_task-rest_run-02_desc-tmask_fFD.txt,sub-INET070_ses-3_task-rest_run-02_desc-tmask_fFD.txt,265,0,0
sub-INET070,ses-3,task-rest,run-03,sub-INET070_ses-3_task-rest_run-03_bold.nii.gz,0,,,3.0,include,/gpfs/research/grattonlab/iNetworks/Nifti/derivatives/preproc_fmriprep-24.1.1/sub-INET070/ses-3/func/FD_outputs/sub-INET070_ses-3_task-rest_run-03_desc-tmask_fFD.txt,sub-INET070_ses-3_task-rest_run-03_desc-tmask_fFD.txt,263,0,0
sub-INET070,ses-3,task-rest,run-04,sub-INET070_ses-3_task-rest_run-04_bold.nii.gz,0,,,3.0,include,/gpfs/research/grattonlab/iNetworks/Nifti/derivatives/preproc_fmriprep-24.1.1/sub-INET070/ses-3/func/FD_outputs/sub-INET070_ses-3_task-rest_run-04_desc-tmask_fFD.txt,sub-INET070_ses-3_task-rest_run-04_desc-tmask_fFD.txt,264,0,0
sub-INET070,ses-3,task-rest,run-06,sub-INET070_ses-3_task-rest_run-06_bold.nii.gz,0,,,3.0,include,/gpfs/research/grattonlab/iNetworks/Nifti/derivatives/preproc_fmriprep-24.1.1/sub-INET070/ses-3/func/FD_outputs/sub-INET070_ses-3_task-rest_run-06_desc-tmask_fFD.txt,sub-INET070_ses-3_task-rest_run-06_desc-tmask_fFD.txt,264,0,0
sub-INET070,ses-3,task-rest,run-07,sub-INET070_ses-3_task-rest_run-07_bold.nii.gz,0,,,3.0,include,/gpfs/research/grattonlab/iNetworks/Nifti/derivatives/preproc_fmriprep-24.1.1/sub-INET070/ses-3/func/FD_outputs/sub-INET070_ses-3_task-rest_run-07_desc-tmask_fFD.txt,sub-INET070_ses-3_task-rest_run-07_desc-tmask_fFD.txt,265,0,0
sub-INET070,ses-3,task-rest,run-08,sub-INET070_ses-3_task-rest_run-08_bold.nii.gz,0,,,2.0,include,/gpfs/research/grattonlab/iNetworks/Nifti/derivatives/preproc_fmriprep-24.1.1/sub-INET070/ses-3/func/FD_outputs/sub-INET070_ses-3_task-rest_run-08_desc-tmask_fFD.txt,sub-INET070_ses-3_task-rest_run-08_desc-tmask_fFD.txt,265,0,0
sub-INET070,ses-4,task-rest,run-01,sub-INET070_ses-4_task-rest_run-01_bold.nii.gz,0,,,1.0,include,/gpfs/research/grattonlab/iNetworks/Nifti/derivatives/preproc_fmriprep-24.1.1/sub-INET070/ses-4/func/FD_outputs/sub-INET070_ses-4_task-rest_run-01_desc-tmask_fFD.txt,sub-INET070_ses-4_task-rest_run-01_desc-tmask_fFD.txt,265,0,0
sub-INET070,ses-4,task-rest,run-02,sub-INET070_ses-4_task-rest_run-02_bold.nii.gz,0,,,1.0,include,/gpfs/research/grattonlab/iNetworks/Nifti/derivatives/preproc_fmriprep-24.1.1/sub-INET070/ses-4/func/FD_outputs/sub-INET070_ses-4_task-rest_run-02_desc-tmask_fFD.txt,sub-INET070_ses-4_task-rest_run-02_desc-tmask_fFD.txt,259,0,0
sub-INET070,ses-4,task-rest,run-03,sub-INET070_ses-4_task-rest_run-03_bold.nii.gz,0,,,2.0,include,/gpfs/research/grattonlab/iNetworks/Nifti/derivatives/preproc_fmriprep-24.1.1/sub-INET070/ses-4/func/FD_outputs/sub-INET070_ses-4_task-rest_run-03_desc-tmask_fFD.txt,sub-INET070_ses-4_task-rest_run-03_desc-tmask_fFD.txt,264,0,0
sub-INET070,ses-4,task-rest,run-04,sub-INET070_ses-4_task-rest_run-04_bold.nii.gz,0,,,2.0,include,/gpfs/research/grattonlab/iNetworks/Nifti/derivatives/preproc_fmriprep-24.1.1/sub-INET070/ses-4/func/FD_outputs/sub-INET070_ses-4_task-rest_run-04_desc-tmask_fFD.txt,sub-INET070_ses-4_task-rest_run-04_desc-tmask_fFD.txt,257,0,0
sub-INET070,ses-4,task-rest,run-05,sub-INET070_ses-4_task-rest_run-05_bold.nii.gz,0,,,3.0,include,/gpfs/research/grattonlab/iNetworks/Nifti/derivatives/preproc_fmriprep-24.1.1/sub-INET070/ses-4/func/FD_outputs/sub-INET070_ses-4_task-rest_run-05_desc-tmask_fFD.txt,sub-INET070_ses-4_task-rest_run-05_desc-tmask_fFD.txt,257,0,0
sub-INET070,ses-4,task-rest,run-06,sub-INET070_ses-4_task-rest_run-06_bold.nii.gz,0,,,2.0,include,/gpfs/research/grattonlab/iNetworks/Nifti/derivatives/preproc_fmriprep-24.1.1/sub-INET070/ses-4/func/FD_outputs/sub-INET070_ses-4_task-rest_run-06_desc-tmask_fFD.txt,sub-INET070_ses-4_task-rest_run-06_desc-tmask_fFD.txt,262,0,0
sub-INET070,ses-4,task-rest,run-07,sub-INET070_ses-4_task-rest_run-07_bold.nii.gz,0,,,3.0,include,/gpfs/research/grattonlab/iNetworks/Nifti/derivatives/preproc_fmriprep-24.1.1/sub-INET070/ses-4/func/FD_outputs/sub-INET070_ses-4_task-rest_run-07_desc-tmask_fFD.txt,sub-INET070_ses-4_task-rest_run-07_desc-tmask_fFD.txt,248,0,0
sub-INET070,ses-4,task-rest,run-08,sub-INET070_ses-4_task-rest_run-08_bold.nii.gz,0,,,1.0,include,/gpfs/research/grattonlab/iNetworks/Nifti/derivatives/preproc_fmriprep-24.1.1/sub-INET070/ses-4/func/FD_outputs/sub-INET070_ses-4_task-rest_run-08_desc-tmask_fFD.txt,sub-INET070_ses-4_task-rest_run-08_desc-tmask_fFD.txt,260,0,0
sub-INET071,ses-1,task-rest,run-03,sub-INET071_ses-1_task-rest_run-03_bold.nii.gz,0,,,3.0,include,/gpfs/research/grattonlab/iNetworks/Nifti/derivatives/preproc_fmriprep-24.1.1/sub-INET071/ses-1/func/FD_outputs/sub-INET071_ses-1_task-rest_run-03_desc-tmask_fFD.txt,sub-INET071_ses-1_task-rest_run-03_desc-tmask_fFD.txt,264,0,0
sub-INET071,ses-2,task-rest,run-01,sub-INET071_ses-2_task-rest_run-01_bold.nii.gz,0,,,2.0,include,/gpfs/research/grattonlab/iNetworks/Nifti/derivatives/preproc_fmriprep-24.1.1/sub-INET071/ses-2/func/FD_outputs/sub-INET071_ses-2_task-rest_run-01_desc-tmask_fFD.txt,sub-INET071_ses-2_task-rest_run-01_desc-tmask_fFD.txt,263,0,0
sub-INET071,ses-2,task-rest,run-02,sub-INET071_ses-2_task-rest_run-02_bold.nii.gz,0,,,2.0,include,/gpfs/research/grattonlab/iNetworks/Nifti/derivatives/preproc_fmriprep-24.1.1/sub-INET071/ses-2/func/FD_outputs/sub-INET071_ses-2_task-rest_run-02_desc-tmask_fFD.txt,sub-INET071_ses-2_task-rest_run-02_desc-tmask_fFD.txt,253,0,0
sub-INET071,ses-2,task-rest,run-03,sub-INET071_ses-2_task-rest_run-03_bold.nii.gz,0,,,3.0,include,/gpfs/research/grattonlab/iNetworks/Nifti/derivatives/preproc_fmriprep-24.1.1/sub-INET071/ses-2/func/FD_outputs/sub-INET071_ses-2_task-rest_run-03_desc-tmask_fFD.txt,sub-INET071_ses-2_task-rest_run-03_desc-tmask_fFD.txt,265,0,0
sub-INET071,ses-2,task-rest,run-04,sub-INET071_ses-2_task-rest_run-04_bold.nii.gz,0,,,2.0,include,/gpfs/research/grattonlab/iNetworks/Nifti/derivatives/preproc_fmriprep-24.1.1/sub-INET071/ses-2/func/FD_outputs/sub-INET071_ses-2_task-rest_run-04_desc-tmask_fFD.txt,sub-INET071_ses-2_task-rest_run-04_desc-tmask_fFD.txt,264,0,0
sub-INET071,ses-4,task-rest,run-01,sub-INET071_ses-4_task-rest_run-01_bold.nii.gz,0,,,2.0,include,/gpfs/research/grattonlab/iNetworks/Nifti/derivatives/preproc_fmriprep-24.1.1/sub-INET071/ses-4/func/FD_outputs/sub-INET071_ses-4_task-rest_run-01_desc-tmask_fFD.txt,sub-INET071_ses-4_task-rest_run-01_desc-tmask_fFD.txt,265,0,0
sub-INET071,ses-4,task-rest,run-02,sub-INET071_ses-4_task-rest_run-02_bold.nii.gz,0,,,3.0,include,/gpfs/research/grattonlab/iNetworks/Nifti/derivatives/preproc_fmriprep-24.1.1/sub-INET071/ses-4/func/FD_outputs/sub-INET071_ses-4_task-rest_run-02_desc-tmask_fFD.txt,sub-INET071_ses-4_task-rest_run-02_desc-tmask_fFD.txt,263,0,0
sub-INET072,ses-1,task-rest,run-03,sub-INET072_ses-1_task-rest_run-03_bold.nii.gz,0,,,3.0,include,/gpfs/research/grattonlab/iNetworks/Nifti/derivatives/preproc_fmriprep-24.1.1/sub-INET072/ses-1/func/FD_outputs/sub-INET072_ses-1_task-rest_run-03_desc-tmask_fFD.txt,sub-INET072_ses-1_task-rest_run-03_desc-tmask_fFD.txt,262,0,0
sub-INET072,ses-1,task-rest,run-04,sub-INET072_ses-1_task-rest_run-04_bold.nii.gz,0,,,3.0,include,/gpfs/research/grattonlab/iNetworks/Nifti/derivatives/preproc_fmriprep-24.1.1/sub-INET072/ses-1/func/FD_outputs/sub-INET072_ses-1_task-rest_run-04_desc-tmask_fFD.txt,sub-INET072_ses-1_task-rest_run-04_desc-tmask_fFD.txt,260,0,0
sub-INET072,ses-2,task-rest,run-01,sub-INET072_ses-2_task-rest_run-01_bold.nii.gz,0,,,2.0,include,/gpfs/research/grattonlab/iNetworks/Nifti/derivatives/preproc_fmriprep-24.1.1/sub-INET072/ses-2/func/FD_outputs/sub-INET072_ses-2_task-rest_run-01_desc-tmask_fFD.txt,sub-INET072_ses-2_task-rest_run-01_desc-tmask_fFD.txt,255,0,0
sub-INET072,ses-2,task-rest,run-02,sub-INET072_ses-2_task-rest_run-02_bold.nii.gz,0,,,3.0,include,/gpfs/research/grattonlab/iNetworks/Nifti/derivatives/preproc_fmriprep-24.1.1/sub-INET072/ses-2/func/FD_outputs/sub-INET072_ses-2_task-rest_run-02_desc-tmask_fFD.txt,sub-INET072_ses-2_task-rest_run-02_desc-tmask_fFD.txt,247,0,0
sub-INET072,ses-2,task-rest,run-06,sub-INET072_ses-2_task-rest_run-06_bold.nii.gz,0,,,3.0,include,/gpfs/research/grattonlab/iNetworks/Nifti/derivatives/preproc_fmriprep-24.1.1/sub-INET072/ses-2/func/FD_outputs/sub-INET072_ses-2_task-rest_run-06_desc-tmask_fFD.txt,sub-INET072_ses-2_task-rest_run-06_desc-tmask_fFD.txt,251,0,0
sub-INET072,ses-2,task-rest,run-07,sub-INET072_ses-2_task-rest_run-07_bold.nii.gz,0,,,2.0,include,/gpfs/research/grattonlab/iNetworks/Nifti/derivatives/preproc_fmriprep-24.1.1/sub-INET072/ses-2/func/FD_outputs/sub-INET072_ses-2_task-rest_run-07_desc-tmask_fFD.txt,sub-INET072_ses-2_task-rest_run-07_desc-tmask_fFD.txt,216,0,0
sub-INET072,ses-3,task-rest,run-01,sub-INET072_ses-3_task-rest_run-01_bold.nii.gz,0,,,2.0,include,/gpfs/research/grattonlab/iNetworks/Nifti/derivatives/preproc_fmriprep-24.1.1/sub-INET072/ses-3/func/FD_outputs/sub-INET072_ses-3_task-rest_run-01_desc-tmask_fFD.txt,sub-INET072_ses-3_task-rest_run-01_desc-tmask_fFD.txt,262,0,0
sub-INET072,ses-3,task-rest,run-02,sub-INET072_ses-3_task-rest_run-02_bold.nii.gz,0,,,2.0,include,/gpfs/research/grattonlab/iNetworks/Nifti/derivatives/preproc_fmriprep-24.1.1/sub-INET072/ses-3/func/FD_outputs/sub-INET072_ses-3_task-rest_run-02_desc-tmask_fFD.txt,sub-INET072_ses-3_task-rest_run-02_desc-tmask_fFD.txt,265,0,0
sub-INET072,ses-3,task-rest,run-03,sub-INET072_ses-3_task-rest_run-03_bold.nii.gz,0,,,3.0,include,/gpfs/research/grattonlab/iNetworks/Nifti/derivatives/preproc_fmriprep-24.1.1/sub-INET072/ses-3/func/FD_outputs/sub-INET072_ses-3_task-rest_run-03_desc-tmask_fFD.txt,sub-INET072_ses-3_task-rest_run-03_desc-tmask_fFD.txt,250,0,0
sub-INET072,ses-3,task-rest,run-05,sub-INET072_ses-3_task-rest_run-05_bold.nii.gz,0,,,3.0,include,/gpfs/research/grattonlab/iNetworks/Nifti/derivatives/preproc_fmriprep-24.1.1/sub-INET072/ses-3/func/FD_outputs/sub-INET072_ses-3_task-rest_run-05_desc-tmask_fFD.txt,sub-INET072_ses-3_task-rest_run-05_desc-tmask_fFD.txt,242,0,0
sub-INET072,ses-3,task-rest,run-06,sub-INET072_ses-3_task-rest_run-06_bold.nii.gz,0,,,2.0,include,/gpfs/research/grattonlab/iNetworks/Nifti/derivatives/preproc_fmriprep-24.1.1/sub-INET072/ses-3/func/FD_outputs/sub-INET072_ses-3_task-rest_run-06_desc-tmask_fFD.txt,sub-INET072_ses-3_task-rest_run-06_desc-tmask_fFD.txt,242,0,0
sub-INET072,ses-3,task-rest,run-07,sub-INET072_ses-3_task-rest_run-07_bold.nii.gz,0,,,2.0,include,/gpfs/research/grattonlab/iNetworks/Nifti/derivatives/preproc_fmriprep-24.1.1/sub-INET072/ses-3/func/FD_outputs/sub-INET072_ses-3_task-rest_run-07_desc-tmask_fFD.txt,sub-INET072_ses-3_task-rest_run-07_desc-tmask_fFD.txt,217,0,0
sub-INET072,ses-3,task-rest,run-08,sub-INET072_ses-3_task-rest_run-08_bold.nii.gz,0,,,2.0,include,/gpfs/research/grattonlab/iNetworks/Nifti/derivatives/preproc_fmriprep-24.1.1/sub-INET072/ses-3/func/FD_outputs/sub-INET072_ses-3_task-rest_run-08_desc-tmask_fFD.txt,sub-INET072_ses-3_task-rest_run-08_desc-tmask_fFD.txt,260,0,0
sub-INET072,ses-4,task-rest,run-01,sub-INET072_ses-4_task-rest_run-01_bold.nii.gz,0,,,2.0,include,/gpfs/research/grattonlab/iNetworks/Nifti/derivatives/preproc_fmriprep-24.1.1/sub-INET072/ses-4/func/FD_outputs/sub-INET072_ses-4_task-rest_run-01_desc-tmask_fFD.txt,sub-INET072_ses-4_task-rest_run-01_desc-tmask_fFD.txt,264,0,0
sub-INET072,ses-4,task-rest,run-04,sub-INET072_ses-4_task-rest_run-04_bold.nii.gz,0,,,3.0,include,/gpfs/research/grattonlab/iNetworks/Nifti/derivatives/preproc_fmriprep-24.1.1/sub-INET072/ses-4/func/FD_outputs/sub-INET072_ses-4_task-rest_run-04_desc-tmask_fFD.txt,sub-INET072_ses-4_task-rest_run-04_desc-tmask_fFD.txt,246,0,0
sub-INET072,ses-4,task-rest,run-05,sub-INET072_ses-4_task-rest_run-05_bold.nii.gz,0,,,3.0,include,/gpfs/research/grattonlab/iNetworks/Nifti/derivatives/preproc_fmriprep-24.1.1/sub-INET072/ses-4/func/FD_outputs/sub-INET072_ses-4_task-rest_run-05_desc-tmask_fFD.txt,sub-INET072_ses-4_task-rest_run-05_desc-tmask_fFD.txt,239,0,0
sub-INET072,ses-4,task-rest,run-07,sub-INET072_ses-4_task-rest_run-07_bold.nii.gz,0,,,2.0,include,/gpfs/research/grattonlab/iNetworks/Nifti/derivatives/preproc_fmriprep-24.1.1/sub-INET072/ses-4/func/FD_outputs/sub-INET072_ses-4_task-rest_run-07_desc-tmask_fFD.txt,sub-INET072_ses-4_task-rest_run-07_desc-tmask_fFD.txt,227,0,0
sub-INET072,ses-4,task-rest,run-08,sub-INET072_ses-4_task-rest_run-08_bold.nii.gz,0,,,2.0,include,/gpfs/research/grattonlab/iNetworks/Nifti/derivatives/preproc_fmriprep-24.1.1/sub-INET072/ses-4/func/FD_outputs/sub-INET072_ses-4_task-rest_run-08_desc-tmask_fFD.txt,sub-INET072_ses-4_task-rest_run-08_desc-tmask_fFD.txt,253,0,0
sub-INET073,ses-1,task-rest,run-01,sub-INET073_ses-1_task-rest_run-01_bold.nii.gz,0,,,1.0,include,/gpfs/research/grattonlab/iNetworks/Nifti/derivatives/preproc_fmriprep-24.1.1/sub-INET073/ses-1/func/FD_outputs/sub-INET073_ses-1_task-rest_run-01_desc-tmask_fFD.txt,sub-INET073_ses-1_task-rest_run-01_desc-tmask_fFD.txt,263,0,0
sub-INET073,ses-1,task-rest,run-02,sub-INET073_ses-1_task-rest_run-02_bold.nii.gz,0,,,1.0,include,/gpfs/research/grattonlab/iNetworks/Nifti/derivatives/preproc_fmriprep-24.1.1/sub-INET073/ses-1/func/FD_outputs/sub-INET073_ses-1_task-rest_run-02_desc-tmask_fFD.txt,sub-INET073_ses-1_task-rest_run-02_desc-tmask_fFD.txt,264,0,0
sub-INET073,ses-1,task-rest,run-03,sub-INET073_ses-1_task-rest_run-03_bold.nii.gz,0,,,2.0,include,/gpfs/research/grattonlab/iNetworks/Nifti/derivatives/preproc_fmriprep-24.1.1/sub-INET073/ses-1/func/FD_outputs/sub-INET073_ses-1_task-rest_run-03_desc-tmask_fFD.txt,sub-INET073_ses-1_task-rest_run-03_desc-tmask_fFD.txt,264,0,0
sub-INET073,ses-1,task-rest,run-04,sub-INET073_ses-1_task-rest_run-04_bold.nii.gz,0,,,1.0,include,/gpfs/research/grattonlab/iNetworks/Nifti/derivatives/preproc_fmriprep-24.1.1/sub-INET073/ses-1/func/FD_outputs/sub-INET073_ses-1_task-rest_run-04_desc-tmask_fFD.txt,sub-INET073_ses-1_task-rest_run-04_desc-tmask_fFD.txt,265,0,0
sub-INET073,ses-1,task-rest,run-05,sub-INET073_ses-1_task-rest_run-05_bold.nii.gz,0,,,2.0,include,/gpfs/research/grattonlab/iNetworks/Nifti/derivatives/preproc_fmriprep-24.1.1/sub-INET073/ses-1/func/FD_outputs/sub-INET073_ses-1_task-rest_run-05_desc-tmask_fFD.txt,sub-INET073_ses-1_task-rest_run-05_desc-tmask_fFD.txt,265,0,0
sub-INET073,ses-1,task-rest,run-06,sub-INET073_ses-1_task-rest_run-06_bold.nii.gz,0,,,3.0,include,/gpfs/research/grattonlab/iNetworks/Nifti/derivatives/preproc_fmriprep-24.1.1/sub-INET073/ses-1/func/FD_outputs/sub-INET073_ses-1_task-rest_run-06_desc-tmask_fFD.txt,sub-INET073_ses-1_task-rest_run-06_desc-tmask_fFD.txt,264,0,0
sub-INET073,ses-1,task-rest,run-07,sub-INET073_ses-1_task-rest_run-07_bold.nii.gz,0,,,2.0,include,/gpfs/research/grattonlab/iNetworks/Nifti/derivatives/preproc_fmriprep-24.1.1/sub-INET073/ses-1/func/FD_outputs/sub-INET073_ses-1_task-rest_run-07_desc-tmask_fFD.txt,sub-INET073_ses-1_task-rest_run-07_desc-tmask_fFD.txt,265,0,0
sub-INET073,ses-2,task-rest,run-01,sub-INET073_ses-2_task-rest_run-01_bold.nii.gz,0,,,2.0,include,/gpfs/research/grattonlab/iNetworks/Nifti/derivatives/preproc_fmriprep-24.1.1/sub-INET073/ses-2/func/FD_outputs/sub-INET073_ses-2_task-rest_run-01_desc-tmask_fFD.txt,sub-INET073_ses-2_task-rest_run-01_desc-tmask_fFD.txt,263,0,0
sub-INET073,ses-2,task-rest,run-02,sub-INET073_ses-2_task-rest_run-02_bold.nii.gz,0,,,2.0,include,/gpfs/research/grattonlab/iNetworks/Nifti/derivatives/preproc_fmriprep-24.1.1/sub-INET073/ses-2/func/FD_outputs/sub-INET073_ses-2_task-rest_run-02_desc-tmask_fFD.txt,sub-INET073_ses-2_task-rest_run-02_desc-tmask_fFD.txt,262,0,0
sub-INET073,ses-2,task-rest,run-03,sub-INET073_ses-2_task-rest_run-03_bold.nii.gz,0,,,2.0,include,/gpfs/research/grattonlab/iNetworks/Nifti/derivatives/preproc_fmriprep-24.1.1/sub-INET073/ses-2/func/FD_outputs/sub-INET073_ses-2_task-rest_run-03_desc-tmask_fFD.txt,sub-INET073_ses-2_task-rest_run-03_desc-tmask_fFD.txt,265,0,0
sub-INET073,ses-2,task-rest,run-04,sub-INET073_ses-2_task-rest_run-04_bold.nii.gz,0,,,1.0,include,/gpfs/research/grattonlab/iNetworks/Nifti/derivatives/preproc_fmriprep-24.1.1/sub-INET073/ses-2/func/FD_outputs/sub-INET073_ses-2_task-rest_run-04_desc-tmask_fFD.txt,sub-INET073_ses-2_task-rest_run-04_desc-tmask_fFD.txt,265,0,0
sub-INET073,ses-2,task-rest,run-05,sub-INET073_ses-2_task-rest_run-05_bold.nii.gz,0,,,1.0,include,/gpfs/research/grattonlab/iNetworks/Nifti/derivatives/preproc_fmriprep-24.1.1/sub-INET073/ses-2/func/FD_outputs/sub-INET073_ses-2_task-rest_run-05_desc-tmask_fFD.txt,sub-INET073_ses-2_task-rest_run-05_desc-tmask_fFD.txt,263,0,0
sub-INET073,ses-2,task-rest,run-06,sub-INET073_ses-2_task-rest_run-06_bold.nii.gz,0,,,1.0,include,/gpfs/research/grattonlab/iNetworks/Nifti/derivatives/preproc_fmriprep-24.1.1/sub-INET073/ses-2/func/FD_outputs/sub-INET073_ses-2_task-rest_run-06_desc-tmask_fFD.txt,sub-INET073_ses-2_task-rest_run-06_desc-tmask_fFD.txt,264,0,0
sub-INET073,ses-3,task-rest,run-01,sub-INET073_ses-3_task-rest_run-01_bold.nii.gz,0,,,3.0,include,/gpfs/research/grattonlab/iNetworks/Nifti/derivatives/preproc_fmriprep-24.1.1/sub-INET073/ses-3/func/FD_outputs/sub-INET073_ses-3_task-rest_run-01_desc-tmask_fFD.txt,sub-INET073_ses-3_task-rest_run-01_desc-tmask_fFD.txt,263,0,0
sub-INET073,ses-3,task-rest,run-02,sub-INET073_ses-3_task-rest_run-02_bold.nii.gz,0,,,2.0,include,/gpfs/research/grattonlab/iNetworks/Nifti/derivatives/preproc_fmriprep-24.1.1/sub-INET073/ses-3/func/FD_outputs/sub-INET073_ses-3_task-rest_run-02_desc-tmask_fFD.txt,sub-INET073_ses-3_task-rest_run-02_desc-tmask_fFD.txt,261,0,0
sub-INET073,ses-3,task-rest,run-03,sub-INET073_ses-3_task-rest_run-03_bold.nii.gz,0,,,3.0,include,/gpfs/research/grattonlab/iNetworks/Nifti/derivatives/preproc_fmriprep-24.1.1/sub-INET073/ses-3/func/FD_outputs/sub-INET073_ses-3_task-rest_run-03_desc-tmask_fFD.txt,sub-INET073_ses-3_task-rest_run-03_desc-tmask_fFD.txt,263,0,0
sub-INET073,ses-3,task-rest,run-04,sub-INET073_ses-3_task-rest_run-04_bold.nii.gz,0,,,3.0,include,/gpfs/research/grattonlab/iNetworks/Nifti/derivatives/preproc_fmriprep-24.1.1/sub-INET073/ses-3/func/FD_outputs/sub-INET073_ses-3_task-rest_run-04_desc-tmask_fFD.txt,sub-INET073_ses-3_task-rest_run-04_desc-tmask_fFD.txt,258,0,0
sub-INET073,ses-3,task-rest,run-05,sub-INET073_ses-3_task-rest_run-05_bold.nii.gz,0,,,2.0,include,/gpfs/research/grattonlab/iNetworks/Nifti/derivatives/preproc_fmriprep-24.1.1/sub-INET073/ses-3/func/FD_outputs/sub-INET073_ses-3_task-rest_run-05_desc-tmask_fFD.txt,sub-INET073_ses-3_task-rest_run-05_desc-tmask_fFD.txt,263,0,0
sub-INET073,ses-3,task-rest,run-06,sub-INET073_ses-3_task-rest_run-06_bold.nii.gz,0,,,2.0,include,/gpfs/research/grattonlab/iNetworks/Nifti/derivatives/preproc_fmriprep-24.1.1/sub-INET073/ses-3/func/FD_outputs/sub-INET073_ses-3_task-rest_run-06_desc-tmask_fFD.txt,sub-INET073_ses-3_task-rest_run-06_desc-tmask_fFD.txt,262,0,0
sub-INET073,ses-3,task-rest,run-07,sub-INET073_ses-3_task-rest_run-07_bold.nii.gz,0,,,2.0,include,/gpfs/research/grattonlab/iNetworks/Nifti/derivatives/preproc_fmriprep-24.1.1/sub-INET073/ses-3/func/FD_outputs/sub-INET073_ses-3_task-rest_run-07_desc-tmask_fFD.txt,sub-INET073_ses-3_task-rest_run-07_desc-tmask_fFD.txt,262,0,0
sub-INET073,ses-3,task-rest,run-08,sub-INET073_ses-3_task-rest_run-08_bold.nii.gz,0,,,2.0,include,/gpfs/research/grattonlab/iNetworks/Nifti/derivatives/preproc_fmriprep-24.1.1/sub-INET073/ses-3/func/FD_outputs/sub-INET073_ses-3_task-rest_run-08_desc-tmask_fFD.txt,sub-INET073_ses-3_task-rest_run-08_desc-tmask_fFD.txt,257,0,0
sub-INET073,ses-4,task-rest,run-01,sub-INET073_ses-4_task-rest_run-01_bold.nii.gz,0,,,2.0,include,/gpfs/research/grattonlab/iNetworks/Nifti/derivatives/preproc_fmriprep-24.1.1/sub-INET073/ses-4/func/FD_outputs/sub-INET073_ses-4_task-rest_run-01_desc-tmask_fFD.txt,sub-INET073_ses-4_task-rest_run-01_desc-tmask_fFD.txt,262,0,0
sub-INET073,ses-4,task-rest,run-02,sub-INET073_ses-4_task-rest_run-02_bold.nii.gz,0,,,2.0,include,/gpfs/research/grattonlab/iNetworks/Nifti/derivatives/preproc_fmriprep-24.1.1/sub-INET073/ses-4/func/FD_outputs/sub-INET073_ses-4_task-rest_run-02_desc-tmask_fFD.txt,sub-INET073_ses-4_task-rest_run-02_desc-tmask_fFD.txt,264,0,0
sub-INET073,ses-4,task-rest,run-03,sub-INET073_ses-4_task-rest_run-03_bold.nii.gz,0,,,3.0,include,/gpfs/research/grattonlab/iNetworks/Nifti/derivatives/preproc_fmriprep-24.1.1/sub-INET073/ses-4/func/FD_outputs/sub-INET073_ses-4_task-rest_run-03_desc-tmask_fFD.txt,sub-INET073_ses-4_task-rest_run-03_desc-tmask_fFD.txt,264,0,0
sub-INET073,ses-4,task-rest,run-04,sub-INET073_ses-4_task-rest_run-04_bold.nii.gz,0,,,3.0,include,/gpfs/research/grattonlab/iNetworks/Nifti/derivatives/preproc_fmriprep-24.1.1/sub-INET073/ses-4/func/FD_outputs/sub-INET073_ses-4_task-rest_run-04_desc-tmask_fFD.txt,sub-INET073_ses-4_task-rest_run-04_desc-tmask_fFD.txt,264,0,0
sub-INET073,ses-4,task-rest,run-05,sub-INET073_ses-4_task-rest_run-05_bold.nii.gz,0,,,2.0,include,/gpfs/research/grattonlab/iNetworks/Nifti/derivatives/preproc_fmriprep-24.1.1/sub-INET073/ses-4/func/FD_outputs/sub-INET073_ses-4_task-rest_run-05_desc-tmask_fFD.txt,sub-INET073_ses-4_task-rest_run-05_desc-tmask_fFD.txt,260,0,0
sub-INET073,ses-4,task-rest,run-06,sub-INET073_ses-4_task-rest_run-06_bold.nii.gz,0,,,3.0,include,/gpfs/research/grattonlab/iNetworks/Nifti/derivatives/preproc_fmriprep-24.1.1/sub-INET073/ses-4/func/FD_outputs/sub-INET073_ses-4_task-rest_run-06_desc-tmask_fFD.txt,sub-INET073_ses-4_task-rest_run-06_desc-tmask_fFD.txt,258,0,0
sub-INET073,ses-4,task-rest,run-07,sub-INET073_ses-4_task-rest_run-07_bold.nii.gz,0,,,3.0,include,/gpfs/research/grattonlab/iNetworks/Nifti/derivatives/preproc_fmriprep-24.1.1/sub-INET073/ses-4/func/FD_outputs/sub-INET073_ses-4_task-rest_run-07_desc-tmask_fFD.txt,sub-INET073_ses-4_task-rest_run-07_desc-tmask_fFD.txt,262,0,0
sub-INET073,ses-4,task-rest,run-08,sub-INET073_ses-4_task-rest_run-08_bold.nii.gz,0,,,3.0,include,/gpfs/research/grattonlab/iNetworks/Nifti/derivatives/preproc_fmriprep-24.1.1/sub-INET073/ses-4/func/FD_outputs/sub-INET073_ses-4_task-rest_run-08_desc-tmask_fFD.txt,sub-INET073_ses-4_task-rest_run-08_desc-tmask_fFD.txt,260,0,0
sub-INET074,ses-1,task-rest,run-02,sub-INET074_ses-1_task-rest_run-02_bold.nii.gz,0,,,3.0,include,/gpfs/research/grattonlab/iNetworks/Nifti/derivatives/preproc_fmriprep-24.1.1/sub-INET074/ses-1/func/FD_outputs/sub-INET074_ses-1_task-rest_run-02_desc-tmask_fFD.txt,sub-INET074_ses-1_task-rest_run-02_desc-tmask_fFD.txt,249,0,0
sub-INET074,ses-2,task-rest,run-01,sub-INET074_ses-2_task-rest_run-01_bold.nii.gz,0,,,3.0,include,/gpfs/research/grattonlab/iNetworks/Nifti/derivatives/preproc_fmriprep-24.1.1/sub-INET074/ses-2/func/FD_outputs/sub-INET074_ses-2_task-rest_run-01_desc-tmask_fFD.txt,sub-INET074_ses-2_task-rest_run-01_desc-tmask_fFD.txt,245,0,0
sub-INET074,ses-2,task-rest,run-04,sub-INET074_ses-2_task-rest_run-04_bold.nii.gz,0,,,2.0,include,/gpfs/research/grattonlab/iNetworks/Nifti/derivatives/preproc_fmriprep-24.1.1/sub-INET074/ses-2/func/FD_outputs/sub-INET074_ses-2_task-rest_run-04_desc-tmask_fFD.txt,sub-INET074_ses-2_task-rest_run-04_desc-tmask_fFD.txt,224,0,0
sub-INET074,ses-2,task-rest,run-05,sub-INET074_ses-2_task-rest_run-05_bold.nii.gz,0,,,2.0,include,/gpfs/research/grattonlab/iNetworks/Nifti/derivatives/preproc_fmriprep-24.1.1/sub-INET074/ses-2/func/FD_outputs/sub-INET074_ses-2_task-rest_run-05_desc-tmask_fFD.txt,sub-INET074_ses-2_task-rest_run-05_desc-tmask_fFD.txt,221,0,0
sub-INET074,ses-2,task-rest,run-06,sub-INET074_ses-2_task-rest_run-06_bold.nii.gz,0,,,2.0,include,/gpfs/research/grattonlab/iNetworks/Nifti/derivatives/preproc_fmriprep-24.1.1/sub-INET074/ses-2/func/FD_outputs/sub-INET074_ses-2_task-rest_run-06_desc-tmask_fFD.txt,sub-INET074_ses-2_task-rest_run-06_desc-tmask_fFD.txt,224,0,0
sub-INET074,ses-2,task-rest,run-07,sub-INET074_ses-2_task-rest_run-07_bold.nii.gz,0,,,1.0,include,/gpfs/research/grattonlab/iNetworks/Nifti/derivatives/preproc_fmriprep-24.1.1/sub-INET074/ses-2/func/FD_outputs/sub-INET074_ses-2_task-rest_run-07_desc-tmask_fFD.txt,sub-INET074_ses-2_task-rest_run-07_desc-tmask_fFD.txt,218,0,0
sub-INET074,ses-3,task-rest,run-04,sub-INET074_ses-3_task-rest_run-04_bold.nii.gz,0,,,3.0,include,/gpfs/research/grattonlab/iNetworks/Nifti/derivatives/preproc_fmriprep-24.1.1/sub-INET074/ses-3/func/FD_outputs/sub-INET074_ses-3_task-rest_run-04_desc-tmask_fFD.txt,sub-INET074_ses-3_task-rest_run-04_desc-tmask_fFD.txt,247,0,0
sub-INET074,ses-3,task-rest,run-05,sub-INET074_ses-3_task-rest_run-05_bold.nii.gz,0,,,3.0,include,/gpfs/research/grattonlab/iNetworks/Nifti/derivatives/preproc_fmriprep-24.1.1/sub-INET074/ses-3/func/FD_outputs/sub-INET074_ses-3_task-rest_run-05_desc-tmask_fFD.txt,sub-INET074_ses-3_task-rest_run-05_desc-tmask_fFD.txt,263,0,0
sub-INET074,ses-3,task-rest,run-06,sub-INET074_ses-3_task-rest_run-06_bold.nii.gz,0,,,2.0,include,/gpfs/research/grattonlab/iNetworks/Nifti/derivatives/preproc_fmriprep-24.1.1/sub-INET074/ses-3/func/FD_outputs/sub-INET074_ses-3_task-rest_run-06_desc-tmask_fFD.txt,sub-INET074_ses-3_task-rest_run-06_desc-tmask_fFD.txt,254,0,0
sub-INET074,ses-3,task-rest,run-08,sub-INET074_ses-3_task-rest_run-08_bold.nii.gz,0,,,1.0,include,/gpfs/research/grattonlab/iNetworks/Nifti/derivatives/preproc_fmriprep-24.1.1/sub-INET074/ses-3/func/FD_outputs/sub-INET074_ses-3_task-rest_run-08_desc-tmask_fFD.txt,sub-INET074_ses-3_task-rest_run-08_desc-tmask_fFD.txt,260,0,0
sub-INET074,ses-4,task-rest,run-01,sub-INET074_ses-4_task-rest_run-01_bold.nii.gz,0,,,2.0,include,/gpfs/research/grattonlab/iNetworks/Nifti/derivatives/preproc_fmriprep-24.1.1/sub-INET074/ses-4/func/FD_outputs/sub-INET074_ses-4_task-rest_run-01_desc-tmask_fFD.txt,sub-INET074_ses-4_task-rest_run-01_desc-tmask_fFD.txt,262,0,0
sub-INET074,ses-4,task-rest,run-02,sub-INET074_ses-4_task-rest_run-02_bold.nii.gz,0,,,3.0,include,/gpfs/research/grattonlab/iNetworks/Nifti/derivatives/preproc_fmriprep-24.1.1/sub-INET074/ses-4/func/FD_outputs/sub-INET074_ses-4_task-rest_run-02_desc-tmask_fFD.txt,sub-INET074_ses-4_task-rest_run-02_desc-tmask_fFD.txt,264,0,0
sub-INET074,ses-4,task-rest,run-05,sub-INET074_ses-4_task-rest_run-05_bold.nii.gz,0,,,2.0,include,/gpfs/research/grattonlab/iNetworks/Nifti/derivatives/preproc_fmriprep-24.1.1/sub-INET074/ses-4/func/FD_outputs/sub-INET074_ses-4_task-rest_run-05_desc-tmask_fFD.txt,sub-INET074_ses-4_task-rest_run-05_desc-tmask_fFD.txt,258,0,0
sub-INET074,ses-4,task-rest,run-06,sub-INET074_ses-4_task-rest_run-06_bold.nii.gz,0,,,2.0,include,/gpfs/research/grattonlab/iNetworks/Nifti/derivatives/preproc_fmriprep-24.1.1/sub-INET074/ses-4/func/FD_outputs/sub-INET074_ses-4_task-rest_run-06_desc-tmask_fFD.txt,sub-INET074_ses-4_task-rest_run-06_desc-tmask_fFD.txt,252,0,0
sub-INET074,ses-4,task-rest,run-07,sub-INET074_ses-4_task-rest_run-07_bold.nii.gz,0,,,2.0,include,/gpfs/research/grattonlab/iNetworks/Nifti/derivatives/preproc_fmriprep-24.1.1/sub-INET074/ses-4/func/FD_outputs/sub-INET074_ses-4_task-rest_run-07_desc-tmask_fFD.txt,sub-INET074_ses-4_task-rest_run-07_desc-tmask_fFD.txt,260,0,0
sub-INET074,ses-4,task-rest,run-08,sub-INET074_ses-4_task-rest_run-08_bold.nii.gz,0,,,2.0,include,/gpfs/research/grattonlab/iNetworks/Nifti/derivatives/preproc_fmriprep-24.1.1/sub-INET074/ses-4/func/FD_outputs/sub-INET074_ses-4_task-rest_run-08_desc-tmask_fFD.txt,sub-INET074_ses-4_task-rest_run-08_desc-tmask_fFD.txt,240,0,0
sub-INET075,ses-1,task-rest,run-01,sub-INET075_ses-1_task-rest_run-01_bold.nii.gz,0,,,2.0,include,/gpfs/research/grattonlab/iNetworks/Nifti/derivatives/preproc_fmriprep-24.1.1/sub-INET075/ses-1/func/FD_outputs/sub-INET075_ses-1_task-rest_run-01_desc-tmask_fFD.txt,sub-INET075_ses-1_task-rest_run-01_desc-tmask_fFD.txt,264,0,0
sub-INET075,ses-1,task-rest,run-02,sub-INET075_ses-1_task-rest_run-02_bold.nii.gz,0,,,2.0,include,/gpfs/research/grattonlab/iNetworks/Nifti/derivatives/preproc_fmriprep-24.1.1/sub-INET075/ses-1/func/FD_outputs/sub-INET075_ses-1_task-rest_run-02_desc-tmask_fFD.txt,sub-INET075_ses-1_task-rest_run-02_desc-tmask_fFD.txt,264,0,0
sub-INET075,ses-1,task-rest,run-03,sub-INET075_ses-1_task-rest_run-03_bold.nii.gz,0,,,2.0,include,/gpfs/research/grattonlab/iNetworks/Nifti/derivatives/preproc_fmriprep-24.1.1/sub-INET075/ses-1/func/FD_outputs/sub-INET075_ses-1_task-rest_run-03_desc-tmask_fFD.txt,sub-INET075_ses-1_task-rest_run-03_desc-tmask_fFD.txt,260,0,0
sub-INET075,ses-1,task-rest,run-04,sub-INET075_ses-1_task-rest_run-04_bold.nii.gz,0,,,2.0,include,/gpfs/research/grattonlab/iNetworks/Nifti/derivatives/preproc_fmriprep-24.1.1/sub-INET075/ses-1/func/FD_outputs/sub-INET075_ses-1_task-rest_run-04_desc-tmask_fFD.txt,sub-INET075_ses-1_task-rest_run-04_desc-tmask_fFD.txt,249,0,0
sub-INET075,ses-1,task-rest,run-05,sub-INET075_ses-1_task-rest_run-05_bold.nii.gz,0,,,3.0,include,/gpfs/research/grattonlab/iNetworks/Nifti/derivatives/preproc_fmriprep-24.1.1/sub-INET075/ses-1/func/FD_outputs/sub-INET075_ses-1_task-rest_run-05_desc-tmask_fFD.txt,sub-INET075_ses-1_task-rest_run-05_desc-tmask_fFD.txt,232,0,0
sub-INET075,ses-1,task-rest,run-06,sub-INET075_ses-1_task-rest_run-06_bold.nii.gz,0,,,3.0,include,/gpfs/research/grattonlab/iNetworks/Nifti/derivatives/preproc_fmriprep-24.1.1/sub-INET075/ses-1/func/FD_outputs/sub-INET075_ses-1_task-rest_run-06_desc-tmask_fFD.txt,sub-INET075_ses-1_task-rest_run-06_desc-tmask_fFD.txt,201,0,0
sub-INET075,ses-1,task-rest,run-07,sub-INET075_ses-1_task-rest_run-07_bold.nii.gz,0,,,3.0,include,/gpfs/research/grattonlab/iNetworks/Nifti/derivatives/preproc_fmriprep-24.1.1/sub-INET075/ses-1/func/FD_outputs/sub-INET075_ses-1_task-rest_run-07_desc-tmask_fFD.txt,sub-INET075_ses-1_task-rest_run-07_desc-tmask_fFD.txt,225,0,0
sub-INET075,ses-2,task-rest,run-01,sub-INET075_ses-2_task-rest_run-01_bold.nii.gz,0,,,,include,/gpfs/research/grattonlab/iNetworks/Nifti/derivatives/preproc_fmriprep-24.1.1/sub-INET075/ses-2/func/FD_outputs/sub-INET075_ses-2_task-rest_run-01_desc-tmask_fFD.txt,sub-INET075_ses-2_task-rest_run-01_desc-tmask_fFD.txt,264,0,0
sub-INET075,ses-2,task-rest,run-02,sub-INET075_ses-2_task-rest_run-02_bold.nii.gz,0,,,,include,/gpfs/research/grattonlab/iNetworks/Nifti/derivatives/preproc_fmriprep-24.1.1/sub-INET075/ses-2/func/FD_outputs/sub-INET075_ses-2_task-rest_run-02_desc-tmask_fFD.txt,sub-INET075_ses-2_task-rest_run-02_desc-tmask_fFD.txt,251,0,0
sub-INET075,ses-2,task-rest,run-03,sub-INET075_ses-2_task-rest_run-03_bold.nii.gz,0,,,,include,/gpfs/research/grattonlab/iNetworks/Nifti/derivatives/preproc_fmriprep-24.1.1/sub-INET075/ses-2/func/FD_outputs/sub-INET075_ses-2_task-rest_run-03_desc-tmask_fFD.txt,sub-INET075_ses-2_task-rest_run-03_desc-tmask_fFD.txt,206,0,0
sub-INET075,ses-2,task-rest,run-04,sub-INET075_ses-2_task-rest_run-04_bold.nii.gz,0,,,,include,/gpfs/research/grattonlab/iNetworks/Nifti/derivatives/preproc_fmriprep-24.1.1/sub-INET075/ses-2/func/FD_outputs/sub-INET075_ses-2_task-rest_run-04_desc-tmask_fFD.txt,sub-INET075_ses-2_task-rest_run-04_desc-tmask_fFD.txt,255,0,0
sub-INET075,ses-2,task-rest,run-05,sub-INET075_ses-2_task-rest_run-05_bold.nii.gz,0,,,,include,/gpfs/research/grattonlab/iNetworks/Nifti/derivatives/preproc_fmriprep-24.1.1/sub-INET075/ses-2/func/FD_outputs/sub-INET075_ses-2_task-rest_run-05_desc-tmask_fFD.txt,sub-INET075_ses-2_task-rest_run-05_desc-tmask_fFD.txt,189,0,0
sub-INET075,ses-2,task-rest,run-06,sub-INET075_ses-2_task-rest_run-06_bold.nii.gz,0,,,,include,/gpfs/research/grattonlab/iNetworks/Nifti/derivatives/preproc_fmriprep-24.1.1/sub-INET075/ses-2/func/FD_outputs/sub-INET075_ses-2_task-rest_run-06_desc-tmask_fFD.txt,sub-INET075_ses-2_task-rest_run-06_desc-tmask_fFD.txt,188,0,0
sub-INET075,ses-2,task-rest,run-07,sub-INET075_ses-2_task-rest_run-07_bold.nii.gz,0,,,,include,/gpfs/research/grattonlab/iNetworks/Nifti/derivatives/preproc_fmriprep-24.1.1/sub-INET075/ses-2/func/FD_outputs/sub-INET075_ses-2_task-rest_run-07_desc-tmask_fFD.txt,sub-INET075_ses-2_task-rest_run-07_desc-tmask_fFD.txt,156,0,0
sub-INET075,ses-3,task-rest,run-01,sub-INET075_ses-3_task-rest_run-01_bold.nii.gz,0,,,2.0,include,/gpfs/research/grattonlab/iNetworks/Nifti/derivatives/preproc_fmriprep-24.1.1/sub-INET075/ses-3/func/FD_outputs/sub-INET075_ses-3_task-rest_run-01_desc-tmask_fFD.txt,sub-INET075_ses-3_task-rest_run-01_desc-tmask_fFD.txt,264,0,0
sub-INET075,ses-3,task-rest,run-02,sub-INET075_ses-3_task-rest_run-02_bold.nii.gz,0,,,2.0,include,/gpfs/research/grattonlab/iNetworks/Nifti/derivatives/preproc_fmriprep-24.1.1/sub-INET075/ses-3/func/FD_outputs/sub-INET075_ses-3_task-rest_run-02_desc-tmask_fFD.txt,sub-INET075_ses-3_task-rest_run-02_desc-tmask_fFD.txt,264,0,0
sub-INET075,ses-3,task-rest,run-03,sub-INET075_ses-3_task-rest_run-03_bold.nii.gz,0,,,2.0,include,/gpfs/research/grattonlab/iNetworks/Nifti/derivatives/preproc_fmriprep-24.1.1/sub-INET075/ses-3/func/FD_outputs/sub-INET075_ses-3_task-rest_run-03_desc-tmask_fFD.txt,sub-INET075_ses-3_task-rest_run-03_desc-tmask_fFD.txt,265,0,0
sub-INET075,ses-3,task-rest,run-04,sub-INET075_ses-3_task-rest_run-04_bold.nii.gz,0,,,2.0,include,/gpfs/research/grattonlab/iNetworks/Nifti/derivatives/preproc_fmriprep-24.1.1/sub-INET075/ses-3/func/FD_outputs/sub-INET075_ses-3_task-rest_run-04_desc-tmask_fFD.txt,sub-INET075_ses-3_task-rest_run-04_desc-tmask_fFD.txt,216,0,0
sub-INET075,ses-3,task-rest,run-05,sub-INET075_ses-3_task-rest_run-05_bold.nii.gz,0,,,3.0,include,/gpfs/research/grattonlab/iNetworks/Nifti/derivatives/preproc_fmriprep-24.1.1/sub-INET075/ses-3/func/FD_outputs/sub-INET075_ses-3_task-rest_run-05_desc-tmask_fFD.txt,sub-INET075_ses-3_task-rest_run-05_desc-tmask_fFD.txt,260,0,0
sub-INET075,ses-3,task-rest,run-06,sub-INET075_ses-3_task-rest_run-06_bold.nii.gz,0,,,3.0,include,/gpfs/research/grattonlab/iNetworks/Nifti/derivatives/preproc_fmriprep-24.1.1/sub-INET075/ses-3/func/FD_outputs/sub-INET075_ses-3_task-rest_run-06_desc-tmask_fFD.txt,sub-INET075_ses-3_task-rest_run-06_desc-tmask_fFD.txt,214,0,0
sub-INET075,ses-3,task-rest,run-07,sub-INET075_ses-3_task-rest_run-07_bold.nii.gz,0,,,3.0,include,/gpfs/research/grattonlab/iNetworks/Nifti/derivatives/preproc_fmriprep-24.1.1/sub-INET075/ses-3/func/FD_outputs/sub-INET075_ses-3_task-rest_run-07_desc-tmask_fFD.txt,sub-INET075_ses-3_task-rest_run-07_desc-tmask_fFD.txt,257,0,0
sub-INET075,ses-3,task-rest,run-08,sub-INET075_ses-3_task-rest_run-08_bold.nii.gz,0,,,3.0,include,/gpfs/research/grattonlab/iNetworks/Nifti/derivatives/preproc_fmriprep-24.1.1/sub-INET075/ses-3/func/FD_outputs/sub-INET075_ses-3_task-rest_run-08_desc-tmask_fFD.txt,sub-INET075_ses-3_task-rest_run-08_desc-tmask_fFD.txt,248,0,0
sub-INET075,ses-4,task-rest,run-01,sub-INET075_ses-4_task-rest_run-01_bold.nii.gz,0,,,3.0,include,/gpfs/research/grattonlab/iNetworks/Nifti/derivatives/preproc_fmriprep-24.1.1/sub-INET075/ses-4/func/FD_outputs/sub-INET075_ses-4_task-rest_run-01_desc-tmask_fFD.txt,sub-INET075_ses-4_task-rest_run-01_desc-tmask_fFD.txt,265,0,0
sub-INET075,ses-4,task-rest,run-02,sub-INET075_ses-4_task-rest_run-02_bold.nii.gz,0,,,3.0,include,/gpfs/research/grattonlab/iNetworks/Nifti/derivatives/preproc_fmriprep-24.1.1/sub-INET075/ses-4/func/FD_outputs/sub-INET075_ses-4_task-rest_run-02_desc-tmask_fFD.txt,sub-INET075_ses-4_task-rest_run-02_desc-tmask_fFD.txt,265,0,0
sub-INET075,ses-4,task-rest,run-03,sub-INET075_ses-4_task-rest_run-03_bold.nii.gz,0,,,3.0,include,/gpfs/research/grattonlab/iNetworks/Nifti/derivatives/preproc_fmriprep-24.1.1/sub-INET075/ses-4/func/FD_outputs/sub-INET075_ses-4_task-rest_run-03_desc-tmask_fFD.txt,sub-INET075_ses-4_task-rest_run-03_desc-tmask_fFD.txt,233,0,0
sub-INET075,ses-4,task-rest,run-04,sub-INET075_ses-4_task-rest_run-04_bold.nii.gz,0,,,3.0,include,/gpfs/research/grattonlab/iNetworks/Nifti/derivatives/preproc_fmriprep-24.1.1/sub-INET075/ses-4/func/FD_outputs/sub-INET075_ses-4_task-rest_run-04_desc-tmask_fFD.txt,sub-INET075_ses-4_task-rest_run-04_desc-tmask_fFD.txt,218,0,0
sub-INET075,ses-4,task-rest,run-05,sub-INET075_ses-4_task-rest_run-05_bold.nii.gz,0,,,3.0,include,/gpfs/research/grattonlab/iNetworks/Nifti/derivatives/preproc_fmriprep-24.1.1/sub-INET075/ses-4/func/FD_outputs/sub-INET075_ses-4_task-rest_run-05_desc-tmask_fFD.txt,sub-INET075_ses-4_task-rest_run-05_desc-tmask_fFD.txt,255,0,0
sub-INET075,ses-4,task-rest,run-06,sub-INET075_ses-4_task-rest_run-06_bold.nii.gz,0,,,3.0,include,/gpfs/research/grattonlab/iNetworks/Nifti/derivatives/preproc_fmriprep-24.1.1/sub-INET075/ses-4/func/FD_outputs/sub-INET075_ses-4_task-rest_run-06_desc-tmask_fFD.txt,sub-INET075_ses-4_task-rest_run-06_desc-tmask_fFD.txt,242,0,0
sub-INET075,ses-4,task-rest,run-07,sub-INET075_ses-4_task-rest_run-07_bold.nii.gz,0,,,3.0,include,/gpfs/research/grattonlab/iNetworks/Nifti/derivatives/preproc_fmriprep-24.1.1/sub-INET075/ses-4/func/FD_outputs/sub-INET075_ses-4_task-rest_run-07_desc-tmask_fFD.txt,sub-INET075_ses-4_task-rest_run-07_desc-tmask_fFD.txt,183,0,0
sub-INET075,ses-4,task-rest,run-08,sub-INET075_ses-4_task-rest_run-08_bold.nii.gz,0,,,3.0,include,/gpfs/research/grattonlab/iNetworks/Nifti/derivatives/preproc_fmriprep-24.1.1/sub-INET075/ses-4/func/FD_outputs/sub-INET075_ses-4_task-rest_run-08_desc-tmask_fFD.txt,sub-INET075_ses-4_task-rest_run-08_desc-tmask_fFD.txt,245,0,0
sub-INET077,ses-1,task-rest,run-04,sub-INET077_ses-1_task-rest_run-04_bold.nii.gz,0,,,2.0,include,/gpfs/research/grattonlab/iNetworks/Nifti/derivatives/preproc_fmriprep-24.1.1/sub-INET077/ses-1/func/FD_outputs/sub-INET077_ses-1_task-rest_run-04_desc-tmask_fFD.txt,sub-INET077_ses-1_task-rest_run-04_desc-tmask_fFD.txt,240,0,0
sub-INET077,ses-1,task-rest,run-05,sub-INET077_ses-1_task-rest_run-05_bold.nii.gz,0,,,2.0,include,/gpfs/research/grattonlab/iNetworks/Nifti/derivatives/preproc_fmriprep-24.1.1/sub-INET077/ses-1/func/FD_outputs/sub-INET077_ses-1_task-rest_run-05_desc-tmask_fFD.txt,sub-INET077_ses-1_task-rest_run-05_desc-tmask_fFD.txt,220,0,0
sub-INET077,ses-2,task-rest,run-02,sub-INET077_ses-2_task-rest_run-02_bold.nii.gz,0,,,2.0,include,/gpfs/research/grattonlab/iNetworks/Nifti/derivatives/preproc_fmriprep-24.1.1/sub-INET077/ses-2/func/FD_outputs/sub-INET077_ses-2_task-rest_run-02_desc-tmask_fFD.txt,sub-INET077_ses-2_task-rest_run-02_desc-tmask_fFD.txt,201,0,0
sub-INET077,ses-2,task-rest,run-03,sub-INET077_ses-2_task-rest_run-03_bold.nii.gz,0,,,2.0,include,/gpfs/research/grattonlab/iNetworks/Nifti/derivatives/preproc_fmriprep-24.1.1/sub-INET077/ses-2/func/FD_outputs/sub-INET077_ses-2_task-rest_run-03_desc-tmask_fFD.txt,sub-INET077_ses-2_task-rest_run-03_desc-tmask_fFD.txt,172,0,0
sub-INET077,ses-2,task-rest,run-04,sub-INET077_ses-2_task-rest_run-04_bold.nii.gz,0,,,2.0,include,/gpfs/research/grattonlab/iNetworks/Nifti/derivatives/preproc_fmriprep-24.1.1/sub-INET077/ses-2/func/FD_outputs/sub-INET077_ses-2_task-rest_run-04_desc-tmask_fFD.txt,sub-INET077_ses-2_task-rest_run-04_desc-tmask_fFD.txt,203,0,0
sub-INET077,ses-2,task-rest,run-07,sub-INET077_ses-2_task-rest_run-07_bold.nii.gz,0,,,1.0,include,/gpfs/research/grattonlab/iNetworks/Nifti/derivatives/preproc_fmriprep-24.1.1/sub-INET077/ses-2/func/FD_outputs/sub-INET077_ses-2_task-rest_run-07_desc-tmask_fFD.txt,sub-INET077_ses-2_task-rest_run-07_desc-tmask_fFD.txt,257,0,0
sub-INET077,ses-3,task-rest,run-01,sub-INET077_ses-3_task-rest_run-01_bold.nii.gz,0,,,2.0,include,/gpfs/research/grattonlab/iNetworks/Nifti/derivatives/preproc_fmriprep-24.1.1/sub-INET077/ses-3/func/FD_outputs/sub-INET077_ses-3_task-rest_run-01_desc-tmask_fFD.txt,sub-INET077_ses-3_task-rest_run-01_desc-tmask_fFD.txt,175,0,0
sub-INET077,ses-3,task-rest,run-04,sub-INET077_ses-3_task-rest_run-04_bold.nii.gz,0,,,1.0,include,/gpfs/research/grattonlab/iNetworks/Nifti/derivatives/preproc_fmriprep-24.1.1/sub-INET077/ses-3/func/FD_outputs/sub-INET077_ses-3_task-rest_run-04_desc-tmask_fFD.txt,sub-INET077_ses-3_task-rest_run-04_desc-tmask_fFD.txt,265,0,0
sub-INET077,ses-3,task-rest,run-05,sub-INET077_ses-3_task-rest_run-05_bold.nii.gz,0,,,1.0,include,/gpfs/research/grattonlab/iNetworks/Nifti/derivatives/preproc_fmriprep-24.1.1/sub-INET077/ses-3/func/FD_outputs/sub-INET077_ses-3_task-rest_run-05_desc-tmask_fFD.txt,sub-INET077_ses-3_task-rest_run-05_desc-tmask_fFD.txt,261,0,0
sub-INET077,ses-3,task-rest,run-06,sub-INET077_ses-3_task-rest_run-06_bold.nii.gz,0,,,1.0,include,/gpfs/research/grattonlab/iNetworks/Nifti/derivatives/preproc_fmriprep-24.1.1/sub-INET077/ses-3/func/FD_outputs/sub-INET077_ses-3_task-rest_run-06_desc-tmask_fFD.txt,sub-INET077_ses-3_task-rest_run-06_desc-tmask_fFD.txt,248,0,0
sub-INET077,ses-4,task-rest,run-01,sub-INET077_ses-4_task-rest_run-01_bold.nii.gz,0,,,1.0,include,/gpfs/research/grattonlab/iNetworks/Nifti/derivatives/preproc_fmriprep-24.1.1/sub-INET077/ses-4/func/FD_outputs/sub-INET077_ses-4_task-rest_run-01_desc-tmask_fFD.txt,sub-INET077_ses-4_task-rest_run-01_desc-tmask_fFD.txt,236,0,0
sub-INET077,ses-4,task-rest,run-02,sub-INET077_ses-4_task-rest_run-02_bold.nii.gz,0,,,1.0,include,/gpfs/research/grattonlab/iNetworks/Nifti/derivatives/preproc_fmriprep-24.1.1/sub-INET077/ses-4/func/FD_outputs/sub-INET077_ses-4_task-rest_run-02_desc-tmask_fFD.txt,sub-INET077_ses-4_task-rest_run-02_desc-tmask_fFD.txt,260,0,0
sub-INET077,ses-4,task-rest,run-03,sub-INET077_ses-4_task-rest_run-03_bold.nii.gz,0,,,1.0,include,/gpfs/research/grattonlab/iNetworks/Nifti/derivatives/preproc_fmriprep-24.1.1/sub-INET077/ses-4/func/FD_outputs/sub-INET077_ses-4_task-rest_run-03_desc-tmask_fFD.txt,sub-INET077_ses-4_task-rest_run-03_desc-tmask_fFD.txt,233,0,0
sub-INET077,ses-4,task-rest,run-04,sub-INET077_ses-4_task-rest_run-04_bold.nii.gz,0,,lots of movement,2.0,include,/gpfs/research/grattonlab/iNetworks/Nifti/derivatives/preproc_fmriprep-24.1.1/sub-INET077/ses-4/func/FD_outputs/sub-INET077_ses-4_task-rest_run-04_desc-tmask_fFD.txt,sub-INET077_ses-4_task-rest_run-04_desc-tmask_fFD.txt,216,0,0
sub-INET077,ses-4,task-rest,run-05,sub-INET077_ses-4_task-rest_run-05_bold.nii.gz,0,,,1.0,include,/gpfs/research/grattonlab/iNetworks/Nifti/derivatives/preproc_fmriprep-24.1.1/sub-INET077/ses-4/func/FD_outputs/sub-INET077_ses-4_task-rest_run-05_desc-tmask_fFD.txt,sub-INET077_ses-4_task-rest_run-05_desc-tmask_fFD.txt,264,0,0
sub-INET077,ses-4,task-rest,run-06,sub-INET077_ses-4_task-rest_run-06_bold.nii.gz,0,,,1.0,include,/gpfs/research/grattonlab/iNetworks/Nifti/derivatives/preproc_fmriprep-24.1.1/sub-INET077/ses-4/func/FD_outputs/sub-INET077_ses-4_task-rest_run-06_desc-tmask_fFD.txt,sub-INET077_ses-4_task-rest_run-06_desc-tmask_fFD.txt,265,0,0
sub-INET077,ses-4,task-rest,run-07,sub-INET077_ses-4_task-rest_run-07_bold.nii.gz,0,,,1.0,include,/gpfs/research/grattonlab/iNetworks/Nifti/derivatives/preproc_fmriprep-24.1.1/sub-INET077/ses-4/func/FD_outputs/sub-INET077_ses-4_task-rest_run-07_desc-tmask_fFD.txt,sub-INET077_ses-4_task-rest_run-07_desc-tmask_fFD.txt,264,0,0
sub-INET077,ses-4,task-rest,run-08,sub-INET077_ses-4_task-rest_run-08_bold.nii.gz,0,,,1.0,include,/gpfs/research/grattonlab/iNetworks/Nifti/derivatives/preproc_fmriprep-24.1.1/sub-INET077/ses-4/func/FD_outputs/sub-INET077_ses-4_task-rest_run-08_desc-tmask_fFD.txt,sub-INET077_ses-4_task-rest_run-08_desc-tmask_fFD.txt,258,0,0
sub-INET078,ses-1,task-rest,run-01,sub-INET078_ses-1_task-rest_run-01_bold.nii.gz,0,,,3.0,include,/gpfs/research/grattonlab/iNetworks/Nifti/derivatives/preproc_fmriprep-24.1.1/sub-INET078/ses-1/func/FD_outputs/sub-INET078_ses-1_task-rest_run-01_desc-tmask_fFD.txt,sub-INET078_ses-1_task-rest_run-01_desc-tmask_fFD.txt,264,0,0
sub-INET078,ses-1,task-rest,run-03,sub-INET078_ses-1_task-rest_run-03_bold.nii.gz,0,,,3.0,include,/gpfs/research/grattonlab/iNetworks/Nifti/derivatives/preproc_fmriprep-24.1.1/sub-INET078/ses-1/func/FD_outputs/sub-INET078_ses-1_task-rest_run-03_desc-tmask_fFD.txt,sub-INET078_ses-1_task-rest_run-03_desc-tmask_fFD.txt,265,0,0
sub-INET078,ses-1,task-rest,run-04,sub-INET078_ses-1_task-rest_run-04_bold.nii.gz,0,,,3.0,include,/gpfs/research/grattonlab/iNetworks/Nifti/derivatives/preproc_fmriprep-24.1.1/sub-INET078/ses-1/func/FD_outputs/sub-INET078_ses-1_task-rest_run-04_desc-tmask_fFD.txt,sub-INET078_ses-1_task-rest_run-04_desc-tmask_fFD.txt,262,0,0
sub-INET078,ses-1,task-rest,run-05,sub-INET078_ses-1_task-rest_run-05_bold.nii.gz,0,,,3.0,include,/gpfs/research/grattonlab/iNetworks/Nifti/derivatives/preproc_fmriprep-24.1.1/sub-INET078/ses-1/func/FD_outputs/sub-INET078_ses-1_task-rest_run-05_desc-tmask_fFD.txt,sub-INET078_ses-1_task-rest_run-05_desc-tmask_fFD.txt,265,0,0
sub-INET078,ses-1,task-rest,run-06,sub-INET078_ses-1_task-rest_run-06_bold.nii.gz,0,,,3.0,include,/gpfs/research/grattonlab/iNetworks/Nifti/derivatives/preproc_fmriprep-24.1.1/sub-INET078/ses-1/func/FD_outputs/sub-INET078_ses-1_task-rest_run-06_desc-tmask_fFD.txt,sub-INET078_ses-1_task-rest_run-06_desc-tmask_fFD.txt,265,0,0
sub-INET078,ses-1,task-rest,run-07,sub-INET078_ses-1_task-rest_run-07_bold.nii.gz,0,,,3.0,include,/gpfs/research/grattonlab/iNetworks/Nifti/derivatives/preproc_fmriprep-24.1.1/sub-INET078/ses-1/func/FD_outputs/sub-INET078_ses-1_task-rest_run-07_desc-tmask_fFD.txt,sub-INET078_ses-1_task-rest_run-07_desc-tmask_fFD.txt,258,0,0
sub-INET078,ses-1,task-rest,run-08,sub-INET078_ses-1_task-rest_run-08_bold.nii.gz,0,,,3.0,include,/gpfs/research/grattonlab/iNetworks/Nifti/derivatives/preproc_fmriprep-24.1.1/sub-INET078/ses-1/func/FD_outputs/sub-INET078_ses-1_task-rest_run-08_desc-tmask_fFD.txt,sub-INET078_ses-1_task-rest_run-08_desc-tmask_fFD.txt,260,0,0
sub-INET078,ses-2,task-rest,run-01,sub-INET078_ses-2_task-rest_run-01_bold.nii.gz,0,,,3.0,include,/gpfs/research/grattonlab/iNetworks/Nifti/derivatives/preproc_fmriprep-24.1.1/sub-INET078/ses-2/func/FD_outputs/sub-INET078_ses-2_task-rest_run-01_desc-tmask_fFD.txt,sub-INET078_ses-2_task-rest_run-01_desc-tmask_fFD.txt,265,0,0
sub-INET078,ses-2,task-rest,run-02,sub-INET078_ses-2_task-rest_run-02_bold.nii.gz,0,,,3.0,include,/gpfs/research/grattonlab/iNetworks/Nifti/derivatives/preproc_fmriprep-24.1.1/sub-INET078/ses-2/func/FD_outputs/sub-INET078_ses-2_task-rest_run-02_desc-tmask_fFD.txt,sub-INET078_ses-2_task-rest_run-02_desc-tmask_fFD.txt,264,0,0
sub-INET078,ses-3,task-rest,run-01,sub-INET078_ses-3_task-rest_run-01_bold.nii.gz,0,,,3.0,include,/gpfs/research/grattonlab/iNetworks/Nifti/derivatives/preproc_fmriprep-24.1.1/sub-INET078/ses-3/func/FD_outputs/sub-INET078_ses-3_task-rest_run-01_desc-tmask_fFD.txt,sub-INET078_ses-3_task-rest_run-01_desc-tmask_fFD.txt,264,0,0
sub-INET078,ses-3,task-rest,run-02,sub-INET078_ses-3_task-rest_run-02_bold.nii.gz,0,,,3.0,include,/gpfs/research/grattonlab/iNetworks/Nifti/derivatives/preproc_fmriprep-24.1.1/sub-INET078/ses-3/func/FD_outputs/sub-INET078_ses-3_task-rest_run-02_desc-tmask_fFD.txt,sub-INET078_ses-3_task-rest_run-02_desc-tmask_fFD.txt,264,0,0
sub-INET078,ses-4,task-rest,run-01,sub-INET078_ses-4_task-rest_run-01_bold.nii.gz,0,,,2.0,include,/gpfs/research/grattonlab/iNetworks/Nifti/derivatives/preproc_fmriprep-24.1.1/sub-INET078/ses-4/func/FD_outputs/sub-INET078_ses-4_task-rest_run-01_desc-tmask_fFD.txt,sub-INET078_ses-4_task-rest_run-01_desc-tmask_fFD.txt,265,0,0
sub-INET080,ses-1,task-rest,run-04,sub-INET080_ses-1_task-rest_run-04_bold.nii.gz,0,,,,include,/gpfs/research/grattonlab/iNetworks/Nifti/derivatives/preproc_fmriprep-24.1.1/sub-INET080/ses-1/func/FD_outputs/sub-INET080_ses-1_task-rest_run-04_desc-tmask_fFD.txt,sub-INET080_ses-1_task-rest_run-04_desc-tmask_fFD.txt,254,0,0
sub-INET080,ses-1,task-rest,run-05,sub-INET080_ses-1_task-rest_run-05_bold.nii.gz,0,,,,include,/gpfs/research/grattonlab/iNetworks/Nifti/derivatives/preproc_fmriprep-24.1.1/sub-INET080/ses-1/func/FD_outputs/sub-INET080_ses-1_task-rest_run-05_desc-tmask_fFD.txt,sub-INET080_ses-1_task-rest_run-05_desc-tmask_fFD.txt,265,0,0
sub-INET080,ses-2,task-rest,run-03,sub-INET080_ses-2_task-rest_run-03_bold.nii.gz,0,,,3.0,include,/gpfs/research/grattonlab/iNetworks/Nifti/derivatives/preproc_fmriprep-24.1.1/sub-INET080/ses-2/func/FD_outputs/sub-INET080_ses-2_task-rest_run-03_desc-tmask_fFD.txt,sub-INET080_ses-2_task-rest_run-03_desc-tmask_fFD.txt,246,0,0
sub-INET080,ses-3,task-rest,run-01,sub-INET080_ses-3_task-rest_run-01_bold.nii.gz,0,,,3.0,include,/gpfs/research/grattonlab/iNetworks/Nifti/derivatives/preproc_fmriprep-24.1.1/sub-INET080/ses-3/func/FD_outputs/sub-INET080_ses-3_task-rest_run-01_desc-tmask_fFD.txt,sub-INET080_ses-3_task-rest_run-01_desc-tmask_fFD.txt,230,0,0
sub-INET080,ses-4,task-rest,run-01,sub-INET080_ses-4_task-rest_run-01_bold.nii.gz,0,,,3.0,include,/gpfs/research/grattonlab/iNetworks/Nifti/derivatives/preproc_fmriprep-24.1.1/sub-INET080/ses-4/func/FD_outputs/sub-INET080_ses-4_task-rest_run-01_desc-tmask_fFD.txt,sub-INET080_ses-4_task-rest_run-01_desc-tmask_fFD.txt,251,0,0
sub-INET083,ses-2,task-rest,run-01,sub-INET083_ses-2_task-rest_run-01_bold.nii.gz,0,,,2.0,include,/gpfs/research/grattonlab/iNetworks/Nifti/derivatives/preproc_fmriprep-24.1.1/sub-INET083/ses-2/func/FD_outputs/sub-INET083_ses-2_task-rest_run-01_desc-tmask_fFD.txt,sub-INET083_ses-2_task-rest_run-01_desc-tmask_fFD.txt,265,0,0
sub-INET083,ses-2,task-rest,run-07,sub-INET083_ses-2_task-rest_run-07_bold.nii.gz,0,,,2.0,include,/gpfs/research/grattonlab/iNetworks/Nifti/derivatives/preproc_fmriprep-24.1.1/sub-INET083/ses-2/func/FD_outputs/sub-INET083_ses-2_task-rest_run-07_desc-tmask_fFD.txt,sub-INET083_ses-2_task-rest_run-07_desc-tmask_fFD.txt,264,0,0
sub-INET083,ses-3,task-rest,run-01,sub-INET083_ses-3_task-rest_run-01_bold.nii.gz,0,,,1.0,include,/gpfs/research/grattonlab/iNetworks/Nifti/derivatives/preproc_fmriprep-24.1.1/sub-INET083/ses-3/func/FD_outputs/sub-INET083_ses-3_task-rest_run-01_desc-tmask_fFD.txt,sub-INET083_ses-3_task-rest_run-01_desc-tmask_fFD.txt,265,0,0
sub-INET083,ses-3,task-rest,run-02,sub-INET083_ses-3_task-rest_run-02_bold.nii.gz,0,,,2.0,include,/gpfs/research/grattonlab/iNetworks/Nifti/derivatives/preproc_fmriprep-24.1.1/sub-INET083/ses-3/func/FD_outputs/sub-INET083_ses-3_task-rest_run-02_desc-tmask_fFD.txt,sub-INET083_ses-3_task-rest_run-02_desc-tmask_fFD.txt,264,0,0
sub-INET083,ses-3,task-rest,run-03,sub-INET083_ses-3_task-rest_run-03_bold.nii.gz,0,,,3.0,include,/gpfs/research/grattonlab/iNetworks/Nifti/derivatives/preproc_fmriprep-24.1.1/sub-INET083/ses-3/func/FD_outputs/sub-INET083_ses-3_task-rest_run-03_desc-tmask_fFD.txt,sub-INET083_ses-3_task-rest_run-03_desc-tmask_fFD.txt,263,0,0
sub-INET083,ses-3,task-rest,run-05,sub-INET083_ses-3_task-rest_run-05_bold.nii.gz,0,,,2.0,include,/gpfs/research/grattonlab/iNetworks/Nifti/derivatives/preproc_fmriprep-24.1.1/sub-INET083/ses-3/func/FD_outputs/sub-INET083_ses-3_task-rest_run-05_desc-tmask_fFD.txt,sub-INET083_ses-3_task-rest_run-05_desc-tmask_fFD.txt,244,0,0
sub-INET083,ses-3,task-rest,run-06,sub-INET083_ses-3_task-rest_run-06_bold.nii.gz,0,,,2.0,include,/gpfs/research/grattonlab/iNetworks/Nifti/derivatives/preproc_fmriprep-24.1.1/sub-INET083/ses-3/func/FD_outputs/sub-INET083_ses-3_task-rest_run-06_desc-tmask_fFD.txt,sub-INET083_ses-3_task-rest_run-06_desc-tmask_fFD.txt,258,0,0
sub-INET083,ses-3,task-rest,run-07,sub-INET083_ses-3_task-rest_run-07_bold.nii.gz,0,,,2.0,include,/gpfs/research/grattonlab/iNetworks/Nifti/derivatives/preproc_fmriprep-24.1.1/sub-INET083/ses-3/func/FD_outputs/sub-INET083_ses-3_task-rest_run-07_desc-tmask_fFD.txt,sub-INET083_ses-3_task-rest_run-07_desc-tmask_fFD.txt,261,0,0
sub-INET083,ses-4,task-rest,run-01,sub-INET083_ses-4_task-rest_run-01_bold.nii.gz,0,,,1.0,include,/gpfs/research/grattonlab/iNetworks/Nifti/derivatives/preproc_fmriprep-24.1.1/sub-INET083/ses-4/func/FD_outputs/sub-INET083_ses-4_task-rest_run-01_desc-tmask_fFD.txt,sub-INET083_ses-4_task-rest_run-01_desc-tmask_fFD.txt,264,0,0
sub-INET083,ses-4,task-rest,run-02,sub-INET083_ses-4_task-rest_run-02_bold.nii.gz,0,,,2.0,include,/gpfs/research/grattonlab/iNetworks/Nifti/derivatives/preproc_fmriprep-24.1.1/sub-INET083/ses-4/func/FD_outputs/sub-INET083_ses-4_task-rest_run-02_desc-tmask_fFD.txt,sub-INET083_ses-4_task-rest_run-02_desc-tmask_fFD.txt,263,0,0
sub-INET083,ses-4,task-rest,run-03,sub-INET083_ses-4_task-rest_run-03_bold.nii.gz,0,,,2.0,include,/gpfs/research/grattonlab/iNetworks/Nifti/derivatives/preproc_fmriprep-24.1.1/sub-INET083/ses-4/func/FD_outputs/sub-INET083_ses-4_task-rest_run-03_desc-tmask_fFD.txt,sub-INET083_ses-4_task-rest_run-03_desc-tmask_fFD.txt,261,0,0
sub-INET083,ses-4,task-rest,run-04,sub-INET083_ses-4_task-rest_run-04_bold.nii.gz,0,,,3.0,include,/gpfs/research/grattonlab/iNetworks/Nifti/derivatives/preproc_fmriprep-24.1.1/sub-INET083/ses-4/func/FD_outputs/sub-INET083_ses-4_task-rest_run-04_desc-tmask_fFD.txt,sub-INET083_ses-4_task-rest_run-04_desc-tmask_fFD.txt,252,0,0
sub-INET084,ses-1,task-rest,run-01,sub-INET084_ses-1_task-rest_run-01_bold.nii.gz,0,,,3.0,include,/gpfs/research/grattonlab/iNetworks/Nifti/derivatives/preproc_fmriprep-24.1.1/sub-INET084/ses-1/func/FD_outputs/sub-INET084_ses-1_task-rest_run-01_desc-tmask_fFD.txt,sub-INET084_ses-1_task-rest_run-01_desc-tmask_fFD.txt,265,0,0
sub-INET084,ses-2,task-rest,run-01,sub-INET084_ses-2_task-rest_run-01_bold.nii.gz,0,,,2.0,include,/gpfs/research/grattonlab/iNetworks/Nifti/derivatives/preproc_fmriprep-24.1.1/sub-INET084/ses-2/func/FD_outputs/sub-INET084_ses-2_task-rest_run-01_desc-tmask_fFD.txt,sub-INET084_ses-2_task-rest_run-01_desc-tmask_fFD.txt,244,0,0
sub-INET084,ses-2,task-rest,run-02,sub-INET084_ses-2_task-rest_run-02_bold.nii.gz,0,,,1.0,include,/gpfs/research/grattonlab/iNetworks/Nifti/derivatives/preproc_fmriprep-24.1.1/sub-INET084/ses-2/func/FD_outputs/sub-INET084_ses-2_task-rest_run-02_desc-tmask_fFD.txt,sub-INET084_ses-2_task-rest_run-02_desc-tmask_fFD.txt,259,0,0
sub-INET084,ses-2,task-rest,run-03,sub-INET084_ses-2_task-rest_run-03_bold.nii.gz,0,,head moved location,2.0,include,/gpfs/research/grattonlab/iNetworks/Nifti/derivatives/preproc_fmriprep-24.1.1/sub-INET084/ses-2/func/FD_outputs/sub-INET084_ses-2_task-rest_run-03_desc-tmask_fFD.txt,sub-INET084_ses-2_task-rest_run-03_desc-tmask_fFD.txt,264,0,0
sub-INET084,ses-2,task-rest,run-04,sub-INET084_ses-2_task-rest_run-04_bold.nii.gz,0,,,3.0,include,/gpfs/research/grattonlab/iNetworks/Nifti/derivatives/preproc_fmriprep-24.1.1/sub-INET084/ses-2/func/FD_outputs/sub-INET084_ses-2_task-rest_run-04_desc-tmask_fFD.txt,sub-INET084_ses-2_task-rest_run-04_desc-tmask_fFD.txt,259,0,0
sub-INET084,ses-3,task-rest,run-01,sub-INET084_ses-3_task-rest_run-01_bold.nii.gz,0,,,1.0,include,/gpfs/research/grattonlab/iNetworks/Nifti/derivatives/preproc_fmriprep-24.1.1/sub-INET084/ses-3/func/FD_outputs/sub-INET084_ses-3_task-rest_run-01_desc-tmask_fFD.txt,sub-INET084_ses-3_task-rest_run-01_desc-tmask_fFD.txt,264,0,0
sub-INET084,ses-3,task-rest,run-02,sub-INET084_ses-3_task-rest_run-02_bold.nii.gz,0,,,3.0,include,/gpfs/research/grattonlab/iNetworks/Nifti/derivatives/preproc_fmriprep-24.1.1/sub-INET084/ses-3/func/FD_outputs/sub-INET084_ses-3_task-rest_run-02_desc-tmask_fFD.txt,sub-INET084_ses-3_task-rest_run-02_desc-tmask_fFD.txt,248,0,0
sub-INET084,ses-3,task-rest,run-03,sub-INET084_ses-3_task-rest_run-03_bold.nii.gz,0,,,3.0,include,/gpfs/research/grattonlab/iNetworks/Nifti/derivatives/preproc_fmriprep-24.1.1/sub-INET084/ses-3/func/FD_outputs/sub-INET084_ses-3_task-rest_run-03_desc-tmask_fFD.txt,sub-INET084_ses-3_task-rest_run-03_desc-tmask_fFD.txt,212,0,0
sub-INET084,ses-3,task-rest,run-04,sub-INET084_ses-3_task-rest_run-04_bold.nii.gz,0,,,3.0,include,/gpfs/research/grattonlab/iNetworks/Nifti/derivatives/preproc_fmriprep-24.1.1/sub-INET084/ses-3/func/FD_outputs/sub-INET084_ses-3_task-rest_run-04_desc-tmask_fFD.txt,sub-INET084_ses-3_task-rest_run-04_desc-tmask_fFD.txt,237,0,0
sub-INET084,ses-4,task-rest,run-01,sub-INET084_ses-4_task-rest_run-01_bold.nii.gz,0,,,2.0,include,/gpfs/research/grattonlab/iNetworks/Nifti/derivatives/preproc_fmriprep-24.1.1/sub-INET084/ses-4/func/FD_outputs/sub-INET084_ses-4_task-rest_run-01_desc-tmask_fFD.txt,sub-INET084_ses-4_task-rest_run-01_desc-tmask_fFD.txt,244,0,0
sub-INET084,ses-4,task-rest,run-02,sub-INET084_ses-4_task-rest_run-02_bold.nii.gz,0,,,2.0,include,/gpfs/research/grattonlab/iNetworks/Nifti/derivatives/preproc_fmriprep-24.1.1/sub-INET084/ses-4/func/FD_outputs/sub-INET084_ses-4_task-rest_run-02_desc-tmask_fFD.txt,sub-INET084_ses-4_task-rest_run-02_desc-tmask_fFD.txt,264,0,0
sub-INET084,ses-4,task-rest,run-03,sub-INET084_ses-4_task-rest_run-03_bold.nii.gz,0,,pulse stopped,2.0,include,/gpfs/research/grattonlab/iNetworks/Nifti/derivatives/preproc_fmriprep-24.1.1/sub-INET084/ses-4/func/FD_outputs/sub-INET084_ses-4_task-rest_run-03_desc-tmask_fFD.txt,sub-INET084_ses-4_task-rest_run-03_desc-tmask_fFD.txt,265,0,0
sub-INET084,ses-4,task-rest,run-04,sub-INET084_ses-4_task-rest_run-04_bold.nii.gz,0,,,2.0,include,/gpfs/research/grattonlab/iNetworks/Nifti/derivatives/preproc_fmriprep-24.1.1/sub-INET084/ses-4/func/FD_outputs/sub-INET084_ses-4_task-rest_run-04_desc-tmask_fFD.txt,sub-INET084_ses-4_task-rest_run-04_desc-tmask_fFD.txt,261,0,0
sub-INET084,ses-4,task-rest,run-07,sub-INET084_ses-4_task-rest_run-07_bold.nii.gz,0,,high motion,3.0,include,/gpfs/research/grattonlab/iNetworks/Nifti/derivatives/preproc_fmriprep-24.1.1/sub-INET084/ses-4/func/FD_outputs/sub-INET084_ses-4_task-rest_run-07_desc-tmask_fFD.txt,sub-INET084_ses-4_task-rest_run-07_desc-tmask_fFD.txt,206,0,0
sub-INET085,ses-1,task-rest,run-01,sub-INET085_ses-1_task-rest_run-01_bold.nii.gz,0,,,2.0,include,/gpfs/research/grattonlab/iNetworks/Nifti/derivatives/preproc_fmriprep-24.1.1/sub-INET085/ses-1/func/FD_outputs/sub-INET085_ses-1_task-rest_run-01_desc-tmask_fFD.txt,sub-INET085_ses-1_task-rest_run-01_desc-tmask_fFD.txt,264,0,0
sub-INET085,ses-1,task-rest,run-02,sub-INET085_ses-1_task-rest_run-02_bold.nii.gz,0,,,3.0,include,/gpfs/research/grattonlab/iNetworks/Nifti/derivatives/preproc_fmriprep-24.1.1/sub-INET085/ses-1/func/FD_outputs/sub-INET085_ses-1_task-rest_run-02_desc-tmask_fFD.txt,sub-INET085_ses-1_task-rest_run-02_desc-tmask_fFD.txt,263,0,0
sub-INET085,ses-1,task-rest,run-05,sub-INET085_ses-1_task-rest_run-05_bold.nii.gz,0,,,1.0,include,/gpfs/research/grattonlab/iNetworks/Nifti/derivatives/preproc_fmriprep-24.1.1/sub-INET085/ses-1/func/FD_outputs/sub-INET085_ses-1_task-rest_run-05_desc-tmask_fFD.txt,sub-INET085_ses-1_task-rest_run-05_desc-tmask_fFD.txt,262,0,0
sub-INET085,ses-1,task-rest,run-06,sub-INET085_ses-1_task-rest_run-06_bold.nii.gz,0,,,1.0,include,/gpfs/research/grattonlab/iNetworks/Nifti/derivatives/preproc_fmriprep-24.1.1/sub-INET085/ses-1/func/FD_outputs/sub-INET085_ses-1_task-rest_run-06_desc-tmask_fFD.txt,sub-INET085_ses-1_task-rest_run-06_desc-tmask_fFD.txt,257,0,0
sub-INET085,ses-1,task-rest,run-07,sub-INET085_ses-1_task-rest_run-07_bold.nii.gz,0,,,1.0,include,/gpfs/research/grattonlab/iNetworks/Nifti/derivatives/preproc_fmriprep-24.1.1/sub-INET085/ses-1/func/FD_outputs/sub-INET085_ses-1_task-rest_run-07_desc-tmask_fFD.txt,sub-INET085_ses-1_task-rest_run-07_desc-tmask_fFD.txt,261,0,0
sub-INET085,ses-2,task-rest,run-01,sub-INET085_ses-2_task-rest_run-01_bold.nii.gz,0,,,3.0,include,/gpfs/research/grattonlab/iNetworks/Nifti/derivatives/preproc_fmriprep-24.1.1/sub-INET085/ses-2/func/FD_outputs/sub-INET085_ses-2_task-rest_run-01_desc-tmask_fFD.txt,sub-INET085_ses-2_task-rest_run-01_desc-tmask_fFD.txt,265,0,0
sub-INET085,ses-2,task-rest,run-03,sub-INET085_ses-2_task-rest_run-03_bold.nii.gz,0,,,3.0,include,/gpfs/research/grattonlab/iNetworks/Nifti/derivatives/preproc_fmriprep-24.1.1/sub-INET085/ses-2/func/FD_outputs/sub-INET085_ses-2_task-rest_run-03_desc-tmask_fFD.txt,sub-INET085_ses-2_task-rest_run-03_desc-tmask_fFD.txt,246,0,0
sub-INET085,ses-2,task-rest,run-05,sub-INET085_ses-2_task-rest_run-05_bold.nii.gz,0,,,2.0,include,/gpfs/research/grattonlab/iNetworks/Nifti/derivatives/preproc_fmriprep-24.1.1/sub-INET085/ses-2/func/FD_outputs/sub-INET085_ses-2_task-rest_run-05_desc-tmask_fFD.txt,sub-INET085_ses-2_task-rest_run-05_desc-tmask_fFD.txt,264,0,0
sub-INET085,ses-2,task-rest,run-06,sub-INET085_ses-2_task-rest_run-06_bold.nii.gz,0,,,1.0,include,/gpfs/research/grattonlab/iNetworks/Nifti/derivatives/preproc_fmriprep-24.1.1/sub-INET085/ses-2/func/FD_outputs/sub-INET085_ses-2_task-rest_run-06_desc-tmask_fFD.txt,sub-INET085_ses-2_task-rest_run-06_desc-tmask_fFD.txt,265,0,0
sub-INET085,ses-2,task-rest,run-07,sub-INET085_ses-2_task-rest_run-07_bold.nii.gz,0,,,1.0,include,/gpfs/research/grattonlab/iNetworks/Nifti/derivatives/preproc_fmriprep-24.1.1/sub-INET085/ses-2/func/FD_outputs/sub-INET085_ses-2_task-rest_run-07_desc-tmask_fFD.txt,sub-INET085_ses-2_task-rest_run-07_desc-tmask_fFD.txt,263,0,0
sub-INET085,ses-3,task-rest,run-01,sub-INET085_ses-3_task-rest_run-01_bold.nii.gz,0,,,2.0,include,/gpfs/research/grattonlab/iNetworks/Nifti/derivatives/preproc_fmriprep-24.1.1/sub-INET085/ses-3/func/FD_outputs/sub-INET085_ses-3_task-rest_run-01_desc-tmask_fFD.txt,sub-INET085_ses-3_task-rest_run-01_desc-tmask_fFD.txt,263,0,0
sub-INET085,ses-3,task-rest,run-06,sub-INET085_ses-3_task-rest_run-06_bold.nii.gz,0,,,2.0,include,/gpfs/research/grattonlab/iNetworks/Nifti/derivatives/preproc_fmriprep-24.1.1/sub-INET085/ses-3/func/FD_outputs/sub-INET085_ses-3_task-rest_run-06_desc-tmask_fFD.txt,sub-INET085_ses-3_task-rest_run-06_desc-tmask_fFD.txt,173,0,0
sub-INET085,ses-4,task-rest,run-01,sub-INET085_ses-4_task-rest_run-01_bold.nii.gz,0,,,1.0,include,/gpfs/research/grattonlab/iNetworks/Nifti/derivatives/preproc_fmriprep-24.1.1/sub-INET085/ses-4/func/FD_outputs/sub-INET085_ses-4_task-rest_run-01_desc-tmask_fFD.txt,sub-INET085_ses-4_task-rest_run-01_desc-tmask_fFD.txt,264,0,0
sub-INET085,ses-4,task-rest,run-02,sub-INET085_ses-4_task-rest_run-02_bold.nii.gz,0,,,1.0,include,/gpfs/research/grattonlab/iNetworks/Nifti/derivatives/preproc_fmriprep-24.1.1/sub-INET085/ses-4/func/FD_outputs/sub-INET085_ses-4_task-rest_run-02_desc-tmask_fFD.txt,sub-INET085_ses-4_task-rest_run-02_desc-tmask_fFD.txt,263,0,0
sub-INET085,ses-4,task-rest,run-03,sub-INET085_ses-4_task-rest_run-03_bold.nii.gz,0,,,2.0,include,/gpfs/research/grattonlab/iNetworks/Nifti/derivatives/preproc_fmriprep-24.1.1/sub-INET085/ses-4/func/FD_outputs/sub-INET085_ses-4_task-rest_run-03_desc-tmask_fFD.txt,sub-INET085_ses-4_task-rest_run-03_desc-tmask_fFD.txt,264,0,0
sub-INET085,ses-4,task-rest,run-04,sub-INET085_ses-4_task-rest_run-04_bold.nii.gz,0,,,1.0,include,/gpfs/research/grattonlab/iNetworks/Nifti/derivatives/preproc_fmriprep-24.1.1/sub-INET085/ses-4/func/FD_outputs/sub-INET085_ses-4_task-rest_run-04_desc-tmask_fFD.txt,sub-INET085_ses-4_task-rest_run-04_desc-tmask_fFD.txt,264,0,0
sub-INET085,ses-4,task-rest,run-05,sub-INET085_ses-4_task-rest_run-05_bold.nii.gz,0,,,1.0,include,/gpfs/research/grattonlab/iNetworks/Nifti/derivatives/preproc_fmriprep-24.1.1/sub-INET085/ses-4/func/FD_outputs/sub-INET085_ses-4_task-rest_run-05_desc-tmask_fFD.txt,sub-INET085_ses-4_task-rest_run-05_desc-tmask_fFD.txt,264,0,0
sub-INET085,ses-4,task-rest,run-06,sub-INET085_ses-4_task-rest_run-06_bold.nii.gz,0,,,1.0,include,/gpfs/research/grattonlab/iNetworks/Nifti/derivatives/preproc_fmriprep-24.1.1/sub-INET085/ses-4/func/FD_outputs/sub-INET085_ses-4_task-rest_run-06_desc-tmask_fFD.txt,sub-INET085_ses-4_task-rest_run-06_desc-tmask_fFD.txt,264,0,0
sub-INET086,ses-1,task-rest,run-01,sub-INET086_ses-1_task-rest_run-01_bold.nii.gz,0,,,2.0,include,/gpfs/research/grattonlab/iNetworks/Nifti/derivatives/preproc_fmriprep-24.1.1/sub-INET086/ses-1/func/FD_outputs/sub-INET086_ses-1_task-rest_run-01_desc-tmask_fFD.txt,sub-INET086_ses-1_task-rest_run-01_desc-tmask_fFD.txt,263,0,0
sub-INET086,ses-1,task-rest,run-02,sub-INET086_ses-1_task-rest_run-02_bold.nii.gz,0,,,2.0,include,/gpfs/research/grattonlab/iNetworks/Nifti/derivatives/preproc_fmriprep-24.1.1/sub-INET086/ses-1/func/FD_outputs/sub-INET086_ses-1_task-rest_run-02_desc-tmask_fFD.txt,sub-INET086_ses-1_task-rest_run-02_desc-tmask_fFD.txt,264,0,0
sub-INET086,ses-1,task-rest,run-03,sub-INET086_ses-1_task-rest_run-03_bold.nii.gz,0,,,2.0,include,/gpfs/research/grattonlab/iNetworks/Nifti/derivatives/preproc_fmriprep-24.1.1/sub-INET086/ses-1/func/FD_outputs/sub-INET086_ses-1_task-rest_run-03_desc-tmask_fFD.txt,sub-INET086_ses-1_task-rest_run-03_desc-tmask_fFD.txt,263,0,0
sub-INET086,ses-1,task-rest,run-04,sub-INET086_ses-1_task-rest_run-04_bold.nii.gz,0,,,2.0,include,/gpfs/research/grattonlab/iNetworks/Nifti/derivatives/preproc_fmriprep-24.1.1/sub-INET086/ses-1/func/FD_outputs/sub-INET086_ses-1_task-rest_run-04_desc-tmask_fFD.txt,sub-INET086_ses-1_task-rest_run-04_desc-tmask_fFD.txt,264,0,0
sub-INET086,ses-1,task-rest,run-05,sub-INET086_ses-1_task-rest_run-05_bold.nii.gz,0,,,2.0,include,/gpfs/research/grattonlab/iNetworks/Nifti/derivatives/preproc_fmriprep-24.1.1/sub-INET086/ses-1/func/FD_outputs/sub-INET086_ses-1_task-rest_run-05_desc-tmask_fFD.txt,sub-INET086_ses-1_task-rest_run-05_desc-tmask_fFD.txt,263,0,0
sub-INET086,ses-1,task-rest,run-06,sub-INET086_ses-1_task-rest_run-06_bold.nii.gz,0,,,2.0,include,/gpfs/research/grattonlab/iNetworks/Nifti/derivatives/preproc_fmriprep-24.1.1/sub-INET086/ses-1/func/FD_outputs/sub-INET086_ses-1_task-rest_run-06_desc-tmask_fFD.txt,sub-INET086_ses-1_task-rest_run-06_desc-tmask_fFD.txt,257,0,0
sub-INET086,ses-1,task-rest,run-07,sub-INET086_ses-1_task-rest_run-07_bold.nii.gz,0,,,3.0,include,/gpfs/research/grattonlab/iNetworks/Nifti/derivatives/preproc_fmriprep-24.1.1/sub-INET086/ses-1/func/FD_outputs/sub-INET086_ses-1_task-rest_run-07_desc-tmask_fFD.txt,sub-INET086_ses-1_task-rest_run-07_desc-tmask_fFD.txt,264,0,0
sub-INET086,ses-2,task-rest,run-01,sub-INET086_ses-2_task-rest_run-01_bold.nii.gz,0,,,1.0,include,/gpfs/research/grattonlab/iNetworks/Nifti/derivatives/preproc_fmriprep-24.1.1/sub-INET086/ses-2/func/FD_outputs/sub-INET086_ses-2_task-rest_run-01_desc-tmask_fFD.txt,sub-INET086_ses-2_task-rest_run-01_desc-tmask_fFD.txt,265,0,0
sub-INET086,ses-2,task-rest,run-02,sub-INET086_ses-2_task-rest_run-02_bold.nii.gz,0,,,1.0,include,/gpfs/research/grattonlab/iNetworks/Nifti/derivatives/preproc_fmriprep-24.1.1/sub-INET086/ses-2/func/FD_outputs/sub-INET086_ses-2_task-rest_run-02_desc-tmask_fFD.txt,sub-INET086_ses-2_task-rest_run-02_desc-tmask_fFD.txt,265,0,0
sub-INET086,ses-2,task-rest,run-03,sub-INET086_ses-2_task-rest_run-03_bold.nii.gz,0,,,2.0,include,/gpfs/research/grattonlab/iNetworks/Nifti/derivatives/preproc_fmriprep-24.1.1/sub-INET086/ses-2/func/FD_outputs/sub-INET086_ses-2_task-rest_run-03_desc-tmask_fFD.txt,sub-INET086_ses-2_task-rest_run-03_desc-tmask_fFD.txt,264,0,0
sub-INET086,ses-2,task-rest,run-04,sub-INET086_ses-2_task-rest_run-04_bold.nii.gz,0,,,3.0,include,/gpfs/research/grattonlab/iNetworks/Nifti/derivatives/preproc_fmriprep-24.1.1/sub-INET086/ses-2/func/FD_outputs/sub-INET086_ses-2_task-rest_run-04_desc-tmask_fFD.txt,sub-INET086_ses-2_task-rest_run-04_desc-tmask_fFD.txt,264,0,0
sub-INET086,ses-2,task-rest,run-05,sub-INET086_ses-2_task-rest_run-05_bold.nii.gz,0,,,2.0,include,/gpfs/research/grattonlab/iNetworks/Nifti/derivatives/preproc_fmriprep-24.1.1/sub-INET086/ses-2/func/FD_outputs/sub-INET086_ses-2_task-rest_run-05_desc-tmask_fFD.txt,sub-INET086_ses-2_task-rest_run-05_desc-tmask_fFD.txt,264,0,0
sub-INET086,ses-2,task-rest,run-06,sub-INET086_ses-2_task-rest_run-06_bold.nii.gz,0,,,2.0,include,/gpfs/research/grattonlab/iNetworks/Nifti/derivatives/preproc_fmriprep-24.1.1/sub-INET086/ses-2/func/FD_outputs/sub-INET086_ses-2_task-rest_run-06_desc-tmask_fFD.txt,sub-INET086_ses-2_task-rest_run-06_desc-tmask_fFD.txt,257,0,0
sub-INET086,ses-2,task-rest,run-07,sub-INET086_ses-2_task-rest_run-07_bold.nii.gz,0,,,2.0,include,/gpfs/research/grattonlab/iNetworks/Nifti/derivatives/preproc_fmriprep-24.1.1/sub-INET086/ses-2/func/FD_outputs/sub-INET086_ses-2_task-rest_run-07_desc-tmask_fFD.txt,sub-INET086_ses-2_task-rest_run-07_desc-tmask_fFD.txt,264,0,0
sub-INET086,ses-3,task-rest,run-01,sub-INET086_ses-3_task-rest_run-01_bold.nii.gz,0,,,2.0,include,/gpfs/research/grattonlab/iNetworks/Nifti/derivatives/preproc_fmriprep-24.1.1/sub-INET086/ses-3/func/FD_outputs/sub-INET086_ses-3_task-rest_run-01_desc-tmask_fFD.txt,sub-INET086_ses-3_task-rest_run-01_desc-tmask_fFD.txt,261,0,0
sub-INET086,ses-3,task-rest,run-02,sub-INET086_ses-3_task-rest_run-02_bold.nii.gz,0,,,2.0,include,/gpfs/research/grattonlab/iNetworks/Nifti/derivatives/preproc_fmriprep-24.1.1/sub-INET086/ses-3/func/FD_outputs/sub-INET086_ses-3_task-rest_run-02_desc-tmask_fFD.txt,sub-INET086_ses-3_task-rest_run-02_desc-tmask_fFD.txt,263,0,0
sub-INET086,ses-3,task-rest,run-03,sub-INET086_ses-3_task-rest_run-03_bold.nii.gz,0,,,2.0,include,/gpfs/research/grattonlab/iNetworks/Nifti/derivatives/preproc_fmriprep-24.1.1/sub-INET086/ses-3/func/FD_outputs/sub-INET086_ses-3_task-rest_run-03_desc-tmask_fFD.txt,sub-INET086_ses-3_task-rest_run-03_desc-tmask_fFD.txt,265,0,0
sub-INET086,ses-3,task-rest,run-04,sub-INET086_ses-3_task-rest_run-04_bold.nii.gz,0,,,2.0,include,/gpfs/research/grattonlab/iNetworks/Nifti/derivatives/preproc_fmriprep-24.1.1/sub-INET086/ses-3/func/FD_outputs/sub-INET086_ses-3_task-rest_run-04_desc-tmask_fFD.txt,sub-INET086_ses-3_task-rest_run-04_desc-tmask_fFD.txt,262,0,0
sub-INET086,ses-3,task-rest,run-05,sub-INET086_ses-3_task-rest_run-05_bold.nii.gz,0,,,3.0,include,/gpfs/research/grattonlab/iNetworks/Nifti/derivatives/preproc_fmriprep-24.1.1/sub-INET086/ses-3/func/FD_outputs/sub-INET086_ses-3_task-rest_run-05_desc-tmask_fFD.txt,sub-INET086_ses-3_task-rest_run-05_desc-tmask_fFD.txt,261,0,0
sub-INET086,ses-3,task-rest,run-06,sub-INET086_ses-3_task-rest_run-06_bold.nii.gz,0,,,3.0,include,/gpfs/research/grattonlab/iNetworks/Nifti/derivatives/preproc_fmriprep-24.1.1/sub-INET086/ses-3/func/FD_outputs/sub-INET086_ses-3_task-rest_run-06_desc-tmask_fFD.txt,sub-INET086_ses-3_task-rest_run-06_desc-tmask_fFD.txt,261,0,0
sub-INET086,ses-4,task-rest,run-01,sub-INET086_ses-4_task-rest_run-01_bold.nii.gz,0,,,1.0,include,/gpfs/research/grattonlab/iNetworks/Nifti/derivatives/preproc_fmriprep-24.1.1/sub-INET086/ses-4/func/FD_outputs/sub-INET086_ses-4_task-rest_run-01_desc-tmask_fFD.txt,sub-INET086_ses-4_task-rest_run-01_desc-tmask_fFD.txt,259,0,0
sub-INET086,ses-4,task-rest,run-02,sub-INET086_ses-4_task-rest_run-02_bold.nii.gz,0,,,1.0,include,/gpfs/research/grattonlab/iNetworks/Nifti/derivatives/preproc_fmriprep-24.1.1/sub-INET086/ses-4/func/FD_outputs/sub-INET086_ses-4_task-rest_run-02_desc-tmask_fFD.txt,sub-INET086_ses-4_task-rest_run-02_desc-tmask_fFD.txt,262,0,0
sub-INET086,ses-4,task-rest,run-03,sub-INET086_ses-4_task-rest_run-03_bold.nii.gz,0,,,1.0,include,/gpfs/research/grattonlab/iNetworks/Nifti/derivatives/preproc_fmriprep-24.1.1/sub-INET086/ses-4/func/FD_outputs/sub-INET086_ses-4_task-rest_run-03_desc-tmask_fFD.txt,sub-INET086_ses-4_task-rest_run-03_desc-tmask_fFD.txt,265,0,0
sub-INET086,ses-4,task-rest,run-04,sub-INET086_ses-4_task-rest_run-04_bold.nii.gz,0,,,1.0,include,/gpfs/research/grattonlab/iNetworks/Nifti/derivatives/preproc_fmriprep-24.1.1/sub-INET086/ses-4/func/FD_outputs/sub-INET086_ses-4_task-rest_run-04_desc-tmask_fFD.txt,sub-INET086_ses-4_task-rest_run-04_desc-tmask_fFD.txt,265,0,0
sub-INET086,ses-4,task-rest,run-05,sub-INET086_ses-4_task-rest_run-05_bold.nii.gz,0,,,1.0,include,/gpfs/research/grattonlab/iNetworks/Nifti/derivatives/preproc_fmriprep-24.1.1/sub-INET086/ses-4/func/FD_outputs/sub-INET086_ses-4_task-rest_run-05_desc-tmask_fFD.txt,sub-INET086_ses-4_task-rest_run-05_desc-tmask_fFD.txt,264,0,0
sub-INET086,ses-4,task-rest,run-06,sub-INET086_ses-4_task-rest_run-06_bold.nii.gz,0,,,1.0,include,/gpfs/research/grattonlab/iNetworks/Nifti/derivatives/preproc_fmriprep-24.1.1/sub-INET086/ses-4/func/FD_outputs/sub-INET086_ses-4_task-rest_run-06_desc-tmask_fFD.txt,sub-INET086_ses-4_task-rest_run-06_desc-tmask_fFD.txt,264,0,0
sub-INET086,ses-4,task-rest,run-07,sub-INET086_ses-4_task-rest_run-07_bold.nii.gz,0,,,1.0,include,/gpfs/research/grattonlab/iNetworks/Nifti/derivatives/preproc_fmriprep-24.1.1/sub-INET086/ses-4/func/FD_outputs/sub-INET086_ses-4_task-rest_run-07_desc-tmask_fFD.txt,sub-INET086_ses-4_task-rest_run-07_desc-tmask_fFD.txt,264,0,0
sub-INET087,ses-1,task-rest,run-05,sub-INET087_ses-1_task-rest_run-05_bold.nii.gz,0,,,2.0,include,/gpfs/research/grattonlab/iNetworks/Nifti/derivatives/preproc_fmriprep-24.1.1/sub-INET087/ses-1/func/FD_outputs/sub-INET087_ses-1_task-rest_run-05_desc-tmask_fFD.txt,sub-INET087_ses-1_task-rest_run-05_desc-tmask_fFD.txt,221,0,0
sub-INET087,ses-1,task-rest,run-06,sub-INET087_ses-1_task-rest_run-06_bold.nii.gz,0,,,2.0,include,/gpfs/research/grattonlab/iNetworks/Nifti/derivatives/preproc_fmriprep-24.1.1/sub-INET087/ses-1/func/FD_outputs/sub-INET087_ses-1_task-rest_run-06_desc-tmask_fFD.txt,sub-INET087_ses-1_task-rest_run-06_desc-tmask_fFD.txt,251,0,0
sub-INET087,ses-1,task-rest,run-07,sub-INET087_ses-1_task-rest_run-07_bold.nii.gz,0,,,3.0,include,/gpfs/research/grattonlab/iNetworks/Nifti/derivatives/preproc_fmriprep-24.1.1/sub-INET087/ses-1/func/FD_outputs/sub-INET087_ses-1_task-rest_run-07_desc-tmask_fFD.txt,sub-INET087_ses-1_task-rest_run-07_desc-tmask_fFD.txt,244,0,0
sub-INET087,ses-2,task-rest,run-06,sub-INET087_ses-2_task-rest_run-06_bold.nii.gz,0,,,2.0,include,/gpfs/research/grattonlab/iNetworks/Nifti/derivatives/preproc_fmriprep-24.1.1/sub-INET087/ses-2/func/FD_outputs/sub-INET087_ses-2_task-rest_run-06_desc-tmask_fFD.txt,sub-INET087_ses-2_task-rest_run-06_desc-tmask_fFD.txt,232,0,0
sub-INET087,ses-3,task-rest,run-04,sub-INET087_ses-3_task-rest_run-04_bold.nii.gz,0,,,3.0,include,/gpfs/research/grattonlab/iNetworks/Nifti/derivatives/preproc_fmriprep-24.1.1/sub-INET087/ses-3/func/FD_outputs/sub-INET087_ses-3_task-rest_run-04_desc-tmask_fFD.txt,sub-INET087_ses-3_task-rest_run-04_desc-tmask_fFD.txt,253,0,0
sub-INET087,ses-3,task-rest,run-05,sub-INET087_ses-3_task-rest_run-05_bold.nii.gz,0,,,2.0,include,/gpfs/research/grattonlab/iNetworks/Nifti/derivatives/preproc_fmriprep-24.1.1/sub-INET087/ses-3/func/FD_outputs/sub-INET087_ses-3_task-rest_run-05_desc-tmask_fFD.txt,sub-INET087_ses-3_task-rest_run-05_desc-tmask_fFD.txt,241,0,0
sub-INET088,ses-1,task-rest,run-01,sub-INET088_ses-1_task-rest_run-01_bold.nii.gz,0,,,2.0,include,/gpfs/research/grattonlab/iNetworks/Nifti/derivatives/preproc_fmriprep-24.1.1/sub-INET088/ses-1/func/FD_outputs/sub-INET088_ses-1_task-rest_run-01_desc-tmask_fFD.txt,sub-INET088_ses-1_task-rest_run-01_desc-tmask_fFD.txt,264,0,0
sub-INET088,ses-1,task-rest,run-02,sub-INET088_ses-1_task-rest_run-02_bold.nii.gz,0,,,2.0,include,/gpfs/research/grattonlab/iNetworks/Nifti/derivatives/preproc_fmriprep-24.1.1/sub-INET088/ses-1/func/FD_outputs/sub-INET088_ses-1_task-rest_run-02_desc-tmask_fFD.txt,sub-INET088_ses-1_task-rest_run-02_desc-tmask_fFD.txt,264,0,0
sub-INET088,ses-1,task-rest,run-04,sub-INET088_ses-1_task-rest_run-04_bold.nii.gz,0,,,3.0,include,/gpfs/research/grattonlab/iNetworks/Nifti/derivatives/preproc_fmriprep-24.1.1/sub-INET088/ses-1/func/FD_outputs/sub-INET088_ses-1_task-rest_run-04_desc-tmask_fFD.txt,sub-INET088_ses-1_task-rest_run-04_desc-tmask_fFD.txt,262,0,0
sub-INET088,ses-2,task-rest,run-01,sub-INET088_ses-2_task-rest_run-01_bold.nii.gz,0,,,1.0,include,/gpfs/research/grattonlab/iNetworks/Nifti/derivatives/preproc_fmriprep-24.1.1/sub-INET088/ses-2/func/FD_outputs/sub-INET088_ses-2_task-rest_run-01_desc-tmask_fFD.txt,sub-INET088_ses-2_task-rest_run-01_desc-tmask_fFD.txt,264,0,0
sub-INET088,ses-2,task-rest,run-02,sub-INET088_ses-2_task-rest_run-02_bold.nii.gz,0,,,1.0,include,/gpfs/research/grattonlab/iNetworks/Nifti/derivatives/preproc_fmriprep-24.1.1/sub-INET088/ses-2/func/FD_outputs/sub-INET088_ses-2_task-rest_run-02_desc-tmask_fFD.txt,sub-INET088_ses-2_task-rest_run-02_desc-tmask_fFD.txt,264,0,0
sub-INET088,ses-2,task-rest,run-04,sub-INET088_ses-2_task-rest_run-04_bold.nii.gz,0,,,1.0,include,/gpfs/research/grattonlab/iNetworks/Nifti/derivatives/preproc_fmriprep-24.1.1/sub-INET088/ses-2/func/FD_outputs/sub-INET088_ses-2_task-rest_run-04_desc-tmask_fFD.txt,sub-INET088_ses-2_task-rest_run-04_desc-tmask_fFD.txt,246,0,0
sub-INET088,ses-2,task-rest,run-05,sub-INET088_ses-2_task-rest_run-05_bold.nii.gz,0,,,1.0,include,/gpfs/research/grattonlab/iNetworks/Nifti/derivatives/preproc_fmriprep-24.1.1/sub-INET088/ses-2/func/FD_outputs/sub-INET088_ses-2_task-rest_run-05_desc-tmask_fFD.txt,sub-INET088_ses-2_task-rest_run-05_desc-tmask_fFD.txt,260,0,0
sub-INET088,ses-2,task-rest,run-06,sub-INET088_ses-2_task-rest_run-06_bold.nii.gz,0,,,1.0,include,/gpfs/research/grattonlab/iNetworks/Nifti/derivatives/preproc_fmriprep-24.1.1/sub-INET088/ses-2/func/FD_outputs/sub-INET088_ses-2_task-rest_run-06_desc-tmask_fFD.txt,sub-INET088_ses-2_task-rest_run-06_desc-tmask_fFD.txt,264,0,0
sub-INET088,ses-2,task-rest,run-07,sub-INET088_ses-2_task-rest_run-07_bold.nii.gz,0,,,1.0,include,/gpfs/research/grattonlab/iNetworks/Nifti/derivatives/preproc_fmriprep-24.1.1/sub-INET088/ses-2/func/FD_outputs/sub-INET088_ses-2_task-rest_run-07_desc-tmask_fFD.txt,sub-INET088_ses-2_task-rest_run-07_desc-tmask_fFD.txt,264,0,0
sub-INET088,ses-3,task-rest,run-01,sub-INET088_ses-3_task-rest_run-01_bold.nii.gz,0,,,1.0,include,/gpfs/research/grattonlab/iNetworks/Nifti/derivatives/preproc_fmriprep-24.1.1/sub-INET088/ses-3/func/FD_outputs/sub-INET088_ses-3_task-rest_run-01_desc-tmask_fFD.txt,sub-INET088_ses-3_task-rest_run-01_desc-tmask_fFD.txt,265,0,0
sub-INET088,ses-3,task-rest,run-02,sub-INET088_ses-3_task-rest_run-02_bold.nii.gz,0,,,3.0,include,/gpfs/research/grattonlab/iNetworks/Nifti/derivatives/preproc_fmriprep-24.1.1/sub-INET088/ses-3/func/FD_outputs/sub-INET088_ses-3_task-rest_run-02_desc-tmask_fFD.txt,sub-INET088_ses-3_task-rest_run-02_desc-tmask_fFD.txt,265,0,0
sub-INET088,ses-3,task-rest,run-05,sub-INET088_ses-3_task-rest_run-05_bold.nii.gz,0,,,2.0,include,/gpfs/research/grattonlab/iNetworks/Nifti/derivatives/preproc_fmriprep-24.1.1/sub-INET088/ses-3/func/FD_outputs/sub-INET088_ses-3_task-rest_run-05_desc-tmask_fFD.txt,sub-INET088_ses-3_task-rest_run-05_desc-tmask_fFD.txt,263,0,0
sub-INET088,ses-3,task-rest,run-06,sub-INET088_ses-3_task-rest_run-06_bold.nii.gz,0,,,2.0,include,/gpfs/research/grattonlab/iNetworks/Nifti/derivatives/preproc_fmriprep-24.1.1/sub-INET088/ses-3/func/FD_outputs/sub-INET088_ses-3_task-rest_run-06_desc-tmask_fFD.txt,sub-INET088_ses-3_task-rest_run-06_desc-tmask_fFD.txt,264,0,0
sub-INET088,ses-3,task-rest,run-07,sub-INET088_ses-3_task-rest_run-07_bold.nii.gz,0,,,3.0,include,/gpfs/research/grattonlab/iNetworks/Nifti/derivatives/preproc_fmriprep-24.1.1/sub-INET088/ses-3/func/FD_outputs/sub-INET088_ses-3_task-rest_run-07_desc-tmask_fFD.txt,sub-INET088_ses-3_task-rest_run-07_desc-tmask_fFD.txt,265,0,0
sub-INET088,ses-4,task-rest,run-01,sub-INET088_ses-4_task-rest_run-01_bold.nii.gz,0,,,2.0,include,/gpfs/research/grattonlab/iNetworks/Nifti/derivatives/preproc_fmriprep-24.1.1/sub-INET088/ses-4/func/FD_outputs/sub-INET088_ses-4_task-rest_run-01_desc-tmask_fFD.txt,sub-INET088_ses-4_task-rest_run-01_desc-tmask_fFD.txt,265,0,0
sub-INET088,ses-4,task-rest,run-04,sub-INET088_ses-4_task-rest_run-04_bold.nii.gz,0,,,2.0,include,/gpfs/research/grattonlab/iNetworks/Nifti/derivatives/preproc_fmriprep-24.1.1/sub-INET088/ses-4/func/FD_outputs/sub-INET088_ses-4_task-rest_run-04_desc-tmask_fFD.txt,sub-INET088_ses-4_task-rest_run-04_desc-tmask_fFD.txt,254,0,0
sub-INET088,ses-4,task-rest,run-06,sub-INET088_ses-4_task-rest_run-06_bold.nii.gz,0,,,3.0,include,/gpfs/research/grattonlab/iNetworks/Nifti/derivatives/preproc_fmriprep-24.1.1/sub-INET088/ses-4/func/FD_outputs/sub-INET088_ses-4_task-rest_run-06_desc-tmask_fFD.txt,sub-INET088_ses-4_task-rest_run-06_desc-tmask_fFD.txt,257,0,0
sub-INET091,ses-1,task-rest,run-01,sub-INET091_ses-1_task-rest_run-01_bold.nii.gz,0,,,2.0,include,/gpfs/research/grattonlab/iNetworks/Nifti/derivatives/preproc_fmriprep-24.1.1/sub-INET091/ses-1/func/FD_outputs/sub-INET091_ses-1_task-rest_run-01_desc-tmask_fFD.txt,sub-INET091_ses-1_task-rest_run-01_desc-tmask_fFD.txt,222,0,0
sub-INET091,ses-1,task-rest,run-02,sub-INET091_ses-1_task-rest_run-02_bold.nii.gz,0,,motion,3.0,include,/gpfs/research/grattonlab/iNetworks/Nifti/derivatives/preproc_fmriprep-24.1.1/sub-INET091/ses-1/func/FD_outputs/sub-INET091_ses-1_task-rest_run-02_desc-tmask_fFD.txt,sub-INET091_ses-1_task-rest_run-02_desc-tmask_fFD.txt,148,0,0
sub-INET091,ses-2,task-rest,run-01,sub-INET091_ses-2_task-rest_run-01_bold.nii.gz,0,,,1.0,include,/gpfs/research/grattonlab/iNetworks/Nifti/derivatives/preproc_fmriprep-24.1.1/sub-INET091/ses-2/func/FD_outputs/sub-INET091_ses-2_task-rest_run-01_desc-tmask_fFD.txt,sub-INET091_ses-2_task-rest_run-01_desc-tmask_fFD.txt,262,0,0
sub-INET091,ses-2,task-rest,run-02,sub-INET091_ses-2_task-rest_run-02_bold.nii.gz,0,,,3.0,include,/gpfs/research/grattonlab/iNetworks/Nifti/derivatives/preproc_fmriprep-24.1.1/sub-INET091/ses-2/func/FD_outputs/sub-INET091_ses-2_task-rest_run-02_desc-tmask_fFD.txt,sub-INET091_ses-2_task-rest_run-02_desc-tmask_fFD.txt,262,0,0
sub-INET091,ses-2,task-rest,run-05,sub-INET091_ses-2_task-rest_run-05_bold.nii.gz,0,,,1.0,include,/gpfs/research/grattonlab/iNetworks/Nifti/derivatives/preproc_fmriprep-24.1.1/sub-INET091/ses-2/func/FD_outputs/sub-INET091_ses-2_task-rest_run-05_desc-tmask_fFD.txt,sub-INET091_ses-2_task-rest_run-05_desc-tmask_fFD.txt,237,0,0
sub-INET091,ses-2,task-rest,run-06,sub-INET091_ses-2_task-rest_run-06_bold.nii.gz,0,,lots of movement,2.0,include,/gpfs/research/grattonlab/iNetworks/Nifti/derivatives/preproc_fmriprep-24.1.1/sub-INET091/ses-2/func/FD_outputs/sub-INET091_ses-2_task-rest_run-06_desc-tmask_fFD.txt,sub-INET091_ses-2_task-rest_run-06_desc-tmask_fFD.txt,142,0,0
sub-INET091,ses-4,task-rest,run-01,sub-INET091_ses-4_task-rest_run-01_bold.nii.gz,0,,,2.0,include,/gpfs/research/grattonlab/iNetworks/Nifti/derivatives/preproc_fmriprep-24.1.1/sub-INET091/ses-4/func/FD_outputs/sub-INET091_ses-4_task-rest_run-01_desc-tmask_fFD.txt,sub-INET091_ses-4_task-rest_run-01_desc-tmask_fFD.txt,253,0,0
sub-INET093,ses-1,task-rest,run-01,sub-INET093_ses-1_task-rest_run-01_bold.nii.gz,0,,,1.0,include,/gpfs/research/grattonlab/iNetworks/Nifti/derivatives/preproc_fmriprep-24.1.1/sub-INET093/ses-1/func/FD_outputs/sub-INET093_ses-1_task-rest_run-01_desc-tmask_fFD.txt,sub-INET093_ses-1_task-rest_run-01_desc-tmask_fFD.txt,265,0,0
sub-INET093,ses-1,task-rest,run-02,sub-INET093_ses-1_task-rest_run-02_bold.nii.gz,0,,,1.0,include,/gpfs/research/grattonlab/iNetworks/Nifti/derivatives/preproc_fmriprep-24.1.1/sub-INET093/ses-1/func/FD_outputs/sub-INET093_ses-1_task-rest_run-02_desc-tmask_fFD.txt,sub-INET093_ses-1_task-rest_run-02_desc-tmask_fFD.txt,263,0,0
sub-INET093,ses-1,task-rest,run-03,sub-INET093_ses-1_task-rest_run-03_bold.nii.gz,0,,,2.0,include,/gpfs/research/grattonlab/iNetworks/Nifti/derivatives/preproc_fmriprep-24.1.1/sub-INET093/ses-1/func/FD_outputs/sub-INET093_ses-1_task-rest_run-03_desc-tmask_fFD.txt,sub-INET093_ses-1_task-rest_run-03_desc-tmask_fFD.txt,264,0,0
sub-INET093,ses-1,task-rest,run-04,sub-INET093_ses-1_task-rest_run-04_bold.nii.gz,0,,,1.0,include,/gpfs/research/grattonlab/iNetworks/Nifti/derivatives/preproc_fmriprep-24.1.1/sub-INET093/ses-1/func/FD_outputs/sub-INET093_ses-1_task-rest_run-04_desc-tmask_fFD.txt,sub-INET093_ses-1_task-rest_run-04_desc-tmask_fFD.txt,264,0,0
sub-INET093,ses-1,task-rest,run-05,sub-INET093_ses-1_task-rest_run-05_bold.nii.gz,0,,,2.0,include,/gpfs/research/grattonlab/iNetworks/Nifti/derivatives/preproc_fmriprep-24.1.1/sub-INET093/ses-1/func/FD_outputs/sub-INET093_ses-1_task-rest_run-05_desc-tmask_fFD.txt,sub-INET093_ses-1_task-rest_run-05_desc-tmask_fFD.txt,265,0,0
sub-INET093,ses-1,task-rest,run-06,sub-INET093_ses-1_task-rest_run-06_bold.nii.gz,0,,,1.0,include,/gpfs/research/grattonlab/iNetworks/Nifti/derivatives/preproc_fmriprep-24.1.1/sub-INET093/ses-1/func/FD_outputs/sub-INET093_ses-1_task-rest_run-06_desc-tmask_fFD.txt,sub-INET093_ses-1_task-rest_run-06_desc-tmask_fFD.txt,265,0,0
sub-INET093,ses-1,task-rest,run-07,sub-INET093_ses-1_task-rest_run-07_bold.nii.gz,0,,,1.0,include,/gpfs/research/grattonlab/iNetworks/Nifti/derivatives/preproc_fmriprep-24.1.1/sub-INET093/ses-1/func/FD_outputs/sub-INET093_ses-1_task-rest_run-07_desc-tmask_fFD.txt,sub-INET093_ses-1_task-rest_run-07_desc-tmask_fFD.txt,265,0,0
sub-INET093,ses-1,task-rest,run-08,sub-INET093_ses-1_task-rest_run-08_bold.nii.gz,0,,,1.0,include,/gpfs/research/grattonlab/iNetworks/Nifti/derivatives/preproc_fmriprep-24.1.1/sub-INET093/ses-1/func/FD_outputs/sub-INET093_ses-1_task-rest_run-08_desc-tmask_fFD.txt,sub-INET093_ses-1_task-rest_run-08_desc-tmask_fFD.txt,265,0,0
sub-INET093,ses-2,task-rest,run-01,sub-INET093_ses-2_task-rest_run-01_bold.nii.gz,0,,,1.0,include,/gpfs/research/grattonlab/iNetworks/Nifti/derivatives/preproc_fmriprep-24.1.1/sub-INET093/ses-2/func/FD_outputs/sub-INET093_ses-2_task-rest_run-01_desc-tmask_fFD.txt,sub-INET093_ses-2_task-rest_run-01_desc-tmask_fFD.txt,264,0,0
sub-INET093,ses-2,task-rest,run-02,sub-INET093_ses-2_task-rest_run-02_bold.nii.gz,0,,,1.0,include,/gpfs/research/grattonlab/iNetworks/Nifti/derivatives/preproc_fmriprep-24.1.1/sub-INET093/ses-2/func/FD_outputs/sub-INET093_ses-2_task-rest_run-02_desc-tmask_fFD.txt,sub-INET093_ses-2_task-rest_run-02_desc-tmask_fFD.txt,264,0,0
sub-INET093,ses-2,task-rest,run-03,sub-INET093_ses-2_task-rest_run-03_bold.nii.gz,0,,,1.0,include,/gpfs/research/grattonlab/iNetworks/Nifti/derivatives/preproc_fmriprep-24.1.1/sub-INET093/ses-2/func/FD_outputs/sub-INET093_ses-2_task-rest_run-03_desc-tmask_fFD.txt,sub-INET093_ses-2_task-rest_run-03_desc-tmask_fFD.txt,265,0,0
sub-INET093,ses-2,task-rest,run-04,sub-INET093_ses-2_task-rest_run-04_bold.nii.gz,0,,,1.0,include,/gpfs/research/grattonlab/iNetworks/Nifti/derivatives/preproc_fmriprep-24.1.1/sub-INET093/ses-2/func/FD_outputs/sub-INET093_ses-2_task-rest_run-04_desc-tmask_fFD.txt,sub-INET093_ses-2_task-rest_run-04_desc-tmask_fFD.txt,259,0,0
sub-INET093,ses-2,task-rest,run-05,sub-INET093_ses-2_task-rest_run-05_bold.nii.gz,0,,,1.0,include,/gpfs/research/grattonlab/iNetworks/Nifti/derivatives/preproc_fmriprep-24.1.1/sub-INET093/ses-2/func/FD_outputs/sub-INET093_ses-2_task-rest_run-05_desc-tmask_fFD.txt,sub-INET093_ses-2_task-rest_run-05_desc-tmask_fFD.txt,265,0,0
sub-INET093,ses-2,task-rest,run-06,sub-INET093_ses-2_task-rest_run-06_bold.nii.gz,0,,,1.0,include,/gpfs/research/grattonlab/iNetworks/Nifti/derivatives/preproc_fmriprep-24.1.1/sub-INET093/ses-2/func/FD_outputs/sub-INET093_ses-2_task-rest_run-06_desc-tmask_fFD.txt,sub-INET093_ses-2_task-rest_run-06_desc-tmask_fFD.txt,265,0,0
sub-INET093,ses-3,task-rest,run-01,sub-INET093_ses-3_task-rest_run-01_bold.nii.gz,0,,,1.0,include,/gpfs/research/grattonlab/iNetworks/Nifti/derivatives/preproc_fmriprep-24.1.1/sub-INET093/ses-3/func/FD_outputs/sub-INET093_ses-3_task-rest_run-01_desc-tmask_fFD.txt,sub-INET093_ses-3_task-rest_run-01_desc-tmask_fFD.txt,264,0,0
sub-INET093,ses-3,task-rest,run-02,sub-INET093_ses-3_task-rest_run-02_bold.nii.gz,0,,,1.0,include,/gpfs/research/grattonlab/iNetworks/Nifti/derivatives/preproc_fmriprep-24.1.1/sub-INET093/ses-3/func/FD_outputs/sub-INET093_ses-3_task-rest_run-02_desc-tmask_fFD.txt,sub-INET093_ses-3_task-rest_run-02_desc-tmask_fFD.txt,264,0,0
sub-INET093,ses-3,task-rest,run-05,sub-INET093_ses-3_task-rest_run-05_bold.nii.gz,0,,,1.0,include,/gpfs/research/grattonlab/iNetworks/Nifti/derivatives/preproc_fmriprep-24.1.1/sub-INET093/ses-3/func/FD_outputs/sub-INET093_ses-3_task-rest_run-05_desc-tmask_fFD.txt,sub-INET093_ses-3_task-rest_run-05_desc-tmask_fFD.txt,264,0,0
sub-INET093,ses-3,task-rest,run-06,sub-INET093_ses-3_task-rest_run-06_bold.nii.gz,0,,,1.0,include,/gpfs/research/grattonlab/iNetworks/Nifti/derivatives/preproc_fmriprep-24.1.1/sub-INET093/ses-3/func/FD_outputs/sub-INET093_ses-3_task-rest_run-06_desc-tmask_fFD.txt,sub-INET093_ses-3_task-rest_run-06_desc-tmask_fFD.txt,264,0,0
sub-INET093,ses-3,task-rest,run-07,sub-INET093_ses-3_task-rest_run-07_bold.nii.gz,0,,,1.0,include,/gpfs/research/grattonlab/iNetworks/Nifti/derivatives/preproc_fmriprep-24.1.1/sub-INET093/ses-3/func/FD_outputs/sub-INET093_ses-3_task-rest_run-07_desc-tmask_fFD.txt,sub-INET093_ses-3_task-rest_run-07_desc-tmask_fFD.txt,263,0,0
sub-INET093,ses-4,task-rest,run-01,sub-INET093_ses-4_task-rest_run-01_bold.nii.gz,0,,,1.0,include,/gpfs/research/grattonlab/iNetworks/Nifti/derivatives/preproc_fmriprep-24.1.1/sub-INET093/ses-4/func/FD_outputs/sub-INET093_ses-4_task-rest_run-01_desc-tmask_fFD.txt,sub-INET093_ses-4_task-rest_run-01_desc-tmask_fFD.txt,264,0,0
sub-INET093,ses-4,task-rest,run-02,sub-INET093_ses-4_task-rest_run-02_bold.nii.gz,0,,,1.0,include,/gpfs/research/grattonlab/iNetworks/Nifti/derivatives/preproc_fmriprep-24.1.1/sub-INET093/ses-4/func/FD_outputs/sub-INET093_ses-4_task-rest_run-02_desc-tmask_fFD.txt,sub-INET093_ses-4_task-rest_run-02_desc-tmask_fFD.txt,264,0,0
sub-INET093,ses-4,task-rest,run-03,sub-INET093_ses-4_task-rest_run-03_bold.nii.gz,0,,,1.0,include,/gpfs/research/grattonlab/iNetworks/Nifti/derivatives/preproc_fmriprep-24.1.1/sub-INET093/ses-4/func/FD_outputs/sub-INET093_ses-4_task-rest_run-03_desc-tmask_fFD.txt,sub-INET093_ses-4_task-rest_run-03_desc-tmask_fFD.txt,256,0,0
sub-INET093,ses-4,task-rest,run-04,sub-INET093_ses-4_task-rest_run-04_bold.nii.gz,0,,,1.0,include,/gpfs/research/grattonlab/iNetworks/Nifti/derivatives/preproc_fmriprep-24.1.1/sub-INET093/ses-4/func/FD_outputs/sub-INET093_ses-4_task-rest_run-04_desc-tmask_fFD.txt,sub-INET093_ses-4_task-rest_run-04_desc-tmask_fFD.txt,262,0,0
sub-INET093,ses-4,task-rest,run-05,sub-INET093_ses-4_task-rest_run-05_bold.nii.gz,0,,,1.0,include,/gpfs/research/grattonlab/iNetworks/Nifti/derivatives/preproc_fmriprep-24.1.1/sub-INET093/ses-4/func/FD_outputs/sub-INET093_ses-4_task-rest_run-05_desc-tmask_fFD.txt,sub-INET093_ses-4_task-rest_run-05_desc-tmask_fFD.txt,260,0,0
sub-INET093,ses-4,task-rest,run-06,sub-INET093_ses-4_task-rest_run-06_bold.nii.gz,0,,,1.0,include,/gpfs/research/grattonlab/iNetworks/Nifti/derivatives/preproc_fmriprep-24.1.1/sub-INET093/ses-4/func/FD_outputs/sub-INET093_ses-4_task-rest_run-06_desc-tmask_fFD.txt,sub-INET093_ses-4_task-rest_run-06_desc-tmask_fFD.txt,263,0,0
sub-INET093,ses-4,task-rest,run-07,sub-INET093_ses-4_task-rest_run-07_bold.nii.gz,0,,,1.0,include,/gpfs/research/grattonlab/iNetworks/Nifti/derivatives/preproc_fmriprep-24.1.1/sub-INET093/ses-4/func/FD_outputs/sub-INET093_ses-4_task-rest_run-07_desc-tmask_fFD.txt,sub-INET093_ses-4_task-rest_run-07_desc-tmask_fFD.txt,262,0,0
sub-INET093,ses-4,task-rest,run-08,sub-INET093_ses-4_task-rest_run-08_bold.nii.gz,0,,,1.0,include,/gpfs/research/grattonlab/iNetworks/Nifti/derivatives/preproc_fmriprep-24.1.1/sub-INET093/ses-4/func/FD_outputs/sub-INET093_ses-4_task-rest_run-08_desc-tmask_fFD.txt,sub-INET093_ses-4_task-rest_run-08_desc-tmask_fFD.txt,262,0,0
sub-INET094,ses-1,task-rest,run-01,sub-INET094_ses-1_task-rest_run-01_bold.nii.gz,0,,,2.0,include,/gpfs/research/grattonlab/iNetworks/Nifti/derivatives/preproc_fmriprep-24.1.1/sub-INET094/ses-1/func/FD_outputs/sub-INET094_ses-1_task-rest_run-01_desc-tmask_fFD.txt,sub-INET094_ses-1_task-rest_run-01_desc-tmask_fFD.txt,264,0,0
sub-INET094,ses-1,task-rest,run-02,sub-INET094_ses-1_task-rest_run-02_bold.nii.gz,0,,,2.0,include,/gpfs/research/grattonlab/iNetworks/Nifti/derivatives/preproc_fmriprep-24.1.1/sub-INET094/ses-1/func/FD_outputs/sub-INET094_ses-1_task-rest_run-02_desc-tmask_fFD.txt,sub-INET094_ses-1_task-rest_run-02_desc-tmask_fFD.txt,264,0,0
sub-INET094,ses-1,task-rest,run-03,sub-INET094_ses-1_task-rest_run-03_bold.nii.gz,0,,,1.0,include,/gpfs/research/grattonlab/iNetworks/Nifti/derivatives/preproc_fmriprep-24.1.1/sub-INET094/ses-1/func/FD_outputs/sub-INET094_ses-1_task-rest_run-03_desc-tmask_fFD.txt,sub-INET094_ses-1_task-rest_run-03_desc-tmask_fFD.txt,264,0,0
sub-INET094,ses-1,task-rest,run-04,sub-INET094_ses-1_task-rest_run-04_bold.nii.gz,0,,,3.0,include,/gpfs/research/grattonlab/iNetworks/Nifti/derivatives/preproc_fmriprep-24.1.1/sub-INET094/ses-1/func/FD_outputs/sub-INET094_ses-1_task-rest_run-04_desc-tmask_fFD.txt,sub-INET094_ses-1_task-rest_run-04_desc-tmask_fFD.txt,263,0,0
sub-INET094,ses-1,task-rest,run-05,sub-INET094_ses-1_task-rest_run-05_bold.nii.gz,0,,,3.0,include,/gpfs/research/grattonlab/iNetworks/Nifti/derivatives/preproc_fmriprep-24.1.1/sub-INET094/ses-1/func/FD_outputs/sub-INET094_ses-1_task-rest_run-05_desc-tmask_fFD.txt,sub-INET094_ses-1_task-rest_run-05_desc-tmask_fFD.txt,263,0,0
sub-INET094,ses-1,task-rest,run-06,sub-INET094_ses-1_task-rest_run-06_bold.nii.gz,0,,,2.0,include,/gpfs/research/grattonlab/iNetworks/Nifti/derivatives/preproc_fmriprep-24.1.1/sub-INET094/ses-1/func/FD_outputs/sub-INET094_ses-1_task-rest_run-06_desc-tmask_fFD.txt,sub-INET094_ses-1_task-rest_run-06_desc-tmask_fFD.txt,262,0,0
sub-INET094,ses-2,task-rest,run-01,sub-INET094_ses-2_task-rest_run-01_bold.nii.gz,0,,,1.0,include,/gpfs/research/grattonlab/iNetworks/Nifti/derivatives/preproc_fmriprep-24.1.1/sub-INET094/ses-2/func/FD_outputs/sub-INET094_ses-2_task-rest_run-01_desc-tmask_fFD.txt,sub-INET094_ses-2_task-rest_run-01_desc-tmask_fFD.txt,257,0,0
sub-INET094,ses-2,task-rest,run-02,sub-INET094_ses-2_task-rest_run-02_bold.nii.gz,0,,,3.0,include,/gpfs/research/grattonlab/iNetworks/Nifti/derivatives/preproc_fmriprep-24.1.1/sub-INET094/ses-2/func/FD_outputs/sub-INET094_ses-2_task-rest_run-02_desc-tmask_fFD.txt,sub-INET094_ses-2_task-rest_run-02_desc-tmask_fFD.txt,265,0,0
sub-INET094,ses-2,task-rest,run-06,sub-INET094_ses-2_task-rest_run-06_bold.nii.gz,0,,,2.0,include,/gpfs/research/grattonlab/iNetworks/Nifti/derivatives/preproc_fmriprep-24.1.1/sub-INET094/ses-2/func/FD_outputs/sub-INET094_ses-2_task-rest_run-06_desc-tmask_fFD.txt,sub-INET094_ses-2_task-rest_run-06_desc-tmask_fFD.txt,253,0,0
sub-INET094,ses-3,task-rest,run-01,sub-INET094_ses-3_task-rest_run-01_bold.nii.gz,0,,,2.0,include,/gpfs/research/grattonlab/iNetworks/Nifti/derivatives/preproc_fmriprep-24.1.1/sub-INET094/ses-3/func/FD_outputs/sub-INET094_ses-3_task-rest_run-01_desc-tmask_fFD.txt,sub-INET094_ses-3_task-rest_run-01_desc-tmask_fFD.txt,259,0,0
sub-INET094,ses-3,task-rest,run-05,sub-INET094_ses-3_task-rest_run-05_bold.nii.gz,0,,,3.0,include,/gpfs/research/grattonlab/iNetworks/Nifti/derivatives/preproc_fmriprep-24.1.1/sub-INET094/ses-3/func/FD_outputs/sub-INET094_ses-3_task-rest_run-05_desc-tmask_fFD.txt,sub-INET094_ses-3_task-rest_run-05_desc-tmask_fFD.txt,228,0,0
sub-INET094,ses-3,task-rest,run-06,sub-INET094_ses-3_task-rest_run-06_bold.nii.gz,0,,,2.0,include,/gpfs/research/grattonlab/iNetworks/Nifti/derivatives/preproc_fmriprep-24.1.1/sub-INET094/ses-3/func/FD_outputs/sub-INET094_ses-3_task-rest_run-06_desc-tmask_fFD.txt,sub-INET094_ses-3_task-rest_run-06_desc-tmask_fFD.txt,236,0,0
sub-INET094,ses-3,task-rest,run-07,sub-INET094_ses-3_task-rest_run-07_bold.nii.gz,0,,,2.0,include,/gpfs/research/grattonlab/iNetworks/Nifti/derivatives/preproc_fmriprep-24.1.1/sub-INET094/ses-3/func/FD_outputs/sub-INET094_ses-3_task-rest_run-07_desc-tmask_fFD.txt,sub-INET094_ses-3_task-rest_run-07_desc-tmask_fFD.txt,257,0,0
sub-INET094,ses-4,task-rest,run-01,sub-INET094_ses-4_task-rest_run-01_bold.nii.gz,0,,,2.0,include,/gpfs/research/grattonlab/iNetworks/Nifti/derivatives/preproc_fmriprep-24.1.1/sub-INET094/ses-4/func/FD_outputs/sub-INET094_ses-4_task-rest_run-01_desc-tmask_fFD.txt,sub-INET094_ses-4_task-rest_run-01_desc-tmask_fFD.txt,263,0,0
sub-INET094,ses-4,task-rest,run-05,sub-INET094_ses-4_task-rest_run-05_bold.nii.gz,0,,,3.0,include,/gpfs/research/grattonlab/iNetworks/Nifti/derivatives/preproc_fmriprep-24.1.1/sub-INET094/ses-4/func/FD_outputs/sub-INET094_ses-4_task-rest_run-05_desc-tmask_fFD.txt,sub-INET094_ses-4_task-rest_run-05_desc-tmask_fFD.txt,260,0,0
sub-INET094,ses-4,task-rest,run-06,sub-INET094_ses-4_task-rest_run-06_bold.nii.gz,0,,,2.0,include,/gpfs/research/grattonlab/iNetworks/Nifti/derivatives/preproc_fmriprep-24.1.1/sub-INET094/ses-4/func/FD_outputs/sub-INET094_ses-4_task-rest_run-06_desc-tmask_fFD.txt,sub-INET094_ses-4_task-rest_run-06_desc-tmask_fFD.txt,265,0,0
sub-INET094,ses-4,task-rest,run-07,sub-INET094_ses-4_task-rest_run-07_bold.nii.gz,0,,,2.0,include,/gpfs/research/grattonlab/iNetworks/Nifti/derivatives/preproc_fmriprep-24.1.1/sub-INET094/ses-4/func/FD_outputs/sub-INET094_ses-4_task-rest_run-07_desc-tmask_fFD.txt,sub-INET094_ses-4_task-rest_run-07_desc-tmask_fFD.txt,264,0,0
sub-INET095,ses-1,task-rest,run-01,sub-INET095_ses-1_task-rest_run-01_bold.nii.gz,0,,,2.0,include,/gpfs/research/grattonlab/iNetworks/Nifti/derivatives/preproc_fmriprep-24.1.1/sub-INET095/ses-1/func/FD_outputs/sub-INET095_ses-1_task-rest_run-01_desc-tmask_fFD.txt,sub-INET095_ses-1_task-rest_run-01_desc-tmask_fFD.txt,259,0,0
sub-INET095,ses-1,task-rest,run-02,sub-INET095_ses-1_task-rest_run-02_bold.nii.gz,0,,,3.0,include,/gpfs/research/grattonlab/iNetworks/Nifti/derivatives/preproc_fmriprep-24.1.1/sub-INET095/ses-1/func/FD_outputs/sub-INET095_ses-1_task-rest_run-02_desc-tmask_fFD.txt,sub-INET095_ses-1_task-rest_run-02_desc-tmask_fFD.txt,259,0,0
sub-INET095,ses-1,task-rest,run-03,sub-INET095_ses-1_task-rest_run-03_bold.nii.gz,0,,,2.0,include,/gpfs/research/grattonlab/iNetworks/Nifti/derivatives/preproc_fmriprep-24.1.1/sub-INET095/ses-1/func/FD_outputs/sub-INET095_ses-1_task-rest_run-03_desc-tmask_fFD.txt,sub-INET095_ses-1_task-rest_run-03_desc-tmask_fFD.txt,263,0,0
sub-INET095,ses-1,task-rest,run-04,sub-INET095_ses-1_task-rest_run-04_bold.nii.gz,0,,,2.0,include,/gpfs/research/grattonlab/iNetworks/Nifti/derivatives/preproc_fmriprep-24.1.1/sub-INET095/ses-1/func/FD_outputs/sub-INET095_ses-1_task-rest_run-04_desc-tmask_fFD.txt,sub-INET095_ses-1_task-rest_run-04_desc-tmask_fFD.txt,240,0,0
sub-INET095,ses-1,task-rest,run-05,sub-INET095_ses-1_task-rest_run-05_bold.nii.gz,0,,,2.0,include,/gpfs/research/grattonlab/iNetworks/Nifti/derivatives/preproc_fmriprep-24.1.1/sub-INET095/ses-1/func/FD_outputs/sub-INET095_ses-1_task-rest_run-05_desc-tmask_fFD.txt,sub-INET095_ses-1_task-rest_run-05_desc-tmask_fFD.txt,252,0,0
sub-INET095,ses-1,task-rest,run-06,sub-INET095_ses-1_task-rest_run-06_bold.nii.gz,0,,,2.0,include,/gpfs/research/grattonlab/iNetworks/Nifti/derivatives/preproc_fmriprep-24.1.1/sub-INET095/ses-1/func/FD_outputs/sub-INET095_ses-1_task-rest_run-06_desc-tmask_fFD.txt,sub-INET095_ses-1_task-rest_run-06_desc-tmask_fFD.txt,258,0,0
sub-INET095,ses-2,task-rest,run-01,sub-INET095_ses-2_task-rest_run-01_bold.nii.gz,0,,,2.0,include,/gpfs/research/grattonlab/iNetworks/Nifti/derivatives/preproc_fmriprep-24.1.1/sub-INET095/ses-2/func/FD_outputs/sub-INET095_ses-2_task-rest_run-01_desc-tmask_fFD.txt,sub-INET095_ses-2_task-rest_run-01_desc-tmask_fFD.txt,265,0,0
sub-INET095,ses-2,task-rest,run-02,sub-INET095_ses-2_task-rest_run-02_bold.nii.gz,0,,,2.0,include,/gpfs/research/grattonlab/iNetworks/Nifti/derivatives/preproc_fmriprep-24.1.1/sub-INET095/ses-2/func/FD_outputs/sub-INET095_ses-2_task-rest_run-02_desc-tmask_fFD.txt,sub-INET095_ses-2_task-rest_run-02_desc-tmask_fFD.txt,257,0,0
sub-INET095,ses-2,task-rest,run-03,sub-INET095_ses-2_task-rest_run-03_bold.nii.gz,0,,,3.0,include,/gpfs/research/grattonlab/iNetworks/Nifti/derivatives/preproc_fmriprep-24.1.1/sub-INET095/ses-2/func/FD_outputs/sub-INET095_ses-2_task-rest_run-03_desc-tmask_fFD.txt,sub-INET095_ses-2_task-rest_run-03_desc-tmask_fFD.txt,247,0,0
sub-INET095,ses-2,task-rest,run-04,sub-INET095_ses-2_task-rest_run-04_bold.nii.gz,0,,,2.0,include,/gpfs/research/grattonlab/iNetworks/Nifti/derivatives/preproc_fmriprep-24.1.1/sub-INET095/ses-2/func/FD_outputs/sub-INET095_ses-2_task-rest_run-04_desc-tmask_fFD.txt,sub-INET095_ses-2_task-rest_run-04_desc-tmask_fFD.txt,235,0,0
sub-INET095,ses-2,task-rest,run-05,sub-INET095_ses-2_task-rest_run-05_bold.nii.gz,0,,,2.0,include,/gpfs/research/grattonlab/iNetworks/Nifti/derivatives/preproc_fmriprep-24.1.1/sub-INET095/ses-2/func/FD_outputs/sub-INET095_ses-2_task-rest_run-05_desc-tmask_fFD.txt,sub-INET095_ses-2_task-rest_run-05_desc-tmask_fFD.txt,263,0,0
sub-INET095,ses-2,task-rest,run-06,sub-INET095_ses-2_task-rest_run-06_bold.nii.gz,0,,,2.0,include,/gpfs/research/grattonlab/iNetworks/Nifti/derivatives/preproc_fmriprep-24.1.1/sub-INET095/ses-2/func/FD_outputs/sub-INET095_ses-2_task-rest_run-06_desc-tmask_fFD.txt,sub-INET095_ses-2_task-rest_run-06_desc-tmask_fFD.txt,258,0,0
sub-INET095,ses-2,task-rest,run-07,sub-INET095_ses-2_task-rest_run-07_bold.nii.gz,0,,,2.0,include,/gpfs/research/grattonlab/iNetworks/Nifti/derivatives/preproc_fmriprep-24.1.1/sub-INET095/ses-2/func/FD_outputs/sub-INET095_ses-2_task-rest_run-07_desc-tmask_fFD.txt,sub-INET095_ses-2_task-rest_run-07_desc-tmask_fFD.txt,254,0,0
sub-INET095,ses-3,task-rest,run-01,sub-INET095_ses-3_task-rest_run-01_bold.nii.gz,0,,,1.0,include,/gpfs/research/grattonlab/iNetworks/Nifti/derivatives/preproc_fmriprep-24.1.1/sub-INET095/ses-3/func/FD_outputs/sub-INET095_ses-3_task-rest_run-01_desc-tmask_fFD.txt,sub-INET095_ses-3_task-rest_run-01_desc-tmask_fFD.txt,261,0,0
sub-INET095,ses-3,task-rest,run-02,sub-INET095_ses-3_task-rest_run-02_bold.nii.gz,0,,,1.0,include,/gpfs/research/grattonlab/iNetworks/Nifti/derivatives/preproc_fmriprep-24.1.1/sub-INET095/ses-3/func/FD_outputs/sub-INET095_ses-3_task-rest_run-02_desc-tmask_fFD.txt,sub-INET095_ses-3_task-rest_run-02_desc-tmask_fFD.txt,250,0,0
sub-INET095,ses-3,task-rest,run-03,sub-INET095_ses-3_task-rest_run-03_bold.nii.gz,0,,,2.0,include,/gpfs/research/grattonlab/iNetworks/Nifti/derivatives/preproc_fmriprep-24.1.1/sub-INET095/ses-3/func/FD_outputs/sub-INET095_ses-3_task-rest_run-03_desc-tmask_fFD.txt,sub-INET095_ses-3_task-rest_run-03_desc-tmask_fFD.txt,252,0,0
sub-INET095,ses-3,task-rest,run-04,sub-INET095_ses-3_task-rest_run-04_bold.nii.gz,0,,,2.0,include,/gpfs/research/grattonlab/iNetworks/Nifti/derivatives/preproc_fmriprep-24.1.1/sub-INET095/ses-3/func/FD_outputs/sub-INET095_ses-3_task-rest_run-04_desc-tmask_fFD.txt,sub-INET095_ses-3_task-rest_run-04_desc-tmask_fFD.txt,257,0,0
sub-INET095,ses-3,task-rest,run-05,sub-INET095_ses-3_task-rest_run-05_bold.nii.gz,0,,,2.0,include,/gpfs/research/grattonlab/iNetworks/Nifti/derivatives/preproc_fmriprep-24.1.1/sub-INET095/ses-3/func/FD_outputs/sub-INET095_ses-3_task-rest_run-05_desc-tmask_fFD.txt,sub-INET095_ses-3_task-rest_run-05_desc-tmask_fFD.txt,265,0,0
sub-INET095,ses-3,task-rest,run-06,sub-INET095_ses-3_task-rest_run-06_bold.nii.gz,0,,,2.0,include,/gpfs/research/grattonlab/iNetworks/Nifti/derivatives/preproc_fmriprep-24.1.1/sub-INET095/ses-3/func/FD_outputs/sub-INET095_ses-3_task-rest_run-06_desc-tmask_fFD.txt,sub-INET095_ses-3_task-rest_run-06_desc-tmask_fFD.txt,257,0,0
sub-INET095,ses-3,task-rest,run-07,sub-INET095_ses-3_task-rest_run-07_bold.nii.gz,0,,,2.0,include,/gpfs/research/grattonlab/iNetworks/Nifti/derivatives/preproc_fmriprep-24.1.1/sub-INET095/ses-3/func/FD_outputs/sub-INET095_ses-3_task-rest_run-07_desc-tmask_fFD.txt,sub-INET095_ses-3_task-rest_run-07_desc-tmask_fFD.txt,260,0,0
sub-INET095,ses-4,task-rest,run-01,sub-INET095_ses-4_task-rest_run-01_bold.nii.gz,0,,,3.0,include,/gpfs/research/grattonlab/iNetworks/Nifti/derivatives/preproc_fmriprep-24.1.1/sub-INET095/ses-4/func/FD_outputs/sub-INET095_ses-4_task-rest_run-01_desc-tmask_fFD.txt,sub-INET095_ses-4_task-rest_run-01_desc-tmask_fFD.txt,265,0,0
sub-INET095,ses-4,task-rest,run-02,sub-INET095_ses-4_task-rest_run-02_bold.nii.gz,0,,,2.0,include,/gpfs/research/grattonlab/iNetworks/Nifti/derivatives/preproc_fmriprep-24.1.1/sub-INET095/ses-4/func/FD_outputs/sub-INET095_ses-4_task-rest_run-02_desc-tmask_fFD.txt,sub-INET095_ses-4_task-rest_run-02_desc-tmask_fFD.txt,247,0,0
sub-INET095,ses-4,task-rest,run-03,sub-INET095_ses-4_task-rest_run-03_bold.nii.gz,0,,,2.0,include,/gpfs/research/grattonlab/iNetworks/Nifti/derivatives/preproc_fmriprep-24.1.1/sub-INET095/ses-4/func/FD_outputs/sub-INET095_ses-4_task-rest_run-03_desc-tmask_fFD.txt,sub-INET095_ses-4_task-rest_run-03_desc-tmask_fFD.txt,214,0,0
sub-INET095,ses-4,task-rest,run-04,sub-INET095_ses-4_task-rest_run-04_bold.nii.gz,0,,,2.0,include,/gpfs/research/grattonlab/iNetworks/Nifti/derivatives/preproc_fmriprep-24.1.1/sub-INET095/ses-4/func/FD_outputs/sub-INET095_ses-4_task-rest_run-04_desc-tmask_fFD.txt,sub-INET095_ses-4_task-rest_run-04_desc-tmask_fFD.txt,198,0,0
sub-INET095,ses-4,task-rest,run-05,sub-INET095_ses-4_task-rest_run-05_bold.nii.gz,0,,,2.0,include,/gpfs/research/grattonlab/iNetworks/Nifti/derivatives/preproc_fmriprep-24.1.1/sub-INET095/ses-4/func/FD_outputs/sub-INET095_ses-4_task-rest_run-05_desc-tmask_fFD.txt,sub-INET095_ses-4_task-rest_run-05_desc-tmask_fFD.txt,226,0,0
sub-INET095,ses-4,task-rest,run-06,sub-INET095_ses-4_task-rest_run-06_bold.nii.gz,0,,,2.0,include,/gpfs/research/grattonlab/iNetworks/Nifti/derivatives/preproc_fmriprep-24.1.1/sub-INET095/ses-4/func/FD_outputs/sub-INET095_ses-4_task-rest_run-06_desc-tmask_fFD.txt,sub-INET095_ses-4_task-rest_run-06_desc-tmask_fFD.txt,202,0,0
sub-INET095,ses-4,task-rest,run-07,sub-INET095_ses-4_task-rest_run-07_bold.nii.gz,0,,,1.0,include,/gpfs/research/grattonlab/iNetworks/Nifti/derivatives/preproc_fmriprep-24.1.1/sub-INET095/ses-4/func/FD_outputs/sub-INET095_ses-4_task-rest_run-07_desc-tmask_fFD.txt,sub-INET095_ses-4_task-rest_run-07_desc-tmask_fFD.txt,241,0,0
sub-INET096,ses-1,task-rest,run-01,sub-INET096_ses-1_task-rest_run-01_bold.nii.gz,0,,,1.0,include,/gpfs/research/grattonlab/iNetworks/Nifti/derivatives/preproc_fmriprep-24.1.1/sub-INET096/ses-1/func/FD_outputs/sub-INET096_ses-1_task-rest_run-01_desc-tmask_fFD.txt,sub-INET096_ses-1_task-rest_run-01_desc-tmask_fFD.txt,251,0,0
sub-INET096,ses-1,task-rest,run-02,sub-INET096_ses-1_task-rest_run-02_bold.nii.gz,0,,,1.0,include,/gpfs/research/grattonlab/iNetworks/Nifti/derivatives/preproc_fmriprep-24.1.1/sub-INET096/ses-1/func/FD_outputs/sub-INET096_ses-1_task-rest_run-02_desc-tmask_fFD.txt,sub-INET096_ses-1_task-rest_run-02_desc-tmask_fFD.txt,259,0,0
sub-INET096,ses-1,task-rest,run-03,sub-INET096_ses-1_task-rest_run-03_bold.nii.gz,0,,,1.0,include,/gpfs/research/grattonlab/iNetworks/Nifti/derivatives/preproc_fmriprep-24.1.1/sub-INET096/ses-1/func/FD_outputs/sub-INET096_ses-1_task-rest_run-03_desc-tmask_fFD.txt,sub-INET096_ses-1_task-rest_run-03_desc-tmask_fFD.txt,221,0,0
sub-INET096,ses-1,task-rest,run-04,sub-INET096_ses-1_task-rest_run-04_bold.nii.gz,0,,,2.0,include,/gpfs/research/grattonlab/iNetworks/Nifti/derivatives/preproc_fmriprep-24.1.1/sub-INET096/ses-1/func/FD_outputs/sub-INET096_ses-1_task-rest_run-04_desc-tmask_fFD.txt,sub-INET096_ses-1_task-rest_run-04_desc-tmask_fFD.txt,228,0,0
sub-INET096,ses-1,task-rest,run-05,sub-INET096_ses-1_task-rest_run-05_bold.nii.gz,0,,,1.0,include,/gpfs/research/grattonlab/iNetworks/Nifti/derivatives/preproc_fmriprep-24.1.1/sub-INET096/ses-1/func/FD_outputs/sub-INET096_ses-1_task-rest_run-05_desc-tmask_fFD.txt,sub-INET096_ses-1_task-rest_run-05_desc-tmask_fFD.txt,256,0,0
sub-INET096,ses-2,task-rest,run-01,sub-INET096_ses-2_task-rest_run-01_bold.nii.gz,0,,,1.0,include,/gpfs/research/grattonlab/iNetworks/Nifti/derivatives/preproc_fmriprep-24.1.1/sub-INET096/ses-2/func/FD_outputs/sub-INET096_ses-2_task-rest_run-01_desc-tmask_fFD.txt,sub-INET096_ses-2_task-rest_run-01_desc-tmask_fFD.txt,263,0,0
sub-INET096,ses-2,task-rest,run-02,sub-INET096_ses-2_task-rest_run-02_bold.nii.gz,0,,,1.0,include,/gpfs/research/grattonlab/iNetworks/Nifti/derivatives/preproc_fmriprep-24.1.1/sub-INET096/ses-2/func/FD_outputs/sub-INET096_ses-2_task-rest_run-02_desc-tmask_fFD.txt,sub-INET096_ses-2_task-rest_run-02_desc-tmask_fFD.txt,246,0,0
sub-INET096,ses-2,task-rest,run-03,sub-INET096_ses-2_task-rest_run-03_bold.nii.gz,0,,,1.0,include,/gpfs/research/grattonlab/iNetworks/Nifti/derivatives/preproc_fmriprep-24.1.1/sub-INET096/ses-2/func/FD_outputs/sub-INET096_ses-2_task-rest_run-03_desc-tmask_fFD.txt,sub-INET096_ses-2_task-rest_run-03_desc-tmask_fFD.txt,228,0,0
sub-INET096,ses-2,task-rest,run-04,sub-INET096_ses-2_task-rest_run-04_bold.nii.gz,0,,had to restart --> 2nd scout and fieldmap starts here,1.0,include,/gpfs/research/grattonlab/iNetworks/Nifti/derivatives/preproc_fmriprep-24.1.1/sub-INET096/ses-2/func/FD_outputs/sub-INET096_ses-2_task-rest_run-04_desc-tmask_fFD.txt,sub-INET096_ses-2_task-rest_run-04_desc-tmask_fFD.txt,262,0,0
sub-INET096,ses-2,task-rest,run-05,sub-INET096_ses-2_task-rest_run-05_bold.nii.gz,0,,,1.0,include,/gpfs/research/grattonlab/iNetworks/Nifti/derivatives/preproc_fmriprep-24.1.1/sub-INET096/ses-2/func/FD_outputs/sub-INET096_ses-2_task-rest_run-05_desc-tmask_fFD.txt,sub-INET096_ses-2_task-rest_run-05_desc-tmask_fFD.txt,265,0,0
sub-INET096,ses-2,task-rest,run-06,sub-INET096_ses-2_task-rest_run-06_bold.nii.gz,0,,,2.0,include,/gpfs/research/grattonlab/iNetworks/Nifti/derivatives/preproc_fmriprep-24.1.1/sub-INET096/ses-2/func/FD_outputs/sub-INET096_ses-2_task-rest_run-06_desc-tmask_fFD.txt,sub-INET096_ses-2_task-rest_run-06_desc-tmask_fFD.txt,241,0,0
sub-INET096,ses-3,task-rest,run-01,sub-INET096_ses-3_task-rest_run-01_bold.nii.gz,0,,,2.0,include,/gpfs/research/grattonlab/iNetworks/Nifti/derivatives/preproc_fmriprep-24.1.1/sub-INET096/ses-3/func/FD_outputs/sub-INET096_ses-3_task-rest_run-01_desc-tmask_fFD.txt,sub-INET096_ses-3_task-rest_run-01_desc-tmask_fFD.txt,250,0,0
sub-INET096,ses-3,task-rest,run-02,sub-INET096_ses-3_task-rest_run-02_bold.nii.gz,0,,,2.0,include,/gpfs/research/grattonlab/iNetworks/Nifti/derivatives/preproc_fmriprep-24.1.1/sub-INET096/ses-3/func/FD_outputs/sub-INET096_ses-3_task-rest_run-02_desc-tmask_fFD.txt,sub-INET096_ses-3_task-rest_run-02_desc-tmask_fFD.txt,218,0,0
sub-INET096,ses-3,task-rest,run-03,sub-INET096_ses-3_task-rest_run-03_bold.nii.gz,0,,,2.0,include,/gpfs/research/grattonlab/iNetworks/Nifti/derivatives/preproc_fmriprep-24.1.1/sub-INET096/ses-3/func/FD_outputs/sub-INET096_ses-3_task-rest_run-03_desc-tmask_fFD.txt,sub-INET096_ses-3_task-rest_run-03_desc-tmask_fFD.txt,211,0,0
sub-INET096,ses-3,task-rest,run-04,sub-INET096_ses-3_task-rest_run-04_bold.nii.gz,0,,,2.0,include,/gpfs/research/grattonlab/iNetworks/Nifti/derivatives/preproc_fmriprep-24.1.1/sub-INET096/ses-3/func/FD_outputs/sub-INET096_ses-3_task-rest_run-04_desc-tmask_fFD.txt,sub-INET096_ses-3_task-rest_run-04_desc-tmask_fFD.txt,227,0,0
sub-INET096,ses-3,task-rest,run-05,sub-INET096_ses-3_task-rest_run-05_bold.nii.gz,0,,,2.0,include,/gpfs/research/grattonlab/iNetworks/Nifti/derivatives/preproc_fmriprep-24.1.1/sub-INET096/ses-3/func/FD_outputs/sub-INET096_ses-3_task-rest_run-05_desc-tmask_fFD.txt,sub-INET096_ses-3_task-rest_run-05_desc-tmask_fFD.txt,222,0,0
sub-INET096,ses-3,task-rest,run-06,sub-INET096_ses-3_task-rest_run-06_bold.nii.gz,0,,,2.0,include,/gpfs/research/grattonlab/iNetworks/Nifti/derivatives/preproc_fmriprep-24.1.1/sub-INET096/ses-3/func/FD_outputs/sub-INET096_ses-3_task-rest_run-06_desc-tmask_fFD.txt,sub-INET096_ses-3_task-rest_run-06_desc-tmask_fFD.txt,220,0,0
sub-INET096,ses-3,task-rest,run-07,sub-INET096_ses-3_task-rest_run-07_bold.nii.gz,0,,,2.0,include,/gpfs/research/grattonlab/iNetworks/Nifti/derivatives/preproc_fmriprep-24.1.1/sub-INET096/ses-3/func/FD_outputs/sub-INET096_ses-3_task-rest_run-07_desc-tmask_fFD.txt,sub-INET096_ses-3_task-rest_run-07_desc-tmask_fFD.txt,184,0,0
sub-INET096,ses-4,task-rest,run-01,sub-INET096_ses-4_task-rest_run-01_bold.nii.gz,0,,,1.0,include,/gpfs/research/grattonlab/iNetworks/Nifti/derivatives/preproc_fmriprep-24.1.1/sub-INET096/ses-4/func/FD_outputs/sub-INET096_ses-4_task-rest_run-01_desc-tmask_fFD.txt,sub-INET096_ses-4_task-rest_run-01_desc-tmask_fFD.txt,264,0,0
sub-INET096,ses-4,task-rest,run-02,sub-INET096_ses-4_task-rest_run-02_bold.nii.gz,0,,,1.0,include,/gpfs/research/grattonlab/iNetworks/Nifti/derivatives/preproc_fmriprep-24.1.1/sub-INET096/ses-4/func/FD_outputs/sub-INET096_ses-4_task-rest_run-02_desc-tmask_fFD.txt,sub-INET096_ses-4_task-rest_run-02_desc-tmask_fFD.txt,249,0,0
sub-INET096,ses-4,task-rest,run-03,sub-INET096_ses-4_task-rest_run-03_bold.nii.gz,0,,,1.0,include,/gpfs/research/grattonlab/iNetworks/Nifti/derivatives/preproc_fmriprep-24.1.1/sub-INET096/ses-4/func/FD_outputs/sub-INET096_ses-4_task-rest_run-03_desc-tmask_fFD.txt,sub-INET096_ses-4_task-rest_run-03_desc-tmask_fFD.txt,212,0,0
sub-INET096,ses-4,task-rest,run-04,sub-INET096_ses-4_task-rest_run-04_bold.nii.gz,0,,,1.0,include,/gpfs/research/grattonlab/iNetworks/Nifti/derivatives/preproc_fmriprep-24.1.1/sub-INET096/ses-4/func/FD_outputs/sub-INET096_ses-4_task-rest_run-04_desc-tmask_fFD.txt,sub-INET096_ses-4_task-rest_run-04_desc-tmask_fFD.txt,254,0,0
sub-INET096,ses-4,task-rest,run-05,sub-INET096_ses-4_task-rest_run-05_bold.nii.gz,0,,,1.0,include,/gpfs/research/grattonlab/iNetworks/Nifti/derivatives/preproc_fmriprep-24.1.1/sub-INET096/ses-4/func/FD_outputs/sub-INET096_ses-4_task-rest_run-05_desc-tmask_fFD.txt,sub-INET096_ses-4_task-rest_run-05_desc-tmask_fFD.txt,263,0,0
sub-INET096,ses-4,task-rest,run-07,sub-INET096_ses-4_task-rest_run-07_bold.nii.gz,0,,,3.0,include,/gpfs/research/grattonlab/iNetworks/Nifti/derivatives/preproc_fmriprep-24.1.1/sub-INET096/ses-4/func/FD_outputs/sub-INET096_ses-4_task-rest_run-07_desc-tmask_fFD.txt,sub-INET096_ses-4_task-rest_run-07_desc-tmask_fFD.txt,263,0,0
sub-INET096,ses-4,task-rest,run-08,sub-INET096_ses-4_task-rest_run-08_bold.nii.gz,0,,,1.0,include,/gpfs/research/grattonlab/iNetworks/Nifti/derivatives/preproc_fmriprep-24.1.1/sub-INET096/ses-4/func/FD_outputs/sub-INET096_ses-4_task-rest_run-08_desc-tmask_fFD.txt,sub-INET096_ses-4_task-rest_run-08_desc-tmask_fFD.txt,258,0,0
sub-INET099,ses-1,task-rest,run-02,sub-INET099_ses-1_task-rest_run-02_bold.nii.gz,0,,,2.0,include,/gpfs/research/grattonlab/iNetworks/Nifti/derivatives/preproc_fmriprep-24.1.1/sub-INET099/ses-1/func/FD_outputs/sub-INET099_ses-1_task-rest_run-02_desc-tmask_fFD.txt,sub-INET099_ses-1_task-rest_run-02_desc-tmask_fFD.txt,245,0,0
sub-INET099,ses-1,task-rest,run-03,sub-INET099_ses-1_task-rest_run-03_bold.nii.gz,0,,,2.0,include,/gpfs/research/grattonlab/iNetworks/Nifti/derivatives/preproc_fmriprep-24.1.1/sub-INET099/ses-1/func/FD_outputs/sub-INET099_ses-1_task-rest_run-03_desc-tmask_fFD.txt,sub-INET099_ses-1_task-rest_run-03_desc-tmask_fFD.txt,158,0,0
sub-INET099,ses-1,task-rest,run-05,sub-INET099_ses-1_task-rest_run-05_bold.nii.gz,0,,,1.0,include,/gpfs/research/grattonlab/iNetworks/Nifti/derivatives/preproc_fmriprep-24.1.1/sub-INET099/ses-1/func/FD_outputs/sub-INET099_ses-1_task-rest_run-05_desc-tmask_fFD.txt,sub-INET099_ses-1_task-rest_run-05_desc-tmask_fFD.txt,149,0,0
sub-INET099,ses-1,task-rest,run-06,sub-INET099_ses-1_task-rest_run-06_bold.nii.gz,0,,,1.0,include,/gpfs/research/grattonlab/iNetworks/Nifti/derivatives/preproc_fmriprep-24.1.1/sub-INET099/ses-1/func/FD_outputs/sub-INET099_ses-1_task-rest_run-06_desc-tmask_fFD.txt,sub-INET099_ses-1_task-rest_run-06_desc-tmask_fFD.txt,174,0,0
sub-INET099,ses-1,task-rest,run-07,sub-INET099_ses-1_task-rest_run-07_bold.nii.gz,0,,,1.0,include,/gpfs/research/grattonlab/iNetworks/Nifti/derivatives/preproc_fmriprep-24.1.1/sub-INET099/ses-1/func/FD_outputs/sub-INET099_ses-1_task-rest_run-07_desc-tmask_fFD.txt,sub-INET099_ses-1_task-rest_run-07_desc-tmask_fFD.txt,244,0,0
sub-INET099,ses-2,task-rest,run-06,sub-INET099_ses-2_task-rest_run-06_bold.nii.gz,0,,,3.0,include,/gpfs/research/grattonlab/iNetworks/Nifti/derivatives/preproc_fmriprep-24.1.1/sub-INET099/ses-2/func/FD_outputs/sub-INET099_ses-2_task-rest_run-06_desc-tmask_fFD.txt,sub-INET099_ses-2_task-rest_run-06_desc-tmask_fFD.txt,239,0,0
sub-INET099,ses-2,task-rest,run-07,sub-INET099_ses-2_task-rest_run-07_bold.nii.gz,0,,,2.0,include,/gpfs/research/grattonlab/iNetworks/Nifti/derivatives/preproc_fmriprep-24.1.1/sub-INET099/ses-2/func/FD_outputs/sub-INET099_ses-2_task-rest_run-07_desc-tmask_fFD.txt,sub-INET099_ses-2_task-rest_run-07_desc-tmask_fFD.txt,150,0,0
sub-INET099,ses-3,task-rest,run-01,sub-INET099_ses-3_task-rest_run-01_bold.nii.gz,0,,,1.0,include,/gpfs/research/grattonlab/iNetworks/Nifti/derivatives/preproc_fmriprep-24.1.1/sub-INET099/ses-3/func/FD_outputs/sub-INET099_ses-3_task-rest_run-01_desc-tmask_fFD.txt,sub-INET099_ses-3_task-rest_run-01_desc-tmask_fFD.txt,262,0,0
sub-INET099,ses-3,task-rest,run-02,sub-INET099_ses-3_task-rest_run-02_bold.nii.gz,0,,,2.0,include,/gpfs/research/grattonlab/iNetworks/Nifti/derivatives/preproc_fmriprep-24.1.1/sub-INET099/ses-3/func/FD_outputs/sub-INET099_ses-3_task-rest_run-02_desc-tmask_fFD.txt,sub-INET099_ses-3_task-rest_run-02_desc-tmask_fFD.txt,255,0,0
sub-INET099,ses-3,task-rest,run-03,sub-INET099_ses-3_task-rest_run-03_bold.nii.gz,0,,,1.0,include,/gpfs/research/grattonlab/iNetworks/Nifti/derivatives/preproc_fmriprep-24.1.1/sub-INET099/ses-3/func/FD_outputs/sub-INET099_ses-3_task-rest_run-03_desc-tmask_fFD.txt,sub-INET099_ses-3_task-rest_run-03_desc-tmask_fFD.txt,240,0,0
sub-INET099,ses-3,task-rest,run-04,sub-INET099_ses-3_task-rest_run-04_bold.nii.gz,0,,,2.0,include,/gpfs/research/grattonlab/iNetworks/Nifti/derivatives/preproc_fmriprep-24.1.1/sub-INET099/ses-3/func/FD_outputs/sub-INET099_ses-3_task-rest_run-04_desc-tmask_fFD.txt,sub-INET099_ses-3_task-rest_run-04_desc-tmask_fFD.txt,248,0,0
sub-INET099,ses-3,task-rest,run-05,sub-INET099_ses-3_task-rest_run-05_bold.nii.gz,0,,,2.0,include,/gpfs/research/grattonlab/iNetworks/Nifti/derivatives/preproc_fmriprep-24.1.1/sub-INET099/ses-3/func/FD_outputs/sub-INET099_ses-3_task-rest_run-05_desc-tmask_fFD.txt,sub-INET099_ses-3_task-rest_run-05_desc-tmask_fFD.txt,212,0,0
sub-INET099,ses-3,task-rest,run-06,sub-INET099_ses-3_task-rest_run-06_bold.nii.gz,0,,,1.0,include,/gpfs/research/grattonlab/iNetworks/Nifti/derivatives/preproc_fmriprep-24.1.1/sub-INET099/ses-3/func/FD_outputs/sub-INET099_ses-3_task-rest_run-06_desc-tmask_fFD.txt,sub-INET099_ses-3_task-rest_run-06_desc-tmask_fFD.txt,197,0,0
sub-INET099,ses-3,task-rest,run-07,sub-INET099_ses-3_task-rest_run-07_bold.nii.gz,0,,,2.0,include,/gpfs/research/grattonlab/iNetworks/Nifti/derivatives/preproc_fmriprep-24.1.1/sub-INET099/ses-3/func/FD_outputs/sub-INET099_ses-3_task-rest_run-07_desc-tmask_fFD.txt,sub-INET099_ses-3_task-rest_run-07_desc-tmask_fFD.txt,215,0,0
sub-INET099,ses-3,task-rest,run-08,sub-INET099_ses-3_task-rest_run-08_bold.nii.gz,0,,,3.0,include,/gpfs/research/grattonlab/iNetworks/Nifti/derivatives/preproc_fmriprep-24.1.1/sub-INET099/ses-3/func/FD_outputs/sub-INET099_ses-3_task-rest_run-08_desc-tmask_fFD.txt,sub-INET099_ses-3_task-rest_run-08_desc-tmask_fFD.txt,249,0,0
sub-INET099,ses-4,task-rest,run-01,sub-INET099_ses-4_task-rest_run-01_bold.nii.gz,0,,,1.0,include,/gpfs/research/grattonlab/iNetworks/Nifti/derivatives/preproc_fmriprep-24.1.1/sub-INET099/ses-4/func/FD_outputs/sub-INET099_ses-4_task-rest_run-01_desc-tmask_fFD.txt,sub-INET099_ses-4_task-rest_run-01_desc-tmask_fFD.txt,261,0,0
sub-INET099,ses-4,task-rest,run-03,sub-INET099_ses-4_task-rest_run-03_bold.nii.gz,0,,,3.0,include,/gpfs/research/grattonlab/iNetworks/Nifti/derivatives/preproc_fmriprep-24.1.1/sub-INET099/ses-4/func/FD_outputs/sub-INET099_ses-4_task-rest_run-03_desc-tmask_fFD.txt,sub-INET099_ses-4_task-rest_run-03_desc-tmask_fFD.txt,257,0,0
sub-INET099,ses-4,task-rest,run-04,sub-INET099_ses-4_task-rest_run-04_bold.nii.gz,0,,,3.0,include,/gpfs/research/grattonlab/iNetworks/Nifti/derivatives/preproc_fmriprep-24.1.1/sub-INET099/ses-4/func/FD_outputs/sub-INET099_ses-4_task-rest_run-04_desc-tmask_fFD.txt,sub-INET099_ses-4_task-rest_run-04_desc-tmask_fFD.txt,254,0,0
sub-INET099,ses-4,task-rest,run-05,sub-INET099_ses-4_task-rest_run-05_bold.nii.gz,0,,,2.0,include,/gpfs/research/grattonlab/iNetworks/Nifti/derivatives/preproc_fmriprep-24.1.1/sub-INET099/ses-4/func/FD_outputs/sub-INET099_ses-4_task-rest_run-05_desc-tmask_fFD.txt,sub-INET099_ses-4_task-rest_run-05_desc-tmask_fFD.txt,241,0,0
sub-INET099,ses-4,task-rest,run-06,sub-INET099_ses-4_task-rest_run-06_bold.nii.gz,0,,,3.0,include,/gpfs/research/grattonlab/iNetworks/Nifti/derivatives/preproc_fmriprep-24.1.1/sub-INET099/ses-4/func/FD_outputs/sub-INET099_ses-4_task-rest_run-06_desc-tmask_fFD.txt,sub-INET099_ses-4_task-rest_run-06_desc-tmask_fFD.txt,207,0,0
sub-INET099,ses-4,task-rest,run-07,sub-INET099_ses-4_task-rest_run-07_bold.nii.gz,0,,,,include,/gpfs/research/grattonlab/iNetworks/Nifti/derivatives/preproc_fmriprep-24.1.1/sub-INET099/ses-4/func/FD_outputs/sub-INET099_ses-4_task-rest_run-07_desc-tmask_fFD.txt,sub-INET099_ses-4_task-rest_run-07_desc-tmask_fFD.txt,207,0,0
sub-INET101,ses-1,task-rest,run-04,sub-INET101_ses-1_task-rest_run-04_bold.nii.gz,0,,,1.0,include,/gpfs/research/grattonlab/iNetworks/Nifti/derivatives/preproc_fmriprep-24.1.1/sub-INET101/ses-1/func/FD_outputs/sub-INET101_ses-1_task-rest_run-04_desc-tmask_fFD.txt,sub-INET101_ses-1_task-rest_run-04_desc-tmask_fFD.txt,263,0,0
sub-INET101,ses-1,task-rest,run-05,sub-INET101_ses-1_task-rest_run-05_bold.nii.gz,0,,,1.0,include,/gpfs/research/grattonlab/iNetworks/Nifti/derivatives/preproc_fmriprep-24.1.1/sub-INET101/ses-1/func/FD_outputs/sub-INET101_ses-1_task-rest_run-05_desc-tmask_fFD.txt,sub-INET101_ses-1_task-rest_run-05_desc-tmask_fFD.txt,263,0,0
sub-INET101,ses-1,task-rest,run-06,sub-INET101_ses-1_task-rest_run-06_bold.nii.gz,0,,,2.0,include,/gpfs/research/grattonlab/iNetworks/Nifti/derivatives/preproc_fmriprep-24.1.1/sub-INET101/ses-1/func/FD_outputs/sub-INET101_ses-1_task-rest_run-06_desc-tmask_fFD.txt,sub-INET101_ses-1_task-rest_run-06_desc-tmask_fFD.txt,264,0,0
sub-INET101,ses-1,task-rest,run-07,sub-INET101_ses-1_task-rest_run-07_bold.nii.gz,0,,,1.0,include,/gpfs/research/grattonlab/iNetworks/Nifti/derivatives/preproc_fmriprep-24.1.1/sub-INET101/ses-1/func/FD_outputs/sub-INET101_ses-1_task-rest_run-07_desc-tmask_fFD.txt,sub-INET101_ses-1_task-rest_run-07_desc-tmask_fFD.txt,265,0,0
sub-INET101,ses-2,task-rest,run-01,sub-INET101_ses-2_task-rest_run-01_bold.nii.gz,0,,,1.0,include,/gpfs/research/grattonlab/iNetworks/Nifti/derivatives/preproc_fmriprep-24.1.1/sub-INET101/ses-2/func/FD_outputs/sub-INET101_ses-2_task-rest_run-01_desc-tmask_fFD.txt,sub-INET101_ses-2_task-rest_run-01_desc-tmask_fFD.txt,265,0,0
sub-INET101,ses-2,task-rest,run-08,sub-INET101_ses-2_task-rest_run-08_bold.nii.gz,0,,,3.0,include,/gpfs/research/grattonlab/iNetworks/Nifti/derivatives/preproc_fmriprep-24.1.1/sub-INET101/ses-2/func/FD_outputs/sub-INET101_ses-2_task-rest_run-08_desc-tmask_fFD.txt,sub-INET101_ses-2_task-rest_run-08_desc-tmask_fFD.txt,264,0,0
sub-INET101,ses-3,task-rest,run-01,sub-INET101_ses-3_task-rest_run-01_bold.nii.gz,0,,,1.0,include,/gpfs/research/grattonlab/iNetworks/Nifti/derivatives/preproc_fmriprep-24.1.1/sub-INET101/ses-3/func/FD_outputs/sub-INET101_ses-3_task-rest_run-01_desc-tmask_fFD.txt,sub-INET101_ses-3_task-rest_run-01_desc-tmask_fFD.txt,265,0,0
sub-INET101,ses-3,task-rest,run-02,sub-INET101_ses-3_task-rest_run-02_bold.nii.gz,0,,,1.0,include,/gpfs/research/grattonlab/iNetworks/Nifti/derivatives/preproc_fmriprep-24.1.1/sub-INET101/ses-3/func/FD_outputs/sub-INET101_ses-3_task-rest_run-02_desc-tmask_fFD.txt,sub-INET101_ses-3_task-rest_run-02_desc-tmask_fFD.txt,265,0,0
sub-INET101,ses-3,task-rest,run-03,sub-INET101_ses-3_task-rest_run-03_bold.nii.gz,0,,,1.0,include,/gpfs/research/grattonlab/iNetworks/Nifti/derivatives/preproc_fmriprep-24.1.1/sub-INET101/ses-3/func/FD_outputs/sub-INET101_ses-3_task-rest_run-03_desc-tmask_fFD.txt,sub-INET101_ses-3_task-rest_run-03_desc-tmask_fFD.txt,262,0,0
sub-INET101,ses-3,task-rest,run-04,sub-INET101_ses-3_task-rest_run-04_bold.nii.gz,0,,,1.0,include,/gpfs/research/grattonlab/iNetworks/Nifti/derivatives/preproc_fmriprep-24.1.1/sub-INET101/ses-3/func/FD_outputs/sub-INET101_ses-3_task-rest_run-04_desc-tmask_fFD.txt,sub-INET101_ses-3_task-rest_run-04_desc-tmask_fFD.txt,265,0,0
sub-INET101,ses-3,task-rest,run-05,sub-INET101_ses-3_task-rest_run-05_bold.nii.gz,0,,,1.0,include,/gpfs/research/grattonlab/iNetworks/Nifti/derivatives/preproc_fmriprep-24.1.1/sub-INET101/ses-3/func/FD_outputs/sub-INET101_ses-3_task-rest_run-05_desc-tmask_fFD.txt,sub-INET101_ses-3_task-rest_run-05_desc-tmask_fFD.txt,265,0,0
sub-INET101,ses-3,task-rest,run-06,sub-INET101_ses-3_task-rest_run-06_bold.nii.gz,0,,,1.0,include,/gpfs/research/grattonlab/iNetworks/Nifti/derivatives/preproc_fmriprep-24.1.1/sub-INET101/ses-3/func/FD_outputs/sub-INET101_ses-3_task-rest_run-06_desc-tmask_fFD.txt,sub-INET101_ses-3_task-rest_run-06_desc-tmask_fFD.txt,264,0,0
sub-INET101,ses-3,task-rest,run-07,sub-INET101_ses-3_task-rest_run-07_bold.nii.gz,0,,,1.0,include,/gpfs/research/grattonlab/iNetworks/Nifti/derivatives/preproc_fmriprep-24.1.1/sub-INET101/ses-3/func/FD_outputs/sub-INET101_ses-3_task-rest_run-07_desc-tmask_fFD.txt,sub-INET101_ses-3_task-rest_run-07_desc-tmask_fFD.txt,265,0,0
sub-INET101,ses-4,task-rest,run-01,sub-INET101_ses-4_task-rest_run-01_bold.nii.gz,0,,,1.0,include,/gpfs/research/grattonlab/iNetworks/Nifti/derivatives/preproc_fmriprep-24.1.1/sub-INET101/ses-4/func/FD_outputs/sub-INET101_ses-4_task-rest_run-01_desc-tmask_fFD.txt,sub-INET101_ses-4_task-rest_run-01_desc-tmask_fFD.txt,265,0,0
sub-INET101,ses-4,task-rest,run-02,sub-INET101_ses-4_task-rest_run-02_bold.nii.gz,0,,,1.0,include,/gpfs/research/grattonlab/iNetworks/Nifti/derivatives/preproc_fmriprep-24.1.1/sub-INET101/ses-4/func/FD_outputs/sub-INET101_ses-4_task-rest_run-02_desc-tmask_fFD.txt,sub-INET101_ses-4_task-rest_run-02_desc-tmask_fFD.txt,265,0,0
sub-INET101,ses-4,task-rest,run-03,sub-INET101_ses-4_task-rest_run-03_bold.nii.gz,0,,,1.0,include,/gpfs/research/grattonlab/iNetworks/Nifti/derivatives/preproc_fmriprep-24.1.1/sub-INET101/ses-4/func/FD_outputs/sub-INET101_ses-4_task-rest_run-03_desc-tmask_fFD.txt,sub-INET101_ses-4_task-rest_run-03_desc-tmask_fFD.txt,265,0,0
sub-INET101,ses-4,task-rest,run-04,sub-INET101_ses-4_task-rest_run-04_bold.nii.gz,0,,,1.0,include,/gpfs/research/grattonlab/iNetworks/Nifti/derivatives/preproc_fmriprep-24.1.1/sub-INET101/ses-4/func/FD_outputs/sub-INET101_ses-4_task-rest_run-04_desc-tmask_fFD.txt,sub-INET101_ses-4_task-rest_run-04_desc-tmask_fFD.txt,258,0,0
sub-INET101,ses-4,task-rest,run-05,sub-INET101_ses-4_task-rest_run-05_bold.nii.gz,0,,,2.0,include,/gpfs/research/grattonlab/iNetworks/Nifti/derivatives/preproc_fmriprep-24.1.1/sub-INET101/ses-4/func/FD_outputs/sub-INET101_ses-4_task-rest_run-05_desc-tmask_fFD.txt,sub-INET101_ses-4_task-rest_run-05_desc-tmask_fFD.txt,264,0,0
sub-INET101,ses-4,task-rest,run-06,sub-INET101_ses-4_task-rest_run-06_bold.nii.gz,0,,,2.0,include,/gpfs/research/grattonlab/iNetworks/Nifti/derivatives/preproc_fmriprep-24.1.1/sub-INET101/ses-4/func/FD_outputs/sub-INET101_ses-4_task-rest_run-06_desc-tmask_fFD.txt,sub-INET101_ses-4_task-rest_run-06_desc-tmask_fFD.txt,265,0,0
sub-INET101,ses-4,task-rest,run-07,sub-INET101_ses-4_task-rest_run-07_bold.nii.gz,0,,,1.0,include,/gpfs/research/grattonlab/iNetworks/Nifti/derivatives/preproc_fmriprep-24.1.1/sub-INET101/ses-4/func/FD_outputs/sub-INET101_ses-4_task-rest_run-07_desc-tmask_fFD.txt,sub-INET101_ses-4_task-rest_run-07_desc-tmask_fFD.txt,265,0,0
sub-INET103,ses-1,task-rest,run-01,sub-INET103_ses-1_task-rest_run-01_bold.nii.gz,0,,,1.0,include,/gpfs/research/grattonlab/iNetworks/Nifti/derivatives/preproc_fmriprep-24.1.1/sub-INET103/ses-1/func/FD_outputs/sub-INET103_ses-1_task-rest_run-01_desc-tmask_fFD.txt,sub-INET103_ses-1_task-rest_run-01_desc-tmask_fFD.txt,264,0,0
sub-INET103,ses-1,task-rest,run-02,sub-INET103_ses-1_task-rest_run-02_bold.nii.gz,0,,,1.0,include,/gpfs/research/grattonlab/iNetworks/Nifti/derivatives/preproc_fmriprep-24.1.1/sub-INET103/ses-1/func/FD_outputs/sub-INET103_ses-1_task-rest_run-02_desc-tmask_fFD.txt,sub-INET103_ses-1_task-rest_run-02_desc-tmask_fFD.txt,265,0,0
sub-INET103,ses-1,task-rest,run-03,sub-INET103_ses-1_task-rest_run-03_bold.nii.gz,0,,,1.0,include,/gpfs/research/grattonlab/iNetworks/Nifti/derivatives/preproc_fmriprep-24.1.1/sub-INET103/ses-1/func/FD_outputs/sub-INET103_ses-1_task-rest_run-03_desc-tmask_fFD.txt,sub-INET103_ses-1_task-rest_run-03_desc-tmask_fFD.txt,264,0,0
sub-INET103,ses-1,task-rest,run-04,sub-INET103_ses-1_task-rest_run-04_bold.nii.gz,0,,,1.0,include,/gpfs/research/grattonlab/iNetworks/Nifti/derivatives/preproc_fmriprep-24.1.1/sub-INET103/ses-1/func/FD_outputs/sub-INET103_ses-1_task-rest_run-04_desc-tmask_fFD.txt,sub-INET103_ses-1_task-rest_run-04_desc-tmask_fFD.txt,265,0,0
sub-INET103,ses-1,task-rest,run-05,sub-INET103_ses-1_task-rest_run-05_bold.nii.gz,0,,,1.0,include,/gpfs/research/grattonlab/iNetworks/Nifti/derivatives/preproc_fmriprep-24.1.1/sub-INET103/ses-1/func/FD_outputs/sub-INET103_ses-1_task-rest_run-05_desc-tmask_fFD.txt,sub-INET103_ses-1_task-rest_run-05_desc-tmask_fFD.txt,196,0,0
sub-INET103,ses-1,task-rest,run-06,sub-INET103_ses-1_task-rest_run-06_bold.nii.gz,0,,,1.0,include,/gpfs/research/grattonlab/iNetworks/Nifti/derivatives/preproc_fmriprep-24.1.1/sub-INET103/ses-1/func/FD_outputs/sub-INET103_ses-1_task-rest_run-06_desc-tmask_fFD.txt,sub-INET103_ses-1_task-rest_run-06_desc-tmask_fFD.txt,197,0,0
sub-INET103,ses-1,task-rest,run-07,sub-INET103_ses-1_task-rest_run-07_bold.nii.gz,0,,,1.0,include,/gpfs/research/grattonlab/iNetworks/Nifti/derivatives/preproc_fmriprep-24.1.1/sub-INET103/ses-1/func/FD_outputs/sub-INET103_ses-1_task-rest_run-07_desc-tmask_fFD.txt,sub-INET103_ses-1_task-rest_run-07_desc-tmask_fFD.txt,189,0,0
sub-INET103,ses-2,task-rest,run-01,sub-INET103_ses-2_task-rest_run-01_bold.nii.gz,0,,,1.0,include,/gpfs/research/grattonlab/iNetworks/Nifti/derivatives/preproc_fmriprep-24.1.1/sub-INET103/ses-2/func/FD_outputs/sub-INET103_ses-2_task-rest_run-01_desc-tmask_fFD.txt,sub-INET103_ses-2_task-rest_run-01_desc-tmask_fFD.txt,263,0,0
sub-INET103,ses-2,task-rest,run-02,sub-INET103_ses-2_task-rest_run-02_bold.nii.gz,0,,,1.0,include,/gpfs/research/grattonlab/iNetworks/Nifti/derivatives/preproc_fmriprep-24.1.1/sub-INET103/ses-2/func/FD_outputs/sub-INET103_ses-2_task-rest_run-02_desc-tmask_fFD.txt,sub-INET103_ses-2_task-rest_run-02_desc-tmask_fFD.txt,261,0,0
sub-INET103,ses-2,task-rest,run-03,sub-INET103_ses-2_task-rest_run-03_bold.nii.gz,0,,,1.0,include,/gpfs/research/grattonlab/iNetworks/Nifti/derivatives/preproc_fmriprep-24.1.1/sub-INET103/ses-2/func/FD_outputs/sub-INET103_ses-2_task-rest_run-03_desc-tmask_fFD.txt,sub-INET103_ses-2_task-rest_run-03_desc-tmask_fFD.txt,250,0,0
sub-INET103,ses-2,task-rest,run-04,sub-INET103_ses-2_task-rest_run-04_bold.nii.gz,0,,,1.0,include,/gpfs/research/grattonlab/iNetworks/Nifti/derivatives/preproc_fmriprep-24.1.1/sub-INET103/ses-2/func/FD_outputs/sub-INET103_ses-2_task-rest_run-04_desc-tmask_fFD.txt,sub-INET103_ses-2_task-rest_run-04_desc-tmask_fFD.txt,257,0,0
sub-INET103,ses-2,task-rest,run-05,sub-INET103_ses-2_task-rest_run-05_bold.nii.gz,0,,,1.0,include,/gpfs/research/grattonlab/iNetworks/Nifti/derivatives/preproc_fmriprep-24.1.1/sub-INET103/ses-2/func/FD_outputs/sub-INET103_ses-2_task-rest_run-05_desc-tmask_fFD.txt,sub-INET103_ses-2_task-rest_run-05_desc-tmask_fFD.txt,252,0,0
sub-INET103,ses-2,task-rest,run-06,sub-INET103_ses-2_task-rest_run-06_bold.nii.gz,0,,,1.0,include,/gpfs/research/grattonlab/iNetworks/Nifti/derivatives/preproc_fmriprep-24.1.1/sub-INET103/ses-2/func/FD_outputs/sub-INET103_ses-2_task-rest_run-06_desc-tmask_fFD.txt,sub-INET103_ses-2_task-rest_run-06_desc-tmask_fFD.txt,249,0,0
sub-INET103,ses-2,task-rest,run-07,sub-INET103_ses-2_task-rest_run-07_bold.nii.gz,0,,,1.0,include,/gpfs/research/grattonlab/iNetworks/Nifti/derivatives/preproc_fmriprep-24.1.1/sub-INET103/ses-2/func/FD_outputs/sub-INET103_ses-2_task-rest_run-07_desc-tmask_fFD.txt,sub-INET103_ses-2_task-rest_run-07_desc-tmask_fFD.txt,251,0,0
sub-INET103,ses-3,task-rest,run-01,sub-INET103_ses-3_task-rest_run-01_bold.nii.gz,0,,,1.0,include,/gpfs/research/grattonlab/iNetworks/Nifti/derivatives/preproc_fmriprep-24.1.1/sub-INET103/ses-3/func/FD_outputs/sub-INET103_ses-3_task-rest_run-01_desc-tmask_fFD.txt,sub-INET103_ses-3_task-rest_run-01_desc-tmask_fFD.txt,263,0,0
sub-INET103,ses-3,task-rest,run-02,sub-INET103_ses-3_task-rest_run-02_bold.nii.gz,0,,,1.0,include,/gpfs/research/grattonlab/iNetworks/Nifti/derivatives/preproc_fmriprep-24.1.1/sub-INET103/ses-3/func/FD_outputs/sub-INET103_ses-3_task-rest_run-02_desc-tmask_fFD.txt,sub-INET103_ses-3_task-rest_run-02_desc-tmask_fFD.txt,260,0,0
sub-INET103,ses-3,task-rest,run-03,sub-INET103_ses-3_task-rest_run-03_bold.nii.gz,0,,,1.0,include,/gpfs/research/grattonlab/iNetworks/Nifti/derivatives/preproc_fmriprep-24.1.1/sub-INET103/ses-3/func/FD_outputs/sub-INET103_ses-3_task-rest_run-03_desc-tmask_fFD.txt,sub-INET103_ses-3_task-rest_run-03_desc-tmask_fFD.txt,249,0,0
sub-INET103,ses-3,task-rest,run-04,sub-INET103_ses-3_task-rest_run-04_bold.nii.gz,0,,,1.0,include,/gpfs/research/grattonlab/iNetworks/Nifti/derivatives/preproc_fmriprep-24.1.1/sub-INET103/ses-3/func/FD_outputs/sub-INET103_ses-3_task-rest_run-04_desc-tmask_fFD.txt,sub-INET103_ses-3_task-rest_run-04_desc-tmask_fFD.txt,229,0,0
sub-INET103,ses-3,task-rest,run-05,sub-INET103_ses-3_task-rest_run-05_bold.nii.gz,0,,,1.0,include,/gpfs/research/grattonlab/iNetworks/Nifti/derivatives/preproc_fmriprep-24.1.1/sub-INET103/ses-3/func/FD_outputs/sub-INET103_ses-3_task-rest_run-05_desc-tmask_fFD.txt,sub-INET103_ses-3_task-rest_run-05_desc-tmask_fFD.txt,262,0,0
sub-INET103,ses-3,task-rest,run-06,sub-INET103_ses-3_task-rest_run-06_bold.nii.gz,0,,,1.0,include,/gpfs/research/grattonlab/iNetworks/Nifti/derivatives/preproc_fmriprep-24.1.1/sub-INET103/ses-3/func/FD_outputs/sub-INET103_ses-3_task-rest_run-06_desc-tmask_fFD.txt,sub-INET103_ses-3_task-rest_run-06_desc-tmask_fFD.txt,247,0,0
sub-INET103,ses-3,task-rest,run-07,sub-INET103_ses-3_task-rest_run-07_bold.nii.gz,0,,high motion,2.0,include,/gpfs/research/grattonlab/iNetworks/Nifti/derivatives/preproc_fmriprep-24.1.1/sub-INET103/ses-3/func/FD_outputs/sub-INET103_ses-3_task-rest_run-07_desc-tmask_fFD.txt,sub-INET103_ses-3_task-rest_run-07_desc-tmask_fFD.txt,213,0,0
sub-INET103,ses-3,task-rest,run-08,sub-INET103_ses-3_task-rest_run-08_bold.nii.gz,0,,,1.0,include,/gpfs/research/grattonlab/iNetworks/Nifti/derivatives/preproc_fmriprep-24.1.1/sub-INET103/ses-3/func/FD_outputs/sub-INET103_ses-3_task-rest_run-08_desc-tmask_fFD.txt,sub-INET103_ses-3_task-rest_run-08_desc-tmask_fFD.txt,258,0,0
sub-INET103,ses-4,task-rest,run-03,sub-INET103_ses-4_task-rest_run-03_bold.nii.gz,0,,,2.0,include,/gpfs/research/grattonlab/iNetworks/Nifti/derivatives/preproc_fmriprep-24.1.1/sub-INET103/ses-4/func/FD_outputs/sub-INET103_ses-4_task-rest_run-03_desc-tmask_fFD.txt,sub-INET103_ses-4_task-rest_run-03_desc-tmask_fFD.txt,262,0,0
sub-INET103,ses-4,task-rest,run-04,sub-INET103_ses-4_task-rest_run-04_bold.nii.gz,0,,,2.0,include,/gpfs/research/grattonlab/iNetworks/Nifti/derivatives/preproc_fmriprep-24.1.1/sub-INET103/ses-4/func/FD_outputs/sub-INET103_ses-4_task-rest_run-04_desc-tmask_fFD.txt,sub-INET103_ses-4_task-rest_run-04_desc-tmask_fFD.txt,253,0,0
sub-INET103,ses-4,task-rest,run-05,sub-INET103_ses-4_task-rest_run-05_bold.nii.gz,0,,,2.0,include,/gpfs/research/grattonlab/iNetworks/Nifti/derivatives/preproc_fmriprep-24.1.1/sub-INET103/ses-4/func/FD_outputs/sub-INET103_ses-4_task-rest_run-05_desc-tmask_fFD.txt,sub-INET103_ses-4_task-rest_run-05_desc-tmask_fFD.txt,246,0,0
sub-INET103,ses-4,task-rest,run-06,sub-INET103_ses-4_task-rest_run-06_bold.nii.gz,0,,,1.0,include,/gpfs/research/grattonlab/iNetworks/Nifti/derivatives/preproc_fmriprep-24.1.1/sub-INET103/ses-4/func/FD_outputs/sub-INET103_ses-4_task-rest_run-06_desc-tmask_fFD.txt,sub-INET103_ses-4_task-rest_run-06_desc-tmask_fFD.txt,241,0,0
sub-INET103,ses-4,task-rest,run-07,sub-INET103_ses-4_task-rest_run-07_bold.nii.gz,0,,,3.0,include,/gpfs/research/grattonlab/iNetworks/Nifti/derivatives/preproc_fmriprep-24.1.1/sub-INET103/ses-4/func/FD_outputs/sub-INET103_ses-4_task-rest_run-07_desc-tmask_fFD.txt,sub-INET103_ses-4_task-rest_run-07_desc-tmask_fFD.txt,252,0,0
sub-INET104,ses-1,task-rest,run-01,sub-INET104_ses-1_task-rest_run-01_bold.nii.gz,0,,,2.0,include,/gpfs/research/grattonlab/iNetworks/Nifti/derivatives/preproc_fmriprep-24.1.1/sub-INET104/ses-1/func/FD_outputs/sub-INET104_ses-1_task-rest_run-01_desc-tmask_fFD.txt,sub-INET104_ses-1_task-rest_run-01_desc-tmask_fFD.txt,207,0,0
sub-INET104,ses-1,task-rest,run-02,sub-INET104_ses-1_task-rest_run-02_bold.nii.gz,0,,,1.0,include,/gpfs/research/grattonlab/iNetworks/Nifti/derivatives/preproc_fmriprep-24.1.1/sub-INET104/ses-1/func/FD_outputs/sub-INET104_ses-1_task-rest_run-02_desc-tmask_fFD.txt,sub-INET104_ses-1_task-rest_run-02_desc-tmask_fFD.txt,264,0,0
sub-INET104,ses-1,task-rest,run-03,sub-INET104_ses-1_task-rest_run-03_bold.nii.gz,0,,,2.0,include,/gpfs/research/grattonlab/iNetworks/Nifti/derivatives/preproc_fmriprep-24.1.1/sub-INET104/ses-1/func/FD_outputs/sub-INET104_ses-1_task-rest_run-03_desc-tmask_fFD.txt,sub-INET104_ses-1_task-rest_run-03_desc-tmask_fFD.txt,241,0,0
sub-INET104,ses-1,task-rest,run-05,sub-INET104_ses-1_task-rest_run-05_bold.nii.gz,0,,,1.0,include,/gpfs/research/grattonlab/iNetworks/Nifti/derivatives/preproc_fmriprep-24.1.1/sub-INET104/ses-1/func/FD_outputs/sub-INET104_ses-1_task-rest_run-05_desc-tmask_fFD.txt,sub-INET104_ses-1_task-rest_run-05_desc-tmask_fFD.txt,249,0,0
sub-INET104,ses-1,task-rest,run-06,sub-INET104_ses-1_task-rest_run-06_bold.nii.gz,0,,,1.0,include,/gpfs/research/grattonlab/iNetworks/Nifti/derivatives/preproc_fmriprep-24.1.1/sub-INET104/ses-1/func/FD_outputs/sub-INET104_ses-1_task-rest_run-06_desc-tmask_fFD.txt,sub-INET104_ses-1_task-rest_run-06_desc-tmask_fFD.txt,241,0,0
sub-INET104,ses-2,task-rest,run-01,sub-INET104_ses-2_task-rest_run-01_bold.nii.gz,0,,,2.0,include,/gpfs/research/grattonlab/iNetworks/Nifti/derivatives/preproc_fmriprep-24.1.1/sub-INET104/ses-2/func/FD_outputs/sub-INET104_ses-2_task-rest_run-01_desc-tmask_fFD.txt,sub-INET104_ses-2_task-rest_run-01_desc-tmask_fFD.txt,260,0,0
sub-INET104,ses-2,task-rest,run-02,sub-INET104_ses-2_task-rest_run-02_bold.nii.gz,0,,,3.0,include,/gpfs/research/grattonlab/iNetworks/Nifti/derivatives/preproc_fmriprep-24.1.1/sub-INET104/ses-2/func/FD_outputs/sub-INET104_ses-2_task-rest_run-02_desc-tmask_fFD.txt,sub-INET104_ses-2_task-rest_run-02_desc-tmask_fFD.txt,264,0,0
sub-INET104,ses-2,task-rest,run-04,sub-INET104_ses-2_task-rest_run-04_bold.nii.gz,0,,,3.0,include,/gpfs/research/grattonlab/iNetworks/Nifti/derivatives/preproc_fmriprep-24.1.1/sub-INET104/ses-2/func/FD_outputs/sub-INET104_ses-2_task-rest_run-04_desc-tmask_fFD.txt,sub-INET104_ses-2_task-rest_run-04_desc-tmask_fFD.txt,264,0,0
sub-INET104,ses-2,task-rest,run-05,sub-INET104_ses-2_task-rest_run-05_bold.nii.gz,0,,,2.0,include,/gpfs/research/grattonlab/iNetworks/Nifti/derivatives/preproc_fmriprep-24.1.1/sub-INET104/ses-2/func/FD_outputs/sub-INET104_ses-2_task-rest_run-05_desc-tmask_fFD.txt,sub-INET104_ses-2_task-rest_run-05_desc-tmask_fFD.txt,208,0,0
sub-INET104,ses-2,task-rest,run-06,sub-INET104_ses-2_task-rest_run-06_bold.nii.gz,0,,,2.0,include,/gpfs/research/grattonlab/iNetworks/Nifti/derivatives/preproc_fmriprep-24.1.1/sub-INET104/ses-2/func/FD_outputs/sub-INET104_ses-2_task-rest_run-06_desc-tmask_fFD.txt,sub-INET104_ses-2_task-rest_run-06_desc-tmask_fFD.txt,254,0,0
sub-INET104,ses-3,task-rest,run-01,sub-INET104_ses-3_task-rest_run-01_bold.nii.gz,0,,,1.0,include,/gpfs/research/grattonlab/iNetworks/Nifti/derivatives/preproc_fmriprep-24.1.1/sub-INET104/ses-3/func/FD_outputs/sub-INET104_ses-3_task-rest_run-01_desc-tmask_fFD.txt,sub-INET104_ses-3_task-rest_run-01_desc-tmask_fFD.txt,262,0,0
sub-INET104,ses-3,task-rest,run-02,sub-INET104_ses-3_task-rest_run-02_bold.nii.gz,0,,,3.0,include,/gpfs/research/grattonlab/iNetworks/Nifti/derivatives/preproc_fmriprep-24.1.1/sub-INET104/ses-3/func/FD_outputs/sub-INET104_ses-3_task-rest_run-02_desc-tmask_fFD.txt,sub-INET104_ses-3_task-rest_run-02_desc-tmask_fFD.txt,265,0,0
sub-INET104,ses-3,task-rest,run-04,sub-INET104_ses-3_task-rest_run-04_bold.nii.gz,0,,,3.0,include,/gpfs/research/grattonlab/iNetworks/Nifti/derivatives/preproc_fmriprep-24.1.1/sub-INET104/ses-3/func/FD_outputs/sub-INET104_ses-3_task-rest_run-04_desc-tmask_fFD.txt,sub-INET104_ses-3_task-rest_run-04_desc-tmask_fFD.txt,260,0,0
sub-INET104,ses-3,task-rest,run-05,sub-INET104_ses-3_task-rest_run-05_bold.nii.gz,0,,,2.0,include,/gpfs/research/grattonlab/iNetworks/Nifti/derivatives/preproc_fmriprep-24.1.1/sub-INET104/ses-3/func/FD_outputs/sub-INET104_ses-3_task-rest_run-05_desc-tmask_fFD.txt,sub-INET104_ses-3_task-rest_run-05_desc-tmask_fFD.txt,265,0,0
sub-INET104,ses-3,task-rest,run-06,sub-INET104_ses-3_task-rest_run-06_bold.nii.gz,0,,,1.0,include,/gpfs/research/grattonlab/iNetworks/Nifti/derivatives/preproc_fmriprep-24.1.1/sub-INET104/ses-3/func/FD_outputs/sub-INET104_ses-3_task-rest_run-06_desc-tmask_fFD.txt,sub-INET104_ses-3_task-rest_run-06_desc-tmask_fFD.txt,265,0,0
sub-INET104,ses-4,task-rest,run-01,sub-INET104_ses-4_task-rest_run-01_bold.nii.gz,0,,,1.0,include,/gpfs/research/grattonlab/iNetworks/Nifti/derivatives/preproc_fmriprep-24.1.1/sub-INET104/ses-4/func/FD_outputs/sub-INET104_ses-4_task-rest_run-01_desc-tmask_fFD.txt,sub-INET104_ses-4_task-rest_run-01_desc-tmask_fFD.txt,257,0,0
sub-INET104,ses-4,task-rest,run-02,sub-INET104_ses-4_task-rest_run-02_bold.nii.gz,0,,,2.0,include,/gpfs/research/grattonlab/iNetworks/Nifti/derivatives/preproc_fmriprep-24.1.1/sub-INET104/ses-4/func/FD_outputs/sub-INET104_ses-4_task-rest_run-02_desc-tmask_fFD.txt,sub-INET104_ses-4_task-rest_run-02_desc-tmask_fFD.txt,265,0,0
sub-INET104,ses-4,task-rest,run-05,sub-INET104_ses-4_task-rest_run-05_bold.nii.gz,0,,,3.0,include,/gpfs/research/grattonlab/iNetworks/Nifti/derivatives/preproc_fmriprep-24.1.1/sub-INET104/ses-4/func/FD_outputs/sub-INET104_ses-4_task-rest_run-05_desc-tmask_fFD.txt,sub-INET104_ses-4_task-rest_run-05_desc-tmask_fFD.txt,221,0,0
sub-INET104,ses-4,task-rest,run-06,sub-INET104_ses-4_task-rest_run-06_bold.nii.gz,0,,,2.0,include,/gpfs/research/grattonlab/iNetworks/Nifti/derivatives/preproc_fmriprep-24.1.1/sub-INET104/ses-4/func/FD_outputs/sub-INET104_ses-4_task-rest_run-06_desc-tmask_fFD.txt,sub-INET104_ses-4_task-rest_run-06_desc-tmask_fFD.txt,246,0,0
sub-INET104,ses-4,task-rest,run-07,sub-INET104_ses-4_task-rest_run-07_bold.nii.gz,0,,,2.0,include,/gpfs/research/grattonlab/iNetworks/Nifti/derivatives/preproc_fmriprep-24.1.1/sub-INET104/ses-4/func/FD_outputs/sub-INET104_ses-4_task-rest_run-07_desc-tmask_fFD.txt,sub-INET104_ses-4_task-rest_run-07_desc-tmask_fFD.txt,245,0,0
sub-INET106,ses-1,task-rest,run-01,sub-INET106_ses-1_task-rest_run-01_bold.nii.gz,0,,,2.0,include,/gpfs/research/grattonlab/iNetworks/Nifti/derivatives/preproc_fmriprep-24.1.1/sub-INET106/ses-1/func/FD_outputs/sub-INET106_ses-1_task-rest_run-01_desc-tmask_fFD.txt,sub-INET106_ses-1_task-rest_run-01_desc-tmask_fFD.txt,259,0,0
sub-INET106,ses-1,task-rest,run-02,sub-INET106_ses-1_task-rest_run-02_bold.nii.gz,0,,,2.0,include,/gpfs/research/grattonlab/iNetworks/Nifti/derivatives/preproc_fmriprep-24.1.1/sub-INET106/ses-1/func/FD_outputs/sub-INET106_ses-1_task-rest_run-02_desc-tmask_fFD.txt,sub-INET106_ses-1_task-rest_run-02_desc-tmask_fFD.txt,262,0,0
sub-INET106,ses-1,task-rest,run-03,sub-INET106_ses-1_task-rest_run-03_bold.nii.gz,0,,,2.0,include,/gpfs/research/grattonlab/iNetworks/Nifti/derivatives/preproc_fmriprep-24.1.1/sub-INET106/ses-1/func/FD_outputs/sub-INET106_ses-1_task-rest_run-03_desc-tmask_fFD.txt,sub-INET106_ses-1_task-rest_run-03_desc-tmask_fFD.txt,263,0,0
sub-INET106,ses-1,task-rest,run-04,sub-INET106_ses-1_task-rest_run-04_bold.nii.gz,0,,,3.0,include,/gpfs/research/grattonlab/iNetworks/Nifti/derivatives/preproc_fmriprep-24.1.1/sub-INET106/ses-1/func/FD_outputs/sub-INET106_ses-1_task-rest_run-04_desc-tmask_fFD.txt,sub-INET106_ses-1_task-rest_run-04_desc-tmask_fFD.txt,265,0,0
sub-INET106,ses-1,task-rest,run-05,sub-INET106_ses-1_task-rest_run-05_bold.nii.gz,0,,,3.0,include,/gpfs/research/grattonlab/iNetworks/Nifti/derivatives/preproc_fmriprep-24.1.1/sub-INET106/ses-1/func/FD_outputs/sub-INET106_ses-1_task-rest_run-05_desc-tmask_fFD.txt,sub-INET106_ses-1_task-rest_run-05_desc-tmask_fFD.txt,259,0,0
sub-INET106,ses-1,task-rest,run-06,sub-INET106_ses-1_task-rest_run-06_bold.nii.gz,0,,,2.0,include,/gpfs/research/grattonlab/iNetworks/Nifti/derivatives/preproc_fmriprep-24.1.1/sub-INET106/ses-1/func/FD_outputs/sub-INET106_ses-1_task-rest_run-06_desc-tmask_fFD.txt,sub-INET106_ses-1_task-rest_run-06_desc-tmask_fFD.txt,254,0,0
sub-INET106,ses-2,task-rest,run-01,sub-INET106_ses-2_task-rest_run-01_bold.nii.gz,0,,,2.0,include,/gpfs/research/grattonlab/iNetworks/Nifti/derivatives/preproc_fmriprep-24.1.1/sub-INET106/ses-2/func/FD_outputs/sub-INET106_ses-2_task-rest_run-01_desc-tmask_fFD.txt,sub-INET106_ses-2_task-rest_run-01_desc-tmask_fFD.txt,262,0,0
sub-INET106,ses-2,task-rest,run-02,sub-INET106_ses-2_task-rest_run-02_bold.nii.gz,0,,,2.0,include,/gpfs/research/grattonlab/iNetworks/Nifti/derivatives/preproc_fmriprep-24.1.1/sub-INET106/ses-2/func/FD_outputs/sub-INET106_ses-2_task-rest_run-02_desc-tmask_fFD.txt,sub-INET106_ses-2_task-rest_run-02_desc-tmask_fFD.txt,256,0,0
sub-INET106,ses-2,task-rest,run-03,sub-INET106_ses-2_task-rest_run-03_bold.nii.gz,0,,,2.0,include,/gpfs/research/grattonlab/iNetworks/Nifti/derivatives/preproc_fmriprep-24.1.1/sub-INET106/ses-2/func/FD_outputs/sub-INET106_ses-2_task-rest_run-03_desc-tmask_fFD.txt,sub-INET106_ses-2_task-rest_run-03_desc-tmask_fFD.txt,264,0,0
sub-INET106,ses-2,task-rest,run-05,sub-INET106_ses-2_task-rest_run-05_bold.nii.gz,0,,,3.0,include,/gpfs/research/grattonlab/iNetworks/Nifti/derivatives/preproc_fmriprep-24.1.1/sub-INET106/ses-2/func/FD_outputs/sub-INET106_ses-2_task-rest_run-05_desc-tmask_fFD.txt,sub-INET106_ses-2_task-rest_run-05_desc-tmask_fFD.txt,256,0,0
sub-INET106,ses-2,task-rest,run-07,sub-INET106_ses-2_task-rest_run-07_bold.nii.gz,0,,,3.0,include,/gpfs/research/grattonlab/iNetworks/Nifti/derivatives/preproc_fmriprep-24.1.1/sub-INET106/ses-2/func/FD_outputs/sub-INET106_ses-2_task-rest_run-07_desc-tmask_fFD.txt,sub-INET106_ses-2_task-rest_run-07_desc-tmask_fFD.txt,207,0,0
sub-INET106,ses-3,task-rest,run-01,sub-INET106_ses-3_task-rest_run-01_bold.nii.gz,0,,,1.0,include,/gpfs/research/grattonlab/iNetworks/Nifti/derivatives/preproc_fmriprep-24.1.1/sub-INET106/ses-3/func/FD_outputs/sub-INET106_ses-3_task-rest_run-01_desc-tmask_fFD.txt,sub-INET106_ses-3_task-rest_run-01_desc-tmask_fFD.txt,261,0,0
sub-INET106,ses-3,task-rest,run-02,sub-INET106_ses-3_task-rest_run-02_bold.nii.gz,0,,,2.0,include,/gpfs/research/grattonlab/iNetworks/Nifti/derivatives/preproc_fmriprep-24.1.1/sub-INET106/ses-3/func/FD_outputs/sub-INET106_ses-3_task-rest_run-02_desc-tmask_fFD.txt,sub-INET106_ses-3_task-rest_run-02_desc-tmask_fFD.txt,248,0,0
sub-INET106,ses-3,task-rest,run-03,sub-INET106_ses-3_task-rest_run-03_bold.nii.gz,0,,,2.0,include,/gpfs/research/grattonlab/iNetworks/Nifti/derivatives/preproc_fmriprep-24.1.1/sub-INET106/ses-3/func/FD_outputs/sub-INET106_ses-3_task-rest_run-03_desc-tmask_fFD.txt,sub-INET106_ses-3_task-rest_run-03_desc-tmask_fFD.txt,242,0,0
sub-INET106,ses-3,task-rest,run-04,sub-INET106_ses-3_task-rest_run-04_bold.nii.gz,0,,,2.0,include,/gpfs/research/grattonlab/iNetworks/Nifti/derivatives/preproc_fmriprep-24.1.1/sub-INET106/ses-3/func/FD_outputs/sub-INET106_ses-3_task-rest_run-04_desc-tmask_fFD.txt,sub-INET106_ses-3_task-rest_run-04_desc-tmask_fFD.txt,244,0,0
sub-INET106,ses-3,task-rest,run-05,sub-INET106_ses-3_task-rest_run-05_bold.nii.gz,0,,,2.0,include,/gpfs/research/grattonlab/iNetworks/Nifti/derivatives/preproc_fmriprep-24.1.1/sub-INET106/ses-3/func/FD_outputs/sub-INET106_ses-3_task-rest_run-05_desc-tmask_fFD.txt,sub-INET106_ses-3_task-rest_run-05_desc-tmask_fFD.txt,233,0,0
sub-INET106,ses-3,task-rest,run-06,sub-INET106_ses-3_task-rest_run-06_bold.nii.gz,0,,,2.0,include,/gpfs/research/grattonlab/iNetworks/Nifti/derivatives/preproc_fmriprep-24.1.1/sub-INET106/ses-3/func/FD_outputs/sub-INET106_ses-3_task-rest_run-06_desc-tmask_fFD.txt,sub-INET106_ses-3_task-rest_run-06_desc-tmask_fFD.txt,219,0,0
sub-INET106,ses-3,task-rest,run-07,sub-INET106_ses-3_task-rest_run-07_bold.nii.gz,0,,,2.0,include,/gpfs/research/grattonlab/iNetworks/Nifti/derivatives/preproc_fmriprep-24.1.1/sub-INET106/ses-3/func/FD_outputs/sub-INET106_ses-3_task-rest_run-07_desc-tmask_fFD.txt,sub-INET106_ses-3_task-rest_run-07_desc-tmask_fFD.txt,230,0,0
sub-INET106,ses-4,task-rest,run-01,sub-INET106_ses-4_task-rest_run-01_bold.nii.gz,0,,,1.0,include,/gpfs/research/grattonlab/iNetworks/Nifti/derivatives/preproc_fmriprep-24.1.1/sub-INET106/ses-4/func/FD_outputs/sub-INET106_ses-4_task-rest_run-01_desc-tmask_fFD.txt,sub-INET106_ses-4_task-rest_run-01_desc-tmask_fFD.txt,258,0,0
sub-INET106,ses-4,task-rest,run-02,sub-INET106_ses-4_task-rest_run-02_bold.nii.gz,0,,,1.0,include,/gpfs/research/grattonlab/iNetworks/Nifti/derivatives/preproc_fmriprep-24.1.1/sub-INET106/ses-4/func/FD_outputs/sub-INET106_ses-4_task-rest_run-02_desc-tmask_fFD.txt,sub-INET106_ses-4_task-rest_run-02_desc-tmask_fFD.txt,247,0,0
sub-INET106,ses-4,task-rest,run-03,sub-INET106_ses-4_task-rest_run-03_bold.nii.gz,0,,,2.0,include,/gpfs/research/grattonlab/iNetworks/Nifti/derivatives/preproc_fmriprep-24.1.1/sub-INET106/ses-4/func/FD_outputs/sub-INET106_ses-4_task-rest_run-03_desc-tmask_fFD.txt,sub-INET106_ses-4_task-rest_run-03_desc-tmask_fFD.txt,248,0,0
sub-INET106,ses-4,task-rest,run-04,sub-INET106_ses-4_task-rest_run-04_bold.nii.gz,0,,,2.0,include,/gpfs/research/grattonlab/iNetworks/Nifti/derivatives/preproc_fmriprep-24.1.1/sub-INET106/ses-4/func/FD_outputs/sub-INET106_ses-4_task-rest_run-04_desc-tmask_fFD.txt,sub-INET106_ses-4_task-rest_run-04_desc-tmask_fFD.txt,245,0,0
sub-INET106,ses-4,task-rest,run-05,sub-INET106_ses-4_task-rest_run-05_bold.nii.gz,0,,,2.0,include,/gpfs/research/grattonlab/iNetworks/Nifti/derivatives/preproc_fmriprep-24.1.1/sub-INET106/ses-4/func/FD_outputs/sub-INET106_ses-4_task-rest_run-05_desc-tmask_fFD.txt,sub-INET106_ses-4_task-rest_run-05_desc-tmask_fFD.txt,214,0,0
sub-INET106,ses-4,task-rest,run-06,sub-INET106_ses-4_task-rest_run-06_bold.nii.gz,0,,,2.0,include,/gpfs/research/grattonlab/iNetworks/Nifti/derivatives/preproc_fmriprep-24.1.1/sub-INET106/ses-4/func/FD_outputs/sub-INET106_ses-4_task-rest_run-06_desc-tmask_fFD.txt,sub-INET106_ses-4_task-rest_run-06_desc-tmask_fFD.txt,235,0,0
sub-INET106,ses-4,task-rest,run-07,sub-INET106_ses-4_task-rest_run-07_bold.nii.gz,0,,,2.0,include,/gpfs/research/grattonlab/iNetworks/Nifti/derivatives/preproc_fmriprep-24.1.1/sub-INET106/ses-4/func/FD_outputs/sub-INET106_ses-4_task-rest_run-07_desc-tmask_fFD.txt,sub-INET106_ses-4_task-rest_run-07_desc-tmask_fFD.txt,232,0,0
sub-INET107,ses-1,task-rest,run-01,sub-INET107_ses-1_task-rest_run-01_bold.nii.gz,0,,,2.0,include,/gpfs/research/grattonlab/iNetworks/Nifti/derivatives/preproc_fmriprep-24.1.1/sub-INET107/ses-1/func/FD_outputs/sub-INET107_ses-1_task-rest_run-01_desc-tmask_fFD.txt,sub-INET107_ses-1_task-rest_run-01_desc-tmask_fFD.txt,253,0,0
sub-INET107,ses-1,task-rest,run-02,sub-INET107_ses-1_task-rest_run-02_bold.nii.gz,0,,,2.0,include,/gpfs/research/grattonlab/iNetworks/Nifti/derivatives/preproc_fmriprep-24.1.1/sub-INET107/ses-1/func/FD_outputs/sub-INET107_ses-1_task-rest_run-02_desc-tmask_fFD.txt,sub-INET107_ses-1_task-rest_run-02_desc-tmask_fFD.txt,264,0,0
sub-INET107,ses-1,task-rest,run-04,sub-INET107_ses-1_task-rest_run-04_bold.nii.gz,0,,re-ran field map (had to take out),2.0,include,/gpfs/research/grattonlab/iNetworks/Nifti/derivatives/preproc_fmriprep-24.1.1/sub-INET107/ses-1/func/FD_outputs/sub-INET107_ses-1_task-rest_run-04_desc-tmask_fFD.txt,sub-INET107_ses-1_task-rest_run-04_desc-tmask_fFD.txt,263,0,0
sub-INET107,ses-1,task-rest,run-06,sub-INET107_ses-1_task-rest_run-06_bold.nii.gz,0,,,2.0,include,/gpfs/research/grattonlab/iNetworks/Nifti/derivatives/preproc_fmriprep-24.1.1/sub-INET107/ses-1/func/FD_outputs/sub-INET107_ses-1_task-rest_run-06_desc-tmask_fFD.txt,sub-INET107_ses-1_task-rest_run-06_desc-tmask_fFD.txt,263,0,0
sub-INET107,ses-2,task-rest,run-01,sub-INET107_ses-2_task-rest_run-01_bold.nii.gz,0,,,1.0,include,/gpfs/research/grattonlab/iNetworks/Nifti/derivatives/preproc_fmriprep-24.1.1/sub-INET107/ses-2/func/FD_outputs/sub-INET107_ses-2_task-rest_run-01_desc-tmask_fFD.txt,sub-INET107_ses-2_task-rest_run-01_desc-tmask_fFD.txt,259,0,0
sub-INET107,ses-2,task-rest,run-02,sub-INET107_ses-2_task-rest_run-02_bold.nii.gz,0,,,1.0,include,/gpfs/research/grattonlab/iNetworks/Nifti/derivatives/preproc_fmriprep-24.1.1/sub-INET107/ses-2/func/FD_outputs/sub-INET107_ses-2_task-rest_run-02_desc-tmask_fFD.txt,sub-INET107_ses-2_task-rest_run-02_desc-tmask_fFD.txt,265,0,0
sub-INET107,ses-2,task-rest,run-04,sub-INET107_ses-2_task-rest_run-04_bold.nii.gz,0,,,2.0,include,/gpfs/research/grattonlab/iNetworks/Nifti/derivatives/preproc_fmriprep-24.1.1/sub-INET107/ses-2/func/FD_outputs/sub-INET107_ses-2_task-rest_run-04_desc-tmask_fFD.txt,sub-INET107_ses-2_task-rest_run-04_desc-tmask_fFD.txt,264,0,0
sub-INET107,ses-2,task-rest,run-05,sub-INET107_ses-2_task-rest_run-05_bold.nii.gz,0,,,2.0,include,/gpfs/research/grattonlab/iNetworks/Nifti/derivatives/preproc_fmriprep-24.1.1/sub-INET107/ses-2/func/FD_outputs/sub-INET107_ses-2_task-rest_run-05_desc-tmask_fFD.txt,sub-INET107_ses-2_task-rest_run-05_desc-tmask_fFD.txt,236,0,0
sub-INET107,ses-2,task-rest,run-06,sub-INET107_ses-2_task-rest_run-06_bold.nii.gz,0,,,2.0,include,/gpfs/research/grattonlab/iNetworks/Nifti/derivatives/preproc_fmriprep-24.1.1/sub-INET107/ses-2/func/FD_outputs/sub-INET107_ses-2_task-rest_run-06_desc-tmask_fFD.txt,sub-INET107_ses-2_task-rest_run-06_desc-tmask_fFD.txt,236,0,0
sub-INET107,ses-2,task-rest,run-07,sub-INET107_ses-2_task-rest_run-07_bold.nii.gz,0,,,2.0,include,/gpfs/research/grattonlab/iNetworks/Nifti/derivatives/preproc_fmriprep-24.1.1/sub-INET107/ses-2/func/FD_outputs/sub-INET107_ses-2_task-rest_run-07_desc-tmask_fFD.txt,sub-INET107_ses-2_task-rest_run-07_desc-tmask_fFD.txt,247,0,0
sub-INET107,ses-3,task-rest,run-01,sub-INET107_ses-3_task-rest_run-01_bold.nii.gz,0,,,2.0,include,/gpfs/research/grattonlab/iNetworks/Nifti/derivatives/preproc_fmriprep-24.1.1/sub-INET107/ses-3/func/FD_outputs/sub-INET107_ses-3_task-rest_run-01_desc-tmask_fFD.txt,sub-INET107_ses-3_task-rest_run-01_desc-tmask_fFD.txt,264,0,0
sub-INET107,ses-3,task-rest,run-04,sub-INET107_ses-3_task-rest_run-04_bold.nii.gz,0,,,2.0,include,/gpfs/research/grattonlab/iNetworks/Nifti/derivatives/preproc_fmriprep-24.1.1/sub-INET107/ses-3/func/FD_outputs/sub-INET107_ses-3_task-rest_run-04_desc-tmask_fFD.txt,sub-INET107_ses-3_task-rest_run-04_desc-tmask_fFD.txt,264,0,0
sub-INET107,ses-3,task-rest,run-05,sub-INET107_ses-3_task-rest_run-05_bold.nii.gz,0,,,3.0,include,/gpfs/research/grattonlab/iNetworks/Nifti/derivatives/preproc_fmriprep-24.1.1/sub-INET107/ses-3/func/FD_outputs/sub-INET107_ses-3_task-rest_run-05_desc-tmask_fFD.txt,sub-INET107_ses-3_task-rest_run-05_desc-tmask_fFD.txt,259,0,0
sub-INET107,ses-3,task-rest,run-06,sub-INET107_ses-3_task-rest_run-06_bold.nii.gz,0,,,3.0,include,/gpfs/research/grattonlab/iNetworks/Nifti/derivatives/preproc_fmriprep-24.1.1/sub-INET107/ses-3/func/FD_outputs/sub-INET107_ses-3_task-rest_run-06_desc-tmask_fFD.txt,sub-INET107_ses-3_task-rest_run-06_desc-tmask_fFD.txt,241,0,0
sub-INET107,ses-3,task-rest,run-07,sub-INET107_ses-3_task-rest_run-07_bold.nii.gz,0,,,3.0,include,/gpfs/research/grattonlab/iNetworks/Nifti/derivatives/preproc_fmriprep-24.1.1/sub-INET107/ses-3/func/FD_outputs/sub-INET107_ses-3_task-rest_run-07_desc-tmask_fFD.txt,sub-INET107_ses-3_task-rest_run-07_desc-tmask_fFD.txt,259,0,0
sub-INET107,ses-4,task-rest,run-01,sub-INET107_ses-4_task-rest_run-01_bold.nii.gz,0,,,2.0,include,/gpfs/research/grattonlab/iNetworks/Nifti/derivatives/preproc_fmriprep-24.1.1/sub-INET107/ses-4/func/FD_outputs/sub-INET107_ses-4_task-rest_run-01_desc-tmask_fFD.txt,sub-INET107_ses-4_task-rest_run-01_desc-tmask_fFD.txt,260,0,0
sub-INET107,ses-4,task-rest,run-02,sub-INET107_ses-4_task-rest_run-02_bold.nii.gz,0,,,2.0,include,/gpfs/research/grattonlab/iNetworks/Nifti/derivatives/preproc_fmriprep-24.1.1/sub-INET107/ses-4/func/FD_outputs/sub-INET107_ses-4_task-rest_run-02_desc-tmask_fFD.txt,sub-INET107_ses-4_task-rest_run-02_desc-tmask_fFD.txt,264,0,0
sub-INET107,ses-4,task-rest,run-05,sub-INET107_ses-4_task-rest_run-05_bold.nii.gz,0,,,2.0,include,/gpfs/research/grattonlab/iNetworks/Nifti/derivatives/preproc_fmriprep-24.1.1/sub-INET107/ses-4/func/FD_outputs/sub-INET107_ses-4_task-rest_run-05_desc-tmask_fFD.txt,sub-INET107_ses-4_task-rest_run-05_desc-tmask_fFD.txt,199,0,0
sub-INET107,ses-4,task-rest,run-06,sub-INET107_ses-4_task-rest_run-06_bold.nii.gz,0,,,3.0,include,/gpfs/research/grattonlab/iNetworks/Nifti/derivatives/preproc_fmriprep-24.1.1/sub-INET107/ses-4/func/FD_outputs/sub-INET107_ses-4_task-rest_run-06_desc-tmask_fFD.txt,sub-INET107_ses-4_task-rest_run-06_desc-tmask_fFD.txt,218,0,0
sub-INET107,ses-4,task-rest,run-07,sub-INET107_ses-4_task-rest_run-07_bold.nii.gz,0,,,2.0,include,/gpfs/research/grattonlab/iNetworks/Nifti/derivatives/preproc_fmriprep-24.1.1/sub-INET107/ses-4/func/FD_outputs/sub-INET107_ses-4_task-rest_run-07_desc-tmask_fFD.txt,sub-INET107_ses-4_task-rest_run-07_desc-tmask_fFD.txt,214,0,0
sub-INET108,ses-1,task-rest,run-01,sub-INET108_ses-1_task-rest_run-01_bold.nii.gz,0,,,1.0,include,/gpfs/research/grattonlab/iNetworks/Nifti/derivatives/preproc_fmriprep-24.1.1/sub-INET108/ses-1/func/FD_outputs/sub-INET108_ses-1_task-rest_run-01_desc-tmask_fFD.txt,sub-INET108_ses-1_task-rest_run-01_desc-tmask_fFD.txt,260,0,0
sub-INET108,ses-1,task-rest,run-02,sub-INET108_ses-1_task-rest_run-02_bold.nii.gz,0,,,2.0,include,/gpfs/research/grattonlab/iNetworks/Nifti/derivatives/preproc_fmriprep-24.1.1/sub-INET108/ses-1/func/FD_outputs/sub-INET108_ses-1_task-rest_run-02_desc-tmask_fFD.txt,sub-INET108_ses-1_task-rest_run-02_desc-tmask_fFD.txt,265,0,0
sub-INET108,ses-1,task-rest,run-03,sub-INET108_ses-1_task-rest_run-03_bold.nii.gz,0,,,3.0,include,/gpfs/research/grattonlab/iNetworks/Nifti/derivatives/preproc_fmriprep-24.1.1/sub-INET108/ses-1/func/FD_outputs/sub-INET108_ses-1_task-rest_run-03_desc-tmask_fFD.txt,sub-INET108_ses-1_task-rest_run-03_desc-tmask_fFD.txt,256,0,0
sub-INET108,ses-1,task-rest,run-05,sub-INET108_ses-1_task-rest_run-05_bold.nii.gz,0,,,1.0,include,/gpfs/research/grattonlab/iNetworks/Nifti/derivatives/preproc_fmriprep-24.1.1/sub-INET108/ses-1/func/FD_outputs/sub-INET108_ses-1_task-rest_run-05_desc-tmask_fFD.txt,sub-INET108_ses-1_task-rest_run-05_desc-tmask_fFD.txt,254,0,0
sub-INET108,ses-1,task-rest,run-06,sub-INET108_ses-1_task-rest_run-06_bold.nii.gz,0,,,1.0,include,/gpfs/research/grattonlab/iNetworks/Nifti/derivatives/preproc_fmriprep-24.1.1/sub-INET108/ses-1/func/FD_outputs/sub-INET108_ses-1_task-rest_run-06_desc-tmask_fFD.txt,sub-INET108_ses-1_task-rest_run-06_desc-tmask_fFD.txt,263,0,0
sub-INET108,ses-1,task-rest,run-07,sub-INET108_ses-1_task-rest_run-07_bold.nii.gz,0,,,,include,/gpfs/research/grattonlab/iNetworks/Nifti/derivatives/preproc_fmriprep-24.1.1/sub-INET108/ses-1/func/FD_outputs/sub-INET108_ses-1_task-rest_run-07_desc-tmask_fFD.txt,sub-INET108_ses-1_task-rest_run-07_desc-tmask_fFD.txt,256,0,0
sub-INET108,ses-2,task-rest,run-01,sub-INET108_ses-2_task-rest_run-01_bold.nii.gz,0,,,2.0,include,/gpfs/research/grattonlab/iNetworks/Nifti/derivatives/preproc_fmriprep-24.1.1/sub-INET108/ses-2/func/FD_outputs/sub-INET108_ses-2_task-rest_run-01_desc-tmask_fFD.txt,sub-INET108_ses-2_task-rest_run-01_desc-tmask_fFD.txt,199,0,0
sub-INET108,ses-2,task-rest,run-02,sub-INET108_ses-2_task-rest_run-02_bold.nii.gz,0,,,3.0,include,/gpfs/research/grattonlab/iNetworks/Nifti/derivatives/preproc_fmriprep-24.1.1/sub-INET108/ses-2/func/FD_outputs/sub-INET108_ses-2_task-rest_run-02_desc-tmask_fFD.txt,sub-INET108_ses-2_task-rest_run-02_desc-tmask_fFD.txt,242,0,0
sub-INET108,ses-2,task-rest,run-05,sub-INET108_ses-2_task-rest_run-05_bold.nii.gz,0,,,3.0,include,/gpfs/research/grattonlab/iNetworks/Nifti/derivatives/preproc_fmriprep-24.1.1/sub-INET108/ses-2/func/FD_outputs/sub-INET108_ses-2_task-rest_run-05_desc-tmask_fFD.txt,sub-INET108_ses-2_task-rest_run-05_desc-tmask_fFD.txt,202,0,0
sub-INET108,ses-2,task-rest,run-06,sub-INET108_ses-2_task-rest_run-06_bold.nii.gz,0,,,3.0,include,/gpfs/research/grattonlab/iNetworks/Nifti/derivatives/preproc_fmriprep-24.1.1/sub-INET108/ses-2/func/FD_outputs/sub-INET108_ses-2_task-rest_run-06_desc-tmask_fFD.txt,sub-INET108_ses-2_task-rest_run-06_desc-tmask_fFD.txt,236,0,0
sub-INET108,ses-3,task-rest,run-01,sub-INET108_ses-3_task-rest_run-01_bold.nii.gz,0,,,1.0,include,/gpfs/research/grattonlab/iNetworks/Nifti/derivatives/preproc_fmriprep-24.1.1/sub-INET108/ses-3/func/FD_outputs/sub-INET108_ses-3_task-rest_run-01_desc-tmask_fFD.txt,sub-INET108_ses-3_task-rest_run-01_desc-tmask_fFD.txt,235,0,0
sub-INET108,ses-3,task-rest,run-02,sub-INET108_ses-3_task-rest_run-02_bold.nii.gz,0,,,2.0,include,/gpfs/research/grattonlab/iNetworks/Nifti/derivatives/preproc_fmriprep-24.1.1/sub-INET108/ses-3/func/FD_outputs/sub-INET108_ses-3_task-rest_run-02_desc-tmask_fFD.txt,sub-INET108_ses-3_task-rest_run-02_desc-tmask_fFD.txt,198,0,0
sub-INET108,ses-3,task-rest,run-04,sub-INET108_ses-3_task-rest_run-04_bold.nii.gz,0,,,1.0,include,/gpfs/research/grattonlab/iNetworks/Nifti/derivatives/preproc_fmriprep-24.1.1/sub-INET108/ses-3/func/FD_outputs/sub-INET108_ses-3_task-rest_run-04_desc-tmask_fFD.txt,sub-INET108_ses-3_task-rest_run-04_desc-tmask_fFD.txt,243,0,0
sub-INET108,ses-3,task-rest,run-05,sub-INET108_ses-3_task-rest_run-05_bold.nii.gz,0,,,1.0,include,/gpfs/research/grattonlab/iNetworks/Nifti/derivatives/preproc_fmriprep-24.1.1/sub-INET108/ses-3/func/FD_outputs/sub-INET108_ses-3_task-rest_run-05_desc-tmask_fFD.txt,sub-INET108_ses-3_task-rest_run-05_desc-tmask_fFD.txt,241,0,0
sub-INET108,ses-3,task-rest,run-06,sub-INET108_ses-3_task-rest_run-06_bold.nii.gz,0,,,1.0,include,/gpfs/research/grattonlab/iNetworks/Nifti/derivatives/preproc_fmriprep-24.1.1/sub-INET108/ses-3/func/FD_outputs/sub-INET108_ses-3_task-rest_run-06_desc-tmask_fFD.txt,sub-INET108_ses-3_task-rest_run-06_desc-tmask_fFD.txt,219,0,0
sub-INET108,ses-3,task-rest,run-07,sub-INET108_ses-3_task-rest_run-07_bold.nii.gz,0,,,1.0,include,/gpfs/research/grattonlab/iNetworks/Nifti/derivatives/preproc_fmriprep-24.1.1/sub-INET108/ses-3/func/FD_outputs/sub-INET108_ses-3_task-rest_run-07_desc-tmask_fFD.txt,sub-INET108_ses-3_task-rest_run-07_desc-tmask_fFD.txt,153,0,0
sub-INET108,ses-4,task-rest,run-01,sub-INET108_ses-4_task-rest_run-01_bold.nii.gz,0,,,2.0,include,/gpfs/research/grattonlab/iNetworks/Nifti/derivatives/preproc_fmriprep-24.1.1/sub-INET108/ses-4/func/FD_outputs/sub-INET108_ses-4_task-rest_run-01_desc-tmask_fFD.txt,sub-INET108_ses-4_task-rest_run-01_desc-tmask_fFD.txt,216,0,0
sub-INET108,ses-4,task-rest,run-04,sub-INET108_ses-4_task-rest_run-04_bold.nii.gz,0,,,3.0,include,/gpfs/research/grattonlab/iNetworks/Nifti/derivatives/preproc_fmriprep-24.1.1/sub-INET108/ses-4/func/FD_outputs/sub-INET108_ses-4_task-rest_run-04_desc-tmask_fFD.txt,sub-INET108_ses-4_task-rest_run-04_desc-tmask_fFD.txt,253,0,0
sub-INET108,ses-4,task-rest,run-07,sub-INET108_ses-4_task-rest_run-07_bold.nii.gz,0,,,3.0,include,/gpfs/research/grattonlab/iNetworks/Nifti/derivatives/preproc_fmriprep-24.1.1/sub-INET108/ses-4/func/FD_outputs/sub-INET108_ses-4_task-rest_run-07_desc-tmask_fFD.txt,sub-INET108_ses-4_task-rest_run-07_desc-tmask_fFD.txt,231,0,0
sub-INET108,ses-4,task-rest,run-08,sub-INET108_ses-4_task-rest_run-08_bold.nii.gz,0,,,2.0,include,/gpfs/research/grattonlab/iNetworks/Nifti/derivatives/preproc_fmriprep-24.1.1/sub-INET108/ses-4/func/FD_outputs/sub-INET108_ses-4_task-rest_run-08_desc-tmask_fFD.txt,sub-INET108_ses-4_task-rest_run-08_desc-tmask_fFD.txt,256,0,0
sub-INET109,ses-2,task-rest,run-01,sub-INET109_ses-2_task-rest_run-01_bold.nii.gz,0,,,2.0,include,/gpfs/research/grattonlab/iNetworks/Nifti/derivatives/preproc_fmriprep-24.1.1/sub-INET109/ses-2/func/FD_outputs/sub-INET109_ses-2_task-rest_run-01_desc-tmask_fFD.txt,sub-INET109_ses-2_task-rest_run-01_desc-tmask_fFD.txt,259,0,0
sub-INET109,ses-2,task-rest,run-05,sub-INET109_ses-2_task-rest_run-05_bold.nii.gz,0,,,3.0,include,/gpfs/research/grattonlab/iNetworks/Nifti/derivatives/preproc_fmriprep-24.1.1/sub-INET109/ses-2/func/FD_outputs/sub-INET109_ses-2_task-rest_run-05_desc-tmask_fFD.txt,sub-INET109_ses-2_task-rest_run-05_desc-tmask_fFD.txt,239,0,0
sub-INET109,ses-2,task-rest,run-06,sub-INET109_ses-2_task-rest_run-06_bold.nii.gz,0,,,3.0,include,/gpfs/research/grattonlab/iNetworks/Nifti/derivatives/preproc_fmriprep-24.1.1/sub-INET109/ses-2/func/FD_outputs/sub-INET109_ses-2_task-rest_run-06_desc-tmask_fFD.txt,sub-INET109_ses-2_task-rest_run-06_desc-tmask_fFD.txt,243,0,0
sub-INET109,ses-2,task-rest,run-07,sub-INET109_ses-2_task-rest_run-07_bold.nii.gz,0,,,2.0,include,/gpfs/research/grattonlab/iNetworks/Nifti/derivatives/preproc_fmriprep-24.1.1/sub-INET109/ses-2/func/FD_outputs/sub-INET109_ses-2_task-rest_run-07_desc-tmask_fFD.txt,sub-INET109_ses-2_task-rest_run-07_desc-tmask_fFD.txt,214,0,0
sub-INET109,ses-2,task-rest,run-08,sub-INET109_ses-2_task-rest_run-08_bold.nii.gz,0,,,1.0,include,/gpfs/research/grattonlab/iNetworks/Nifti/derivatives/preproc_fmriprep-24.1.1/sub-INET109/ses-2/func/FD_outputs/sub-INET109_ses-2_task-rest_run-08_desc-tmask_fFD.txt,sub-INET109_ses-2_task-rest_run-08_desc-tmask_fFD.txt,183,0,0
sub-INET109,ses-3,task-rest,run-01,sub-INET109_ses-3_task-rest_run-01_bold.nii.gz,0,,,2.0,include,/gpfs/research/grattonlab/iNetworks/Nifti/derivatives/preproc_fmriprep-24.1.1/sub-INET109/ses-3/func/FD_outputs/sub-INET109_ses-3_task-rest_run-01_desc-tmask_fFD.txt,sub-INET109_ses-3_task-rest_run-01_desc-tmask_fFD.txt,244,0,0
sub-INET109,ses-3,task-rest,run-02,sub-INET109_ses-3_task-rest_run-02_bold.nii.gz,0,,,2.0,include,/gpfs/research/grattonlab/iNetworks/Nifti/derivatives/preproc_fmriprep-24.1.1/sub-INET109/ses-3/func/FD_outputs/sub-INET109_ses-3_task-rest_run-02_desc-tmask_fFD.txt,sub-INET109_ses-3_task-rest_run-02_desc-tmask_fFD.txt,254,0,0
sub-INET109,ses-3,task-rest,run-03,sub-INET109_ses-3_task-rest_run-03_bold.nii.gz,0,,,2.0,include,/gpfs/research/grattonlab/iNetworks/Nifti/derivatives/preproc_fmriprep-24.1.1/sub-INET109/ses-3/func/FD_outputs/sub-INET109_ses-3_task-rest_run-03_desc-tmask_fFD.txt,sub-INET109_ses-3_task-rest_run-03_desc-tmask_fFD.txt,240,0,0
sub-INET109,ses-3,task-rest,run-04,sub-INET109_ses-3_task-rest_run-04_bold.nii.gz,0,,,2.0,include,/gpfs/research/grattonlab/iNetworks/Nifti/derivatives/preproc_fmriprep-24.1.1/sub-INET109/ses-3/func/FD_outputs/sub-INET109_ses-3_task-rest_run-04_desc-tmask_fFD.txt,sub-INET109_ses-3_task-rest_run-04_desc-tmask_fFD.txt,237,0,0
sub-INET109,ses-3,task-rest,run-05,sub-INET109_ses-3_task-rest_run-05_bold.nii.gz,0,,,2.0,include,/gpfs/research/grattonlab/iNetworks/Nifti/derivatives/preproc_fmriprep-24.1.1/sub-INET109/ses-3/func/FD_outputs/sub-INET109_ses-3_task-rest_run-05_desc-tmask_fFD.txt,sub-INET109_ses-3_task-rest_run-05_desc-tmask_fFD.txt,264,0,0
sub-INET109,ses-3,task-rest,run-06,sub-INET109_ses-3_task-rest_run-06_bold.nii.gz,0,,,2.0,include,/gpfs/research/grattonlab/iNetworks/Nifti/derivatives/preproc_fmriprep-24.1.1/sub-INET109/ses-3/func/FD_outputs/sub-INET109_ses-3_task-rest_run-06_desc-tmask_fFD.txt,sub-INET109_ses-3_task-rest_run-06_desc-tmask_fFD.txt,253,0,0
sub-INET109,ses-3,task-rest,run-07,sub-INET109_ses-3_task-rest_run-07_bold.nii.gz,0,,,2.0,include,/gpfs/research/grattonlab/iNetworks/Nifti/derivatives/preproc_fmriprep-24.1.1/sub-INET109/ses-3/func/FD_outputs/sub-INET109_ses-3_task-rest_run-07_desc-tmask_fFD.txt,sub-INET109_ses-3_task-rest_run-07_desc-tmask_fFD.txt,236,0,0
sub-INET109,ses-3,task-rest,run-08,sub-INET109_ses-3_task-rest_run-08_bold.nii.gz,0,,,1.0,include,/gpfs/research/grattonlab/iNetworks/Nifti/derivatives/preproc_fmriprep-24.1.1/sub-INET109/ses-3/func/FD_outputs/sub-INET109_ses-3_task-rest_run-08_desc-tmask_fFD.txt,sub-INET109_ses-3_task-rest_run-08_desc-tmask_fFD.txt,249,0,0
sub-INET109,ses-4,task-rest,run-01,sub-INET109_ses-4_task-rest_run-01_bold.nii.gz,0,,,2.0,include,/gpfs/research/grattonlab/iNetworks/Nifti/derivatives/preproc_fmriprep-24.1.1/sub-INET109/ses-4/func/FD_outputs/sub-INET109_ses-4_task-rest_run-01_desc-tmask_fFD.txt,sub-INET109_ses-4_task-rest_run-01_desc-tmask_fFD.txt,261,0,0
sub-INET109,ses-4,task-rest,run-06,sub-INET109_ses-4_task-rest_run-06_bold.nii.gz,0,,,3.0,include,/gpfs/research/grattonlab/iNetworks/Nifti/derivatives/preproc_fmriprep-24.1.1/sub-INET109/ses-4/func/FD_outputs/sub-INET109_ses-4_task-rest_run-06_desc-tmask_fFD.txt,sub-INET109_ses-4_task-rest_run-06_desc-tmask_fFD.txt,158,0,0
sub-INET109,ses-4,task-rest,run-07,sub-INET109_ses-4_task-rest_run-07_bold.nii.gz,0,,,3.0,include,/gpfs/research/grattonlab/iNetworks/Nifti/derivatives/preproc_fmriprep-24.1.1/sub-INET109/ses-4/func/FD_outputs/sub-INET109_ses-4_task-rest_run-07_desc-tmask_fFD.txt,sub-INET109_ses-4_task-rest_run-07_desc-tmask_fFD.txt,143,0,0
sub-INET109,ses-4,task-rest,run-08,sub-INET109_ses-4_task-rest_run-08_bold.nii.gz,0,,,3.0,include,/gpfs/research/grattonlab/iNetworks/Nifti/derivatives/preproc_fmriprep-24.1.1/sub-INET109/ses-4/func/FD_outputs/sub-INET109_ses-4_task-rest_run-08_desc-tmask_fFD.txt,sub-INET109_ses-4_task-rest_run-08_desc-tmask_fFD.txt,201,0,0
sub-INET110,ses-1,task-rest,run-01,sub-INET110_ses-1_task-rest_run-01_bold.nii.gz,0,,,3.0,include,/gpfs/research/grattonlab/iNetworks/Nifti/derivatives/preproc_fmriprep-24.1.1/sub-INET110/ses-1/func/FD_outputs/sub-INET110_ses-1_task-rest_run-01_desc-tmask_fFD.txt,sub-INET110_ses-1_task-rest_run-01_desc-tmask_fFD.txt,262,0,0
sub-INET110,ses-1,task-rest,run-02,sub-INET110_ses-1_task-rest_run-02_bold.nii.gz,0,,,3.0,include,/gpfs/research/grattonlab/iNetworks/Nifti/derivatives/preproc_fmriprep-24.1.1/sub-INET110/ses-1/func/FD_outputs/sub-INET110_ses-1_task-rest_run-02_desc-tmask_fFD.txt,sub-INET110_ses-1_task-rest_run-02_desc-tmask_fFD.txt,253,0,0
sub-INET110,ses-1,task-rest,run-07,sub-INET110_ses-1_task-rest_run-07_bold.nii.gz,0,,,3.0,include,/gpfs/research/grattonlab/iNetworks/Nifti/derivatives/preproc_fmriprep-24.1.1/sub-INET110/ses-1/func/FD_outputs/sub-INET110_ses-1_task-rest_run-07_desc-tmask_fFD.txt,sub-INET110_ses-1_task-rest_run-07_desc-tmask_fFD.txt,251,0,0
sub-INET110,ses-2,task-rest,run-01,sub-INET110_ses-2_task-rest_run-01_bold.nii.gz,0,,,2.0,include,/gpfs/research/grattonlab/iNetworks/Nifti/derivatives/preproc_fmriprep-24.1.1/sub-INET110/ses-2/func/FD_outputs/sub-INET110_ses-2_task-rest_run-01_desc-tmask_fFD.txt,sub-INET110_ses-2_task-rest_run-01_desc-tmask_fFD.txt,264,0,0
sub-INET110,ses-2,task-rest,run-03,sub-INET110_ses-2_task-rest_run-03_bold.nii.gz,0,,,3.0,include,/gpfs/research/grattonlab/iNetworks/Nifti/derivatives/preproc_fmriprep-24.1.1/sub-INET110/ses-2/func/FD_outputs/sub-INET110_ses-2_task-rest_run-03_desc-tmask_fFD.txt,sub-INET110_ses-2_task-rest_run-03_desc-tmask_fFD.txt,260,0,0
sub-INET110,ses-2,task-rest,run-04,sub-INET110_ses-2_task-rest_run-04_bold.nii.gz,0,,,3.0,include,/gpfs/research/grattonlab/iNetworks/Nifti/derivatives/preproc_fmriprep-24.1.1/sub-INET110/ses-2/func/FD_outputs/sub-INET110_ses-2_task-rest_run-04_desc-tmask_fFD.txt,sub-INET110_ses-2_task-rest_run-04_desc-tmask_fFD.txt,254,0,0
sub-INET110,ses-2,task-rest,run-05,sub-INET110_ses-2_task-rest_run-05_bold.nii.gz,0,,,3.0,include,/gpfs/research/grattonlab/iNetworks/Nifti/derivatives/preproc_fmriprep-24.1.1/sub-INET110/ses-2/func/FD_outputs/sub-INET110_ses-2_task-rest_run-05_desc-tmask_fFD.txt,sub-INET110_ses-2_task-rest_run-05_desc-tmask_fFD.txt,195,0,0
sub-INET110,ses-2,task-rest,run-06,sub-INET110_ses-2_task-rest_run-06_bold.nii.gz,0,,,2.0,include,/gpfs/research/grattonlab/iNetworks/Nifti/derivatives/preproc_fmriprep-24.1.1/sub-INET110/ses-2/func/FD_outputs/sub-INET110_ses-2_task-rest_run-06_desc-tmask_fFD.txt,sub-INET110_ses-2_task-rest_run-06_desc-tmask_fFD.txt,224,0,0
sub-INET110,ses-2,task-rest,run-07,sub-INET110_ses-2_task-rest_run-07_bold.nii.gz,0,,,2.0,include,/gpfs/research/grattonlab/iNetworks/Nifti/derivatives/preproc_fmriprep-24.1.1/sub-INET110/ses-2/func/FD_outputs/sub-INET110_ses-2_task-rest_run-07_desc-tmask_fFD.txt,sub-INET110_ses-2_task-rest_run-07_desc-tmask_fFD.txt,185,0,0
sub-INET110,ses-2,task-rest,run-08,sub-INET110_ses-2_task-rest_run-08_bold.nii.gz,0,,,2.0,include,/gpfs/research/grattonlab/iNetworks/Nifti/derivatives/preproc_fmriprep-24.1.1/sub-INET110/ses-2/func/FD_outputs/sub-INET110_ses-2_task-rest_run-08_desc-tmask_fFD.txt,sub-INET110_ses-2_task-rest_run-08_desc-tmask_fFD.txt,200,0,0
sub-INET110,ses-3,task-rest,run-01,sub-INET110_ses-3_task-rest_run-01_bold.nii.gz,0,,,1.0,include,/gpfs/research/grattonlab/iNetworks/Nifti/derivatives/preproc_fmriprep-24.1.1/sub-INET110/ses-3/func/FD_outputs/sub-INET110_ses-3_task-rest_run-01_desc-tmask_fFD.txt,sub-INET110_ses-3_task-rest_run-01_desc-tmask_fFD.txt,261,0,0
sub-INET110,ses-3,task-rest,run-02,sub-INET110_ses-3_task-rest_run-02_bold.nii.gz,0,,,1.0,include,/gpfs/research/grattonlab/iNetworks/Nifti/derivatives/preproc_fmriprep-24.1.1/sub-INET110/ses-3/func/FD_outputs/sub-INET110_ses-3_task-rest_run-02_desc-tmask_fFD.txt,sub-INET110_ses-3_task-rest_run-02_desc-tmask_fFD.txt,258,0,0
sub-INET110,ses-3,task-rest,run-03,sub-INET110_ses-3_task-rest_run-03_bold.nii.gz,0,,,1.0,include,/gpfs/research/grattonlab/iNetworks/Nifti/derivatives/preproc_fmriprep-24.1.1/sub-INET110/ses-3/func/FD_outputs/sub-INET110_ses-3_task-rest_run-03_desc-tmask_fFD.txt,sub-INET110_ses-3_task-rest_run-03_desc-tmask_fFD.txt,252,0,0
sub-INET110,ses-3,task-rest,run-04,sub-INET110_ses-3_task-rest_run-04_bold.nii.gz,0,,,1.0,include,/gpfs/research/grattonlab/iNetworks/Nifti/derivatives/preproc_fmriprep-24.1.1/sub-INET110/ses-3/func/FD_outputs/sub-INET110_ses-3_task-rest_run-04_desc-tmask_fFD.txt,sub-INET110_ses-3_task-rest_run-04_desc-tmask_fFD.txt,253,0,0
sub-INET110,ses-3,task-rest,run-05,sub-INET110_ses-3_task-rest_run-05_bold.nii.gz,0,,resp belt stopped working,2.0,include,/gpfs/research/grattonlab/iNetworks/Nifti/derivatives/preproc_fmriprep-24.1.1/sub-INET110/ses-3/func/FD_outputs/sub-INET110_ses-3_task-rest_run-05_desc-tmask_fFD.txt,sub-INET110_ses-3_task-rest_run-05_desc-tmask_fFD.txt,219,0,0
sub-INET110,ses-3,task-rest,run-06,sub-INET110_ses-3_task-rest_run-06_bold.nii.gz,0,,,1.0,include,/gpfs/research/grattonlab/iNetworks/Nifti/derivatives/preproc_fmriprep-24.1.1/sub-INET110/ses-3/func/FD_outputs/sub-INET110_ses-3_task-rest_run-06_desc-tmask_fFD.txt,sub-INET110_ses-3_task-rest_run-06_desc-tmask_fFD.txt,253,0,0
sub-INET110,ses-3,task-rest,run-07,sub-INET110_ses-3_task-rest_run-07_bold.nii.gz,0,,,1.0,include,/gpfs/research/grattonlab/iNetworks/Nifti/derivatives/preproc_fmriprep-24.1.1/sub-INET110/ses-3/func/FD_outputs/sub-INET110_ses-3_task-rest_run-07_desc-tmask_fFD.txt,sub-INET110_ses-3_task-rest_run-07_desc-tmask_fFD.txt,175,0,0
sub-INET110,ses-4,task-rest,run-01,sub-INET110_ses-4_task-rest_run-01_bold.nii.gz,0,,,2.0,include,/gpfs/research/grattonlab/iNetworks/Nifti/derivatives/preproc_fmriprep-24.1.1/sub-INET110/ses-4/func/FD_outputs/sub-INET110_ses-4_task-rest_run-01_desc-tmask_fFD.txt,sub-INET110_ses-4_task-rest_run-01_desc-tmask_fFD.txt,256,0,0
sub-INET110,ses-4,task-rest,run-02,sub-INET110_ses-4_task-rest_run-02_bold.nii.gz,0,,,2.0,include,/gpfs/research/grattonlab/iNetworks/Nifti/derivatives/preproc_fmriprep-24.1.1/sub-INET110/ses-4/func/FD_outputs/sub-INET110_ses-4_task-rest_run-02_desc-tmask_fFD.txt,sub-INET110_ses-4_task-rest_run-02_desc-tmask_fFD.txt,264,0,0
sub-INET110,ses-4,task-rest,run-06,sub-INET110_ses-4_task-rest_run-06_bold.nii.gz,0,,,2.0,include,/gpfs/research/grattonlab/iNetworks/Nifti/derivatives/preproc_fmriprep-24.1.1/sub-INET110/ses-4/func/FD_outputs/sub-INET110_ses-4_task-rest_run-06_desc-tmask_fFD.txt,sub-INET110_ses-4_task-rest_run-06_desc-tmask_fFD.txt,254,0,0
sub-INET110,ses-4,task-rest,run-07,sub-INET110_ses-4_task-rest_run-07_bold.nii.gz,0,,,1.0,include,/gpfs/research/grattonlab/iNetworks/Nifti/derivatives/preproc_fmriprep-24.1.1/sub-INET110/ses-4/func/FD_outputs/sub-INET110_ses-4_task-rest_run-07_desc-tmask_fFD.txt,sub-INET110_ses-4_task-rest_run-07_desc-tmask_fFD.txt,250,0,0
sub-INET111,ses-2,task-rest,run-01,sub-INET111_ses-2_task-rest_run-01_bold.nii.gz,0,,,3.0,include,/gpfs/research/grattonlab/iNetworks/Nifti/derivatives/preproc_fmriprep-24.1.1/sub-INET111/ses-2/func/FD_outputs/sub-INET111_ses-2_task-rest_run-01_desc-tmask_fFD.txt,sub-INET111_ses-2_task-rest_run-01_desc-tmask_fFD.txt,263,0,0
sub-INET111,ses-3,task-rest,run-01,sub-INET111_ses-3_task-rest_run-01_bold.nii.gz,0,,,3.0,include,/gpfs/research/grattonlab/iNetworks/Nifti/derivatives/preproc_fmriprep-24.1.1/sub-INET111/ses-3/func/FD_outputs/sub-INET111_ses-3_task-rest_run-01_desc-tmask_fFD.txt,sub-INET111_ses-3_task-rest_run-01_desc-tmask_fFD.txt,252,0,0
sub-INET111,ses-4,task-rest,run-01,sub-INET111_ses-4_task-rest_run-01_bold.nii.gz,0,,,3.0,include,/gpfs/research/grattonlab/iNetworks/Nifti/derivatives/preproc_fmriprep-24.1.1/sub-INET111/ses-4/func/FD_outputs/sub-INET111_ses-4_task-rest_run-01_desc-tmask_fFD.txt,sub-INET111_ses-4_task-rest_run-01_desc-tmask_fFD.txt,264,0,0
sub-INET112,ses-1,task-rest,run-01,sub-INET112_ses-1_task-rest_run-01_bold.nii.gz,0,,,3.0,include,/gpfs/research/grattonlab/iNetworks/Nifti/derivatives/preproc_fmriprep-24.1.1/sub-INET112/ses-1/func/FD_outputs/sub-INET112_ses-1_task-rest_run-01_desc-tmask_fFD.txt,sub-INET112_ses-1_task-rest_run-01_desc-tmask_fFD.txt,249,0,0
sub-INET112,ses-1,task-rest,run-02,sub-INET112_ses-1_task-rest_run-02_bold.nii.gz,0,,,3.0,include,/gpfs/research/grattonlab/iNetworks/Nifti/derivatives/preproc_fmriprep-24.1.1/sub-INET112/ses-1/func/FD_outputs/sub-INET112_ses-1_task-rest_run-02_desc-tmask_fFD.txt,sub-INET112_ses-1_task-rest_run-02_desc-tmask_fFD.txt,244,0,0
sub-INET112,ses-1,task-rest,run-03,sub-INET112_ses-1_task-rest_run-03_bold.nii.gz,0,,,3.0,include,/gpfs/research/grattonlab/iNetworks/Nifti/derivatives/preproc_fmriprep-24.1.1/sub-INET112/ses-1/func/FD_outputs/sub-INET112_ses-1_task-rest_run-03_desc-tmask_fFD.txt,sub-INET112_ses-1_task-rest_run-03_desc-tmask_fFD.txt,258,0,0
sub-INET112,ses-1,task-rest,run-04,sub-INET112_ses-1_task-rest_run-04_bold.nii.gz,0,,,3.0,include,/gpfs/research/grattonlab/iNetworks/Nifti/derivatives/preproc_fmriprep-24.1.1/sub-INET112/ses-1/func/FD_outputs/sub-INET112_ses-1_task-rest_run-04_desc-tmask_fFD.txt,sub-INET112_ses-1_task-rest_run-04_desc-tmask_fFD.txt,252,0,0
sub-INET112,ses-1,task-rest,run-05,sub-INET112_ses-1_task-rest_run-05_bold.nii.gz,0,,,3.0,include,/gpfs/research/grattonlab/iNetworks/Nifti/derivatives/preproc_fmriprep-24.1.1/sub-INET112/ses-1/func/FD_outputs/sub-INET112_ses-1_task-rest_run-05_desc-tmask_fFD.txt,sub-INET112_ses-1_task-rest_run-05_desc-tmask_fFD.txt,193,0,0
sub-INET112,ses-1,task-rest,run-06,sub-INET112_ses-1_task-rest_run-06_bold.nii.gz,0,,,3.0,include,/gpfs/research/grattonlab/iNetworks/Nifti/derivatives/preproc_fmriprep-24.1.1/sub-INET112/ses-1/func/FD_outputs/sub-INET112_ses-1_task-rest_run-06_desc-tmask_fFD.txt,sub-INET112_ses-1_task-rest_run-06_desc-tmask_fFD.txt,264,0,0
sub-INET112,ses-2,task-rest,run-01,sub-INET112_ses-2_task-rest_run-01_bold.nii.gz,0,,,2.0,include,/gpfs/research/grattonlab/iNetworks/Nifti/derivatives/preproc_fmriprep-24.1.1/sub-INET112/ses-2/func/FD_outputs/sub-INET112_ses-2_task-rest_run-01_desc-tmask_fFD.txt,sub-INET112_ses-2_task-rest_run-01_desc-tmask_fFD.txt,264,0,0
sub-INET112,ses-2,task-rest,run-02,sub-INET112_ses-2_task-rest_run-02_bold.nii.gz,0,,,3.0,include,/gpfs/research/grattonlab/iNetworks/Nifti/derivatives/preproc_fmriprep-24.1.1/sub-INET112/ses-2/func/FD_outputs/sub-INET112_ses-2_task-rest_run-02_desc-tmask_fFD.txt,sub-INET112_ses-2_task-rest_run-02_desc-tmask_fFD.txt,253,0,0
sub-INET112,ses-2,task-rest,run-03,sub-INET112_ses-2_task-rest_run-03_bold.nii.gz,0,,,3.0,include,/gpfs/research/grattonlab/iNetworks/Nifti/derivatives/preproc_fmriprep-24.1.1/sub-INET112/ses-2/func/FD_outputs/sub-INET112_ses-2_task-rest_run-03_desc-tmask_fFD.txt,sub-INET112_ses-2_task-rest_run-03_desc-tmask_fFD.txt,241,0,0
sub-INET112,ses-2,task-rest,run-04,sub-INET112_ses-2_task-rest_run-04_bold.nii.gz,0,,,3.0,include,/gpfs/research/grattonlab/iNetworks/Nifti/derivatives/preproc_fmriprep-24.1.1/sub-INET112/ses-2/func/FD_outputs/sub-INET112_ses-2_task-rest_run-04_desc-tmask_fFD.txt,sub-INET112_ses-2_task-rest_run-04_desc-tmask_fFD.txt,239,0,0
sub-INET112,ses-2,task-rest,run-05,sub-INET112_ses-2_task-rest_run-05_bold.nii.gz,0,,,3.0,include,/gpfs/research/grattonlab/iNetworks/Nifti/derivatives/preproc_fmriprep-24.1.1/sub-INET112/ses-2/func/FD_outputs/sub-INET112_ses-2_task-rest_run-05_desc-tmask_fFD.txt,sub-INET112_ses-2_task-rest_run-05_desc-tmask_fFD.txt,244,0,0
sub-INET112,ses-2,task-rest,run-06,sub-INET112_ses-2_task-rest_run-06_bold.nii.gz,0,,,3.0,include,/gpfs/research/grattonlab/iNetworks/Nifti/derivatives/preproc_fmriprep-24.1.1/sub-INET112/ses-2/func/FD_outputs/sub-INET112_ses-2_task-rest_run-06_desc-tmask_fFD.txt,sub-INET112_ses-2_task-rest_run-06_desc-tmask_fFD.txt,254,0,0
sub-INET112,ses-2,task-rest,run-07,sub-INET112_ses-2_task-rest_run-07_bold.nii.gz,0,,,2.0,include,/gpfs/research/grattonlab/iNetworks/Nifti/derivatives/preproc_fmriprep-24.1.1/sub-INET112/ses-2/func/FD_outputs/sub-INET112_ses-2_task-rest_run-07_desc-tmask_fFD.txt,sub-INET112_ses-2_task-rest_run-07_desc-tmask_fFD.txt,248,0,0
sub-INET112,ses-3,task-rest,run-01,sub-INET112_ses-3_task-rest_run-01_bold.nii.gz,0,,,2.0,include,/gpfs/research/grattonlab/iNetworks/Nifti/derivatives/preproc_fmriprep-24.1.1/sub-INET112/ses-3/func/FD_outputs/sub-INET112_ses-3_task-rest_run-01_desc-tmask_fFD.txt,sub-INET112_ses-3_task-rest_run-01_desc-tmask_fFD.txt,214,0,0
sub-INET112,ses-3,task-rest,run-02,sub-INET112_ses-3_task-rest_run-02_bold.nii.gz,0,,,2.0,include,/gpfs/research/grattonlab/iNetworks/Nifti/derivatives/preproc_fmriprep-24.1.1/sub-INET112/ses-3/func/FD_outputs/sub-INET112_ses-3_task-rest_run-02_desc-tmask_fFD.txt,sub-INET112_ses-3_task-rest_run-02_desc-tmask_fFD.txt,259,0,0
sub-INET112,ses-3,task-rest,run-03,sub-INET112_ses-3_task-rest_run-03_bold.nii.gz,0,,,3.0,include,/gpfs/research/grattonlab/iNetworks/Nifti/derivatives/preproc_fmriprep-24.1.1/sub-INET112/ses-3/func/FD_outputs/sub-INET112_ses-3_task-rest_run-03_desc-tmask_fFD.txt,sub-INET112_ses-3_task-rest_run-03_desc-tmask_fFD.txt,249,0,0
sub-INET112,ses-3,task-rest,run-04,sub-INET112_ses-3_task-rest_run-04_bold.nii.gz,0,,new fieldmap starts here !!,2.0,include,/gpfs/research/grattonlab/iNetworks/Nifti/derivatives/preproc_fmriprep-24.1.1/sub-INET112/ses-3/func/FD_outputs/sub-INET112_ses-3_task-rest_run-04_desc-tmask_fFD.txt,sub-INET112_ses-3_task-rest_run-04_desc-tmask_fFD.txt,263,0,0
sub-INET112,ses-3,task-rest,run-05,sub-INET112_ses-3_task-rest_run-05_bold.nii.gz,0,,,3.0,include,/gpfs/research/grattonlab/iNetworks/Nifti/derivatives/preproc_fmriprep-24.1.1/sub-INET112/ses-3/func/FD_outputs/sub-INET112_ses-3_task-rest_run-05_desc-tmask_fFD.txt,sub-INET112_ses-3_task-rest_run-05_desc-tmask_fFD.txt,247,0,0
sub-INET112,ses-3,task-rest,run-07,sub-INET112_ses-3_task-rest_run-07_bold.nii.gz,0,,,2.0,include,/gpfs/research/grattonlab/iNetworks/Nifti/derivatives/preproc_fmriprep-24.1.1/sub-INET112/ses-3/func/FD_outputs/sub-INET112_ses-3_task-rest_run-07_desc-tmask_fFD.txt,sub-INET112_ses-3_task-rest_run-07_desc-tmask_fFD.txt,264,0,0
sub-INET112,ses-4,task-rest,run-01,sub-INET112_ses-4_task-rest_run-01_bold.nii.gz,0,,,2.0,include,/gpfs/research/grattonlab/iNetworks/Nifti/derivatives/preproc_fmriprep-24.1.1/sub-INET112/ses-4/func/FD_outputs/sub-INET112_ses-4_task-rest_run-01_desc-tmask_fFD.txt,sub-INET112_ses-4_task-rest_run-01_desc-tmask_fFD.txt,263,0,0
sub-INET112,ses-4,task-rest,run-02,sub-INET112_ses-4_task-rest_run-02_bold.nii.gz,0,,,2.0,include,/gpfs/research/grattonlab/iNetworks/Nifti/derivatives/preproc_fmriprep-24.1.1/sub-INET112/ses-4/func/FD_outputs/sub-INET112_ses-4_task-rest_run-02_desc-tmask_fFD.txt,sub-INET112_ses-4_task-rest_run-02_desc-tmask_fFD.txt,265,0,0
sub-INET112,ses-4,task-rest,run-04,sub-INET112_ses-4_task-rest_run-04_bold.nii.gz,0,,,2.0,include,/gpfs/research/grattonlab/iNetworks/Nifti/derivatives/preproc_fmriprep-24.1.1/sub-INET112/ses-4/func/FD_outputs/sub-INET112_ses-4_task-rest_run-04_desc-tmask_fFD.txt,sub-INET112_ses-4_task-rest_run-04_desc-tmask_fFD.txt,255,0,0
sub-INET112,ses-4,task-rest,run-05,sub-INET112_ses-4_task-rest_run-05_bold.nii.gz,0,,,2.0,include,/gpfs/research/grattonlab/iNetworks/Nifti/derivatives/preproc_fmriprep-24.1.1/sub-INET112/ses-4/func/FD_outputs/sub-INET112_ses-4_task-rest_run-05_desc-tmask_fFD.txt,sub-INET112_ses-4_task-rest_run-05_desc-tmask_fFD.txt,250,0,0
sub-INET112,ses-4,task-rest,run-06,sub-INET112_ses-4_task-rest_run-06_bold.nii.gz,0,,,3.0,include,/gpfs/research/grattonlab/iNetworks/Nifti/derivatives/preproc_fmriprep-24.1.1/sub-INET112/ses-4/func/FD_outputs/sub-INET112_ses-4_task-rest_run-06_desc-tmask_fFD.txt,sub-INET112_ses-4_task-rest_run-06_desc-tmask_fFD.txt,245,0,0
sub-INET112,ses-4,task-rest,run-07,sub-INET112_ses-4_task-rest_run-07_bold.nii.gz,0,,,2.0,include,/gpfs/research/grattonlab/iNetworks/Nifti/derivatives/preproc_fmriprep-24.1.1/sub-INET112/ses-4/func/FD_outputs/sub-INET112_ses-4_task-rest_run-07_desc-tmask_fFD.txt,sub-INET112_ses-4_task-rest_run-07_desc-tmask_fFD.txt,255,0,0
sub-INET112,ses-4,task-rest,run-08,sub-INET112_ses-4_task-rest_run-08_bold.nii.gz,0,,,3.0,include,/gpfs/research/grattonlab/iNetworks/Nifti/derivatives/preproc_fmriprep-24.1.1/sub-INET112/ses-4/func/FD_outputs/sub-INET112_ses-4_task-rest_run-08_desc-tmask_fFD.txt,sub-INET112_ses-4_task-rest_run-08_desc-tmask_fFD.txt,263,0,0
sub-INET114,ses-1,task-rest,run-01,sub-INET114_ses-1_task-rest_run-01_bold.nii.gz,0,,,2.0,include,/gpfs/research/grattonlab/iNetworks/Nifti/derivatives/preproc_fmriprep-24.1.1/sub-INET114/ses-1/func/FD_outputs/sub-INET114_ses-1_task-rest_run-01_desc-tmask_fFD.txt,sub-INET114_ses-1_task-rest_run-01_desc-tmask_fFD.txt,229,0,0
sub-INET114,ses-1,task-rest,run-02,sub-INET114_ses-1_task-rest_run-02_bold.nii.gz,0,,,2.0,include,/gpfs/research/grattonlab/iNetworks/Nifti/derivatives/preproc_fmriprep-24.1.1/sub-INET114/ses-1/func/FD_outputs/sub-INET114_ses-1_task-rest_run-02_desc-tmask_fFD.txt,sub-INET114_ses-1_task-rest_run-02_desc-tmask_fFD.txt,248,0,0
sub-INET114,ses-1,task-rest,run-03,sub-INET114_ses-1_task-rest_run-03_bold.nii.gz,0,,,3.0,include,/gpfs/research/grattonlab/iNetworks/Nifti/derivatives/preproc_fmriprep-24.1.1/sub-INET114/ses-1/func/FD_outputs/sub-INET114_ses-1_task-rest_run-03_desc-tmask_fFD.txt,sub-INET114_ses-1_task-rest_run-03_desc-tmask_fFD.txt,182,0,0
sub-INET114,ses-1,task-rest,run-04,sub-INET114_ses-1_task-rest_run-04_bold.nii.gz,0,,,3.0,include,/gpfs/research/grattonlab/iNetworks/Nifti/derivatives/preproc_fmriprep-24.1.1/sub-INET114/ses-1/func/FD_outputs/sub-INET114_ses-1_task-rest_run-04_desc-tmask_fFD.txt,sub-INET114_ses-1_task-rest_run-04_desc-tmask_fFD.txt,201,0,0
sub-INET114,ses-1,task-rest,run-05,sub-INET114_ses-1_task-rest_run-05_bold.nii.gz,0,,,3.0,include,/gpfs/research/grattonlab/iNetworks/Nifti/derivatives/preproc_fmriprep-24.1.1/sub-INET114/ses-1/func/FD_outputs/sub-INET114_ses-1_task-rest_run-05_desc-tmask_fFD.txt,sub-INET114_ses-1_task-rest_run-05_desc-tmask_fFD.txt,136,0,0
sub-INET114,ses-3,task-rest,run-01,sub-INET114_ses-3_task-rest_run-01_bold.nii.gz,0,,,2.0,include,/gpfs/research/grattonlab/iNetworks/Nifti/derivatives/preproc_fmriprep-24.1.1/sub-INET114/ses-3/func/FD_outputs/sub-INET114_ses-3_task-rest_run-01_desc-tmask_fFD.txt,sub-INET114_ses-3_task-rest_run-01_desc-tmask_fFD.txt,227,0,0
sub-INET114,ses-3,task-rest,run-02,sub-INET114_ses-3_task-rest_run-02_bold.nii.gz,0,,,2.0,include,/gpfs/research/grattonlab/iNetworks/Nifti/derivatives/preproc_fmriprep-24.1.1/sub-INET114/ses-3/func/FD_outputs/sub-INET114_ses-3_task-rest_run-02_desc-tmask_fFD.txt,sub-INET114_ses-3_task-rest_run-02_desc-tmask_fFD.txt,256,0,0
sub-INET114,ses-3,task-rest,run-04,sub-INET114_ses-3_task-rest_run-04_bold.nii.gz,0,,,3.0,include,/gpfs/research/grattonlab/iNetworks/Nifti/derivatives/preproc_fmriprep-24.1.1/sub-INET114/ses-3/func/FD_outputs/sub-INET114_ses-3_task-rest_run-04_desc-tmask_fFD.txt,sub-INET114_ses-3_task-rest_run-04_desc-tmask_fFD.txt,205,0,0
sub-INET114,ses-4,task-rest,run-01,sub-INET114_ses-4_task-rest_run-01_bold.nii.gz,0,,,3.0,include,/gpfs/research/grattonlab/iNetworks/Nifti/derivatives/preproc_fmriprep-24.1.1/sub-INET114/ses-4/func/FD_outputs/sub-INET114_ses-4_task-rest_run-01_desc-tmask_fFD.txt,sub-INET114_ses-4_task-rest_run-01_desc-tmask_fFD.txt,193,0,0
sub-INET114,ses-4,task-rest,run-04,sub-INET114_ses-4_task-rest_run-04_bold.nii.gz,0,,,3.0,include,/gpfs/research/grattonlab/iNetworks/Nifti/derivatives/preproc_fmriprep-24.1.1/sub-INET114/ses-4/func/FD_outputs/sub-INET114_ses-4_task-rest_run-04_desc-tmask_fFD.txt,sub-INET114_ses-4_task-rest_run-04_desc-tmask_fFD.txt,228,0,0
sub-INET114,ses-4,task-rest,run-07,sub-INET114_ses-4_task-rest_run-07_bold.nii.gz,0,,,3.0,include,/gpfs/research/grattonlab/iNetworks/Nifti/derivatives/preproc_fmriprep-24.1.1/sub-INET114/ses-4/func/FD_outputs/sub-INET114_ses-4_task-rest_run-07_desc-tmask_fFD.txt,sub-INET114_ses-4_task-rest_run-07_desc-tmask_fFD.txt,197,0,0
sub-INET114,ses-4,task-rest,run-08,sub-INET114_ses-4_task-rest_run-08_bold.nii.gz,0,,,3.0,include,/gpfs/research/grattonlab/iNetworks/Nifti/derivatives/preproc_fmriprep-24.1.1/sub-INET114/ses-4/func/FD_outputs/sub-INET114_ses-4_task-rest_run-08_desc-tmask_fFD.txt,sub-INET114_ses-4_task-rest_run-08_desc-tmask_fFD.txt,211,0,0
sub-INET115,ses-1,task-rest,run-01,sub-INET115_ses-1_task-rest_run-01_bold.nii.gz,0,,,2.0,include,/gpfs/research/grattonlab/iNetworks/Nifti/derivatives/preproc_fmriprep-24.1.1/sub-INET115/ses-1/func/FD_outputs/sub-INET115_ses-1_task-rest_run-01_desc-tmask_fFD.txt,sub-INET115_ses-1_task-rest_run-01_desc-tmask_fFD.txt,235,0,0
sub-INET115,ses-1,task-rest,run-02,sub-INET115_ses-1_task-rest_run-02_bold.nii.gz,0,,,2.0,include,/gpfs/research/grattonlab/iNetworks/Nifti/derivatives/preproc_fmriprep-24.1.1/sub-INET115/ses-1/func/FD_outputs/sub-INET115_ses-1_task-rest_run-02_desc-tmask_fFD.txt,sub-INET115_ses-1_task-rest_run-02_desc-tmask_fFD.txt,250,0,0
sub-INET115,ses-1,task-rest,run-03,sub-INET115_ses-1_task-rest_run-03_bold.nii.gz,0,,,3.0,include,/gpfs/research/grattonlab/iNetworks/Nifti/derivatives/preproc_fmriprep-24.1.1/sub-INET115/ses-1/func/FD_outputs/sub-INET115_ses-1_task-rest_run-03_desc-tmask_fFD.txt,sub-INET115_ses-1_task-rest_run-03_desc-tmask_fFD.txt,221,0,0
sub-INET115,ses-1,task-rest,run-04,sub-INET115_ses-1_task-rest_run-04_bold.nii.gz,0,,,3.0,include,/gpfs/research/grattonlab/iNetworks/Nifti/derivatives/preproc_fmriprep-24.1.1/sub-INET115/ses-1/func/FD_outputs/sub-INET115_ses-1_task-rest_run-04_desc-tmask_fFD.txt,sub-INET115_ses-1_task-rest_run-04_desc-tmask_fFD.txt,215,0,0
sub-INET115,ses-1,task-rest,run-05,sub-INET115_ses-1_task-rest_run-05_bold.nii.gz,0,,,3.0,include,/gpfs/research/grattonlab/iNetworks/Nifti/derivatives/preproc_fmriprep-24.1.1/sub-INET115/ses-1/func/FD_outputs/sub-INET115_ses-1_task-rest_run-05_desc-tmask_fFD.txt,sub-INET115_ses-1_task-rest_run-05_desc-tmask_fFD.txt,259,0,0
sub-INET115,ses-1,task-rest,run-06,sub-INET115_ses-1_task-rest_run-06_bold.nii.gz,0,,,3.0,include,/gpfs/research/grattonlab/iNetworks/Nifti/derivatives/preproc_fmriprep-24.1.1/sub-INET115/ses-1/func/FD_outputs/sub-INET115_ses-1_task-rest_run-06_desc-tmask_fFD.txt,sub-INET115_ses-1_task-rest_run-06_desc-tmask_fFD.txt,256,0,0
sub-INET115,ses-1,task-rest,run-07,sub-INET115_ses-1_task-rest_run-07_bold.nii.gz,0,,,3.0,include,/gpfs/research/grattonlab/iNetworks/Nifti/derivatives/preproc_fmriprep-24.1.1/sub-INET115/ses-1/func/FD_outputs/sub-INET115_ses-1_task-rest_run-07_desc-tmask_fFD.txt,sub-INET115_ses-1_task-rest_run-07_desc-tmask_fFD.txt,256,0,0
sub-INET115,ses-1,task-rest,run-08,sub-INET115_ses-1_task-rest_run-08_bold.nii.gz,0,,,3.0,include,/gpfs/research/grattonlab/iNetworks/Nifti/derivatives/preproc_fmriprep-24.1.1/sub-INET115/ses-1/func/FD_outputs/sub-INET115_ses-1_task-rest_run-08_desc-tmask_fFD.txt,sub-INET115_ses-1_task-rest_run-08_desc-tmask_fFD.txt,259,0,0
sub-INET115,ses-2,task-rest,run-01,sub-INET115_ses-2_task-rest_run-01_bold.nii.gz,0,,,2.0,include,/gpfs/research/grattonlab/iNetworks/Nifti/derivatives/preproc_fmriprep-24.1.1/sub-INET115/ses-2/func/FD_outputs/sub-INET115_ses-2_task-rest_run-01_desc-tmask_fFD.txt,sub-INET115_ses-2_task-rest_run-01_desc-tmask_fFD.txt,262,0,0
sub-INET115,ses-2,task-rest,run-02,sub-INET115_ses-2_task-rest_run-02_bold.nii.gz,0,,,3.0,include,/gpfs/research/grattonlab/iNetworks/Nifti/derivatives/preproc_fmriprep-24.1.1/sub-INET115/ses-2/func/FD_outputs/sub-INET115_ses-2_task-rest_run-02_desc-tmask_fFD.txt,sub-INET115_ses-2_task-rest_run-02_desc-tmask_fFD.txt,263,0,0
sub-INET115,ses-2,task-rest,run-03,sub-INET115_ses-2_task-rest_run-03_bold.nii.gz,0,,,3.0,include,/gpfs/research/grattonlab/iNetworks/Nifti/derivatives/preproc_fmriprep-24.1.1/sub-INET115/ses-2/func/FD_outputs/sub-INET115_ses-2_task-rest_run-03_desc-tmask_fFD.txt,sub-INET115_ses-2_task-rest_run-03_desc-tmask_fFD.txt,263,0,0
sub-INET115,ses-2,task-rest,run-04,sub-INET115_ses-2_task-rest_run-04_bold.nii.gz,0,,,3.0,include,/gpfs/research/grattonlab/iNetworks/Nifti/derivatives/preproc_fmriprep-24.1.1/sub-INET115/ses-2/func/FD_outputs/sub-INET115_ses-2_task-rest_run-04_desc-tmask_fFD.txt,sub-INET115_ses-2_task-rest_run-04_desc-tmask_fFD.txt,262,0,0
sub-INET115,ses-2,task-rest,run-06,sub-INET115_ses-2_task-rest_run-06_bold.nii.gz,0,,,3.0,include,/gpfs/research/grattonlab/iNetworks/Nifti/derivatives/preproc_fmriprep-24.1.1/sub-INET115/ses-2/func/FD_outputs/sub-INET115_ses-2_task-rest_run-06_desc-tmask_fFD.txt,sub-INET115_ses-2_task-rest_run-06_desc-tmask_fFD.txt,263,0,0
sub-INET115,ses-2,task-rest,run-07,sub-INET115_ses-2_task-rest_run-07_bold.nii.gz,0,,,3.0,include,/gpfs/research/grattonlab/iNetworks/Nifti/derivatives/preproc_fmriprep-24.1.1/sub-INET115/ses-2/func/FD_outputs/sub-INET115_ses-2_task-rest_run-07_desc-tmask_fFD.txt,sub-INET115_ses-2_task-rest_run-07_desc-tmask_fFD.txt,263,0,0
sub-INET115,ses-3,task-rest,run-06,sub-INET115_ses-3_task-rest_run-06_bold.nii.gz,0,,,3.0,include,/gpfs/research/grattonlab/iNetworks/Nifti/derivatives/preproc_fmriprep-24.1.1/sub-INET115/ses-3/func/FD_outputs/sub-INET115_ses-3_task-rest_run-06_desc-tmask_fFD.txt,sub-INET115_ses-3_task-rest_run-06_desc-tmask_fFD.txt,263,0,0
sub-INET115,ses-4,task-rest,run-01,sub-INET115_ses-4_task-rest_run-01_bold.nii.gz,0,,,2.0,include,/gpfs/research/grattonlab/iNetworks/Nifti/derivatives/preproc_fmriprep-24.1.1/sub-INET115/ses-4/func/FD_outputs/sub-INET115_ses-4_task-rest_run-01_desc-tmask_fFD.txt,sub-INET115_ses-4_task-rest_run-01_desc-tmask_fFD.txt,255,0,0
sub-INET115,ses-4,task-rest,run-02,sub-INET115_ses-4_task-rest_run-02_bold.nii.gz,0,,,2.0,include,/gpfs/research/grattonlab/iNetworks/Nifti/derivatives/preproc_fmriprep-24.1.1/sub-INET115/ses-4/func/FD_outputs/sub-INET115_ses-4_task-rest_run-02_desc-tmask_fFD.txt,sub-INET115_ses-4_task-rest_run-02_desc-tmask_fFD.txt,257,0,0
sub-INET115,ses-4,task-rest,run-05,sub-INET115_ses-4_task-rest_run-05_bold.nii.gz,0,,,3.0,include,/gpfs/research/grattonlab/iNetworks/Nifti/derivatives/preproc_fmriprep-24.1.1/sub-INET115/ses-4/func/FD_outputs/sub-INET115_ses-4_task-rest_run-05_desc-tmask_fFD.txt,sub-INET115_ses-4_task-rest_run-05_desc-tmask_fFD.txt,263,0,0
sub-INET115,ses-4,task-rest,run-06,sub-INET115_ses-4_task-rest_run-06_bold.nii.gz,0,,,3.0,include,/gpfs/research/grattonlab/iNetworks/Nifti/derivatives/preproc_fmriprep-24.1.1/sub-INET115/ses-4/func/FD_outputs/sub-INET115_ses-4_task-rest_run-06_desc-tmask_fFD.txt,sub-INET115_ses-4_task-rest_run-06_desc-tmask_fFD.txt,258,0,0
sub-INET115,ses-4,task-rest,run-07,sub-INET115_ses-4_task-rest_run-07_bold.nii.gz,0,,,3.0,include,/gpfs/research/grattonlab/iNetworks/Nifti/derivatives/preproc_fmriprep-24.1.1/sub-INET115/ses-4/func/FD_outputs/sub-INET115_ses-4_task-rest_run-07_desc-tmask_fFD.txt,sub-INET115_ses-4_task-rest_run-07_desc-tmask_fFD.txt,262,0,0
sub-INET116,ses-2,task-rest,run-01,sub-INET116_ses-2_task-rest_run-01_bold.nii.gz,0,,,3.0,include,/gpfs/research/grattonlab/iNetworks/Nifti/derivatives/preproc_fmriprep-24.1.1/sub-INET116/ses-2/func/FD_outputs/sub-INET116_ses-2_task-rest_run-01_desc-tmask_fFD.txt,sub-INET116_ses-2_task-rest_run-01_desc-tmask_fFD.txt,226,0,0
sub-INET116,ses-2,task-rest,run-08,sub-INET116_ses-2_task-rest_run-08_bold.nii.gz,0,,,3.0,include,/gpfs/research/grattonlab/iNetworks/Nifti/derivatives/preproc_fmriprep-24.1.1/sub-INET116/ses-2/func/FD_outputs/sub-INET116_ses-2_task-rest_run-08_desc-tmask_fFD.txt,sub-INET116_ses-2_task-rest_run-08_desc-tmask_fFD.txt,207,0,0
sub-INET116,ses-3,task-rest,run-01,sub-INET116_ses-3_task-rest_run-01_bold.nii.gz,0,,,3.0,include,/gpfs/research/grattonlab/iNetworks/Nifti/derivatives/preproc_fmriprep-24.1.1/sub-INET116/ses-3/func/FD_outputs/sub-INET116_ses-3_task-rest_run-01_desc-tmask_fFD.txt,sub-INET116_ses-3_task-rest_run-01_desc-tmask_fFD.txt,195,0,0
sub-INET120,ses-1,task-rest,run-01,sub-INET120_ses-1_task-rest_run-01_bold.nii.gz,0,,,3.0,include,/gpfs/research/grattonlab/iNetworks/Nifti/derivatives/preproc_fmriprep-24.1.1/sub-INET120/ses-1/func/FD_outputs/sub-INET120_ses-1_task-rest_run-01_desc-tmask_fFD.txt,sub-INET120_ses-1_task-rest_run-01_desc-tmask_fFD.txt,264,0,0
sub-INET120,ses-1,task-rest,run-02,sub-INET120_ses-1_task-rest_run-02_bold.nii.gz,0,,,3.0,include,/gpfs/research/grattonlab/iNetworks/Nifti/derivatives/preproc_fmriprep-24.1.1/sub-INET120/ses-1/func/FD_outputs/sub-INET120_ses-1_task-rest_run-02_desc-tmask_fFD.txt,sub-INET120_ses-1_task-rest_run-02_desc-tmask_fFD.txt,262,0,0
sub-INET120,ses-2,task-rest,run-01,sub-INET120_ses-2_task-rest_run-01_bold.nii.gz,0,,,2.0,include,/gpfs/research/grattonlab/iNetworks/Nifti/derivatives/preproc_fmriprep-24.1.1/sub-INET120/ses-2/func/FD_outputs/sub-INET120_ses-2_task-rest_run-01_desc-tmask_fFD.txt,sub-INET120_ses-2_task-rest_run-01_desc-tmask_fFD.txt,263,0,0
sub-INET120,ses-2,task-rest,run-02,sub-INET120_ses-2_task-rest_run-02_bold.nii.gz,0,,,3.0,include,/gpfs/research/grattonlab/iNetworks/Nifti/derivatives/preproc_fmriprep-24.1.1/sub-INET120/ses-2/func/FD_outputs/sub-INET120_ses-2_task-rest_run-02_desc-tmask_fFD.txt,sub-INET120_ses-2_task-rest_run-02_desc-tmask_fFD.txt,264,0,0
sub-INET120,ses-2,task-rest,run-04,sub-INET120_ses-2_task-rest_run-04_bold.nii.gz,0,,,3.0,include,/gpfs/research/grattonlab/iNetworks/Nifti/derivatives/preproc_fmriprep-24.1.1/sub-INET120/ses-2/func/FD_outputs/sub-INET120_ses-2_task-rest_run-04_desc-tmask_fFD.txt,sub-INET120_ses-2_task-rest_run-04_desc-tmask_fFD.txt,255,0,0
sub-INET120,ses-2,task-rest,run-05,sub-INET120_ses-2_task-rest_run-05_bold.nii.gz,0,,,2.0,include,/gpfs/research/grattonlab/iNetworks/Nifti/derivatives/preproc_fmriprep-24.1.1/sub-INET120/ses-2/func/FD_outputs/sub-INET120_ses-2_task-rest_run-05_desc-tmask_fFD.txt,sub-INET120_ses-2_task-rest_run-05_desc-tmask_fFD.txt,183,0,0
sub-INET120,ses-2,task-rest,run-07,sub-INET120_ses-2_task-rest_run-07_bold.nii.gz,0,,,2.0,include,/gpfs/research/grattonlab/iNetworks/Nifti/derivatives/preproc_fmriprep-24.1.1/sub-INET120/ses-2/func/FD_outputs/sub-INET120_ses-2_task-rest_run-07_desc-tmask_fFD.txt,sub-INET120_ses-2_task-rest_run-07_desc-tmask_fFD.txt,199,0,0
sub-INET120,ses-2,task-rest,run-08,sub-INET120_ses-2_task-rest_run-08_bold.nii.gz,0,,,2.0,include,/gpfs/research/grattonlab/iNetworks/Nifti/derivatives/preproc_fmriprep-24.1.1/sub-INET120/ses-2/func/FD_outputs/sub-INET120_ses-2_task-rest_run-08_desc-tmask_fFD.txt,sub-INET120_ses-2_task-rest_run-08_desc-tmask_fFD.txt,224,0,0
sub-INET123,ses-1,task-rest,run-02,sub-INET123_ses-1_task-rest_run-02_bold.nii.gz,0,,,3.0,include,/gpfs/research/grattonlab/iNetworks/Nifti/derivatives/preproc_fmriprep-24.1.1/sub-INET123/ses-1/func/FD_outputs/sub-INET123_ses-1_task-rest_run-02_desc-tmask_fFD.txt,sub-INET123_ses-1_task-rest_run-02_desc-tmask_fFD.txt,213,0,0
sub-INET123,ses-1,task-rest,run-05,sub-INET123_ses-1_task-rest_run-05_bold.nii.gz,0,,,1.0,include,/gpfs/research/grattonlab/iNetworks/Nifti/derivatives/preproc_fmriprep-24.1.1/sub-INET123/ses-1/func/FD_outputs/sub-INET123_ses-1_task-rest_run-05_desc-tmask_fFD.txt,sub-INET123_ses-1_task-rest_run-05_desc-tmask_fFD.txt,211,0,0
sub-INET123,ses-1,task-rest,run-07,sub-INET123_ses-1_task-rest_run-07_bold.nii.gz,0,,,2.0,include,/gpfs/research/grattonlab/iNetworks/Nifti/derivatives/preproc_fmriprep-24.1.1/sub-INET123/ses-1/func/FD_outputs/sub-INET123_ses-1_task-rest_run-07_desc-tmask_fFD.txt,sub-INET123_ses-1_task-rest_run-07_desc-tmask_fFD.txt,160,0,0
sub-INET123,ses-2,task-rest,run-03,sub-INET123_ses-2_task-rest_run-03_bold.nii.gz,0,,,3.0,include,/gpfs/research/grattonlab/iNetworks/Nifti/derivatives/preproc_fmriprep-24.1.1/sub-INET123/ses-2/func/FD_outputs/sub-INET123_ses-2_task-rest_run-03_desc-tmask_fFD.txt,sub-INET123_ses-2_task-rest_run-03_desc-tmask_fFD.txt,197,0,0
sub-INET123,ses-2,task-rest,run-04,sub-INET123_ses-2_task-rest_run-04_bold.nii.gz,0,,,2.0,include,/gpfs/research/grattonlab/iNetworks/Nifti/derivatives/preproc_fmriprep-24.1.1/sub-INET123/ses-2/func/FD_outputs/sub-INET123_ses-2_task-rest_run-04_desc-tmask_fFD.txt,sub-INET123_ses-2_task-rest_run-04_desc-tmask_fFD.txt,170,0,0
sub-INET123,ses-2,task-rest,run-05,sub-INET123_ses-2_task-rest_run-05_bold.nii.gz,0,,,1.0,include,/gpfs/research/grattonlab/iNetworks/Nifti/derivatives/preproc_fmriprep-24.1.1/sub-INET123/ses-2/func/FD_outputs/sub-INET123_ses-2_task-rest_run-05_desc-tmask_fFD.txt,sub-INET123_ses-2_task-rest_run-05_desc-tmask_fFD.txt,205,0,0
sub-INET123,ses-2,task-rest,run-07,sub-INET123_ses-2_task-rest_run-07_bold.nii.gz,0,,,2.0,include,/gpfs/research/grattonlab/iNetworks/Nifti/derivatives/preproc_fmriprep-24.1.1/sub-INET123/ses-2/func/FD_outputs/sub-INET123_ses-2_task-rest_run-07_desc-tmask_fFD.txt,sub-INET123_ses-2_task-rest_run-07_desc-tmask_fFD.txt,168,0,0
sub-INET123,ses-3,task-rest,run-01,sub-INET123_ses-3_task-rest_run-01_bold.nii.gz,0,,,1.0,include,/gpfs/research/grattonlab/iNetworks/Nifti/derivatives/preproc_fmriprep-24.1.1/sub-INET123/ses-3/func/FD_outputs/sub-INET123_ses-3_task-rest_run-01_desc-tmask_fFD.txt,sub-INET123_ses-3_task-rest_run-01_desc-tmask_fFD.txt,259,0,0
sub-INET123,ses-3,task-rest,run-02,sub-INET123_ses-3_task-rest_run-02_bold.nii.gz,0,,,1.0,include,/gpfs/research/grattonlab/iNetworks/Nifti/derivatives/preproc_fmriprep-24.1.1/sub-INET123/ses-3/func/FD_outputs/sub-INET123_ses-3_task-rest_run-02_desc-tmask_fFD.txt,sub-INET123_ses-3_task-rest_run-02_desc-tmask_fFD.txt,260,0,0
sub-INET123,ses-3,task-rest,run-03,sub-INET123_ses-3_task-rest_run-03_bold.nii.gz,0,,high motion start,1.0,include,/gpfs/research/grattonlab/iNetworks/Nifti/derivatives/preproc_fmriprep-24.1.1/sub-INET123/ses-3/func/FD_outputs/sub-INET123_ses-3_task-rest_run-03_desc-tmask_fFD.txt,sub-INET123_ses-3_task-rest_run-03_desc-tmask_fFD.txt,235,0,0
sub-INET123,ses-3,task-rest,run-04,sub-INET123_ses-3_task-rest_run-04_bold.nii.gz,0,,,1.0,include,/gpfs/research/grattonlab/iNetworks/Nifti/derivatives/preproc_fmriprep-24.1.1/sub-INET123/ses-3/func/FD_outputs/sub-INET123_ses-3_task-rest_run-04_desc-tmask_fFD.txt,sub-INET123_ses-3_task-rest_run-04_desc-tmask_fFD.txt,259,0,0
sub-INET123,ses-3,task-rest,run-05,sub-INET123_ses-3_task-rest_run-05_bold.nii.gz,0,,,1.0,include,/gpfs/research/grattonlab/iNetworks/Nifti/derivatives/preproc_fmriprep-24.1.1/sub-INET123/ses-3/func/FD_outputs/sub-INET123_ses-3_task-rest_run-05_desc-tmask_fFD.txt,sub-INET123_ses-3_task-rest_run-05_desc-tmask_fFD.txt,242,0,0
sub-INET123,ses-3,task-rest,run-06,sub-INET123_ses-3_task-rest_run-06_bold.nii.gz,0,,,2.0,include,/gpfs/research/grattonlab/iNetworks/Nifti/derivatives/preproc_fmriprep-24.1.1/sub-INET123/ses-3/func/FD_outputs/sub-INET123_ses-3_task-rest_run-06_desc-tmask_fFD.txt,sub-INET123_ses-3_task-rest_run-06_desc-tmask_fFD.txt,221,0,0
sub-INET123,ses-3,task-rest,run-07,sub-INET123_ses-3_task-rest_run-07_bold.nii.gz,0,,,2.0,include,/gpfs/research/grattonlab/iNetworks/Nifti/derivatives/preproc_fmriprep-24.1.1/sub-INET123/ses-3/func/FD_outputs/sub-INET123_ses-3_task-rest_run-07_desc-tmask_fFD.txt,sub-INET123_ses-3_task-rest_run-07_desc-tmask_fFD.txt,204,0,0
sub-INET131,ses-1,task-rest,run-01,sub-INET131_ses-1_task-rest_run-01_bold.nii.gz,0,,,2.0,include,/gpfs/research/grattonlab/iNetworks/Nifti/derivatives/preproc_fmriprep-24.1.1/sub-INET131/ses-1/func/FD_outputs/sub-INET131_ses-1_task-rest_run-01_desc-tmask_fFD.txt,sub-INET131_ses-1_task-rest_run-01_desc-tmask_fFD.txt,212,0,0
sub-INET131,ses-1,task-rest,run-02,sub-INET131_ses-1_task-rest_run-02_bold.nii.gz,0,,resp belt stopped recording,2.0,include,/gpfs/research/grattonlab/iNetworks/Nifti/derivatives/preproc_fmriprep-24.1.1/sub-INET131/ses-1/func/FD_outputs/sub-INET131_ses-1_task-rest_run-02_desc-tmask_fFD.txt,sub-INET131_ses-1_task-rest_run-02_desc-tmask_fFD.txt,249,0,0
sub-INET131,ses-1,task-rest,run-03,sub-INET131_ses-1_task-rest_run-03_bold.nii.gz,0,,,3.0,include,/gpfs/research/grattonlab/iNetworks/Nifti/derivatives/preproc_fmriprep-24.1.1/sub-INET131/ses-1/func/FD_outputs/sub-INET131_ses-1_task-rest_run-03_desc-tmask_fFD.txt,sub-INET131_ses-1_task-rest_run-03_desc-tmask_fFD.txt,230,0,0
sub-INET131,ses-1,task-rest,run-04,sub-INET131_ses-1_task-rest_run-04_bold.nii.gz,0,,,1.0,include,/gpfs/research/grattonlab/iNetworks/Nifti/derivatives/preproc_fmriprep-24.1.1/sub-INET131/ses-1/func/FD_outputs/sub-INET131_ses-1_task-rest_run-04_desc-tmask_fFD.txt,sub-INET131_ses-1_task-rest_run-04_desc-tmask_fFD.txt,185,0,0
sub-INET131,ses-2,task-rest,run-01,sub-INET131_ses-2_task-rest_run-01_bold.nii.gz,0,,,2.0,include,/gpfs/research/grattonlab/iNetworks/Nifti/derivatives/preproc_fmriprep-24.1.1/sub-INET131/ses-2/func/FD_outputs/sub-INET131_ses-2_task-rest_run-01_desc-tmask_fFD.txt,sub-INET131_ses-2_task-rest_run-01_desc-tmask_fFD.txt,193,0,0
sub-INET131,ses-2,task-rest,run-02,sub-INET131_ses-2_task-rest_run-02_bold.nii.gz,0,,,3.0,include,/gpfs/research/grattonlab/iNetworks/Nifti/derivatives/preproc_fmriprep-24.1.1/sub-INET131/ses-2/func/FD_outputs/sub-INET131_ses-2_task-rest_run-02_desc-tmask_fFD.txt,sub-INET131_ses-2_task-rest_run-02_desc-tmask_fFD.txt,263,0,0
sub-INET131,ses-2,task-rest,run-07,sub-INET131_ses-2_task-rest_run-07_bold.nii.gz,0,,,1.0,include,/gpfs/research/grattonlab/iNetworks/Nifti/derivatives/preproc_fmriprep-24.1.1/sub-INET131/ses-2/func/FD_outputs/sub-INET131_ses-2_task-rest_run-07_desc-tmask_fFD.txt,sub-INET131_ses-2_task-rest_run-07_desc-tmask_fFD.txt,232,0,0
sub-INET131,ses-3,task-rest,run-01,sub-INET131_ses-3_task-rest_run-01_bold.nii.gz,0,,,3.0,include,/gpfs/research/grattonlab/iNetworks/Nifti/derivatives/preproc_fmriprep-24.1.1/sub-INET131/ses-3/func/FD_outputs/sub-INET131_ses-3_task-rest_run-01_desc-tmask_fFD.txt,sub-INET131_ses-3_task-rest_run-01_desc-tmask_fFD.txt,243,0,0
sub-INET131,ses-3,task-rest,run-06,sub-INET131_ses-3_task-rest_run-06_bold.nii.gz,0,,,3.0,include,/gpfs/research/grattonlab/iNetworks/Nifti/derivatives/preproc_fmriprep-24.1.1/sub-INET131/ses-3/func/FD_outputs/sub-INET131_ses-3_task-rest_run-06_desc-tmask_fFD.txt,sub-INET131_ses-3_task-rest_run-06_desc-tmask_fFD.txt,229,0,0
sub-INET131,ses-3,task-rest,run-07,sub-INET131_ses-3_task-rest_run-07_bold.nii.gz,0,,,2.0,include,/gpfs/research/grattonlab/iNetworks/Nifti/derivatives/preproc_fmriprep-24.1.1/sub-INET131/ses-3/func/FD_outputs/sub-INET131_ses-3_task-rest_run-07_desc-tmask_fFD.txt,sub-INET131_ses-3_task-rest_run-07_desc-tmask_fFD.txt,243,0,0
sub-INET131,ses-4,task-rest,run-01,sub-INET131_ses-4_task-rest_run-01_bold.nii.gz,0,,,2.0,include,/gpfs/research/grattonlab/iNetworks/Nifti/derivatives/preproc_fmriprep-24.1.1/sub-INET131/ses-4/func/FD_outputs/sub-INET131_ses-4_task-rest_run-01_desc-tmask_fFD.txt,sub-INET131_ses-4_task-rest_run-01_desc-tmask_fFD.txt,246,0,0
sub-INET131,ses-4,task-rest,run-02,sub-INET131_ses-4_task-rest_run-02_bold.nii.gz,0,,,3.0,include,/gpfs/research/grattonlab/iNetworks/Nifti/derivatives/preproc_fmriprep-24.1.1/sub-INET131/ses-4/func/FD_outputs/sub-INET131_ses-4_task-rest_run-02_desc-tmask_fFD.txt,sub-INET131_ses-4_task-rest_run-02_desc-tmask_fFD.txt,227,0,0
sub-INET131,ses-4,task-rest,run-05,sub-INET131_ses-4_task-rest_run-05_bold.nii.gz,0,,,3.0,include,/gpfs/research/grattonlab/iNetworks/Nifti/derivatives/preproc_fmriprep-24.1.1/sub-INET131/ses-4/func/FD_outputs/sub-INET131_ses-4_task-rest_run-05_desc-tmask_fFD.txt,sub-INET131_ses-4_task-rest_run-05_desc-tmask_fFD.txt,203,0,0
sub-INET131,ses-4,task-rest,run-06,sub-INET131_ses-4_task-rest_run-06_bold.nii.gz,0,,,3.0,include,/gpfs/research/grattonlab/iNetworks/Nifti/derivatives/preproc_fmriprep-24.1.1/sub-INET131/ses-4/func/FD_outputs/sub-INET131_ses-4_task-rest_run-06_desc-tmask_fFD.txt,sub-INET131_ses-4_task-rest_run-06_desc-tmask_fFD.txt,264,0,0
sub-INET131,ses-4,task-rest,run-07,sub-INET131_ses-4_task-rest_run-07_bold.nii.gz,0,,,2.0,include,/gpfs/research/grattonlab/iNetworks/Nifti/derivatives/preproc_fmriprep-24.1.1/sub-INET131/ses-4/func/FD_outputs/sub-INET131_ses-4_task-rest_run-07_desc-tmask_fFD.txt,sub-INET131_ses-4_task-rest_run-07_desc-tmask_fFD.txt,249,0,0
sub-INET131,ses-4,task-rest,run-08,sub-INET131_ses-4_task-rest_run-08_bold.nii.gz,0,,,2.0,include,/gpfs/research/grattonlab/iNetworks/Nifti/derivatives/preproc_fmriprep-24.1.1/sub-INET131/ses-4/func/FD_outputs/sub-INET131_ses-4_task-rest_run-08_desc-tmask_fFD.txt,sub-INET131_ses-4_task-rest_run-08_desc-tmask_fFD.txt,260,0,0
sub-INET133,ses-1,task-rest,run-01,sub-INET133_ses-1_task-rest_run-01_bold.nii.gz,0,,,2.0,include,/gpfs/research/grattonlab/iNetworks/Nifti/derivatives/preproc_fmriprep-24.1.1/sub-INET133/ses-1/func/FD_outputs/sub-INET133_ses-1_task-rest_run-01_desc-tmask_fFD.txt,sub-INET133_ses-1_task-rest_run-01_desc-tmask_fFD.txt,264,0,0
sub-INET133,ses-1,task-rest,run-02,sub-INET133_ses-1_task-rest_run-02_bold.nii.gz,0,,,3.0,include,/gpfs/research/grattonlab/iNetworks/Nifti/derivatives/preproc_fmriprep-24.1.1/sub-INET133/ses-1/func/FD_outputs/sub-INET133_ses-1_task-rest_run-02_desc-tmask_fFD.txt,sub-INET133_ses-1_task-rest_run-02_desc-tmask_fFD.txt,261,0,0
sub-INET133,ses-1,task-rest,run-06,sub-INET133_ses-1_task-rest_run-06_bold.nii.gz,0,,,2.0,include,/gpfs/research/grattonlab/iNetworks/Nifti/derivatives/preproc_fmriprep-24.1.1/sub-INET133/ses-1/func/FD_outputs/sub-INET133_ses-1_task-rest_run-06_desc-tmask_fFD.txt,sub-INET133_ses-1_task-rest_run-06_desc-tmask_fFD.txt,265,0,0
sub-INET133,ses-1,task-rest,run-07,sub-INET133_ses-1_task-rest_run-07_bold.nii.gz,0,,,2.0,include,/gpfs/research/grattonlab/iNetworks/Nifti/derivatives/preproc_fmriprep-24.1.1/sub-INET133/ses-1/func/FD_outputs/sub-INET133_ses-1_task-rest_run-07_desc-tmask_fFD.txt,sub-INET133_ses-1_task-rest_run-07_desc-tmask_fFD.txt,265,0,0
sub-INET133,ses-1,task-rest,run-08,sub-INET133_ses-1_task-rest_run-08_bold.nii.gz,0,,,1.0,include,/gpfs/research/grattonlab/iNetworks/Nifti/derivatives/preproc_fmriprep-24.1.1/sub-INET133/ses-1/func/FD_outputs/sub-INET133_ses-1_task-rest_run-08_desc-tmask_fFD.txt,sub-INET133_ses-1_task-rest_run-08_desc-tmask_fFD.txt,265,0,0
sub-INET133,ses-2,task-rest,run-01,sub-INET133_ses-2_task-rest_run-01_bold.nii.gz,0,,,1.0,include,/gpfs/research/grattonlab/iNetworks/Nifti/derivatives/preproc_fmriprep-24.1.1/sub-INET133/ses-2/func/FD_outputs/sub-INET133_ses-2_task-rest_run-01_desc-tmask_fFD.txt,sub-INET133_ses-2_task-rest_run-01_desc-tmask_fFD.txt,264,0,0
sub-INET133,ses-2,task-rest,run-02,sub-INET133_ses-2_task-rest_run-02_bold.nii.gz,0,,,3.0,include,/gpfs/research/grattonlab/iNetworks/Nifti/derivatives/preproc_fmriprep-24.1.1/sub-INET133/ses-2/func/FD_outputs/sub-INET133_ses-2_task-rest_run-02_desc-tmask_fFD.txt,sub-INET133_ses-2_task-rest_run-02_desc-tmask_fFD.txt,264,0,0
sub-INET133,ses-2,task-rest,run-05,sub-INET133_ses-2_task-rest_run-05_bold.nii.gz,0,,,3.0,include,/gpfs/research/grattonlab/iNetworks/Nifti/derivatives/preproc_fmriprep-24.1.1/sub-INET133/ses-2/func/FD_outputs/sub-INET133_ses-2_task-rest_run-05_desc-tmask_fFD.txt,sub-INET133_ses-2_task-rest_run-05_desc-tmask_fFD.txt,264,0,0
sub-INET133,ses-2,task-rest,run-06,sub-INET133_ses-2_task-rest_run-06_bold.nii.gz,0,,,2.0,include,/gpfs/research/grattonlab/iNetworks/Nifti/derivatives/preproc_fmriprep-24.1.1/sub-INET133/ses-2/func/FD_outputs/sub-INET133_ses-2_task-rest_run-06_desc-tmask_fFD.txt,sub-INET133_ses-2_task-rest_run-06_desc-tmask_fFD.txt,265,0,0
sub-INET133,ses-2,task-rest,run-07,sub-INET133_ses-2_task-rest_run-07_bold.nii.gz,0,,,1.0,include,/gpfs/research/grattonlab/iNetworks/Nifti/derivatives/preproc_fmriprep-24.1.1/sub-INET133/ses-2/func/FD_outputs/sub-INET133_ses-2_task-rest_run-07_desc-tmask_fFD.txt,sub-INET133_ses-2_task-rest_run-07_desc-tmask_fFD.txt,264,0,0
sub-INET133,ses-2,task-rest,run-08,sub-INET133_ses-2_task-rest_run-08_bold.nii.gz,0,,,1.0,include,/gpfs/research/grattonlab/iNetworks/Nifti/derivatives/preproc_fmriprep-24.1.1/sub-INET133/ses-2/func/FD_outputs/sub-INET133_ses-2_task-rest_run-08_desc-tmask_fFD.txt,sub-INET133_ses-2_task-rest_run-08_desc-tmask_fFD.txt,265,0,0
sub-INET133,ses-3,task-rest,run-01,sub-INET133_ses-3_task-rest_run-01_bold.nii.gz,0,,,1.0,include,/gpfs/research/grattonlab/iNetworks/Nifti/derivatives/preproc_fmriprep-24.1.1/sub-INET133/ses-3/func/FD_outputs/sub-INET133_ses-3_task-rest_run-01_desc-tmask_fFD.txt,sub-INET133_ses-3_task-rest_run-01_desc-tmask_fFD.txt,264,0,0
sub-INET133,ses-3,task-rest,run-02,sub-INET133_ses-3_task-rest_run-02_bold.nii.gz,0,,,2.0,include,/gpfs/research/grattonlab/iNetworks/Nifti/derivatives/preproc_fmriprep-24.1.1/sub-INET133/ses-3/func/FD_outputs/sub-INET133_ses-3_task-rest_run-02_desc-tmask_fFD.txt,sub-INET133_ses-3_task-rest_run-02_desc-tmask_fFD.txt,264,0,0
sub-INET133,ses-4,task-rest,run-01,sub-INET133_ses-4_task-rest_run-01_bold.nii.gz,0,,,1.0,include,/gpfs/research/grattonlab/iNetworks/Nifti/derivatives/preproc_fmriprep-24.1.1/sub-INET133/ses-4/func/FD_outputs/sub-INET133_ses-4_task-rest_run-01_desc-tmask_fFD.txt,sub-INET133_ses-4_task-rest_run-01_desc-tmask_fFD.txt,264,0,0
sub-INET133,ses-4,task-rest,run-02,sub-INET133_ses-4_task-rest_run-02_bold.nii.gz,0,,,3.0,include,/gpfs/research/grattonlab/iNetworks/Nifti/derivatives/preproc_fmriprep-24.1.1/sub-INET133/ses-4/func/FD_outputs/sub-INET133_ses-4_task-rest_run-02_desc-tmask_fFD.txt,sub-INET133_ses-4_task-rest_run-02_desc-tmask_fFD.txt,264,0,0
sub-INET133,ses-4,task-rest,run-03,sub-INET133_ses-4_task-rest_run-03_bold.nii.gz,0,,,2.0,include,/gpfs/research/grattonlab/iNetworks/Nifti/derivatives/preproc_fmriprep-24.1.1/sub-INET133/ses-4/func/FD_outputs/sub-INET133_ses-4_task-rest_run-03_desc-tmask_fFD.txt,sub-INET133_ses-4_task-rest_run-03_desc-tmask_fFD.txt,265,0,0
sub-INET133,ses-4,task-rest,run-06,sub-INET133_ses-4_task-rest_run-06_bold.nii.gz,0,,,3.0,include,/gpfs/research/grattonlab/iNetworks/Nifti/derivatives/preproc_fmriprep-24.1.1/sub-INET133/ses-4/func/FD_outputs/sub-INET133_ses-4_task-rest_run-06_desc-tmask_fFD.txt,sub-INET133_ses-4_task-rest_run-06_desc-tmask_fFD.txt,265,0,0
sub-INET133,ses-4,task-rest,run-07,sub-INET133_ses-4_task-rest_run-07_bold.nii.gz,0,,,1.0,include,/gpfs/research/grattonlab/iNetworks/Nifti/derivatives/preproc_fmriprep-24.1.1/sub-INET133/ses-4/func/FD_outputs/sub-INET133_ses-4_task-rest_run-07_desc-tmask_fFD.txt,sub-INET133_ses-4_task-rest_run-07_desc-tmask_fFD.txt,254,0,0
sub-INET133,ses-4,task-rest,run-08,sub-INET133_ses-4_task-rest_run-08_bold.nii.gz,0,,,2.0,include,/gpfs/research/grattonlab/iNetworks/Nifti/derivatives/preproc_fmriprep-24.1.1/sub-INET133/ses-4/func/FD_outputs/sub-INET133_ses-4_task-rest_run-08_desc-tmask_fFD.txt,sub-INET133_ses-4_task-rest_run-08_desc-tmask_fFD.txt,265,0,0
sub-INET136,ses-1,task-rest,run-01,sub-INET136_ses-1_task-rest_run-01_bold.nii.gz,0,,,3.0,include,/gpfs/research/grattonlab/iNetworks/Nifti/derivatives/preproc_fmriprep-24.1.1/sub-INET136/ses-1/func/FD_outputs/sub-INET136_ses-1_task-rest_run-01_desc-tmask_fFD.txt,sub-INET136_ses-1_task-rest_run-01_desc-tmask_fFD.txt,264,0,0
sub-INET136,ses-1,task-rest,run-02,sub-INET136_ses-1_task-rest_run-02_bold.nii.gz,0,,,2.0,include,/gpfs/research/grattonlab/iNetworks/Nifti/derivatives/preproc_fmriprep-24.1.1/sub-INET136/ses-1/func/FD_outputs/sub-INET136_ses-1_task-rest_run-02_desc-tmask_fFD.txt,sub-INET136_ses-1_task-rest_run-02_desc-tmask_fFD.txt,262,0,0
sub-INET136,ses-1,task-rest,run-03,sub-INET136_ses-1_task-rest_run-03_bold.nii.gz,0,,,3.0,include,/gpfs/research/grattonlab/iNetworks/Nifti/derivatives/preproc_fmriprep-24.1.1/sub-INET136/ses-1/func/FD_outputs/sub-INET136_ses-1_task-rest_run-03_desc-tmask_fFD.txt,sub-INET136_ses-1_task-rest_run-03_desc-tmask_fFD.txt,265,0,0
sub-INET136,ses-1,task-rest,run-04,sub-INET136_ses-1_task-rest_run-04_bold.nii.gz,0,,,1.0,include,/gpfs/research/grattonlab/iNetworks/Nifti/derivatives/preproc_fmriprep-24.1.1/sub-INET136/ses-1/func/FD_outputs/sub-INET136_ses-1_task-rest_run-04_desc-tmask_fFD.txt,sub-INET136_ses-1_task-rest_run-04_desc-tmask_fFD.txt,265,0,0
sub-INET136,ses-1,task-rest,run-05,sub-INET136_ses-1_task-rest_run-05_bold.nii.gz,0,,,2.0,include,/gpfs/research/grattonlab/iNetworks/Nifti/derivatives/preproc_fmriprep-24.1.1/sub-INET136/ses-1/func/FD_outputs/sub-INET136_ses-1_task-rest_run-05_desc-tmask_fFD.txt,sub-INET136_ses-1_task-rest_run-05_desc-tmask_fFD.txt,264,0,0
sub-INET136,ses-1,task-rest,run-06,sub-INET136_ses-1_task-rest_run-06_bold.nii.gz,0,,,1.0,include,/gpfs/research/grattonlab/iNetworks/Nifti/derivatives/preproc_fmriprep-24.1.1/sub-INET136/ses-1/func/FD_outputs/sub-INET136_ses-1_task-rest_run-06_desc-tmask_fFD.txt,sub-INET136_ses-1_task-rest_run-06_desc-tmask_fFD.txt,265,0,0
sub-INET136,ses-2,task-rest,run-01,sub-INET136_ses-2_task-rest_run-01_bold.nii.gz,0,,,2.0,include,/gpfs/research/grattonlab/iNetworks/Nifti/derivatives/preproc_fmriprep-24.1.1/sub-INET136/ses-2/func/FD_outputs/sub-INET136_ses-2_task-rest_run-01_desc-tmask_fFD.txt,sub-INET136_ses-2_task-rest_run-01_desc-tmask_fFD.txt,264,0,0
sub-INET136,ses-2,task-rest,run-03,sub-INET136_ses-2_task-rest_run-03_bold.nii.gz,0,,,2.0,include,/gpfs/research/grattonlab/iNetworks/Nifti/derivatives/preproc_fmriprep-24.1.1/sub-INET136/ses-2/func/FD_outputs/sub-INET136_ses-2_task-rest_run-03_desc-tmask_fFD.txt,sub-INET136_ses-2_task-rest_run-03_desc-tmask_fFD.txt,259,0,0
sub-INET136,ses-2,task-rest,run-04,sub-INET136_ses-2_task-rest_run-04_bold.nii.gz,0,,,1.0,include,/gpfs/research/grattonlab/iNetworks/Nifti/derivatives/preproc_fmriprep-24.1.1/sub-INET136/ses-2/func/FD_outputs/sub-INET136_ses-2_task-rest_run-04_desc-tmask_fFD.txt,sub-INET136_ses-2_task-rest_run-04_desc-tmask_fFD.txt,265,0,0
sub-INET136,ses-2,task-rest,run-05,sub-INET136_ses-2_task-rest_run-05_bold.nii.gz,0,,,1.0,include,/gpfs/research/grattonlab/iNetworks/Nifti/derivatives/preproc_fmriprep-24.1.1/sub-INET136/ses-2/func/FD_outputs/sub-INET136_ses-2_task-rest_run-05_desc-tmask_fFD.txt,sub-INET136_ses-2_task-rest_run-05_desc-tmask_fFD.txt,263,0,0
sub-INET136,ses-2,task-rest,run-07,sub-INET136_ses-2_task-rest_run-07_bold.nii.gz,0,,,1.0,include,/gpfs/research/grattonlab/iNetworks/Nifti/derivatives/preproc_fmriprep-24.1.1/sub-INET136/ses-2/func/FD_outputs/sub-INET136_ses-2_task-rest_run-07_desc-tmask_fFD.txt,sub-INET136_ses-2_task-rest_run-07_desc-tmask_fFD.txt,256,0,0
sub-INET136,ses-3,task-rest,run-01,sub-INET136_ses-3_task-rest_run-01_bold.nii.gz,0,,,3.0,include,/gpfs/research/grattonlab/iNetworks/Nifti/derivatives/preproc_fmriprep-24.1.1/sub-INET136/ses-3/func/FD_outputs/sub-INET136_ses-3_task-rest_run-01_desc-tmask_fFD.txt,sub-INET136_ses-3_task-rest_run-01_desc-tmask_fFD.txt,263,0,0
sub-INET136,ses-3,task-rest,run-02,sub-INET136_ses-3_task-rest_run-02_bold.nii.gz,0,,,3.0,include,/gpfs/research/grattonlab/iNetworks/Nifti/derivatives/preproc_fmriprep-24.1.1/sub-INET136/ses-3/func/FD_outputs/sub-INET136_ses-3_task-rest_run-02_desc-tmask_fFD.txt,sub-INET136_ses-3_task-rest_run-02_desc-tmask_fFD.txt,261,0,0
sub-INET136,ses-3,task-rest,run-04,sub-INET136_ses-3_task-rest_run-04_bold.nii.gz,0,,,1.0,include,/gpfs/research/grattonlab/iNetworks/Nifti/derivatives/preproc_fmriprep-24.1.1/sub-INET136/ses-3/func/FD_outputs/sub-INET136_ses-3_task-rest_run-04_desc-tmask_fFD.txt,sub-INET136_ses-3_task-rest_run-04_desc-tmask_fFD.txt,258,0,0
sub-INET136,ses-3,task-rest,run-05,sub-INET136_ses-3_task-rest_run-05_bold.nii.gz,0,,,1.0,include,/gpfs/research/grattonlab/iNetworks/Nifti/derivatives/preproc_fmriprep-24.1.1/sub-INET136/ses-3/func/FD_outputs/sub-INET136_ses-3_task-rest_run-05_desc-tmask_fFD.txt,sub-INET136_ses-3_task-rest_run-05_desc-tmask_fFD.txt,241,0,0
sub-INET136,ses-3,task-rest,run-06,sub-INET136_ses-3_task-rest_run-06_bold.nii.gz,0,,,1.0,include,/gpfs/research/grattonlab/iNetworks/Nifti/derivatives/preproc_fmriprep-24.1.1/sub-INET136/ses-3/func/FD_outputs/sub-INET136_ses-3_task-rest_run-06_desc-tmask_fFD.txt,sub-INET136_ses-3_task-rest_run-06_desc-tmask_fFD.txt,263,0,0
sub-INET136,ses-3,task-rest,run-07,sub-INET136_ses-3_task-rest_run-07_bold.nii.gz,0,,,1.0,include,/gpfs/research/grattonlab/iNetworks/Nifti/derivatives/preproc_fmriprep-24.1.1/sub-INET136/ses-3/func/FD_outputs/sub-INET136_ses-3_task-rest_run-07_desc-tmask_fFD.txt,sub-INET136_ses-3_task-rest_run-07_desc-tmask_fFD.txt,254,0,0
sub-INET136,ses-3,task-rest,run-08,sub-INET136_ses-3_task-rest_run-08_bold.nii.gz,0,,,1.0,include,/gpfs/research/grattonlab/iNetworks/Nifti/derivatives/preproc_fmriprep-24.1.1/sub-INET136/ses-3/func/FD_outputs/sub-INET136_ses-3_task-rest_run-08_desc-tmask_fFD.txt,sub-INET136_ses-3_task-rest_run-08_desc-tmask_fFD.txt,250,0,0
sub-INET136,ses-4,task-rest,run-01,sub-INET136_ses-4_task-rest_run-01_bold.nii.gz,0,,,2.0,include,/gpfs/research/grattonlab/iNetworks/Nifti/derivatives/preproc_fmriprep-24.1.1/sub-INET136/ses-4/func/FD_outputs/sub-INET136_ses-4_task-rest_run-01_desc-tmask_fFD.txt,sub-INET136_ses-4_task-rest_run-01_desc-tmask_fFD.txt,256,0,0
sub-INET136,ses-4,task-rest,run-02,sub-INET136_ses-4_task-rest_run-02_bold.nii.gz,0,,,2.0,include,/gpfs/research/grattonlab/iNetworks/Nifti/derivatives/preproc_fmriprep-24.1.1/sub-INET136/ses-4/func/FD_outputs/sub-INET136_ses-4_task-rest_run-02_desc-tmask_fFD.txt,sub-INET136_ses-4_task-rest_run-02_desc-tmask_fFD.txt,263,0,0
sub-INET136,ses-4,task-rest,run-03,sub-INET136_ses-4_task-rest_run-03_bold.nii.gz,0,,,2.0,include,/gpfs/research/grattonlab/iNetworks/Nifti/derivatives/preproc_fmriprep-24.1.1/sub-INET136/ses-4/func/FD_outputs/sub-INET136_ses-4_task-rest_run-03_desc-tmask_fFD.txt,sub-INET136_ses-4_task-rest_run-03_desc-tmask_fFD.txt,248,0,0
sub-INET136,ses-4,task-rest,run-04,sub-INET136_ses-4_task-rest_run-04_bold.nii.gz,0,,,2.0,include,/gpfs/research/grattonlab/iNetworks/Nifti/derivatives/preproc_fmriprep-24.1.1/sub-INET136/ses-4/func/FD_outputs/sub-INET136_ses-4_task-rest_run-04_desc-tmask_fFD.txt,sub-INET136_ses-4_task-rest_run-04_desc-tmask_fFD.txt,248,0,0
sub-INET136,ses-4,task-rest,run-05,sub-INET136_ses-4_task-rest_run-05_bold.nii.gz,0,,,1.0,include,/gpfs/research/grattonlab/iNetworks/Nifti/derivatives/preproc_fmriprep-24.1.1/sub-INET136/ses-4/func/FD_outputs/sub-INET136_ses-4_task-rest_run-05_desc-tmask_fFD.txt,sub-INET136_ses-4_task-rest_run-05_desc-tmask_fFD.txt,236,0,0
sub-INET136,ses-4,task-rest,run-06,sub-INET136_ses-4_task-rest_run-06_bold.nii.gz,0,,,1.0,include,/gpfs/research/grattonlab/iNetworks/Nifti/derivatives/preproc_fmriprep-24.1.1/sub-INET136/ses-4/func/FD_outputs/sub-INET136_ses-4_task-rest_run-06_desc-tmask_fFD.txt,sub-INET136_ses-4_task-rest_run-06_desc-tmask_fFD.txt,242,0,0
sub-INET136,ses-4,task-rest,run-07,sub-INET136_ses-4_task-rest_run-07_bold.nii.gz,0,,,1.0,include,/gpfs/research/grattonlab/iNetworks/Nifti/derivatives/preproc_fmriprep-24.1.1/sub-INET136/ses-4/func/FD_outputs/sub-INET136_ses-4_task-rest_run-07_desc-tmask_fFD.txt,sub-INET136_ses-4_task-rest_run-07_desc-tmask_fFD.txt,241,0,0
sub-INET136,ses-4,task-rest,run-08,sub-INET136_ses-4_task-rest_run-08_bold.nii.gz,0,,,1.0,include,/gpfs/research/grattonlab/iNetworks/Nifti/derivatives/preproc_fmriprep-24.1.1/sub-INET136/ses-4/func/FD_outputs/sub-INET136_ses-4_task-rest_run-08_desc-tmask_fFD.txt,sub-INET136_ses-4_task-rest_run-08_desc-tmask_fFD.txt,264,0,0
sub-INET137,ses-1,task-rest,run-01,sub-INET137_ses-1_task-rest_run-01_bold.nii.gz,0,,,2.0,include,/gpfs/research/grattonlab/iNetworks/Nifti/derivatives/preproc_fmriprep-24.1.1/sub-INET137/ses-1/func/FD_outputs/sub-INET137_ses-1_task-rest_run-01_desc-tmask_fFD.txt,sub-INET137_ses-1_task-rest_run-01_desc-tmask_fFD.txt,262,0,0
sub-INET137,ses-1,task-rest,run-02,sub-INET137_ses-1_task-rest_run-02_bold.nii.gz,0,,,2.0,include,/gpfs/research/grattonlab/iNetworks/Nifti/derivatives/preproc_fmriprep-24.1.1/sub-INET137/ses-1/func/FD_outputs/sub-INET137_ses-1_task-rest_run-02_desc-tmask_fFD.txt,sub-INET137_ses-1_task-rest_run-02_desc-tmask_fFD.txt,263,0,0
sub-INET137,ses-1,task-rest,run-03,sub-INET137_ses-1_task-rest_run-03_bold.nii.gz,0,,,2.0,include,/gpfs/research/grattonlab/iNetworks/Nifti/derivatives/preproc_fmriprep-24.1.1/sub-INET137/ses-1/func/FD_outputs/sub-INET137_ses-1_task-rest_run-03_desc-tmask_fFD.txt,sub-INET137_ses-1_task-rest_run-03_desc-tmask_fFD.txt,252,0,0
sub-INET137,ses-1,task-rest,run-04,sub-INET137_ses-1_task-rest_run-04_bold.nii.gz,0,,,3.0,include,/gpfs/research/grattonlab/iNetworks/Nifti/derivatives/preproc_fmriprep-24.1.1/sub-INET137/ses-1/func/FD_outputs/sub-INET137_ses-1_task-rest_run-04_desc-tmask_fFD.txt,sub-INET137_ses-1_task-rest_run-04_desc-tmask_fFD.txt,222,0,0
sub-INET137,ses-1,task-rest,run-05,sub-INET137_ses-1_task-rest_run-05_bold.nii.gz,0,,,3.0,include,/gpfs/research/grattonlab/iNetworks/Nifti/derivatives/preproc_fmriprep-24.1.1/sub-INET137/ses-1/func/FD_outputs/sub-INET137_ses-1_task-rest_run-05_desc-tmask_fFD.txt,sub-INET137_ses-1_task-rest_run-05_desc-tmask_fFD.txt,184,0,0
sub-INET137,ses-1,task-rest,run-06,sub-INET137_ses-1_task-rest_run-06_bold.nii.gz,0,,,2.0,include,/gpfs/research/grattonlab/iNetworks/Nifti/derivatives/preproc_fmriprep-24.1.1/sub-INET137/ses-1/func/FD_outputs/sub-INET137_ses-1_task-rest_run-06_desc-tmask_fFD.txt,sub-INET137_ses-1_task-rest_run-06_desc-tmask_fFD.txt,168,0,0
sub-INET137,ses-1,task-rest,run-07,sub-INET137_ses-1_task-rest_run-07_bold.nii.gz,0,,,1.0,include,/gpfs/research/grattonlab/iNetworks/Nifti/derivatives/preproc_fmriprep-24.1.1/sub-INET137/ses-1/func/FD_outputs/sub-INET137_ses-1_task-rest_run-07_desc-tmask_fFD.txt,sub-INET137_ses-1_task-rest_run-07_desc-tmask_fFD.txt,256,0,0
sub-INET137,ses-2,task-rest,run-01,sub-INET137_ses-2_task-rest_run-01_bold.nii.gz,0,,,3.0,include,/gpfs/research/grattonlab/iNetworks/Nifti/derivatives/preproc_fmriprep-24.1.1/sub-INET137/ses-2/func/FD_outputs/sub-INET137_ses-2_task-rest_run-01_desc-tmask_fFD.txt,sub-INET137_ses-2_task-rest_run-01_desc-tmask_fFD.txt,264,0,0
sub-INET137,ses-2,task-rest,run-02,sub-INET137_ses-2_task-rest_run-02_bold.nii.gz,0,,,3.0,include,/gpfs/research/grattonlab/iNetworks/Nifti/derivatives/preproc_fmriprep-24.1.1/sub-INET137/ses-2/func/FD_outputs/sub-INET137_ses-2_task-rest_run-02_desc-tmask_fFD.txt,sub-INET137_ses-2_task-rest_run-02_desc-tmask_fFD.txt,262,0,0
sub-INET137,ses-2,task-rest,run-03,sub-INET137_ses-2_task-rest_run-03_bold.nii.gz,0,,,2.0,include,/gpfs/research/grattonlab/iNetworks/Nifti/derivatives/preproc_fmriprep-24.1.1/sub-INET137/ses-2/func/FD_outputs/sub-INET137_ses-2_task-rest_run-03_desc-tmask_fFD.txt,sub-INET137_ses-2_task-rest_run-03_desc-tmask_fFD.txt,260,0,0
sub-INET137,ses-2,task-rest,run-04,sub-INET137_ses-2_task-rest_run-04_bold.nii.gz,0,,,3.0,include,/gpfs/research/grattonlab/iNetworks/Nifti/derivatives/preproc_fmriprep-24.1.1/sub-INET137/ses-2/func/FD_outputs/sub-INET137_ses-2_task-rest_run-04_desc-tmask_fFD.txt,sub-INET137_ses-2_task-rest_run-04_desc-tmask_fFD.txt,260,0,0
sub-INET137,ses-2,task-rest,run-06,sub-INET137_ses-2_task-rest_run-06_bold.nii.gz,0,,,2.0,include,/gpfs/research/grattonlab/iNetworks/Nifti/derivatives/preproc_fmriprep-24.1.1/sub-INET137/ses-2/func/FD_outputs/sub-INET137_ses-2_task-rest_run-06_desc-tmask_fFD.txt,sub-INET137_ses-2_task-rest_run-06_desc-tmask_fFD.txt,228,0,0
sub-INET137,ses-2,task-rest,run-07,sub-INET137_ses-2_task-rest_run-07_bold.nii.gz,0,,,3.0,include,/gpfs/research/grattonlab/iNetworks/Nifti/derivatives/preproc_fmriprep-24.1.1/sub-INET137/ses-2/func/FD_outputs/sub-INET137_ses-2_task-rest_run-07_desc-tmask_fFD.txt,sub-INET137_ses-2_task-rest_run-07_desc-tmask_fFD.txt,241,0,0
sub-INET137,ses-2,task-rest,run-08,sub-INET137_ses-2_task-rest_run-08_bold.nii.gz,0,,,2.0,include,/gpfs/research/grattonlab/iNetworks/Nifti/derivatives/preproc_fmriprep-24.1.1/sub-INET137/ses-2/func/FD_outputs/sub-INET137_ses-2_task-rest_run-08_desc-tmask_fFD.txt,sub-INET137_ses-2_task-rest_run-08_desc-tmask_fFD.txt,262,0,0
sub-INET137,ses-3,task-rest,run-01,sub-INET137_ses-3_task-rest_run-01_bold.nii.gz,0,,,3.0,include,/gpfs/research/grattonlab/iNetworks/Nifti/derivatives/preproc_fmriprep-24.1.1/sub-INET137/ses-3/func/FD_outputs/sub-INET137_ses-3_task-rest_run-01_desc-tmask_fFD.txt,sub-INET137_ses-3_task-rest_run-01_desc-tmask_fFD.txt,263,0,0
sub-INET137,ses-3,task-rest,run-02,sub-INET137_ses-3_task-rest_run-02_bold.nii.gz,0,,,2.0,include,/gpfs/research/grattonlab/iNetworks/Nifti/derivatives/preproc_fmriprep-24.1.1/sub-INET137/ses-3/func/FD_outputs/sub-INET137_ses-3_task-rest_run-02_desc-tmask_fFD.txt,sub-INET137_ses-3_task-rest_run-02_desc-tmask_fFD.txt,262,0,0
sub-INET137,ses-3,task-rest,run-03,sub-INET137_ses-3_task-rest_run-03_bold.nii.gz,0,,,3.0,include,/gpfs/research/grattonlab/iNetworks/Nifti/derivatives/preproc_fmriprep-24.1.1/sub-INET137/ses-3/func/FD_outputs/sub-INET137_ses-3_task-rest_run-03_desc-tmask_fFD.txt,sub-INET137_ses-3_task-rest_run-03_desc-tmask_fFD.txt,252,0,0
sub-INET137,ses-3,task-rest,run-04,sub-INET137_ses-3_task-rest_run-04_bold.nii.gz,0,,,3.0,include,/gpfs/research/grattonlab/iNetworks/Nifti/derivatives/preproc_fmriprep-24.1.1/sub-INET137/ses-3/func/FD_outputs/sub-INET137_ses-3_task-rest_run-04_desc-tmask_fFD.txt,sub-INET137_ses-3_task-rest_run-04_desc-tmask_fFD.txt,260,0,0
sub-INET137,ses-3,task-rest,run-06,sub-INET137_ses-3_task-rest_run-06_bold.nii.gz,0,,,3.0,include,/gpfs/research/grattonlab/iNetworks/Nifti/derivatives/preproc_fmriprep-24.1.1/sub-INET137/ses-3/func/FD_outputs/sub-INET137_ses-3_task-rest_run-06_desc-tmask_fFD.txt,sub-INET137_ses-3_task-rest_run-06_desc-tmask_fFD.txt,252,0,0
sub-INET137,ses-4,task-rest,run-06,sub-INET137_ses-4_task-rest_run-06_bold.nii.gz,0,,,2.0,include,/gpfs/research/grattonlab/iNetworks/Nifti/derivatives/preproc_fmriprep-24.1.1/sub-INET137/ses-4/func/FD_outputs/sub-INET137_ses-4_task-rest_run-06_desc-tmask_fFD.txt,sub-INET137_ses-4_task-rest_run-06_desc-tmask_fFD.txt,214,0,0
sub-INET137,ses-4,task-rest,run-07,sub-INET137_ses-4_task-rest_run-07_bold.nii.gz,0,,,1.0,include,/gpfs/research/grattonlab/iNetworks/Nifti/derivatives/preproc_fmriprep-24.1.1/sub-INET137/ses-4/func/FD_outputs/sub-INET137_ses-4_task-rest_run-07_desc-tmask_fFD.txt,sub-INET137_ses-4_task-rest_run-07_desc-tmask_fFD.txt,173,0,0
sub-INET137,ses-4,task-rest,run-08,sub-INET137_ses-4_task-rest_run-08_bold.nii.gz,0,,high motion start,1.0,include,/gpfs/research/grattonlab/iNetworks/Nifti/derivatives/preproc_fmriprep-24.1.1/sub-INET137/ses-4/func/FD_outputs/sub-INET137_ses-4_task-rest_run-08_desc-tmask_fFD.txt,sub-INET137_ses-4_task-rest_run-08_desc-tmask_fFD.txt,161,0,0
sub-INET140,ses-1,task-rest,run-04,sub-INET140_ses-1_task-rest_run-04_bold.nii.gz,0,,,3.0,include,/gpfs/research/grattonlab/iNetworks/Nifti/derivatives/preproc_fmriprep-24.1.1/sub-INET140/ses-1/func/FD_outputs/sub-INET140_ses-1_task-rest_run-04_desc-tmask_fFD.txt,sub-INET140_ses-1_task-rest_run-04_desc-tmask_fFD.txt,181,0,0
sub-INET140,ses-2,task-rest,run-04,sub-INET140_ses-2_task-rest_run-04_bold.nii.gz,0,,,3.0,include,/gpfs/research/grattonlab/iNetworks/Nifti/derivatives/preproc_fmriprep-24.1.1/sub-INET140/ses-2/func/FD_outputs/sub-INET140_ses-2_task-rest_run-04_desc-tmask_fFD.txt,sub-INET140_ses-2_task-rest_run-04_desc-tmask_fFD.txt,208,0,0
sub-INET140,ses-2,task-rest,run-05,sub-INET140_ses-2_task-rest_run-05_bold.nii.gz,0,,,1.0,include,/gpfs/research/grattonlab/iNetworks/Nifti/derivatives/preproc_fmriprep-24.1.1/sub-INET140/ses-2/func/FD_outputs/sub-INET140_ses-2_task-rest_run-05_desc-tmask_fFD.txt,sub-INET140_ses-2_task-rest_run-05_desc-tmask_fFD.txt,206,0,0
sub-INET140,ses-2,task-rest,run-07,sub-INET140_ses-2_task-rest_run-07_bold.nii.gz,0,,,1.0,include,/gpfs/research/grattonlab/iNetworks/Nifti/derivatives/preproc_fmriprep-24.1.1/sub-INET140/ses-2/func/FD_outputs/sub-INET140_ses-2_task-rest_run-07_desc-tmask_fFD.txt,sub-INET140_ses-2_task-rest_run-07_desc-tmask_fFD.txt,181,0,0
sub-INET140,ses-3,task-rest,run-01,sub-INET140_ses-3_task-rest_run-01_bold.nii.gz,0,,,1.0,include,/gpfs/research/grattonlab/iNetworks/Nifti/derivatives/preproc_fmriprep-24.1.1/sub-INET140/ses-3/func/FD_outputs/sub-INET140_ses-3_task-rest_run-01_desc-tmask_fFD.txt,sub-INET140_ses-3_task-rest_run-01_desc-tmask_fFD.txt,206,0,0
sub-INET140,ses-3,task-rest,run-02,sub-INET140_ses-3_task-rest_run-02_bold.nii.gz,0,,,1.0,include,/gpfs/research/grattonlab/iNetworks/Nifti/derivatives/preproc_fmriprep-24.1.1/sub-INET140/ses-3/func/FD_outputs/sub-INET140_ses-3_task-rest_run-02_desc-tmask_fFD.txt,sub-INET140_ses-3_task-rest_run-02_desc-tmask_fFD.txt,165,0,0
sub-INET140,ses-3,task-rest,run-05,sub-INET140_ses-3_task-rest_run-05_bold.nii.gz,0,,,1.0,include,/gpfs/research/grattonlab/iNetworks/Nifti/derivatives/preproc_fmriprep-24.1.1/sub-INET140/ses-3/func/FD_outputs/sub-INET140_ses-3_task-rest_run-05_desc-tmask_fFD.txt,sub-INET140_ses-3_task-rest_run-05_desc-tmask_fFD.txt,186,0,0
sub-INET140,ses-3,task-rest,run-07,sub-INET140_ses-3_task-rest_run-07_bold.nii.gz,0,,,1.0,include,/gpfs/research/grattonlab/iNetworks/Nifti/derivatives/preproc_fmriprep-24.1.1/sub-INET140/ses-3/func/FD_outputs/sub-INET140_ses-3_task-rest_run-07_desc-tmask_fFD.txt,sub-INET140_ses-3_task-rest_run-07_desc-tmask_fFD.txt,217,0,0
sub-INET140,ses-4,task-rest,run-01,sub-INET140_ses-4_task-rest_run-01_bold.nii.gz,0,,,3.0,include,/gpfs/research/grattonlab/iNetworks/Nifti/derivatives/preproc_fmriprep-24.1.1/sub-INET140/ses-4/func/FD_outputs/sub-INET140_ses-4_task-rest_run-01_desc-tmask_fFD.txt,sub-INET140_ses-4_task-rest_run-01_desc-tmask_fFD.txt,263,0,0
sub-INET141,ses-1,task-rest,run-03,sub-INET141_ses-1_task-rest_run-03_bold.nii.gz,0,,,3.0,include,/gpfs/research/grattonlab/iNetworks/Nifti/derivatives/preproc_fmriprep-24.1.1/sub-INET141/ses-1/func/FD_outputs/sub-INET141_ses-1_task-rest_run-03_desc-tmask_fFD.txt,sub-INET141_ses-1_task-rest_run-03_desc-tmask_fFD.txt,240,0,0
sub-INET141,ses-1,task-rest,run-04,sub-INET141_ses-1_task-rest_run-04_bold.nii.gz,0,,,2.0,include,/gpfs/research/grattonlab/iNetworks/Nifti/derivatives/preproc_fmriprep-24.1.1/sub-INET141/ses-1/func/FD_outputs/sub-INET141_ses-1_task-rest_run-04_desc-tmask_fFD.txt,sub-INET141_ses-1_task-rest_run-04_desc-tmask_fFD.txt,177,0,0
sub-INET141,ses-1,task-rest,run-07,sub-INET141_ses-1_task-rest_run-07_bold.nii.gz,0,,,2.0,include,/gpfs/research/grattonlab/iNetworks/Nifti/derivatives/preproc_fmriprep-24.1.1/sub-INET141/ses-1/func/FD_outputs/sub-INET141_ses-1_task-rest_run-07_desc-tmask_fFD.txt,sub-INET141_ses-1_task-rest_run-07_desc-tmask_fFD.txt,255,0,0
sub-INET141,ses-2,task-rest,run-01,sub-INET141_ses-2_task-rest_run-01_bold.nii.gz,0,,,2.0,include,/gpfs/research/grattonlab/iNetworks/Nifti/derivatives/preproc_fmriprep-24.1.1/sub-INET141/ses-2/func/FD_outputs/sub-INET141_ses-2_task-rest_run-01_desc-tmask_fFD.txt,sub-INET141_ses-2_task-rest_run-01_desc-tmask_fFD.txt,263,0,0
sub-INET141,ses-2,task-rest,run-03,sub-INET141_ses-2_task-rest_run-03_bold.nii.gz,0,,,2.0,include,/gpfs/research/grattonlab/iNetworks/Nifti/derivatives/preproc_fmriprep-24.1.1/sub-INET141/ses-2/func/FD_outputs/sub-INET141_ses-2_task-rest_run-03_desc-tmask_fFD.txt,sub-INET141_ses-2_task-rest_run-03_desc-tmask_fFD.txt,260,0,0
sub-INET141,ses-2,task-rest,run-04,sub-INET141_ses-2_task-rest_run-04_bold.nii.gz,0,,,2.0,include,/gpfs/research/grattonlab/iNetworks/Nifti/derivatives/preproc_fmriprep-24.1.1/sub-INET141/ses-2/func/FD_outputs/sub-INET141_ses-2_task-rest_run-04_desc-tmask_fFD.txt,sub-INET141_ses-2_task-rest_run-04_desc-tmask_fFD.txt,264,0,0
sub-INET141,ses-3,task-rest,run-01,sub-INET141_ses-3_task-rest_run-01_bold.nii.gz,0,,,1.0,include,/gpfs/research/grattonlab/iNetworks/Nifti/derivatives/preproc_fmriprep-24.1.1/sub-INET141/ses-3/func/FD_outputs/sub-INET141_ses-3_task-rest_run-01_desc-tmask_fFD.txt,sub-INET141_ses-3_task-rest_run-01_desc-tmask_fFD.txt,263,0,0
sub-INET141,ses-3,task-rest,run-02,sub-INET141_ses-3_task-rest_run-02_bold.nii.gz,0,,,1.0,include,/gpfs/research/grattonlab/iNetworks/Nifti/derivatives/preproc_fmriprep-24.1.1/sub-INET141/ses-3/func/FD_outputs/sub-INET141_ses-3_task-rest_run-02_desc-tmask_fFD.txt,sub-INET141_ses-3_task-rest_run-02_desc-tmask_fFD.txt,254,0,0
sub-INET141,ses-3,task-rest,run-04,sub-INET141_ses-3_task-rest_run-04_bold.nii.gz,0,,,1.0,include,/gpfs/research/grattonlab/iNetworks/Nifti/derivatives/preproc_fmriprep-24.1.1/sub-INET141/ses-3/func/FD_outputs/sub-INET141_ses-3_task-rest_run-04_desc-tmask_fFD.txt,sub-INET141_ses-3_task-rest_run-04_desc-tmask_fFD.txt,243,0,0
sub-INET141,ses-3,task-rest,run-05,sub-INET141_ses-3_task-rest_run-05_bold.nii.gz,0,,,2.0,include,/gpfs/research/grattonlab/iNetworks/Nifti/derivatives/preproc_fmriprep-24.1.1/sub-INET141/ses-3/func/FD_outputs/sub-INET141_ses-3_task-rest_run-05_desc-tmask_fFD.txt,sub-INET141_ses-3_task-rest_run-05_desc-tmask_fFD.txt,253,0,0
sub-INET141,ses-3,task-rest,run-07,sub-INET141_ses-3_task-rest_run-07_bold.nii.gz,0,,,1.0,include,/gpfs/research/grattonlab/iNetworks/Nifti/derivatives/preproc_fmriprep-24.1.1/sub-INET141/ses-3/func/FD_outputs/sub-INET141_ses-3_task-rest_run-07_desc-tmask_fFD.txt,sub-INET141_ses-3_task-rest_run-07_desc-tmask_fFD.txt,230,0,0
sub-INET141,ses-4,task-rest,run-01,sub-INET141_ses-4_task-rest_run-01_bold.nii.gz,0,,,1.0,include,/gpfs/research/grattonlab/iNetworks/Nifti/derivatives/preproc_fmriprep-24.1.1/sub-INET141/ses-4/func/FD_outputs/sub-INET141_ses-4_task-rest_run-01_desc-tmask_fFD.txt,sub-INET141_ses-4_task-rest_run-01_desc-tmask_fFD.txt,265,0,0
sub-INET141,ses-4,task-rest,run-03,sub-INET141_ses-4_task-rest_run-03_bold.nii.gz,0,,,2.0,include,/gpfs/research/grattonlab/iNetworks/Nifti/derivatives/preproc_fmriprep-24.1.1/sub-INET141/ses-4/func/FD_outputs/sub-INET141_ses-4_task-rest_run-03_desc-tmask_fFD.txt,sub-INET141_ses-4_task-rest_run-03_desc-tmask_fFD.txt,265,0,0
sub-INET141,ses-4,task-rest,run-04,sub-INET141_ses-4_task-rest_run-04_bold.nii.gz,0,,,2.0,include,/gpfs/research/grattonlab/iNetworks/Nifti/derivatives/preproc_fmriprep-24.1.1/sub-INET141/ses-4/func/FD_outputs/sub-INET141_ses-4_task-rest_run-04_desc-tmask_fFD.txt,sub-INET141_ses-4_task-rest_run-04_desc-tmask_fFD.txt,265,0,0
sub-INET141,ses-4,task-rest,run-05,sub-INET141_ses-4_task-rest_run-05_bold.nii.gz,0,,,2.0,include,/gpfs/research/grattonlab/iNetworks/Nifti/derivatives/preproc_fmriprep-24.1.1/sub-INET141/ses-4/func/FD_outputs/sub-INET141_ses-4_task-rest_run-05_desc-tmask_fFD.txt,sub-INET141_ses-4_task-rest_run-05_desc-tmask_fFD.txt,265,0,0
sub-INET141,ses-4,task-rest,run-06,sub-INET141_ses-4_task-rest_run-06_bold.nii.gz,0,,,2.0,include,/gpfs/research/grattonlab/iNetworks/Nifti/derivatives/preproc_fmriprep-24.1.1/sub-INET141/ses-4/func/FD_outputs/sub-INET141_ses-4_task-rest_run-06_desc-tmask_fFD.txt,sub-INET141_ses-4_task-rest_run-06_desc-tmask_fFD.txt,264,0,0
sub-INET141,ses-4,task-rest,run-07,sub-INET141_ses-4_task-rest_run-07_bold.nii.gz,0,,,2.0,include,/gpfs/research/grattonlab/iNetworks/Nifti/derivatives/preproc_fmriprep-24.1.1/sub-INET141/ses-4/func/FD_outputs/sub-INET141_ses-4_task-rest_run-07_desc-tmask_fFD.txt,sub-INET141_ses-4_task-rest_run-07_desc-tmask_fFD.txt,264,0,0
sub-INET141,ses-4,task-rest,run-08,sub-INET141_ses-4_task-rest_run-08_bold.nii.gz,0,,,2.0,include,/gpfs/research/grattonlab/iNetworks/Nifti/derivatives/preproc_fmriprep-24.1.1/sub-INET141/ses-4/func/FD_outputs/sub-INET141_ses-4_task-rest_run-08_desc-tmask_fFD.txt,sub-INET141_ses-4_task-rest_run-08_desc-tmask_fFD.txt,264,0,0
sub-INET143,ses-1,task-rest,run-01,sub-INET143_ses-1_task-rest_run-01_bold.nii.gz,0,,,2.0,include,/gpfs/research/grattonlab/iNetworks/Nifti/derivatives/preproc_fmriprep-24.1.1/sub-INET143/ses-1/func/FD_outputs/sub-INET143_ses-1_task-rest_run-01_desc-tmask_fFD.txt,sub-INET143_ses-1_task-rest_run-01_desc-tmask_fFD.txt,255,0,0
sub-INET143,ses-1,task-rest,run-05,sub-INET143_ses-1_task-rest_run-05_bold.nii.gz,0,,,2.0,include,/gpfs/research/grattonlab/iNetworks/Nifti/derivatives/preproc_fmriprep-24.1.1/sub-INET143/ses-1/func/FD_outputs/sub-INET143_ses-1_task-rest_run-05_desc-tmask_fFD.txt,sub-INET143_ses-1_task-rest_run-05_desc-tmask_fFD.txt,213,0,0
sub-INET143,ses-2,task-rest,run-01,sub-INET143_ses-2_task-rest_run-01_bold.nii.gz,0,,,3.0,include,/gpfs/research/grattonlab/iNetworks/Nifti/derivatives/preproc_fmriprep-24.1.1/sub-INET143/ses-2/func/FD_outputs/sub-INET143_ses-2_task-rest_run-01_desc-tmask_fFD.txt,sub-INET143_ses-2_task-rest_run-01_desc-tmask_fFD.txt,252,0,0
sub-INET143,ses-2,task-rest,run-05,sub-INET143_ses-2_task-rest_run-05_bold.nii.gz,0,,,2.0,include,/gpfs/research/grattonlab/iNetworks/Nifti/derivatives/preproc_fmriprep-24.1.1/sub-INET143/ses-2/func/FD_outputs/sub-INET143_ses-2_task-rest_run-05_desc-tmask_fFD.txt,sub-INET143_ses-2_task-rest_run-05_desc-tmask_fFD.txt,229,0,0
sub-INET143,ses-3,task-rest,run-01,sub-INET143_ses-3_task-rest_run-01_bold.nii.gz,0,,,2.0,include,/gpfs/research/grattonlab/iNetworks/Nifti/derivatives/preproc_fmriprep-24.1.1/sub-INET143/ses-3/func/FD_outputs/sub-INET143_ses-3_task-rest_run-01_desc-tmask_fFD.txt,sub-INET143_ses-3_task-rest_run-01_desc-tmask_fFD.txt,233,0,0
sub-INET143,ses-3,task-rest,run-04,sub-INET143_ses-3_task-rest_run-04_bold.nii.gz,0,,,2.0,include,/gpfs/research/grattonlab/iNetworks/Nifti/derivatives/preproc_fmriprep-24.1.1/sub-INET143/ses-3/func/FD_outputs/sub-INET143_ses-3_task-rest_run-04_desc-tmask_fFD.txt,sub-INET143_ses-3_task-rest_run-04_desc-tmask_fFD.txt,200,0,0
sub-INET143,ses-3,task-rest,run-05,sub-INET143_ses-3_task-rest_run-05_bold.nii.gz,0,,high motion start,2.0,include,/gpfs/research/grattonlab/iNetworks/Nifti/derivatives/preproc_fmriprep-24.1.1/sub-INET143/ses-3/func/FD_outputs/sub-INET143_ses-3_task-rest_run-05_desc-tmask_fFD.txt,sub-INET143_ses-3_task-rest_run-05_desc-tmask_fFD.txt,145,0,0
sub-INET143,ses-3,task-rest,run-06,sub-INET143_ses-3_task-rest_run-06_bold.nii.gz,0,,,3.0,include,/gpfs/research/grattonlab/iNetworks/Nifti/derivatives/preproc_fmriprep-24.1.1/sub-INET143/ses-3/func/FD_outputs/sub-INET143_ses-3_task-rest_run-06_desc-tmask_fFD.txt,sub-INET143_ses-3_task-rest_run-06_desc-tmask_fFD.txt,223,0,0
sub-INET143,ses-3,task-rest,run-07,sub-INET143_ses-3_task-rest_run-07_bold.nii.gz,0,,,2.0,include,/gpfs/research/grattonlab/iNetworks/Nifti/derivatives/preproc_fmriprep-24.1.1/sub-INET143/ses-3/func/FD_outputs/sub-INET143_ses-3_task-rest_run-07_desc-tmask_fFD.txt,sub-INET143_ses-3_task-rest_run-07_desc-tmask_fFD.txt,241,0,0
sub-INET143,ses-3,task-rest,run-08,sub-INET143_ses-3_task-rest_run-08_bold.nii.gz,0,,,2.0,include,/gpfs/research/grattonlab/iNetworks/Nifti/derivatives/preproc_fmriprep-24.1.1/sub-INET143/ses-3/func/FD_outputs/sub-INET143_ses-3_task-rest_run-08_desc-tmask_fFD.txt,sub-INET143_ses-3_task-rest_run-08_desc-tmask_fFD.txt,185,0,0
sub-INET143,ses-4,task-rest,run-01,sub-INET143_ses-4_task-rest_run-01_bold.nii.gz,0,,,2.0,include,/gpfs/research/grattonlab/iNetworks/Nifti/derivatives/preproc_fmriprep-24.1.1/sub-INET143/ses-4/func/FD_outputs/sub-INET143_ses-4_task-rest_run-01_desc-tmask_fFD.txt,sub-INET143_ses-4_task-rest_run-01_desc-tmask_fFD.txt,256,0,0
sub-INET143,ses-4,task-rest,run-03,sub-INET143_ses-4_task-rest_run-03_bold.nii.gz,0,,,3.0,include,/gpfs/research/grattonlab/iNetworks/Nifti/derivatives/preproc_fmriprep-24.1.1/sub-INET143/ses-4/func/FD_outputs/sub-INET143_ses-4_task-rest_run-03_desc-tmask_fFD.txt,sub-INET143_ses-4_task-rest_run-03_desc-tmask_fFD.txt,264,0,0
sub-INET143,ses-4,task-rest,run-06,sub-INET143_ses-4_task-rest_run-06_bold.nii.gz,0,,,3.0,include,/gpfs/research/grattonlab/iNetworks/Nifti/derivatives/preproc_fmriprep-24.1.1/sub-INET143/ses-4/func/FD_outputs/sub-INET143_ses-4_task-rest_run-06_desc-tmask_fFD.txt,sub-INET143_ses-4_task-rest_run-06_desc-tmask_fFD.txt,240,0,0
sub-INET143,ses-4,task-rest,run-07,sub-INET143_ses-4_task-rest_run-07_bold.nii.gz,0,,high motion start,2.0,include,/gpfs/research/grattonlab/iNetworks/Nifti/derivatives/preproc_fmriprep-24.1.1/sub-INET143/ses-4/func/FD_outputs/sub-INET143_ses-4_task-rest_run-07_desc-tmask_fFD.txt,sub-INET143_ses-4_task-rest_run-07_desc-tmask_fFD.txt,193,0,0
sub-INET156,ses-1,task-rest,run-01,sub-INET156_ses-1_task-rest_run-01_bold.nii.gz,0,,,2.0,include,/gpfs/research/grattonlab/iNetworks/Nifti/derivatives/preproc_fmriprep-24.1.1/sub-INET156/ses-1/func/FD_outputs/sub-INET156_ses-1_task-rest_run-01_desc-tmask_fFD.txt,sub-INET156_ses-1_task-rest_run-01_desc-tmask_fFD.txt,261,0,0
sub-INET156,ses-1,task-rest,run-03,sub-INET156_ses-1_task-rest_run-03_bold.nii.gz,0,,,3.0,include,/gpfs/research/grattonlab/iNetworks/Nifti/derivatives/preproc_fmriprep-24.1.1/sub-INET156/ses-1/func/FD_outputs/sub-INET156_ses-1_task-rest_run-03_desc-tmask_fFD.txt,sub-INET156_ses-1_task-rest_run-03_desc-tmask_fFD.txt,255,0,0
sub-INET156,ses-2,task-rest,run-01,sub-INET156_ses-2_task-rest_run-01_bold.nii.gz,0,,,1.0,include,/gpfs/research/grattonlab/iNetworks/Nifti/derivatives/preproc_fmriprep-24.1.1/sub-INET156/ses-2/func/FD_outputs/sub-INET156_ses-2_task-rest_run-01_desc-tmask_fFD.txt,sub-INET156_ses-2_task-rest_run-01_desc-tmask_fFD.txt,264,0,0
sub-INET156,ses-2,task-rest,run-04,sub-INET156_ses-2_task-rest_run-04_bold.nii.gz,0,,(power went to generator--> scanner kept running),3.0,include,/gpfs/research/grattonlab/iNetworks/Nifti/derivatives/preproc_fmriprep-24.1.1/sub-INET156/ses-2/func/FD_outputs/sub-INET156_ses-2_task-rest_run-04_desc-tmask_fFD.txt,sub-INET156_ses-2_task-rest_run-04_desc-tmask_fFD.txt,265,0,0
sub-INET156,ses-2,task-rest,run-05,sub-INET156_ses-2_task-rest_run-05_bold.nii.gz,0,,,1.0,include,/gpfs/research/grattonlab/iNetworks/Nifti/derivatives/preproc_fmriprep-24.1.1/sub-INET156/ses-2/func/FD_outputs/sub-INET156_ses-2_task-rest_run-05_desc-tmask_fFD.txt,sub-INET156_ses-2_task-rest_run-05_desc-tmask_fFD.txt,263,0,0
sub-INET156,ses-2,task-rest,run-06,sub-INET156_ses-2_task-rest_run-06_bold.nii.gz,0,,,1.0,include,/gpfs/research/grattonlab/iNetworks/Nifti/derivatives/preproc_fmriprep-24.1.1/sub-INET156/ses-2/func/FD_outputs/sub-INET156_ses-2_task-rest_run-06_desc-tmask_fFD.txt,sub-INET156_ses-2_task-rest_run-06_desc-tmask_fFD.txt,264,0,0
sub-INET156,ses-2,task-rest,run-07,sub-INET156_ses-2_task-rest_run-07_bold.nii.gz,0,,,1.0,include,/gpfs/research/grattonlab/iNetworks/Nifti/derivatives/preproc_fmriprep-24.1.1/sub-INET156/ses-2/func/FD_outputs/sub-INET156_ses-2_task-rest_run-07_desc-tmask_fFD.txt,sub-INET156_ses-2_task-rest_run-07_desc-tmask_fFD.txt,263,0,0
sub-INET156,ses-3,task-rest,run-01,sub-INET156_ses-3_task-rest_run-01_bold.nii.gz,0,,,1.0,include,/gpfs/research/grattonlab/iNetworks/Nifti/derivatives/preproc_fmriprep-24.1.1/sub-INET156/ses-3/func/FD_outputs/sub-INET156_ses-3_task-rest_run-01_desc-tmask_fFD.txt,sub-INET156_ses-3_task-rest_run-01_desc-tmask_fFD.txt,263,0,0
sub-INET156,ses-3,task-rest,run-02,sub-INET156_ses-3_task-rest_run-02_bold.nii.gz,0,,,1.0,include,/gpfs/research/grattonlab/iNetworks/Nifti/derivatives/preproc_fmriprep-24.1.1/sub-INET156/ses-3/func/FD_outputs/sub-INET156_ses-3_task-rest_run-02_desc-tmask_fFD.txt,sub-INET156_ses-3_task-rest_run-02_desc-tmask_fFD.txt,264,0,0
sub-INET156,ses-3,task-rest,run-03,sub-INET156_ses-3_task-rest_run-03_bold.nii.gz,0,,,3.0,include,/gpfs/research/grattonlab/iNetworks/Nifti/derivatives/preproc_fmriprep-24.1.1/sub-INET156/ses-3/func/FD_outputs/sub-INET156_ses-3_task-rest_run-03_desc-tmask_fFD.txt,sub-INET156_ses-3_task-rest_run-03_desc-tmask_fFD.txt,255,0,0
sub-INET156,ses-3,task-rest,run-05,sub-INET156_ses-3_task-rest_run-05_bold.nii.gz,0,,,1.0,include,/gpfs/research/grattonlab/iNetworks/Nifti/derivatives/preproc_fmriprep-24.1.1/sub-INET156/ses-3/func/FD_outputs/sub-INET156_ses-3_task-rest_run-05_desc-tmask_fFD.txt,sub-INET156_ses-3_task-rest_run-05_desc-tmask_fFD.txt,254,0,0
sub-INET156,ses-3,task-rest,run-06,sub-INET156_ses-3_task-rest_run-06_bold.nii.gz,0,,,1.0,include,/gpfs/research/grattonlab/iNetworks/Nifti/derivatives/preproc_fmriprep-24.1.1/sub-INET156/ses-3/func/FD_outputs/sub-INET156_ses-3_task-rest_run-06_desc-tmask_fFD.txt,sub-INET156_ses-3_task-rest_run-06_desc-tmask_fFD.txt,251,0,0
sub-INET156,ses-3,task-rest,run-07,sub-INET156_ses-3_task-rest_run-07_bold.nii.gz,0,,,1.0,include,/gpfs/research/grattonlab/iNetworks/Nifti/derivatives/preproc_fmriprep-24.1.1/sub-INET156/ses-3/func/FD_outputs/sub-INET156_ses-3_task-rest_run-07_desc-tmask_fFD.txt,sub-INET156_ses-3_task-rest_run-07_desc-tmask_fFD.txt,234,0,0
sub-INET156,ses-3,task-rest,run-08,sub-INET156_ses-3_task-rest_run-08_bold.nii.gz,0,,,1.0,include,/gpfs/research/grattonlab/iNetworks/Nifti/derivatives/preproc_fmriprep-24.1.1/sub-INET156/ses-3/func/FD_outputs/sub-INET156_ses-3_task-rest_run-08_desc-tmask_fFD.txt,sub-INET156_ses-3_task-rest_run-08_desc-tmask_fFD.txt,229,0,0
sub-INET156,ses-4,task-rest,run-01,sub-INET156_ses-4_task-rest_run-01_bold.nii.gz,0,,,2.0,include,/gpfs/research/grattonlab/iNetworks/Nifti/derivatives/preproc_fmriprep-24.1.1/sub-INET156/ses-4/func/FD_outputs/sub-INET156_ses-4_task-rest_run-01_desc-tmask_fFD.txt,sub-INET156_ses-4_task-rest_run-01_desc-tmask_fFD.txt,264,0,0
sub-INET156,ses-4,task-rest,run-02,sub-INET156_ses-4_task-rest_run-02_bold.nii.gz,0,,,3.0,include,/gpfs/research/grattonlab/iNetworks/Nifti/derivatives/preproc_fmriprep-24.1.1/sub-INET156/ses-4/func/FD_outputs/sub-INET156_ses-4_task-rest_run-02_desc-tmask_fFD.txt,sub-INET156_ses-4_task-rest_run-02_desc-tmask_fFD.txt,264,0,0
sub-INET156,ses-4,task-rest,run-05,sub-INET156_ses-4_task-rest_run-05_bold.nii.gz,0,,,3.0,include,/gpfs/research/grattonlab/iNetworks/Nifti/derivatives/preproc_fmriprep-24.1.1/sub-INET156/ses-4/func/FD_outputs/sub-INET156_ses-4_task-rest_run-05_desc-tmask_fFD.txt,sub-INET156_ses-4_task-rest_run-05_desc-tmask_fFD.txt,259,0,0
sub-INET156,ses-4,task-rest,run-06,sub-INET156_ses-4_task-rest_run-06_bold.nii.gz,0,,,2.0,include,/gpfs/research/grattonlab/iNetworks/Nifti/derivatives/preproc_fmriprep-24.1.1/sub-INET156/ses-4/func/FD_outputs/sub-INET156_ses-4_task-rest_run-06_desc-tmask_fFD.txt,sub-INET156_ses-4_task-rest_run-06_desc-tmask_fFD.txt,257,0,0
sub-INET156,ses-4,task-rest,run-07,sub-INET156_ses-4_task-rest_run-07_bold.nii.gz,0,,,1.0,include,/gpfs/research/grattonlab/iNetworks/Nifti/derivatives/preproc_fmriprep-24.1.1/sub-INET156/ses-4/func/FD_outputs/sub-INET156_ses-4_task-rest_run-07_desc-tmask_fFD.txt,sub-INET156_ses-4_task-rest_run-07_desc-tmask_fFD.txt,264,0,0
sub-INET156,ses-4,task-rest,run-08,sub-INET156_ses-4_task-rest_run-08_bold.nii.gz,0,,,1.0,include,/gpfs/research/grattonlab/iNetworks/Nifti/derivatives/preproc_fmriprep-24.1.1/sub-INET156/ses-4/func/FD_outputs/sub-INET156_ses-4_task-rest_run-08_desc-tmask_fFD.txt,sub-INET156_ses-4_task-rest_run-08_desc-tmask_fFD.txt,253,0,0
sub-INET158,ses-1,task-rest,run-01,sub-INET158_ses-1_task-rest_run-01_bold.nii.gz,0,,,1.0,include,/gpfs/research/grattonlab/iNetworks/Nifti/derivatives/preproc_fmriprep-24.1.1/sub-INET158/ses-1/func/FD_outputs/sub-INET158_ses-1_task-rest_run-01_desc-tmask_fFD.txt,sub-INET158_ses-1_task-rest_run-01_desc-tmask_fFD.txt,264,0,0
sub-INET158,ses-1,task-rest,run-02,sub-INET158_ses-1_task-rest_run-02_bold.nii.gz,0,,,2.0,include,/gpfs/research/grattonlab/iNetworks/Nifti/derivatives/preproc_fmriprep-24.1.1/sub-INET158/ses-1/func/FD_outputs/sub-INET158_ses-1_task-rest_run-02_desc-tmask_fFD.txt,sub-INET158_ses-1_task-rest_run-02_desc-tmask_fFD.txt,265,0,0
sub-INET158,ses-1,task-rest,run-03,sub-INET158_ses-1_task-rest_run-03_bold.nii.gz,0,,,3.0,include,/gpfs/research/grattonlab/iNetworks/Nifti/derivatives/preproc_fmriprep-24.1.1/sub-INET158/ses-1/func/FD_outputs/sub-INET158_ses-1_task-rest_run-03_desc-tmask_fFD.txt,sub-INET158_ses-1_task-rest_run-03_desc-tmask_fFD.txt,264,0,0
sub-INET158,ses-1,task-rest,run-05,sub-INET158_ses-1_task-rest_run-05_bold.nii.gz,0,,,3.0,include,/gpfs/research/grattonlab/iNetworks/Nifti/derivatives/preproc_fmriprep-24.1.1/sub-INET158/ses-1/func/FD_outputs/sub-INET158_ses-1_task-rest_run-05_desc-tmask_fFD.txt,sub-INET158_ses-1_task-rest_run-05_desc-tmask_fFD.txt,265,0,0
sub-INET158,ses-1,task-rest,run-07,sub-INET158_ses-1_task-rest_run-07_bold.nii.gz,0,,,1.0,include,/gpfs/research/grattonlab/iNetworks/Nifti/derivatives/preproc_fmriprep-24.1.1/sub-INET158/ses-1/func/FD_outputs/sub-INET158_ses-1_task-rest_run-07_desc-tmask_fFD.txt,sub-INET158_ses-1_task-rest_run-07_desc-tmask_fFD.txt,261,0,0
sub-INET158,ses-2,task-rest,run-06,sub-INET158_ses-2_task-rest_run-06_bold.nii.gz,0,,,2.0,include,/gpfs/research/grattonlab/iNetworks/Nifti/derivatives/preproc_fmriprep-24.1.1/sub-INET158/ses-2/func/FD_outputs/sub-INET158_ses-2_task-rest_run-06_desc-tmask_fFD.txt,sub-INET158_ses-2_task-rest_run-06_desc-tmask_fFD.txt,265,0,0
sub-INET158,ses-2,task-rest,run-07,sub-INET158_ses-2_task-rest_run-07_bold.nii.gz,0,,,1.0,include,/gpfs/research/grattonlab/iNetworks/Nifti/derivatives/preproc_fmriprep-24.1.1/sub-INET158/ses-2/func/FD_outputs/sub-INET158_ses-2_task-rest_run-07_desc-tmask_fFD.txt,sub-INET158_ses-2_task-rest_run-07_desc-tmask_fFD.txt,265,0,0
sub-INET158,ses-2,task-rest,run-08,sub-INET158_ses-2_task-rest_run-08_bold.nii.gz,0,,,,include,/gpfs/research/grattonlab/iNetworks/Nifti/derivatives/preproc_fmriprep-24.1.1/sub-INET158/ses-2/func/FD_outputs/sub-INET158_ses-2_task-rest_run-08_desc-tmask_fFD.txt,sub-INET158_ses-2_task-rest_run-08_desc-tmask_fFD.txt,264,0,0
sub-INET158,ses-3,task-rest,run-01,sub-INET158_ses-3_task-rest_run-01_bold.nii.gz,0,,,1.0,include,/gpfs/research/grattonlab/iNetworks/Nifti/derivatives/preproc_fmriprep-24.1.1/sub-INET158/ses-3/func/FD_outputs/sub-INET158_ses-3_task-rest_run-01_desc-tmask_fFD.txt,sub-INET158_ses-3_task-rest_run-01_desc-tmask_fFD.txt,264,0,0
sub-INET158,ses-3,task-rest,run-02,sub-INET158_ses-3_task-rest_run-02_bold.nii.gz,0,,,2.0,include,/gpfs/research/grattonlab/iNetworks/Nifti/derivatives/preproc_fmriprep-24.1.1/sub-INET158/ses-3/func/FD_outputs/sub-INET158_ses-3_task-rest_run-02_desc-tmask_fFD.txt,sub-INET158_ses-3_task-rest_run-02_desc-tmask_fFD.txt,264,0,0
sub-INET158,ses-3,task-rest,run-05,sub-INET158_ses-3_task-rest_run-05_bold.nii.gz,0,,,2.0,include,/gpfs/research/grattonlab/iNetworks/Nifti/derivatives/preproc_fmriprep-24.1.1/sub-INET158/ses-3/func/FD_outputs/sub-INET158_ses-3_task-rest_run-05_desc-tmask_fFD.txt,sub-INET158_ses-3_task-rest_run-05_desc-tmask_fFD.txt,262,0,0
sub-INET158,ses-3,task-rest,run-06,sub-INET158_ses-3_task-rest_run-06_bold.nii.gz,0,,,2.0,include,/gpfs/research/grattonlab/iNetworks/Nifti/derivatives/preproc_fmriprep-24.1.1/sub-INET158/ses-3/func/FD_outputs/sub-INET158_ses-3_task-rest_run-06_desc-tmask_fFD.txt,sub-INET158_ses-3_task-rest_run-06_desc-tmask_fFD.txt,264,0,0
sub-INET158,ses-3,task-rest,run-07,sub-INET158_ses-3_task-rest_run-07_bold.nii.gz,0,,,2.0,include,/gpfs/research/grattonlab/iNetworks/Nifti/derivatives/preproc_fmriprep-24.1.1/sub-INET158/ses-3/func/FD_outputs/sub-INET158_ses-3_task-rest_run-07_desc-tmask_fFD.txt,sub-INET158_ses-3_task-rest_run-07_desc-tmask_fFD.txt,264,0,0
sub-INET158,ses-4,task-rest,run-02,sub-INET158_ses-4_task-rest_run-02_bold.nii.gz,0,,,2.0,include,/gpfs/research/grattonlab/iNetworks/Nifti/derivatives/preproc_fmriprep-24.1.1/sub-INET158/ses-4/func/FD_outputs/sub-INET158_ses-4_task-rest_run-02_desc-tmask_fFD.txt,sub-INET158_ses-4_task-rest_run-02_desc-tmask_fFD.txt,263,0,0
sub-INET158,ses-4,task-rest,run-03,sub-INET158_ses-4_task-rest_run-03_bold.nii.gz,0,,,3.0,include,/gpfs/research/grattonlab/iNetworks/Nifti/derivatives/preproc_fmriprep-24.1.1/sub-INET158/ses-4/func/FD_outputs/sub-INET158_ses-4_task-rest_run-03_desc-tmask_fFD.txt,sub-INET158_ses-4_task-rest_run-03_desc-tmask_fFD.txt,264,0,0
sub-INET158,ses-4,task-rest,run-04,sub-INET158_ses-4_task-rest_run-04_bold.nii.gz,0,,,2.0,include,/gpfs/research/grattonlab/iNetworks/Nifti/derivatives/preproc_fmriprep-24.1.1/sub-INET158/ses-4/func/FD_outputs/sub-INET158_ses-4_task-rest_run-04_desc-tmask_fFD.txt,sub-INET158_ses-4_task-rest_run-04_desc-tmask_fFD.txt,264,0,0
sub-INET158,ses-4,task-rest,run-06,sub-INET158_ses-4_task-rest_run-06_bold.nii.gz,0,,,1.0,include,/gpfs/research/grattonlab/iNetworks/Nifti/derivatives/preproc_fmriprep-24.1.1/sub-INET158/ses-4/func/FD_outputs/sub-INET158_ses-4_task-rest_run-06_desc-tmask_fFD.txt,sub-INET158_ses-4_task-rest_run-06_desc-tmask_fFD.txt,265,0,0
sub-INET158,ses-4,task-rest,run-07,sub-INET158_ses-4_task-rest_run-07_bold.nii.gz,0,,,1.0,include,/gpfs/research/grattonlab/iNetworks/Nifti/derivatives/preproc_fmriprep-24.1.1/sub-INET158/ses-4/func/FD_outputs/sub-INET158_ses-4_task-rest_run-07_desc-tmask_fFD.txt,sub-INET158_ses-4_task-rest_run-07_desc-tmask_fFD.txt,264,0,0
sub-INET158,ses-4,task-rest,run-08,sub-INET158_ses-4_task-rest_run-08_bold.nii.gz,0,,,1.0,include,/gpfs/research/grattonlab/iNetworks/Nifti/derivatives/preproc_fmriprep-24.1.1/sub-INET158/ses-4/func/FD_outputs/sub-INET158_ses-4_task-rest_run-08_desc-tmask_fFD.txt,sub-INET158_ses-4_task-rest_run-08_desc-tmask_fFD.txt,256,0,0
sub-INET159,ses-1,task-rest,run-01,sub-INET159_ses-1_task-rest_run-01_bold.nii.gz,0,,,1.0,include,/gpfs/research/grattonlab/iNetworks/Nifti/derivatives/preproc_fmriprep-24.1.1/sub-INET159/ses-1/func/FD_outputs/sub-INET159_ses-1_task-rest_run-01_desc-tmask_fFD.txt,sub-INET159_ses-1_task-rest_run-01_desc-tmask_fFD.txt,251,0,0
sub-INET159,ses-1,task-rest,run-02,sub-INET159_ses-1_task-rest_run-02_bold.nii.gz,0,,,1.0,include,/gpfs/research/grattonlab/iNetworks/Nifti/derivatives/preproc_fmriprep-24.1.1/sub-INET159/ses-1/func/FD_outputs/sub-INET159_ses-1_task-rest_run-02_desc-tmask_fFD.txt,sub-INET159_ses-1_task-rest_run-02_desc-tmask_fFD.txt,142,0,0
sub-INET159,ses-1,task-rest,run-03,sub-INET159_ses-1_task-rest_run-03_bold.nii.gz,0,,,2.0,include,/gpfs/research/grattonlab/iNetworks/Nifti/derivatives/preproc_fmriprep-24.1.1/sub-INET159/ses-1/func/FD_outputs/sub-INET159_ses-1_task-rest_run-03_desc-tmask_fFD.txt,sub-INET159_ses-1_task-rest_run-03_desc-tmask_fFD.txt,248,0,0
sub-INET159,ses-1,task-rest,run-04,sub-INET159_ses-1_task-rest_run-04_bold.nii.gz,0,,,2.0,include,/gpfs/research/grattonlab/iNetworks/Nifti/derivatives/preproc_fmriprep-24.1.1/sub-INET159/ses-1/func/FD_outputs/sub-INET159_ses-1_task-rest_run-04_desc-tmask_fFD.txt,sub-INET159_ses-1_task-rest_run-04_desc-tmask_fFD.txt,200,0,0
sub-INET159,ses-1,task-rest,run-05,sub-INET159_ses-1_task-rest_run-05_bold.nii.gz,0,,,1.0,include,/gpfs/research/grattonlab/iNetworks/Nifti/derivatives/preproc_fmriprep-24.1.1/sub-INET159/ses-1/func/FD_outputs/sub-INET159_ses-1_task-rest_run-05_desc-tmask_fFD.txt,sub-INET159_ses-1_task-rest_run-05_desc-tmask_fFD.txt,250,0,0
sub-INET159,ses-1,task-rest,run-06,sub-INET159_ses-1_task-rest_run-06_bold.nii.gz,0,,,2.0,include,/gpfs/research/grattonlab/iNetworks/Nifti/derivatives/preproc_fmriprep-24.1.1/sub-INET159/ses-1/func/FD_outputs/sub-INET159_ses-1_task-rest_run-06_desc-tmask_fFD.txt,sub-INET159_ses-1_task-rest_run-06_desc-tmask_fFD.txt,230,0,0
sub-INET159,ses-1,task-rest,run-07,sub-INET159_ses-1_task-rest_run-07_bold.nii.gz,0,,,2.0,include,/gpfs/research/grattonlab/iNetworks/Nifti/derivatives/preproc_fmriprep-24.1.1/sub-INET159/ses-1/func/FD_outputs/sub-INET159_ses-1_task-rest_run-07_desc-tmask_fFD.txt,sub-INET159_ses-1_task-rest_run-07_desc-tmask_fFD.txt,229,0,0
sub-INET159,ses-1,task-rest,run-08,sub-INET159_ses-1_task-rest_run-08_bold.nii.gz,0,,,2.0,include,/gpfs/research/grattonlab/iNetworks/Nifti/derivatives/preproc_fmriprep-24.1.1/sub-INET159/ses-1/func/FD_outputs/sub-INET159_ses-1_task-rest_run-08_desc-tmask_fFD.txt,sub-INET159_ses-1_task-rest_run-08_desc-tmask_fFD.txt,239,0,0
sub-INET159,ses-2,task-rest,run-01,sub-INET159_ses-2_task-rest_run-01_bold.nii.gz,0,,,1.0,include,/gpfs/research/grattonlab/iNetworks/Nifti/derivatives/preproc_fmriprep-24.1.1/sub-INET159/ses-2/func/FD_outputs/sub-INET159_ses-2_task-rest_run-01_desc-tmask_fFD.txt,sub-INET159_ses-2_task-rest_run-01_desc-tmask_fFD.txt,242,0,0
sub-INET159,ses-2,task-rest,run-02,sub-INET159_ses-2_task-rest_run-02_bold.nii.gz,0,,,1.0,include,/gpfs/research/grattonlab/iNetworks/Nifti/derivatives/preproc_fmriprep-24.1.1/sub-INET159/ses-2/func/FD_outputs/sub-INET159_ses-2_task-rest_run-02_desc-tmask_fFD.txt,sub-INET159_ses-2_task-rest_run-02_desc-tmask_fFD.txt,256,0,0
sub-INET159,ses-2,task-rest,run-03,sub-INET159_ses-2_task-rest_run-03_bold.nii.gz,0,,,2.0,include,/gpfs/research/grattonlab/iNetworks/Nifti/derivatives/preproc_fmriprep-24.1.1/sub-INET159/ses-2/func/FD_outputs/sub-INET159_ses-2_task-rest_run-03_desc-tmask_fFD.txt,sub-INET159_ses-2_task-rest_run-03_desc-tmask_fFD.txt,249,0,0
sub-INET159,ses-2,task-rest,run-04,sub-INET159_ses-2_task-rest_run-04_bold.nii.gz,0,,,1.0,include,/gpfs/research/grattonlab/iNetworks/Nifti/derivatives/preproc_fmriprep-24.1.1/sub-INET159/ses-2/func/FD_outputs/sub-INET159_ses-2_task-rest_run-04_desc-tmask_fFD.txt,sub-INET159_ses-2_task-rest_run-04_desc-tmask_fFD.txt,235,0,0
sub-INET159,ses-2,task-rest,run-05,sub-INET159_ses-2_task-rest_run-05_bold.nii.gz,0,,,2.0,include,/gpfs/research/grattonlab/iNetworks/Nifti/derivatives/preproc_fmriprep-24.1.1/sub-INET159/ses-2/func/FD_outputs/sub-INET159_ses-2_task-rest_run-05_desc-tmask_fFD.txt,sub-INET159_ses-2_task-rest_run-05_desc-tmask_fFD.txt,234,0,0
sub-INET159,ses-2,task-rest,run-06,sub-INET159_ses-2_task-rest_run-06_bold.nii.gz,0,,,1.0,include,/gpfs/research/grattonlab/iNetworks/Nifti/derivatives/preproc_fmriprep-24.1.1/sub-INET159/ses-2/func/FD_outputs/sub-INET159_ses-2_task-rest_run-06_desc-tmask_fFD.txt,sub-INET159_ses-2_task-rest_run-06_desc-tmask_fFD.txt,227,0,0
sub-INET159,ses-2,task-rest,run-07,sub-INET159_ses-2_task-rest_run-07_bold.nii.gz,0,,,2.0,include,/gpfs/research/grattonlab/iNetworks/Nifti/derivatives/preproc_fmriprep-24.1.1/sub-INET159/ses-2/func/FD_outputs/sub-INET159_ses-2_task-rest_run-07_desc-tmask_fFD.txt,sub-INET159_ses-2_task-rest_run-07_desc-tmask_fFD.txt,232,0,0
sub-INET159,ses-2,task-rest,run-08,sub-INET159_ses-2_task-rest_run-08_bold.nii.gz,0,,,2.0,include,/gpfs/research/grattonlab/iNetworks/Nifti/derivatives/preproc_fmriprep-24.1.1/sub-INET159/ses-2/func/FD_outputs/sub-INET159_ses-2_task-rest_run-08_desc-tmask_fFD.txt,sub-INET159_ses-2_task-rest_run-08_desc-tmask_fFD.txt,240,0,0
sub-INET159,ses-3,task-rest,run-01,sub-INET159_ses-3_task-rest_run-01_bold.nii.gz,0,,,1.0,include,/gpfs/research/grattonlab/iNetworks/Nifti/derivatives/preproc_fmriprep-24.1.1/sub-INET159/ses-3/func/FD_outputs/sub-INET159_ses-3_task-rest_run-01_desc-tmask_fFD.txt,sub-INET159_ses-3_task-rest_run-01_desc-tmask_fFD.txt,247,0,0
sub-INET159,ses-3,task-rest,run-02,sub-INET159_ses-3_task-rest_run-02_bold.nii.gz,0,,,1.0,include,/gpfs/research/grattonlab/iNetworks/Nifti/derivatives/preproc_fmriprep-24.1.1/sub-INET159/ses-3/func/FD_outputs/sub-INET159_ses-3_task-rest_run-02_desc-tmask_fFD.txt,sub-INET159_ses-3_task-rest_run-02_desc-tmask_fFD.txt,243,0,0
sub-INET159,ses-3,task-rest,run-03,sub-INET159_ses-3_task-rest_run-03_bold.nii.gz,0,,,2.0,include,/gpfs/research/grattonlab/iNetworks/Nifti/derivatives/preproc_fmriprep-24.1.1/sub-INET159/ses-3/func/FD_outputs/sub-INET159_ses-3_task-rest_run-03_desc-tmask_fFD.txt,sub-INET159_ses-3_task-rest_run-03_desc-tmask_fFD.txt,262,0,0
sub-INET159,ses-3,task-rest,run-04,sub-INET159_ses-3_task-rest_run-04_bold.nii.gz,0,,,2.0,include,/gpfs/research/grattonlab/iNetworks/Nifti/derivatives/preproc_fmriprep-24.1.1/sub-INET159/ses-3/func/FD_outputs/sub-INET159_ses-3_task-rest_run-04_desc-tmask_fFD.txt,sub-INET159_ses-3_task-rest_run-04_desc-tmask_fFD.txt,255,0,0
sub-INET159,ses-3,task-rest,run-05,sub-INET159_ses-3_task-rest_run-05_bold.nii.gz,0,,,2.0,include,/gpfs/research/grattonlab/iNetworks/Nifti/derivatives/preproc_fmriprep-24.1.1/sub-INET159/ses-3/func/FD_outputs/sub-INET159_ses-3_task-rest_run-05_desc-tmask_fFD.txt,sub-INET159_ses-3_task-rest_run-05_desc-tmask_fFD.txt,246,0,0
sub-INET159,ses-3,task-rest,run-06,sub-INET159_ses-3_task-rest_run-06_bold.nii.gz,0,,,2.0,include,/gpfs/research/grattonlab/iNetworks/Nifti/derivatives/preproc_fmriprep-24.1.1/sub-INET159/ses-3/func/FD_outputs/sub-INET159_ses-3_task-rest_run-06_desc-tmask_fFD.txt,sub-INET159_ses-3_task-rest_run-06_desc-tmask_fFD.txt,241,0,0
sub-INET159,ses-3,task-rest,run-07,sub-INET159_ses-3_task-rest_run-07_bold.nii.gz,0,,,2.0,include,/gpfs/research/grattonlab/iNetworks/Nifti/derivatives/preproc_fmriprep-24.1.1/sub-INET159/ses-3/func/FD_outputs/sub-INET159_ses-3_task-rest_run-07_desc-tmask_fFD.txt,sub-INET159_ses-3_task-rest_run-07_desc-tmask_fFD.txt,251,0,0
sub-INET159,ses-4,task-rest,run-01,sub-INET159_ses-4_task-rest_run-01_bold.nii.gz,0,,,1.0,include,/gpfs/research/grattonlab/iNetworks/Nifti/derivatives/preproc_fmriprep-24.1.1/sub-INET159/ses-4/func/FD_outputs/sub-INET159_ses-4_task-rest_run-01_desc-tmask_fFD.txt,sub-INET159_ses-4_task-rest_run-01_desc-tmask_fFD.txt,256,0,0
sub-INET159,ses-4,task-rest,run-02,sub-INET159_ses-4_task-rest_run-02_bold.nii.gz,0,,,1.0,include,/gpfs/research/grattonlab/iNetworks/Nifti/derivatives/preproc_fmriprep-24.1.1/sub-INET159/ses-4/func/FD_outputs/sub-INET159_ses-4_task-rest_run-02_desc-tmask_fFD.txt,sub-INET159_ses-4_task-rest_run-02_desc-tmask_fFD.txt,260,0,0
sub-INET159,ses-4,task-rest,run-03,sub-INET159_ses-4_task-rest_run-03_bold.nii.gz,0,,,1.0,include,/gpfs/research/grattonlab/iNetworks/Nifti/derivatives/preproc_fmriprep-24.1.1/sub-INET159/ses-4/func/FD_outputs/sub-INET159_ses-4_task-rest_run-03_desc-tmask_fFD.txt,sub-INET159_ses-4_task-rest_run-03_desc-tmask_fFD.txt,254,0,0
sub-INET159,ses-4,task-rest,run-04,sub-INET159_ses-4_task-rest_run-04_bold.nii.gz,0,,,1.0,include,/gpfs/research/grattonlab/iNetworks/Nifti/derivatives/preproc_fmriprep-24.1.1/sub-INET159/ses-4/func/FD_outputs/sub-INET159_ses-4_task-rest_run-04_desc-tmask_fFD.txt,sub-INET159_ses-4_task-rest_run-04_desc-tmask_fFD.txt,254,0,0
sub-INET159,ses-4,task-rest,run-05,sub-INET159_ses-4_task-rest_run-05_bold.nii.gz,0,,,1.0,include,/gpfs/research/grattonlab/iNetworks/Nifti/derivatives/preproc_fmriprep-24.1.1/sub-INET159/ses-4/func/FD_outputs/sub-INET159_ses-4_task-rest_run-05_desc-tmask_fFD.txt,sub-INET159_ses-4_task-rest_run-05_desc-tmask_fFD.txt,243,0,0
sub-INET159,ses-4,task-rest,run-06,sub-INET159_ses-4_task-rest_run-06_bold.nii.gz,0,,,1.0,include,/gpfs/research/grattonlab/iNetworks/Nifti/derivatives/preproc_fmriprep-24.1.1/sub-INET159/ses-4/func/FD_outputs/sub-INET159_ses-4_task-rest_run-06_desc-tmask_fFD.txt,sub-INET159_ses-4_task-rest_run-06_desc-tmask_fFD.txt,253,0,0
sub-INET159,ses-4,task-rest,run-07,sub-INET159_ses-4_task-rest_run-07_bold.nii.gz,0,,,1.0,include,/gpfs/research/grattonlab/iNetworks/Nifti/derivatives/preproc_fmriprep-24.1.1/sub-INET159/ses-4/func/FD_outputs/sub-INET159_ses-4_task-rest_run-07_desc-tmask_fFD.txt,sub-INET159_ses-4_task-rest_run-07_desc-tmask_fFD.txt,217,0,0
sub-INET159,ses-4,task-rest,run-08,sub-INET159_ses-4_task-rest_run-08_bold.nii.gz,0,,,1.0,include,/gpfs/research/grattonlab/iNetworks/Nifti/derivatives/preproc_fmriprep-24.1.1/sub-INET159/ses-4/func/FD_outputs/sub-INET159_ses-4_task-rest_run-08_desc-tmask_fFD.txt,sub-INET159_ses-4_task-rest_run-08_desc-tmask_fFD.txt,231,0,0
sub-INET160,ses-1,task-rest,run-01,sub-INET160_ses-1_task-rest_run-01_bold.nii.gz,0,,,2.0,include,/gpfs/research/grattonlab/iNetworks/Nifti/derivatives/preproc_fmriprep-24.1.1/sub-INET160/ses-1/func/FD_outputs/sub-INET160_ses-1_task-rest_run-01_desc-tmask_fFD.txt,sub-INET160_ses-1_task-rest_run-01_desc-tmask_fFD.txt,263,0,0
sub-INET160,ses-2,task-rest,run-01,sub-INET160_ses-2_task-rest_run-01_bold.nii.gz,0,,,3.0,include,/gpfs/research/grattonlab/iNetworks/Nifti/derivatives/preproc_fmriprep-24.1.1/sub-INET160/ses-2/func/FD_outputs/sub-INET160_ses-2_task-rest_run-01_desc-tmask_fFD.txt,sub-INET160_ses-2_task-rest_run-01_desc-tmask_fFD.txt,256,0,0
sub-INET160,ses-3,task-rest,run-01,sub-INET160_ses-3_task-rest_run-01_bold.nii.gz,0,,,2.0,include,/gpfs/research/grattonlab/iNetworks/Nifti/derivatives/preproc_fmriprep-24.1.1/sub-INET160/ses-3/func/FD_outputs/sub-INET160_ses-3_task-rest_run-01_desc-tmask_fFD.txt,sub-INET160_ses-3_task-rest_run-01_desc-tmask_fFD.txt,256,0,0
sub-INET160,ses-3,task-rest,run-08,sub-INET160_ses-3_task-rest_run-08_bold.nii.gz,0,,,,include,/gpfs/research/grattonlab/iNetworks/Nifti/derivatives/preproc_fmriprep-24.1.1/sub-INET160/ses-3/func/FD_outputs/sub-INET160_ses-3_task-rest_run-08_desc-tmask_fFD.txt,sub-INET160_ses-3_task-rest_run-08_desc-tmask_fFD.txt,264,0,0
sub-INET160,ses-4,task-rest,run-07,sub-INET160_ses-4_task-rest_run-07_bold.nii.gz,0,,,2.0,include,/gpfs/research/grattonlab/iNetworks/Nifti/derivatives/preproc_fmriprep-24.1.1/sub-INET160/ses-4/func/FD_outputs/sub-INET160_ses-4_task-rest_run-07_desc-tmask_fFD.txt,sub-INET160_ses-4_task-rest_run-07_desc-tmask_fFD.txt,228,0,0
sub-INET165,ses-1,task-rest,run-01,sub-INET165_ses-1_task-rest_run-01_bold.nii.gz,0,,,2.0,include,/gpfs/research/grattonlab/iNetworks/Nifti/derivatives/preproc_fmriprep-24.1.1/sub-INET165/ses-1/func/FD_outputs/sub-INET165_ses-1_task-rest_run-01_desc-tmask_fFD.txt,sub-INET165_ses-1_task-rest_run-01_desc-tmask_fFD.txt,242,0,0
sub-INET165,ses-1,task-rest,run-02,sub-INET165_ses-1_task-rest_run-02_bold.nii.gz,0,,,2.0,include,/gpfs/research/grattonlab/iNetworks/Nifti/derivatives/preproc_fmriprep-24.1.1/sub-INET165/ses-1/func/FD_outputs/sub-INET165_ses-1_task-rest_run-02_desc-tmask_fFD.txt,sub-INET165_ses-1_task-rest_run-02_desc-tmask_fFD.txt,223,0,0
sub-INET165,ses-1,task-rest,run-03,sub-INET165_ses-1_task-rest_run-03_bold.nii.gz,0,,,3.0,include,/gpfs/research/grattonlab/iNetworks/Nifti/derivatives/preproc_fmriprep-24.1.1/sub-INET165/ses-1/func/FD_outputs/sub-INET165_ses-1_task-rest_run-03_desc-tmask_fFD.txt,sub-INET165_ses-1_task-rest_run-03_desc-tmask_fFD.txt,264,0,0
sub-INET165,ses-1,task-rest,run-04,sub-INET165_ses-1_task-rest_run-04_bold.nii.gz,0,,,3.0,include,/gpfs/research/grattonlab/iNetworks/Nifti/derivatives/preproc_fmriprep-24.1.1/sub-INET165/ses-1/func/FD_outputs/sub-INET165_ses-1_task-rest_run-04_desc-tmask_fFD.txt,sub-INET165_ses-1_task-rest_run-04_desc-tmask_fFD.txt,245,0,0
sub-INET165,ses-1,task-rest,run-05,sub-INET165_ses-1_task-rest_run-05_bold.nii.gz,0,,,3.0,include,/gpfs/research/grattonlab/iNetworks/Nifti/derivatives/preproc_fmriprep-24.1.1/sub-INET165/ses-1/func/FD_outputs/sub-INET165_ses-1_task-rest_run-05_desc-tmask_fFD.txt,sub-INET165_ses-1_task-rest_run-05_desc-tmask_fFD.txt,263,0,0
sub-INET165,ses-1,task-rest,run-06,sub-INET165_ses-1_task-rest_run-06_bold.nii.gz,0,,,3.0,include,/gpfs/research/grattonlab/iNetworks/Nifti/derivatives/preproc_fmriprep-24.1.1/sub-INET165/ses-1/func/FD_outputs/sub-INET165_ses-1_task-rest_run-06_desc-tmask_fFD.txt,sub-INET165_ses-1_task-rest_run-06_desc-tmask_fFD.txt,186,0,0
sub-INET165,ses-1,task-rest,run-07,sub-INET165_ses-1_task-rest_run-07_bold.nii.gz,0,,,3.0,include,/gpfs/research/grattonlab/iNetworks/Nifti/derivatives/preproc_fmriprep-24.1.1/sub-INET165/ses-1/func/FD_outputs/sub-INET165_ses-1_task-rest_run-07_desc-tmask_fFD.txt,sub-INET165_ses-1_task-rest_run-07_desc-tmask_fFD.txt,197,0,0
sub-INET165,ses-2,task-rest,run-01,sub-INET165_ses-2_task-rest_run-01_bold.nii.gz,0,,,2.0,include,/gpfs/research/grattonlab/iNetworks/Nifti/derivatives/preproc_fmriprep-24.1.1/sub-INET165/ses-2/func/FD_outputs/sub-INET165_ses-2_task-rest_run-01_desc-tmask_fFD.txt,sub-INET165_ses-2_task-rest_run-01_desc-tmask_fFD.txt,251,0,0
sub-INET165,ses-2,task-rest,run-02,sub-INET165_ses-2_task-rest_run-02_bold.nii.gz,0,,,3.0,include,/gpfs/research/grattonlab/iNetworks/Nifti/derivatives/preproc_fmriprep-24.1.1/sub-INET165/ses-2/func/FD_outputs/sub-INET165_ses-2_task-rest_run-02_desc-tmask_fFD.txt,sub-INET165_ses-2_task-rest_run-02_desc-tmask_fFD.txt,224,0,0
sub-INET165,ses-2,task-rest,run-04,sub-INET165_ses-2_task-rest_run-04_bold.nii.gz,0,,,3.0,include,/gpfs/research/grattonlab/iNetworks/Nifti/derivatives/preproc_fmriprep-24.1.1/sub-INET165/ses-2/func/FD_outputs/sub-INET165_ses-2_task-rest_run-04_desc-tmask_fFD.txt,sub-INET165_ses-2_task-rest_run-04_desc-tmask_fFD.txt,242,0,0
sub-INET165,ses-2,task-rest,run-05,sub-INET165_ses-2_task-rest_run-05_bold.nii.gz,0,,,3.0,include,/gpfs/research/grattonlab/iNetworks/Nifti/derivatives/preproc_fmriprep-24.1.1/sub-INET165/ses-2/func/FD_outputs/sub-INET165_ses-2_task-rest_run-05_desc-tmask_fFD.txt,sub-INET165_ses-2_task-rest_run-05_desc-tmask_fFD.txt,255,0,0
sub-INET165,ses-2,task-rest,run-06,sub-INET165_ses-2_task-rest_run-06_bold.nii.gz,0,,*was 20 minutes late--> make up extra rest runs,3.0,include,/gpfs/research/grattonlab/iNetworks/Nifti/derivatives/preproc_fmriprep-24.1.1/sub-INET165/ses-2/func/FD_outputs/sub-INET165_ses-2_task-rest_run-06_desc-tmask_fFD.txt,sub-INET165_ses-2_task-rest_run-06_desc-tmask_fFD.txt,159,0,0
sub-INET165,ses-3,task-rest,run-01,sub-INET165_ses-3_task-rest_run-01_bold.nii.gz,0,,,2.0,include,/gpfs/research/grattonlab/iNetworks/Nifti/derivatives/preproc_fmriprep-24.1.1/sub-INET165/ses-3/func/FD_outputs/sub-INET165_ses-3_task-rest_run-01_desc-tmask_fFD.txt,sub-INET165_ses-3_task-rest_run-01_desc-tmask_fFD.txt,250,0,0
sub-INET165,ses-3,task-rest,run-02,sub-INET165_ses-3_task-rest_run-02_bold.nii.gz,0,,,3.0,include,/gpfs/research/grattonlab/iNetworks/Nifti/derivatives/preproc_fmriprep-24.1.1/sub-INET165/ses-3/func/FD_outputs/sub-INET165_ses-3_task-rest_run-02_desc-tmask_fFD.txt,sub-INET165_ses-3_task-rest_run-02_desc-tmask_fFD.txt,244,0,0
sub-INET165,ses-3,task-rest,run-04,sub-INET165_ses-3_task-rest_run-04_bold.nii.gz,0,,,3.0,include,/gpfs/research/grattonlab/iNetworks/Nifti/derivatives/preproc_fmriprep-24.1.1/sub-INET165/ses-3/func/FD_outputs/sub-INET165_ses-3_task-rest_run-04_desc-tmask_fFD.txt,sub-INET165_ses-3_task-rest_run-04_desc-tmask_fFD.txt,226,0,0
sub-INET165,ses-3,task-rest,run-05,sub-INET165_ses-3_task-rest_run-05_bold.nii.gz,0,,,3.0,include,/gpfs/research/grattonlab/iNetworks/Nifti/derivatives/preproc_fmriprep-24.1.1/sub-INET165/ses-3/func/FD_outputs/sub-INET165_ses-3_task-rest_run-05_desc-tmask_fFD.txt,sub-INET165_ses-3_task-rest_run-05_desc-tmask_fFD.txt,199,0,0
sub-INET165,ses-3,task-rest,run-06,sub-INET165_ses-3_task-rest_run-06_bold.nii.gz,0,,,2.0,include,/gpfs/research/grattonlab/iNetworks/Nifti/derivatives/preproc_fmriprep-24.1.1/sub-INET165/ses-3/func/FD_outputs/sub-INET165_ses-3_task-rest_run-06_desc-tmask_fFD.txt,sub-INET165_ses-3_task-rest_run-06_desc-tmask_fFD.txt,202,0,0
sub-INET165,ses-3,task-rest,run-07,sub-INET165_ses-3_task-rest_run-07_bold.nii.gz,0,,,2.0,include,/gpfs/research/grattonlab/iNetworks/Nifti/derivatives/preproc_fmriprep-24.1.1/sub-INET165/ses-3/func/FD_outputs/sub-INET165_ses-3_task-rest_run-07_desc-tmask_fFD.txt,sub-INET165_ses-3_task-rest_run-07_desc-tmask_fFD.txt,245,0,0
sub-INET165,ses-4,task-rest,run-01,sub-INET165_ses-4_task-rest_run-01_bold.nii.gz,0,,,2.0,include,/gpfs/research/grattonlab/iNetworks/Nifti/derivatives/preproc_fmriprep-24.1.1/sub-INET165/ses-4/func/FD_outputs/sub-INET165_ses-4_task-rest_run-01_desc-tmask_fFD.txt,sub-INET165_ses-4_task-rest_run-01_desc-tmask_fFD.txt,256,0,0
sub-INET165,ses-4,task-rest,run-02,sub-INET165_ses-4_task-rest_run-02_bold.nii.gz,0,,,2.0,include,/gpfs/research/grattonlab/iNetworks/Nifti/derivatives/preproc_fmriprep-24.1.1/sub-INET165/ses-4/func/FD_outputs/sub-INET165_ses-4_task-rest_run-02_desc-tmask_fFD.txt,sub-INET165_ses-4_task-rest_run-02_desc-tmask_fFD.txt,262,0,0
sub-INET165,ses-4,task-rest,run-03,sub-INET165_ses-4_task-rest_run-03_bold.nii.gz,0,,,3.0,include,/gpfs/research/grattonlab/iNetworks/Nifti/derivatives/preproc_fmriprep-24.1.1/sub-INET165/ses-4/func/FD_outputs/sub-INET165_ses-4_task-rest_run-03_desc-tmask_fFD.txt,sub-INET165_ses-4_task-rest_run-03_desc-tmask_fFD.txt,239,0,0
sub-INET165,ses-4,task-rest,run-04,sub-INET165_ses-4_task-rest_run-04_bold.nii.gz,0,,,3.0,include,/gpfs/research/grattonlab/iNetworks/Nifti/derivatives/preproc_fmriprep-24.1.1/sub-INET165/ses-4/func/FD_outputs/sub-INET165_ses-4_task-rest_run-04_desc-tmask_fFD.txt,sub-INET165_ses-4_task-rest_run-04_desc-tmask_fFD.txt,246,0,0
sub-INET165,ses-4,task-rest,run-05,sub-INET165_ses-4_task-rest_run-05_bold.nii.gz,0,,,3.0,include,/gpfs/research/grattonlab/iNetworks/Nifti/derivatives/preproc_fmriprep-24.1.1/sub-INET165/ses-4/func/FD_outputs/sub-INET165_ses-4_task-rest_run-05_desc-tmask_fFD.txt,sub-INET165_ses-4_task-rest_run-05_desc-tmask_fFD.txt,251,0,0
sub-INET165,ses-4,task-rest,run-06,sub-INET165_ses-4_task-rest_run-06_bold.nii.gz,0,,,3.0,include,/gpfs/research/grattonlab/iNetworks/Nifti/derivatives/preproc_fmriprep-24.1.1/sub-INET165/ses-4/func/FD_outputs/sub-INET165_ses-4_task-rest_run-06_desc-tmask_fFD.txt,sub-INET165_ses-4_task-rest_run-06_desc-tmask_fFD.txt,229,0,0
sub-INET165,ses-4,task-rest,run-07,sub-INET165_ses-4_task-rest_run-07_bold.nii.gz,0,,,2.0,include,/gpfs/research/grattonlab/iNetworks/Nifti/derivatives/preproc_fmriprep-24.1.1/sub-INET165/ses-4/func/FD_outputs/sub-INET165_ses-4_task-rest_run-07_desc-tmask_fFD.txt,sub-INET165_ses-4_task-rest_run-07_desc-tmask_fFD.txt,257,0,0
sub-INET168,ses-1,task-rest,run-02,sub-INET168_ses-1_task-rest_run-02_bold.nii.gz,0,,,1.0,include,/gpfs/research/grattonlab/iNetworks/Nifti/derivatives/preproc_fmriprep-24.1.1/sub-INET168/ses-1/func/FD_outputs/sub-INET168_ses-1_task-rest_run-02_desc-tmask_fFD.txt,sub-INET168_ses-1_task-rest_run-02_desc-tmask_fFD.txt,235,0,0
sub-INET168,ses-1,task-rest,run-03,sub-INET168_ses-1_task-rest_run-03_bold.nii.gz,0,,lots of motion,2.0,include,/gpfs/research/grattonlab/iNetworks/Nifti/derivatives/preproc_fmriprep-24.1.1/sub-INET168/ses-1/func/FD_outputs/sub-INET168_ses-1_task-rest_run-03_desc-tmask_fFD.txt,sub-INET168_ses-1_task-rest_run-03_desc-tmask_fFD.txt,205,0,0
sub-INET168,ses-1,task-rest,run-04,sub-INET168_ses-1_task-rest_run-04_bold.nii.gz,0,,,1.0,include,/gpfs/research/grattonlab/iNetworks/Nifti/derivatives/preproc_fmriprep-24.1.1/sub-INET168/ses-1/func/FD_outputs/sub-INET168_ses-1_task-rest_run-04_desc-tmask_fFD.txt,sub-INET168_ses-1_task-rest_run-04_desc-tmask_fFD.txt,192,0,0
sub-INET168,ses-2,task-rest,run-01,sub-INET168_ses-2_task-rest_run-01_bold.nii.gz,0,,,1.0,include,/gpfs/research/grattonlab/iNetworks/Nifti/derivatives/preproc_fmriprep-24.1.1/sub-INET168/ses-2/func/FD_outputs/sub-INET168_ses-2_task-rest_run-01_desc-tmask_fFD.txt,sub-INET168_ses-2_task-rest_run-01_desc-tmask_fFD.txt,265,0,0
sub-INET168,ses-2,task-rest,run-02,sub-INET168_ses-2_task-rest_run-02_bold.nii.gz,0,,,1.0,include,/gpfs/research/grattonlab/iNetworks/Nifti/derivatives/preproc_fmriprep-24.1.1/sub-INET168/ses-2/func/FD_outputs/sub-INET168_ses-2_task-rest_run-02_desc-tmask_fFD.txt,sub-INET168_ses-2_task-rest_run-02_desc-tmask_fFD.txt,265,0,0
sub-INET168,ses-2,task-rest,run-03,sub-INET168_ses-2_task-rest_run-03_bold.nii.gz,0,,,1.0,include,/gpfs/research/grattonlab/iNetworks/Nifti/derivatives/preproc_fmriprep-24.1.1/sub-INET168/ses-2/func/FD_outputs/sub-INET168_ses-2_task-rest_run-03_desc-tmask_fFD.txt,sub-INET168_ses-2_task-rest_run-03_desc-tmask_fFD.txt,263,0,0
sub-INET168,ses-2,task-rest,run-04,sub-INET168_ses-2_task-rest_run-04_bold.nii.gz,0,,,1.0,include,/gpfs/research/grattonlab/iNetworks/Nifti/derivatives/preproc_fmriprep-24.1.1/sub-INET168/ses-2/func/FD_outputs/sub-INET168_ses-2_task-rest_run-04_desc-tmask_fFD.txt,sub-INET168_ses-2_task-rest_run-04_desc-tmask_fFD.txt,263,0,0
sub-INET168,ses-2,task-rest,run-05,sub-INET168_ses-2_task-rest_run-05_bold.nii.gz,0,,,1.0,include,/gpfs/research/grattonlab/iNetworks/Nifti/derivatives/preproc_fmriprep-24.1.1/sub-INET168/ses-2/func/FD_outputs/sub-INET168_ses-2_task-rest_run-05_desc-tmask_fFD.txt,sub-INET168_ses-2_task-rest_run-05_desc-tmask_fFD.txt,265,0,0
sub-INET168,ses-2,task-rest,run-06,sub-INET168_ses-2_task-rest_run-06_bold.nii.gz,0,,,1.0,include,/gpfs/research/grattonlab/iNetworks/Nifti/derivatives/preproc_fmriprep-24.1.1/sub-INET168/ses-2/func/FD_outputs/sub-INET168_ses-2_task-rest_run-06_desc-tmask_fFD.txt,sub-INET168_ses-2_task-rest_run-06_desc-tmask_fFD.txt,260,0,0
sub-INET168,ses-2,task-rest,run-07,sub-INET168_ses-2_task-rest_run-07_bold.nii.gz,0,,,1.0,include,/gpfs/research/grattonlab/iNetworks/Nifti/derivatives/preproc_fmriprep-24.1.1/sub-INET168/ses-2/func/FD_outputs/sub-INET168_ses-2_task-rest_run-07_desc-tmask_fFD.txt,sub-INET168_ses-2_task-rest_run-07_desc-tmask_fFD.txt,265,0,0
sub-INET168,ses-2,task-rest,run-08,sub-INET168_ses-2_task-rest_run-08_bold.nii.gz,0,,,1.0,include,/gpfs/research/grattonlab/iNetworks/Nifti/derivatives/preproc_fmriprep-24.1.1/sub-INET168/ses-2/func/FD_outputs/sub-INET168_ses-2_task-rest_run-08_desc-tmask_fFD.txt,sub-INET168_ses-2_task-rest_run-08_desc-tmask_fFD.txt,260,0,0
sub-INET168,ses-3,task-rest,run-01,sub-INET168_ses-3_task-rest_run-01_bold.nii.gz,0,,,1.0,include,/gpfs/research/grattonlab/iNetworks/Nifti/derivatives/preproc_fmriprep-24.1.1/sub-INET168/ses-3/func/FD_outputs/sub-INET168_ses-3_task-rest_run-01_desc-tmask_fFD.txt,sub-INET168_ses-3_task-rest_run-01_desc-tmask_fFD.txt,263,0,0
sub-INET168,ses-3,task-rest,run-02,sub-INET168_ses-3_task-rest_run-02_bold.nii.gz,0,,,1.0,include,/gpfs/research/grattonlab/iNetworks/Nifti/derivatives/preproc_fmriprep-24.1.1/sub-INET168/ses-3/func/FD_outputs/sub-INET168_ses-3_task-rest_run-02_desc-tmask_fFD.txt,sub-INET168_ses-3_task-rest_run-02_desc-tmask_fFD.txt,265,0,0
sub-INET168,ses-3,task-rest,run-03,sub-INET168_ses-3_task-rest_run-03_bold.nii.gz,0,,,1.0,include,/gpfs/research/grattonlab/iNetworks/Nifti/derivatives/preproc_fmriprep-24.1.1/sub-INET168/ses-3/func/FD_outputs/sub-INET168_ses-3_task-rest_run-03_desc-tmask_fFD.txt,sub-INET168_ses-3_task-rest_run-03_desc-tmask_fFD.txt,264,0,0
sub-INET168,ses-3,task-rest,run-04,sub-INET168_ses-3_task-rest_run-04_bold.nii.gz,0,,,1.0,include,/gpfs/research/grattonlab/iNetworks/Nifti/derivatives/preproc_fmriprep-24.1.1/sub-INET168/ses-3/func/FD_outputs/sub-INET168_ses-3_task-rest_run-04_desc-tmask_fFD.txt,sub-INET168_ses-3_task-rest_run-04_desc-tmask_fFD.txt,265,0,0
sub-INET168,ses-3,task-rest,run-05,sub-INET168_ses-3_task-rest_run-05_bold.nii.gz,0,,,1.0,include,/gpfs/research/grattonlab/iNetworks/Nifti/derivatives/preproc_fmriprep-24.1.1/sub-INET168/ses-3/func/FD_outputs/sub-INET168_ses-3_task-rest_run-05_desc-tmask_fFD.txt,sub-INET168_ses-3_task-rest_run-05_desc-tmask_fFD.txt,265,0,0
sub-INET168,ses-3,task-rest,run-06,sub-INET168_ses-3_task-rest_run-06_bold.nii.gz,0,,,1.0,include,/gpfs/research/grattonlab/iNetworks/Nifti/derivatives/preproc_fmriprep-24.1.1/sub-INET168/ses-3/func/FD_outputs/sub-INET168_ses-3_task-rest_run-06_desc-tmask_fFD.txt,sub-INET168_ses-3_task-rest_run-06_desc-tmask_fFD.txt,265,0,0
sub-INET168,ses-3,task-rest,run-07,sub-INET168_ses-3_task-rest_run-07_bold.nii.gz,0,,,1.0,include,/gpfs/research/grattonlab/iNetworks/Nifti/derivatives/preproc_fmriprep-24.1.1/sub-INET168/ses-3/func/FD_outputs/sub-INET168_ses-3_task-rest_run-07_desc-tmask_fFD.txt,sub-INET168_ses-3_task-rest_run-07_desc-tmask_fFD.txt,253,0,0
sub-INET168,ses-3,task-rest,run-08,sub-INET168_ses-3_task-rest_run-08_bold.nii.gz,0,,,2.0,include,/gpfs/research/grattonlab/iNetworks/Nifti/derivatives/preproc_fmriprep-24.1.1/sub-INET168/ses-3/func/FD_outputs/sub-INET168_ses-3_task-rest_run-08_desc-tmask_fFD.txt,sub-INET168_ses-3_task-rest_run-08_desc-tmask_fFD.txt,257,0,0
sub-INET168,ses-4,task-rest,run-01,sub-INET168_ses-4_task-rest_run-01_bold.nii.gz,0,,,1.0,include,/gpfs/research/grattonlab/iNetworks/Nifti/derivatives/preproc_fmriprep-24.1.1/sub-INET168/ses-4/func/FD_outputs/sub-INET168_ses-4_task-rest_run-01_desc-tmask_fFD.txt,sub-INET168_ses-4_task-rest_run-01_desc-tmask_fFD.txt,259,0,0
sub-INET168,ses-4,task-rest,run-02,sub-INET168_ses-4_task-rest_run-02_bold.nii.gz,0,,,1.0,include,/gpfs/research/grattonlab/iNetworks/Nifti/derivatives/preproc_fmriprep-24.1.1/sub-INET168/ses-4/func/FD_outputs/sub-INET168_ses-4_task-rest_run-02_desc-tmask_fFD.txt,sub-INET168_ses-4_task-rest_run-02_desc-tmask_fFD.txt,263,0,0
sub-INET168,ses-4,task-rest,run-03,sub-INET168_ses-4_task-rest_run-03_bold.nii.gz,0,,,1.0,include,/gpfs/research/grattonlab/iNetworks/Nifti/derivatives/preproc_fmriprep-24.1.1/sub-INET168/ses-4/func/FD_outputs/sub-INET168_ses-4_task-rest_run-03_desc-tmask_fFD.txt,sub-INET168_ses-4_task-rest_run-03_desc-tmask_fFD.txt,263,0,0
sub-INET168,ses-4,task-rest,run-04,sub-INET168_ses-4_task-rest_run-04_bold.nii.gz,0,,,2.0,include,/gpfs/research/grattonlab/iNetworks/Nifti/derivatives/preproc_fmriprep-24.1.1/sub-INET168/ses-4/func/FD_outputs/sub-INET168_ses-4_task-rest_run-04_desc-tmask_fFD.txt,sub-INET168_ses-4_task-rest_run-04_desc-tmask_fFD.txt,265,0,0
sub-INET168,ses-4,task-rest,run-05,sub-INET168_ses-4_task-rest_run-05_bold.nii.gz,0,,,2.0,include,/gpfs/research/grattonlab/iNetworks/Nifti/derivatives/preproc_fmriprep-24.1.1/sub-INET168/ses-4/func/FD_outputs/sub-INET168_ses-4_task-rest_run-05_desc-tmask_fFD.txt,sub-INET168_ses-4_task-rest_run-05_desc-tmask_fFD.txt,264,0,0
sub-INET168,ses-4,task-rest,run-06,sub-INET168_ses-4_task-rest_run-06_bold.nii.gz,0,,,2.0,include,/gpfs/research/grattonlab/iNetworks/Nifti/derivatives/preproc_fmriprep-24.1.1/sub-INET168/ses-4/func/FD_outputs/sub-INET168_ses-4_task-rest_run-06_desc-tmask_fFD.txt,sub-INET168_ses-4_task-rest_run-06_desc-tmask_fFD.txt,253,0,0
sub-INET168,ses-4,task-rest,run-07,sub-INET168_ses-4_task-rest_run-07_bold.nii.gz,0,,,1.0,include,/gpfs/research/grattonlab/iNetworks/Nifti/derivatives/preproc_fmriprep-24.1.1/sub-INET168/ses-4/func/FD_outputs/sub-INET168_ses-4_task-rest_run-07_desc-tmask_fFD.txt,sub-INET168_ses-4_task-rest_run-07_desc-tmask_fFD.txt,255,0,0
sub-INET168,ses-4,task-rest,run-08,sub-INET168_ses-4_task-rest_run-08_bold.nii.gz,0,,,3.0,include,/gpfs/research/grattonlab/iNetworks/Nifti/derivatives/preproc_fmriprep-24.1.1/sub-INET168/ses-4/func/FD_outputs/sub-INET168_ses-4_task-rest_run-08_desc-tmask_fFD.txt,sub-INET168_ses-4_task-rest_run-08_desc-tmask_fFD.txt,256,0,0
