"subject","session","run","task","file","path","FD"
"INET016","1",1,"rest","sub-INET016_ses-1_task-rest_desc-framenums_fFD.txt","/Volumes/illinois-las-psych-gratton/iNetworks/Nifti/derivatives/preproc_fmriprep-24.1.1/sub-INET016/ses-1/func/FD_outputs/sub-INET016_ses-1_task-rest_desc-framenums_fFD.txt",263
"INET016","1",2,"rest","sub-INET016_ses-1_task-rest_desc-framenums_fFD.txt","/Volumes/illinois-las-psych-gratton/iNetworks/Nifti/derivatives/preproc_fmriprep-24.1.1/sub-INET016/ses-1/func/FD_outputs/sub-INET016_ses-1_task-rest_desc-framenums_fFD.txt",259
"INET016","1",3,"rest","sub-INET016_ses-1_task-rest_desc-framenums_fFD.txt","/Volumes/illinois-las-psych-gratton/iNetworks/Nifti/derivatives/preproc_fmriprep-24.1.1/sub-INET016/ses-1/func/FD_outputs/sub-INET016_ses-1_task-rest_desc-framenums_fFD.txt",237
"INET016","1",4,"rest","sub-INET016_ses-1_task-rest_desc-framenums_fFD.txt","/Volumes/illinois-las-psych-gratton/iNetworks/Nifti/derivatives/preproc_fmriprep-24.1.1/sub-INET016/ses-1/func/FD_outputs/sub-INET016_ses-1_task-rest_desc-framenums_fFD.txt",257
"INET016","1",5,"rest","sub-INET016_ses-1_task-rest_desc-framenums_fFD.txt","/Volumes/illinois-las-psych-gratton/iNetworks/Nifti/derivatives/preproc_fmriprep-24.1.1/sub-INET016/ses-1/func/FD_outputs/sub-INET016_ses-1_task-rest_desc-framenums_fFD.txt",265
"INET016","1",6,"rest","sub-INET016_ses-1_task-rest_desc-framenums_fFD.txt","/Volumes/illinois-las-psych-gratton/iNetworks/Nifti/derivatives/preproc_fmriprep-24.1.1/sub-INET016/ses-1/func/FD_outputs/sub-INET016_ses-1_task-rest_desc-framenums_fFD.txt",262
"INET016","1",7,"rest","sub-INET016_ses-1_task-rest_desc-framenums_fFD.txt","/Volumes/illinois-las-psych-gratton/iNetworks/Nifti/derivatives/preproc_fmriprep-24.1.1/sub-INET016/ses-1/func/FD_outputs/sub-INET016_ses-1_task-rest_desc-framenums_fFD.txt",251
"INET016","1",8,"rest","sub-INET016_ses-1_task-rest_desc-framenums_fFD.txt","/Volumes/illinois-las-psych-gratton/iNetworks/Nifti/derivatives/preproc_fmriprep-24.1.1/sub-INET016/ses-1/func/FD_outputs/sub-INET016_ses-1_task-rest_desc-framenums_fFD.txt",261
"INET016","2",1,"rest","sub-INET016_ses-2_task-rest_desc-framenums_fFD.txt","/Volumes/illinois-las-psych-gratton/iNetworks/Nifti/derivatives/preproc_fmriprep-24.1.1/sub-INET016/ses-2/func/FD_outputs/sub-INET016_ses-2_task-rest_desc-framenums_fFD.txt",256
"INET016","2",2,"rest","sub-INET016_ses-2_task-rest_desc-framenums_fFD.txt","/Volumes/illinois-las-psych-gratton/iNetworks/Nifti/derivatives/preproc_fmriprep-24.1.1/sub-INET016/ses-2/func/FD_outputs/sub-INET016_ses-2_task-rest_desc-framenums_fFD.txt",255
"INET016","2",3,"rest","sub-INET016_ses-2_task-rest_desc-framenums_fFD.txt","/Volumes/illinois-las-psych-gratton/iNetworks/Nifti/derivatives/preproc_fmriprep-24.1.1/sub-INET016/ses-2/func/FD_outputs/sub-INET016_ses-2_task-rest_desc-framenums_fFD.txt",251
"INET016","2",4,"rest","sub-INET016_ses-2_task-rest_desc-framenums_fFD.txt","/Volumes/illinois-las-psych-gratton/iNetworks/Nifti/derivatives/preproc_fmriprep-24.1.1/sub-INET016/ses-2/func/FD_outputs/sub-INET016_ses-2_task-rest_desc-framenums_fFD.txt",256
"INET016","2",5,"rest","sub-INET016_ses-2_task-rest_desc-framenums_fFD.txt","/Volumes/illinois-las-psych-gratton/iNetworks/Nifti/derivatives/preproc_fmriprep-24.1.1/sub-INET016/ses-2/func/FD_outputs/sub-INET016_ses-2_task-rest_desc-framenums_fFD.txt",262
"INET016","2",6,"rest","sub-INET016_ses-2_task-rest_desc-framenums_fFD.txt","/Volumes/illinois-las-psych-gratton/iNetworks/Nifti/derivatives/preproc_fmriprep-24.1.1/sub-INET016/ses-2/func/FD_outputs/sub-INET016_ses-2_task-rest_desc-framenums_fFD.txt",254
"INET016","2",7,"rest","sub-INET016_ses-2_task-rest_desc-framenums_fFD.txt","/Volumes/illinois-las-psych-gratton/iNetworks/Nifti/derivatives/preproc_fmriprep-24.1.1/sub-INET016/ses-2/func/FD_outputs/sub-INET016_ses-2_task-rest_desc-framenums_fFD.txt",251
"INET016","3",1,"rest","sub-INET016_ses-3_task-rest_desc-framenums_fFD.txt","/Volumes/illinois-las-psych-gratton/iNetworks/Nifti/derivatives/preproc_fmriprep-24.1.1/sub-INET016/ses-3/func/FD_outputs/sub-INET016_ses-3_task-rest_desc-framenums_fFD.txt",263
"INET016","3",2,"rest","sub-INET016_ses-3_task-rest_desc-framenums_fFD.txt","/Volumes/illinois-las-psych-gratton/iNetworks/Nifti/derivatives/preproc_fmriprep-24.1.1/sub-INET016/ses-3/func/FD_outputs/sub-INET016_ses-3_task-rest_desc-framenums_fFD.txt",250
"INET016","3",3,"rest","sub-INET016_ses-3_task-rest_desc-framenums_fFD.txt","/Volumes/illinois-las-psych-gratton/iNetworks/Nifti/derivatives/preproc_fmriprep-24.1.1/sub-INET016/ses-3/func/FD_outputs/sub-INET016_ses-3_task-rest_desc-framenums_fFD.txt",259
"INET016","3",4,"rest","sub-INET016_ses-3_task-rest_desc-framenums_fFD.txt","/Volumes/illinois-las-psych-gratton/iNetworks/Nifti/derivatives/preproc_fmriprep-24.1.1/sub-INET016/ses-3/func/FD_outputs/sub-INET016_ses-3_task-rest_desc-framenums_fFD.txt",264
"INET016","3",5,"rest","sub-INET016_ses-3_task-rest_desc-framenums_fFD.txt","/Volumes/illinois-las-psych-gratton/iNetworks/Nifti/derivatives/preproc_fmriprep-24.1.1/sub-INET016/ses-3/func/FD_outputs/sub-INET016_ses-3_task-rest_desc-framenums_fFD.txt",254
"INET016","3",6,"rest","sub-INET016_ses-3_task-rest_desc-framenums_fFD.txt","/Volumes/illinois-las-psych-gratton/iNetworks/Nifti/derivatives/preproc_fmriprep-24.1.1/sub-INET016/ses-3/func/FD_outputs/sub-INET016_ses-3_task-rest_desc-framenums_fFD.txt",265
"INET016","3",7,"rest","sub-INET016_ses-3_task-rest_desc-framenums_fFD.txt","/Volumes/illinois-las-psych-gratton/iNetworks/Nifti/derivatives/preproc_fmriprep-24.1.1/sub-INET016/ses-3/func/FD_outputs/sub-INET016_ses-3_task-rest_desc-framenums_fFD.txt",262
"INET016","3",8,"rest","sub-INET016_ses-3_task-rest_desc-framenums_fFD.txt","/Volumes/illinois-las-psych-gratton/iNetworks/Nifti/derivatives/preproc_fmriprep-24.1.1/sub-INET016/ses-3/func/FD_outputs/sub-INET016_ses-3_task-rest_desc-framenums_fFD.txt",258
"INET016","4",1,"rest","sub-INET016_ses-4_task-rest_desc-framenums_fFD.txt","/Volumes/illinois-las-psych-gratton/iNetworks/Nifti/derivatives/preproc_fmriprep-24.1.1/sub-INET016/ses-4/func/FD_outputs/sub-INET016_ses-4_task-rest_desc-framenums_fFD.txt",247
"INET016","4",2,"rest","sub-INET016_ses-4_task-rest_desc-framenums_fFD.txt","/Volumes/illinois-las-psych-gratton/iNetworks/Nifti/derivatives/preproc_fmriprep-24.1.1/sub-INET016/ses-4/func/FD_outputs/sub-INET016_ses-4_task-rest_desc-framenums_fFD.txt",253
"INET016","4",3,"rest","sub-INET016_ses-4_task-rest_desc-framenums_fFD.txt","/Volumes/illinois-las-psych-gratton/iNetworks/Nifti/derivatives/preproc_fmriprep-24.1.1/sub-INET016/ses-4/func/FD_outputs/sub-INET016_ses-4_task-rest_desc-framenums_fFD.txt",254
"INET016","4",4,"rest","sub-INET016_ses-4_task-rest_desc-framenums_fFD.txt","/Volumes/illinois-las-psych-gratton/iNetworks/Nifti/derivatives/preproc_fmriprep-24.1.1/sub-INET016/ses-4/func/FD_outputs/sub-INET016_ses-4_task-rest_desc-framenums_fFD.txt",257
"INET016","4",5,"rest","sub-INET016_ses-4_task-rest_desc-framenums_fFD.txt","/Volumes/illinois-las-psych-gratton/iNetworks/Nifti/derivatives/preproc_fmriprep-24.1.1/sub-INET016/ses-4/func/FD_outputs/sub-INET016_ses-4_task-rest_desc-framenums_fFD.txt",254
"INET016","4",6,"rest","sub-INET016_ses-4_task-rest_desc-framenums_fFD.txt","/Volumes/illinois-las-psych-gratton/iNetworks/Nifti/derivatives/preproc_fmriprep-24.1.1/sub-INET016/ses-4/func/FD_outputs/sub-INET016_ses-4_task-rest_desc-framenums_fFD.txt",229
"INET016","4",7,"rest","sub-INET016_ses-4_task-rest_desc-framenums_fFD.txt","/Volumes/illinois-las-psych-gratton/iNetworks/Nifti/derivatives/preproc_fmriprep-24.1.1/sub-INET016/ses-4/func/FD_outputs/sub-INET016_ses-4_task-rest_desc-framenums_fFD.txt",230
"INET016","4",8,"rest","sub-INET016_ses-4_task-rest_desc-framenums_fFD.txt","/Volumes/illinois-las-psych-gratton/iNetworks/Nifti/derivatives/preproc_fmriprep-24.1.1/sub-INET016/ses-4/func/FD_outputs/sub-INET016_ses-4_task-rest_desc-framenums_fFD.txt",219
"INET016","4",9,"rest","sub-INET016_ses-4_task-rest_desc-framenums_fFD.txt","/Volumes/illinois-las-psych-gratton/iNetworks/Nifti/derivatives/preproc_fmriprep-24.1.1/sub-INET016/ses-4/func/FD_outputs/sub-INET016_ses-4_task-rest_desc-framenums_fFD.txt",236
"INET018","1",1,"rest","sub-INET018_ses-1_task-rest_desc-framenums_fFD.txt","/Volumes/illinois-las-psych-gratton/iNetworks/Nifti/derivatives/preproc_fmriprep-24.1.1/sub-INET018/ses-1/func/FD_outputs/sub-INET018_ses-1_task-rest_desc-framenums_fFD.txt",265
"INET018","1",2,"rest","sub-INET018_ses-1_task-rest_desc-framenums_fFD.txt","/Volumes/illinois-las-psych-gratton/iNetworks/Nifti/derivatives/preproc_fmriprep-24.1.1/sub-INET018/ses-1/func/FD_outputs/sub-INET018_ses-1_task-rest_desc-framenums_fFD.txt",264
"INET018","1",3,"rest","sub-INET018_ses-1_task-rest_desc-framenums_fFD.txt","/Volumes/illinois-las-psych-gratton/iNetworks/Nifti/derivatives/preproc_fmriprep-24.1.1/sub-INET018/ses-1/func/FD_outputs/sub-INET018_ses-1_task-rest_desc-framenums_fFD.txt",264
"INET018","1",4,"rest","sub-INET018_ses-1_task-rest_desc-framenums_fFD.txt","/Volumes/illinois-las-psych-gratton/iNetworks/Nifti/derivatives/preproc_fmriprep-24.1.1/sub-INET018/ses-1/func/FD_outputs/sub-INET018_ses-1_task-rest_desc-framenums_fFD.txt",265
"INET018","1",5,"rest","sub-INET018_ses-1_task-rest_desc-framenums_fFD.txt","/Volumes/illinois-las-psych-gratton/iNetworks/Nifti/derivatives/preproc_fmriprep-24.1.1/sub-INET018/ses-1/func/FD_outputs/sub-INET018_ses-1_task-rest_desc-framenums_fFD.txt",265
"INET018","1",6,"rest","sub-INET018_ses-1_task-rest_desc-framenums_fFD.txt","/Volumes/illinois-las-psych-gratton/iNetworks/Nifti/derivatives/preproc_fmriprep-24.1.1/sub-INET018/ses-1/func/FD_outputs/sub-INET018_ses-1_task-rest_desc-framenums_fFD.txt",265
"INET018","2",1,"rest","sub-INET018_ses-2_task-rest_desc-framenums_fFD.txt","/Volumes/illinois-las-psych-gratton/iNetworks/Nifti/derivatives/preproc_fmriprep-24.1.1/sub-INET018/ses-2/func/FD_outputs/sub-INET018_ses-2_task-rest_desc-framenums_fFD.txt",264
"INET018","2",2,"rest","sub-INET018_ses-2_task-rest_desc-framenums_fFD.txt","/Volumes/illinois-las-psych-gratton/iNetworks/Nifti/derivatives/preproc_fmriprep-24.1.1/sub-INET018/ses-2/func/FD_outputs/sub-INET018_ses-2_task-rest_desc-framenums_fFD.txt",265
"INET018","2",3,"rest","sub-INET018_ses-2_task-rest_desc-framenums_fFD.txt","/Volumes/illinois-las-psych-gratton/iNetworks/Nifti/derivatives/preproc_fmriprep-24.1.1/sub-INET018/ses-2/func/FD_outputs/sub-INET018_ses-2_task-rest_desc-framenums_fFD.txt",265
"INET018","2",4,"rest","sub-INET018_ses-2_task-rest_desc-framenums_fFD.txt","/Volumes/illinois-las-psych-gratton/iNetworks/Nifti/derivatives/preproc_fmriprep-24.1.1/sub-INET018/ses-2/func/FD_outputs/sub-INET018_ses-2_task-rest_desc-framenums_fFD.txt",265
"INET018","2",5,"rest","sub-INET018_ses-2_task-rest_desc-framenums_fFD.txt","/Volumes/illinois-las-psych-gratton/iNetworks/Nifti/derivatives/preproc_fmriprep-24.1.1/sub-INET018/ses-2/func/FD_outputs/sub-INET018_ses-2_task-rest_desc-framenums_fFD.txt",265
"INET018","2",6,"rest","sub-INET018_ses-2_task-rest_desc-framenums_fFD.txt","/Volumes/illinois-las-psych-gratton/iNetworks/Nifti/derivatives/preproc_fmriprep-24.1.1/sub-INET018/ses-2/func/FD_outputs/sub-INET018_ses-2_task-rest_desc-framenums_fFD.txt",264
"INET018","2",7,"rest","sub-INET018_ses-2_task-rest_desc-framenums_fFD.txt","/Volumes/illinois-las-psych-gratton/iNetworks/Nifti/derivatives/preproc_fmriprep-24.1.1/sub-INET018/ses-2/func/FD_outputs/sub-INET018_ses-2_task-rest_desc-framenums_fFD.txt",258
"INET018","2",8,"rest","sub-INET018_ses-2_task-rest_desc-framenums_fFD.txt","/Volumes/illinois-las-psych-gratton/iNetworks/Nifti/derivatives/preproc_fmriprep-24.1.1/sub-INET018/ses-2/func/FD_outputs/sub-INET018_ses-2_task-rest_desc-framenums_fFD.txt",264
"INET018","2",9,"rest","sub-INET018_ses-2_task-rest_desc-framenums_fFD.txt","/Volumes/illinois-las-psych-gratton/iNetworks/Nifti/derivatives/preproc_fmriprep-24.1.1/sub-INET018/ses-2/func/FD_outputs/sub-INET018_ses-2_task-rest_desc-framenums_fFD.txt",265
"INET018","3",1,"rest","sub-INET018_ses-3_task-rest_desc-framenums_fFD.txt","/Volumes/illinois-las-psych-gratton/iNetworks/Nifti/derivatives/preproc_fmriprep-24.1.1/sub-INET018/ses-3/func/FD_outputs/sub-INET018_ses-3_task-rest_desc-framenums_fFD.txt",264
"INET018","3",2,"rest","sub-INET018_ses-3_task-rest_desc-framenums_fFD.txt","/Volumes/illinois-las-psych-gratton/iNetworks/Nifti/derivatives/preproc_fmriprep-24.1.1/sub-INET018/ses-3/func/FD_outputs/sub-INET018_ses-3_task-rest_desc-framenums_fFD.txt",264
"INET018","3",3,"rest","sub-INET018_ses-3_task-rest_desc-framenums_fFD.txt","/Volumes/illinois-las-psych-gratton/iNetworks/Nifti/derivatives/preproc_fmriprep-24.1.1/sub-INET018/ses-3/func/FD_outputs/sub-INET018_ses-3_task-rest_desc-framenums_fFD.txt",260
"INET018","3",4,"rest","sub-INET018_ses-3_task-rest_desc-framenums_fFD.txt","/Volumes/illinois-las-psych-gratton/iNetworks/Nifti/derivatives/preproc_fmriprep-24.1.1/sub-INET018/ses-3/func/FD_outputs/sub-INET018_ses-3_task-rest_desc-framenums_fFD.txt",260
"INET018","3",5,"rest","sub-INET018_ses-3_task-rest_desc-framenums_fFD.txt","/Volumes/illinois-las-psych-gratton/iNetworks/Nifti/derivatives/preproc_fmriprep-24.1.1/sub-INET018/ses-3/func/FD_outputs/sub-INET018_ses-3_task-rest_desc-framenums_fFD.txt",265
"INET018","3",6,"rest","sub-INET018_ses-3_task-rest_desc-framenums_fFD.txt","/Volumes/illinois-las-psych-gratton/iNetworks/Nifti/derivatives/preproc_fmriprep-24.1.1/sub-INET018/ses-3/func/FD_outputs/sub-INET018_ses-3_task-rest_desc-framenums_fFD.txt",265
"INET018","3",7,"rest","sub-INET018_ses-3_task-rest_desc-framenums_fFD.txt","/Volumes/illinois-las-psych-gratton/iNetworks/Nifti/derivatives/preproc_fmriprep-24.1.1/sub-INET018/ses-3/func/FD_outputs/sub-INET018_ses-3_task-rest_desc-framenums_fFD.txt",265
"INET018","4",1,"rest","sub-INET018_ses-4_task-rest_desc-framenums_fFD.txt","/Volumes/illinois-las-psych-gratton/iNetworks/Nifti/derivatives/preproc_fmriprep-24.1.1/sub-INET018/ses-4/func/FD_outputs/sub-INET018_ses-4_task-rest_desc-framenums_fFD.txt",265
"INET018","4",2,"rest","sub-INET018_ses-4_task-rest_desc-framenums_fFD.txt","/Volumes/illinois-las-psych-gratton/iNetworks/Nifti/derivatives/preproc_fmriprep-24.1.1/sub-INET018/ses-4/func/FD_outputs/sub-INET018_ses-4_task-rest_desc-framenums_fFD.txt",264
"INET018","4",3,"rest","sub-INET018_ses-4_task-rest_desc-framenums_fFD.txt","/Volumes/illinois-las-psych-gratton/iNetworks/Nifti/derivatives/preproc_fmriprep-24.1.1/sub-INET018/ses-4/func/FD_outputs/sub-INET018_ses-4_task-rest_desc-framenums_fFD.txt",257
"INET018","4",4,"rest","sub-INET018_ses-4_task-rest_desc-framenums_fFD.txt","/Volumes/illinois-las-psych-gratton/iNetworks/Nifti/derivatives/preproc_fmriprep-24.1.1/sub-INET018/ses-4/func/FD_outputs/sub-INET018_ses-4_task-rest_desc-framenums_fFD.txt",265
"INET018","4",5,"rest","sub-INET018_ses-4_task-rest_desc-framenums_fFD.txt","/Volumes/illinois-las-psych-gratton/iNetworks/Nifti/derivatives/preproc_fmriprep-24.1.1/sub-INET018/ses-4/func/FD_outputs/sub-INET018_ses-4_task-rest_desc-framenums_fFD.txt",265
"INET018","4",6,"rest","sub-INET018_ses-4_task-rest_desc-framenums_fFD.txt","/Volumes/illinois-las-psych-gratton/iNetworks/Nifti/derivatives/preproc_fmriprep-24.1.1/sub-INET018/ses-4/func/FD_outputs/sub-INET018_ses-4_task-rest_desc-framenums_fFD.txt",262
"INET018","4",7,"rest","sub-INET018_ses-4_task-rest_desc-framenums_fFD.txt","/Volumes/illinois-las-psych-gratton/iNetworks/Nifti/derivatives/preproc_fmriprep-24.1.1/sub-INET018/ses-4/func/FD_outputs/sub-INET018_ses-4_task-rest_desc-framenums_fFD.txt",265
"INET018","4",8,"rest","sub-INET018_ses-4_task-rest_desc-framenums_fFD.txt","/Volumes/illinois-las-psych-gratton/iNetworks/Nifti/derivatives/preproc_fmriprep-24.1.1/sub-INET018/ses-4/func/FD_outputs/sub-INET018_ses-4_task-rest_desc-framenums_fFD.txt",265
"INET018","4",9,"rest","sub-INET018_ses-4_task-rest_desc-framenums_fFD.txt","/Volumes/illinois-las-psych-gratton/iNetworks/Nifti/derivatives/preproc_fmriprep-24.1.1/sub-INET018/ses-4/func/FD_outputs/sub-INET018_ses-4_task-rest_desc-framenums_fFD.txt",265
"INET019","1",1,"rest","sub-INET019_ses-1_task-rest_desc-framenums_fFD.txt","/Volumes/illinois-las-psych-gratton/iNetworks/Nifti/derivatives/preproc_fmriprep-24.1.1/sub-INET019/ses-1/func/FD_outputs/sub-INET019_ses-1_task-rest_desc-framenums_fFD.txt",258
"INET019","1",2,"rest","sub-INET019_ses-1_task-rest_desc-framenums_fFD.txt","/Volumes/illinois-las-psych-gratton/iNetworks/Nifti/derivatives/preproc_fmriprep-24.1.1/sub-INET019/ses-1/func/FD_outputs/sub-INET019_ses-1_task-rest_desc-framenums_fFD.txt",248
"INET019","1",3,"rest","sub-INET019_ses-1_task-rest_desc-framenums_fFD.txt","/Volumes/illinois-las-psych-gratton/iNetworks/Nifti/derivatives/preproc_fmriprep-24.1.1/sub-INET019/ses-1/func/FD_outputs/sub-INET019_ses-1_task-rest_desc-framenums_fFD.txt",236
"INET019","1",4,"rest","sub-INET019_ses-1_task-rest_desc-framenums_fFD.txt","/Volumes/illinois-las-psych-gratton/iNetworks/Nifti/derivatives/preproc_fmriprep-24.1.1/sub-INET019/ses-1/func/FD_outputs/sub-INET019_ses-1_task-rest_desc-framenums_fFD.txt",248
"INET019","1",5,"rest","sub-INET019_ses-1_task-rest_desc-framenums_fFD.txt","/Volumes/illinois-las-psych-gratton/iNetworks/Nifti/derivatives/preproc_fmriprep-24.1.1/sub-INET019/ses-1/func/FD_outputs/sub-INET019_ses-1_task-rest_desc-framenums_fFD.txt",239
"INET019","1",6,"rest","sub-INET019_ses-1_task-rest_desc-framenums_fFD.txt","/Volumes/illinois-las-psych-gratton/iNetworks/Nifti/derivatives/preproc_fmriprep-24.1.1/sub-INET019/ses-1/func/FD_outputs/sub-INET019_ses-1_task-rest_desc-framenums_fFD.txt",246
"INET019","1",7,"rest","sub-INET019_ses-1_task-rest_desc-framenums_fFD.txt","/Volumes/illinois-las-psych-gratton/iNetworks/Nifti/derivatives/preproc_fmriprep-24.1.1/sub-INET019/ses-1/func/FD_outputs/sub-INET019_ses-1_task-rest_desc-framenums_fFD.txt",232
"INET019","1",8,"rest","sub-INET019_ses-1_task-rest_desc-framenums_fFD.txt","/Volumes/illinois-las-psych-gratton/iNetworks/Nifti/derivatives/preproc_fmriprep-24.1.1/sub-INET019/ses-1/func/FD_outputs/sub-INET019_ses-1_task-rest_desc-framenums_fFD.txt",234
"INET019","2",1,"rest","sub-INET019_ses-2_task-rest_desc-framenums_fFD.txt","/Volumes/illinois-las-psych-gratton/iNetworks/Nifti/derivatives/preproc_fmriprep-24.1.1/sub-INET019/ses-2/func/FD_outputs/sub-INET019_ses-2_task-rest_desc-framenums_fFD.txt",258
"INET019","2",2,"rest","sub-INET019_ses-2_task-rest_desc-framenums_fFD.txt","/Volumes/illinois-las-psych-gratton/iNetworks/Nifti/derivatives/preproc_fmriprep-24.1.1/sub-INET019/ses-2/func/FD_outputs/sub-INET019_ses-2_task-rest_desc-framenums_fFD.txt",218
"INET019","2",3,"rest","sub-INET019_ses-2_task-rest_desc-framenums_fFD.txt","/Volumes/illinois-las-psych-gratton/iNetworks/Nifti/derivatives/preproc_fmriprep-24.1.1/sub-INET019/ses-2/func/FD_outputs/sub-INET019_ses-2_task-rest_desc-framenums_fFD.txt",254
"INET019","2",4,"rest","sub-INET019_ses-2_task-rest_desc-framenums_fFD.txt","/Volumes/illinois-las-psych-gratton/iNetworks/Nifti/derivatives/preproc_fmriprep-24.1.1/sub-INET019/ses-2/func/FD_outputs/sub-INET019_ses-2_task-rest_desc-framenums_fFD.txt",258
"INET019","2",5,"rest","sub-INET019_ses-2_task-rest_desc-framenums_fFD.txt","/Volumes/illinois-las-psych-gratton/iNetworks/Nifti/derivatives/preproc_fmriprep-24.1.1/sub-INET019/ses-2/func/FD_outputs/sub-INET019_ses-2_task-rest_desc-framenums_fFD.txt",229
"INET019","2",6,"rest","sub-INET019_ses-2_task-rest_desc-framenums_fFD.txt","/Volumes/illinois-las-psych-gratton/iNetworks/Nifti/derivatives/preproc_fmriprep-24.1.1/sub-INET019/ses-2/func/FD_outputs/sub-INET019_ses-2_task-rest_desc-framenums_fFD.txt",248
"INET019","2",7,"rest","sub-INET019_ses-2_task-rest_desc-framenums_fFD.txt","/Volumes/illinois-las-psych-gratton/iNetworks/Nifti/derivatives/preproc_fmriprep-24.1.1/sub-INET019/ses-2/func/FD_outputs/sub-INET019_ses-2_task-rest_desc-framenums_fFD.txt",262
"INET019","3",1,"rest","sub-INET019_ses-3_task-rest_desc-framenums_fFD.txt","/Volumes/illinois-las-psych-gratton/iNetworks/Nifti/derivatives/preproc_fmriprep-24.1.1/sub-INET019/ses-3/func/FD_outputs/sub-INET019_ses-3_task-rest_desc-framenums_fFD.txt",265
"INET019","3",2,"rest","sub-INET019_ses-3_task-rest_desc-framenums_fFD.txt","/Volumes/illinois-las-psych-gratton/iNetworks/Nifti/derivatives/preproc_fmriprep-24.1.1/sub-INET019/ses-3/func/FD_outputs/sub-INET019_ses-3_task-rest_desc-framenums_fFD.txt",256
"INET019","3",3,"rest","sub-INET019_ses-3_task-rest_desc-framenums_fFD.txt","/Volumes/illinois-las-psych-gratton/iNetworks/Nifti/derivatives/preproc_fmriprep-24.1.1/sub-INET019/ses-3/func/FD_outputs/sub-INET019_ses-3_task-rest_desc-framenums_fFD.txt",259
"INET019","3",4,"rest","sub-INET019_ses-3_task-rest_desc-framenums_fFD.txt","/Volumes/illinois-las-psych-gratton/iNetworks/Nifti/derivatives/preproc_fmriprep-24.1.1/sub-INET019/ses-3/func/FD_outputs/sub-INET019_ses-3_task-rest_desc-framenums_fFD.txt",255
"INET019","3",5,"rest","sub-INET019_ses-3_task-rest_desc-framenums_fFD.txt","/Volumes/illinois-las-psych-gratton/iNetworks/Nifti/derivatives/preproc_fmriprep-24.1.1/sub-INET019/ses-3/func/FD_outputs/sub-INET019_ses-3_task-rest_desc-framenums_fFD.txt",259
"INET019","3",6,"rest","sub-INET019_ses-3_task-rest_desc-framenums_fFD.txt","/Volumes/illinois-las-psych-gratton/iNetworks/Nifti/derivatives/preproc_fmriprep-24.1.1/sub-INET019/ses-3/func/FD_outputs/sub-INET019_ses-3_task-rest_desc-framenums_fFD.txt",261
"INET019","3",7,"rest","sub-INET019_ses-3_task-rest_desc-framenums_fFD.txt","/Volumes/illinois-las-psych-gratton/iNetworks/Nifti/derivatives/preproc_fmriprep-24.1.1/sub-INET019/ses-3/func/FD_outputs/sub-INET019_ses-3_task-rest_desc-framenums_fFD.txt",261
"INET019","3",8,"rest","sub-INET019_ses-3_task-rest_desc-framenums_fFD.txt","/Volumes/illinois-las-psych-gratton/iNetworks/Nifti/derivatives/preproc_fmriprep-24.1.1/sub-INET019/ses-3/func/FD_outputs/sub-INET019_ses-3_task-rest_desc-framenums_fFD.txt",240
"INET019","3",9,"rest","sub-INET019_ses-3_task-rest_desc-framenums_fFD.txt","/Volumes/illinois-las-psych-gratton/iNetworks/Nifti/derivatives/preproc_fmriprep-24.1.1/sub-INET019/ses-3/func/FD_outputs/sub-INET019_ses-3_task-rest_desc-framenums_fFD.txt",262
"INET019","4",1,"rest","sub-INET019_ses-4_task-rest_desc-framenums_fFD.txt","/Volumes/illinois-las-psych-gratton/iNetworks/Nifti/derivatives/preproc_fmriprep-24.1.1/sub-INET019/ses-4/func/FD_outputs/sub-INET019_ses-4_task-rest_desc-framenums_fFD.txt",262
"INET019","4",2,"rest","sub-INET019_ses-4_task-rest_desc-framenums_fFD.txt","/Volumes/illinois-las-psych-gratton/iNetworks/Nifti/derivatives/preproc_fmriprep-24.1.1/sub-INET019/ses-4/func/FD_outputs/sub-INET019_ses-4_task-rest_desc-framenums_fFD.txt",264
"INET019","4",3,"rest","sub-INET019_ses-4_task-rest_desc-framenums_fFD.txt","/Volumes/illinois-las-psych-gratton/iNetworks/Nifti/derivatives/preproc_fmriprep-24.1.1/sub-INET019/ses-4/func/FD_outputs/sub-INET019_ses-4_task-rest_desc-framenums_fFD.txt",263
"INET019","4",4,"rest","sub-INET019_ses-4_task-rest_desc-framenums_fFD.txt","/Volumes/illinois-las-psych-gratton/iNetworks/Nifti/derivatives/preproc_fmriprep-24.1.1/sub-INET019/ses-4/func/FD_outputs/sub-INET019_ses-4_task-rest_desc-framenums_fFD.txt",262
"INET019","4",5,"rest","sub-INET019_ses-4_task-rest_desc-framenums_fFD.txt","/Volumes/illinois-las-psych-gratton/iNetworks/Nifti/derivatives/preproc_fmriprep-24.1.1/sub-INET019/ses-4/func/FD_outputs/sub-INET019_ses-4_task-rest_desc-framenums_fFD.txt",257
"INET019","4",6,"rest","sub-INET019_ses-4_task-rest_desc-framenums_fFD.txt","/Volumes/illinois-las-psych-gratton/iNetworks/Nifti/derivatives/preproc_fmriprep-24.1.1/sub-INET019/ses-4/func/FD_outputs/sub-INET019_ses-4_task-rest_desc-framenums_fFD.txt",261
"INET019","4",7,"rest","sub-INET019_ses-4_task-rest_desc-framenums_fFD.txt","/Volumes/illinois-las-psych-gratton/iNetworks/Nifti/derivatives/preproc_fmriprep-24.1.1/sub-INET019/ses-4/func/FD_outputs/sub-INET019_ses-4_task-rest_desc-framenums_fFD.txt",262
"INET019","4",8,"rest","sub-INET019_ses-4_task-rest_desc-framenums_fFD.txt","/Volumes/illinois-las-psych-gratton/iNetworks/Nifti/derivatives/preproc_fmriprep-24.1.1/sub-INET019/ses-4/func/FD_outputs/sub-INET019_ses-4_task-rest_desc-framenums_fFD.txt",256
"INET019","4",9,"rest","sub-INET019_ses-4_task-rest_desc-framenums_fFD.txt","/Volumes/illinois-las-psych-gratton/iNetworks/Nifti/derivatives/preproc_fmriprep-24.1.1/sub-INET019/ses-4/func/FD_outputs/sub-INET019_ses-4_task-rest_desc-framenums_fFD.txt",255
"INET027","1",1,"rest","sub-INET027_ses-1_task-rest_desc-framenums_fFD.txt","/Volumes/illinois-las-psych-gratton/iNetworks/Nifti/derivatives/preproc_fmriprep-24.1.1/sub-INET027/ses-1/func/FD_outputs/sub-INET027_ses-1_task-rest_desc-framenums_fFD.txt",233
"INET027","1",2,"rest","sub-INET027_ses-1_task-rest_desc-framenums_fFD.txt","/Volumes/illinois-las-psych-gratton/iNetworks/Nifti/derivatives/preproc_fmriprep-24.1.1/sub-INET027/ses-1/func/FD_outputs/sub-INET027_ses-1_task-rest_desc-framenums_fFD.txt",202
"INET027","1",3,"rest","sub-INET027_ses-1_task-rest_desc-framenums_fFD.txt","/Volumes/illinois-las-psych-gratton/iNetworks/Nifti/derivatives/preproc_fmriprep-24.1.1/sub-INET027/ses-1/func/FD_outputs/sub-INET027_ses-1_task-rest_desc-framenums_fFD.txt",231
"INET027","1",4,"rest","sub-INET027_ses-1_task-rest_desc-framenums_fFD.txt","/Volumes/illinois-las-psych-gratton/iNetworks/Nifti/derivatives/preproc_fmriprep-24.1.1/sub-INET027/ses-1/func/FD_outputs/sub-INET027_ses-1_task-rest_desc-framenums_fFD.txt",258
"INET027","1",5,"rest","sub-INET027_ses-1_task-rest_desc-framenums_fFD.txt","/Volumes/illinois-las-psych-gratton/iNetworks/Nifti/derivatives/preproc_fmriprep-24.1.1/sub-INET027/ses-1/func/FD_outputs/sub-INET027_ses-1_task-rest_desc-framenums_fFD.txt",259
"INET027","1",6,"rest","sub-INET027_ses-1_task-rest_desc-framenums_fFD.txt","/Volumes/illinois-las-psych-gratton/iNetworks/Nifti/derivatives/preproc_fmriprep-24.1.1/sub-INET027/ses-1/func/FD_outputs/sub-INET027_ses-1_task-rest_desc-framenums_fFD.txt",229
"INET027","2",1,"rest","sub-INET027_ses-2_task-rest_desc-framenums_fFD.txt","/Volumes/illinois-las-psych-gratton/iNetworks/Nifti/derivatives/preproc_fmriprep-24.1.1/sub-INET027/ses-2/func/FD_outputs/sub-INET027_ses-2_task-rest_desc-framenums_fFD.txt",263
"INET027","2",2,"rest","sub-INET027_ses-2_task-rest_desc-framenums_fFD.txt","/Volumes/illinois-las-psych-gratton/iNetworks/Nifti/derivatives/preproc_fmriprep-24.1.1/sub-INET027/ses-2/func/FD_outputs/sub-INET027_ses-2_task-rest_desc-framenums_fFD.txt",264
"INET027","2",3,"rest","sub-INET027_ses-2_task-rest_desc-framenums_fFD.txt","/Volumes/illinois-las-psych-gratton/iNetworks/Nifti/derivatives/preproc_fmriprep-24.1.1/sub-INET027/ses-2/func/FD_outputs/sub-INET027_ses-2_task-rest_desc-framenums_fFD.txt",263
"INET027","2",4,"rest","sub-INET027_ses-2_task-rest_desc-framenums_fFD.txt","/Volumes/illinois-las-psych-gratton/iNetworks/Nifti/derivatives/preproc_fmriprep-24.1.1/sub-INET027/ses-2/func/FD_outputs/sub-INET027_ses-2_task-rest_desc-framenums_fFD.txt",263
"INET027","2",5,"rest","sub-INET027_ses-2_task-rest_desc-framenums_fFD.txt","/Volumes/illinois-las-psych-gratton/iNetworks/Nifti/derivatives/preproc_fmriprep-24.1.1/sub-INET027/ses-2/func/FD_outputs/sub-INET027_ses-2_task-rest_desc-framenums_fFD.txt",263
"INET027","2",6,"rest","sub-INET027_ses-2_task-rest_desc-framenums_fFD.txt","/Volumes/illinois-las-psych-gratton/iNetworks/Nifti/derivatives/preproc_fmriprep-24.1.1/sub-INET027/ses-2/func/FD_outputs/sub-INET027_ses-2_task-rest_desc-framenums_fFD.txt",264
"INET027","2",7,"rest","sub-INET027_ses-2_task-rest_desc-framenums_fFD.txt","/Volumes/illinois-las-psych-gratton/iNetworks/Nifti/derivatives/preproc_fmriprep-24.1.1/sub-INET027/ses-2/func/FD_outputs/sub-INET027_ses-2_task-rest_desc-framenums_fFD.txt",260
"INET027","3",1,"rest","sub-INET027_ses-3_task-rest_desc-framenums_fFD.txt","/Volumes/illinois-las-psych-gratton/iNetworks/Nifti/derivatives/preproc_fmriprep-24.1.1/sub-INET027/ses-3/func/FD_outputs/sub-INET027_ses-3_task-rest_desc-framenums_fFD.txt",263
"INET027","3",2,"rest","sub-INET027_ses-3_task-rest_desc-framenums_fFD.txt","/Volumes/illinois-las-psych-gratton/iNetworks/Nifti/derivatives/preproc_fmriprep-24.1.1/sub-INET027/ses-3/func/FD_outputs/sub-INET027_ses-3_task-rest_desc-framenums_fFD.txt",264
"INET027","3",3,"rest","sub-INET027_ses-3_task-rest_desc-framenums_fFD.txt","/Volumes/illinois-las-psych-gratton/iNetworks/Nifti/derivatives/preproc_fmriprep-24.1.1/sub-INET027/ses-3/func/FD_outputs/sub-INET027_ses-3_task-rest_desc-framenums_fFD.txt",263
"INET027","3",4,"rest","sub-INET027_ses-3_task-rest_desc-framenums_fFD.txt","/Volumes/illinois-las-psych-gratton/iNetworks/Nifti/derivatives/preproc_fmriprep-24.1.1/sub-INET027/ses-3/func/FD_outputs/sub-INET027_ses-3_task-rest_desc-framenums_fFD.txt",265
"INET027","3",5,"rest","sub-INET027_ses-3_task-rest_desc-framenums_fFD.txt","/Volumes/illinois-las-psych-gratton/iNetworks/Nifti/derivatives/preproc_fmriprep-24.1.1/sub-INET027/ses-3/func/FD_outputs/sub-INET027_ses-3_task-rest_desc-framenums_fFD.txt",264
"INET027","3",6,"rest","sub-INET027_ses-3_task-rest_desc-framenums_fFD.txt","/Volumes/illinois-las-psych-gratton/iNetworks/Nifti/derivatives/preproc_fmriprep-24.1.1/sub-INET027/ses-3/func/FD_outputs/sub-INET027_ses-3_task-rest_desc-framenums_fFD.txt",265
"INET027","3",7,"rest","sub-INET027_ses-3_task-rest_desc-framenums_fFD.txt","/Volumes/illinois-las-psych-gratton/iNetworks/Nifti/derivatives/preproc_fmriprep-24.1.1/sub-INET027/ses-3/func/FD_outputs/sub-INET027_ses-3_task-rest_desc-framenums_fFD.txt",265
"INET027","3",8,"rest","sub-INET027_ses-3_task-rest_desc-framenums_fFD.txt","/Volumes/illinois-las-psych-gratton/iNetworks/Nifti/derivatives/preproc_fmriprep-24.1.1/sub-INET027/ses-3/func/FD_outputs/sub-INET027_ses-3_task-rest_desc-framenums_fFD.txt",265
"INET027","3",9,"rest","sub-INET027_ses-3_task-rest_desc-framenums_fFD.txt","/Volumes/illinois-las-psych-gratton/iNetworks/Nifti/derivatives/preproc_fmriprep-24.1.1/sub-INET027/ses-3/func/FD_outputs/sub-INET027_ses-3_task-rest_desc-framenums_fFD.txt",264
"INET027","4",1,"rest","sub-INET027_ses-4_task-rest_desc-framenums_fFD.txt","/Volumes/illinois-las-psych-gratton/iNetworks/Nifti/derivatives/preproc_fmriprep-24.1.1/sub-INET027/ses-4/func/FD_outputs/sub-INET027_ses-4_task-rest_desc-framenums_fFD.txt",261
"INET027","4",2,"rest","sub-INET027_ses-4_task-rest_desc-framenums_fFD.txt","/Volumes/illinois-las-psych-gratton/iNetworks/Nifti/derivatives/preproc_fmriprep-24.1.1/sub-INET027/ses-4/func/FD_outputs/sub-INET027_ses-4_task-rest_desc-framenums_fFD.txt",265
"INET027","4",3,"rest","sub-INET027_ses-4_task-rest_desc-framenums_fFD.txt","/Volumes/illinois-las-psych-gratton/iNetworks/Nifti/derivatives/preproc_fmriprep-24.1.1/sub-INET027/ses-4/func/FD_outputs/sub-INET027_ses-4_task-rest_desc-framenums_fFD.txt",262
"INET027","4",4,"rest","sub-INET027_ses-4_task-rest_desc-framenums_fFD.txt","/Volumes/illinois-las-psych-gratton/iNetworks/Nifti/derivatives/preproc_fmriprep-24.1.1/sub-INET027/ses-4/func/FD_outputs/sub-INET027_ses-4_task-rest_desc-framenums_fFD.txt",263
"INET027","4",5,"rest","sub-INET027_ses-4_task-rest_desc-framenums_fFD.txt","/Volumes/illinois-las-psych-gratton/iNetworks/Nifti/derivatives/preproc_fmriprep-24.1.1/sub-INET027/ses-4/func/FD_outputs/sub-INET027_ses-4_task-rest_desc-framenums_fFD.txt",264
"INET027","4",6,"rest","sub-INET027_ses-4_task-rest_desc-framenums_fFD.txt","/Volumes/illinois-las-psych-gratton/iNetworks/Nifti/derivatives/preproc_fmriprep-24.1.1/sub-INET027/ses-4/func/FD_outputs/sub-INET027_ses-4_task-rest_desc-framenums_fFD.txt",263
"INET027","4",7,"rest","sub-INET027_ses-4_task-rest_desc-framenums_fFD.txt","/Volumes/illinois-las-psych-gratton/iNetworks/Nifti/derivatives/preproc_fmriprep-24.1.1/sub-INET027/ses-4/func/FD_outputs/sub-INET027_ses-4_task-rest_desc-framenums_fFD.txt",264
"INET027","4",8,"rest","sub-INET027_ses-4_task-rest_desc-framenums_fFD.txt","/Volumes/illinois-las-psych-gratton/iNetworks/Nifti/derivatives/preproc_fmriprep-24.1.1/sub-INET027/ses-4/func/FD_outputs/sub-INET027_ses-4_task-rest_desc-framenums_fFD.txt",261
"INET027","4",9,"rest","sub-INET027_ses-4_task-rest_desc-framenums_fFD.txt","/Volumes/illinois-las-psych-gratton/iNetworks/Nifti/derivatives/preproc_fmriprep-24.1.1/sub-INET027/ses-4/func/FD_outputs/sub-INET027_ses-4_task-rest_desc-framenums_fFD.txt",263
"INET029","1",1,"rest","sub-INET029_ses-1_task-rest_desc-framenums_fFD.txt","/Volumes/illinois-las-psych-gratton/iNetworks/Nifti/derivatives/preproc_fmriprep-24.1.1/sub-INET029/ses-1/func/FD_outputs/sub-INET029_ses-1_task-rest_desc-framenums_fFD.txt",263
"INET029","1",2,"rest","sub-INET029_ses-1_task-rest_desc-framenums_fFD.txt","/Volumes/illinois-las-psych-gratton/iNetworks/Nifti/derivatives/preproc_fmriprep-24.1.1/sub-INET029/ses-1/func/FD_outputs/sub-INET029_ses-1_task-rest_desc-framenums_fFD.txt",250
"INET029","1",3,"rest","sub-INET029_ses-1_task-rest_desc-framenums_fFD.txt","/Volumes/illinois-las-psych-gratton/iNetworks/Nifti/derivatives/preproc_fmriprep-24.1.1/sub-INET029/ses-1/func/FD_outputs/sub-INET029_ses-1_task-rest_desc-framenums_fFD.txt",254
"INET029","1",4,"rest","sub-INET029_ses-1_task-rest_desc-framenums_fFD.txt","/Volumes/illinois-las-psych-gratton/iNetworks/Nifti/derivatives/preproc_fmriprep-24.1.1/sub-INET029/ses-1/func/FD_outputs/sub-INET029_ses-1_task-rest_desc-framenums_fFD.txt",258
"INET029","1",5,"rest","sub-INET029_ses-1_task-rest_desc-framenums_fFD.txt","/Volumes/illinois-las-psych-gratton/iNetworks/Nifti/derivatives/preproc_fmriprep-24.1.1/sub-INET029/ses-1/func/FD_outputs/sub-INET029_ses-1_task-rest_desc-framenums_fFD.txt",263
"INET029","1",6,"rest","sub-INET029_ses-1_task-rest_desc-framenums_fFD.txt","/Volumes/illinois-las-psych-gratton/iNetworks/Nifti/derivatives/preproc_fmriprep-24.1.1/sub-INET029/ses-1/func/FD_outputs/sub-INET029_ses-1_task-rest_desc-framenums_fFD.txt",251
"INET029","1",7,"rest","sub-INET029_ses-1_task-rest_desc-framenums_fFD.txt","/Volumes/illinois-las-psych-gratton/iNetworks/Nifti/derivatives/preproc_fmriprep-24.1.1/sub-INET029/ses-1/func/FD_outputs/sub-INET029_ses-1_task-rest_desc-framenums_fFD.txt",257
"INET029","1",8,"rest","sub-INET029_ses-1_task-rest_desc-framenums_fFD.txt","/Volumes/illinois-las-psych-gratton/iNetworks/Nifti/derivatives/preproc_fmriprep-24.1.1/sub-INET029/ses-1/func/FD_outputs/sub-INET029_ses-1_task-rest_desc-framenums_fFD.txt",251
"INET029","2",1,"rest","sub-INET029_ses-2_task-rest_desc-framenums_fFD.txt","/Volumes/illinois-las-psych-gratton/iNetworks/Nifti/derivatives/preproc_fmriprep-24.1.1/sub-INET029/ses-2/func/FD_outputs/sub-INET029_ses-2_task-rest_desc-framenums_fFD.txt",256
"INET029","2",2,"rest","sub-INET029_ses-2_task-rest_desc-framenums_fFD.txt","/Volumes/illinois-las-psych-gratton/iNetworks/Nifti/derivatives/preproc_fmriprep-24.1.1/sub-INET029/ses-2/func/FD_outputs/sub-INET029_ses-2_task-rest_desc-framenums_fFD.txt",245
"INET029","2",3,"rest","sub-INET029_ses-2_task-rest_desc-framenums_fFD.txt","/Volumes/illinois-las-psych-gratton/iNetworks/Nifti/derivatives/preproc_fmriprep-24.1.1/sub-INET029/ses-2/func/FD_outputs/sub-INET029_ses-2_task-rest_desc-framenums_fFD.txt",253
"INET029","2",4,"rest","sub-INET029_ses-2_task-rest_desc-framenums_fFD.txt","/Volumes/illinois-las-psych-gratton/iNetworks/Nifti/derivatives/preproc_fmriprep-24.1.1/sub-INET029/ses-2/func/FD_outputs/sub-INET029_ses-2_task-rest_desc-framenums_fFD.txt",246
"INET029","2",5,"rest","sub-INET029_ses-2_task-rest_desc-framenums_fFD.txt","/Volumes/illinois-las-psych-gratton/iNetworks/Nifti/derivatives/preproc_fmriprep-24.1.1/sub-INET029/ses-2/func/FD_outputs/sub-INET029_ses-2_task-rest_desc-framenums_fFD.txt",264
"INET029","2",6,"rest","sub-INET029_ses-2_task-rest_desc-framenums_fFD.txt","/Volumes/illinois-las-psych-gratton/iNetworks/Nifti/derivatives/preproc_fmriprep-24.1.1/sub-INET029/ses-2/func/FD_outputs/sub-INET029_ses-2_task-rest_desc-framenums_fFD.txt",232
"INET029","2",7,"rest","sub-INET029_ses-2_task-rest_desc-framenums_fFD.txt","/Volumes/illinois-las-psych-gratton/iNetworks/Nifti/derivatives/preproc_fmriprep-24.1.1/sub-INET029/ses-2/func/FD_outputs/sub-INET029_ses-2_task-rest_desc-framenums_fFD.txt",242
"INET029","2",8,"rest","sub-INET029_ses-2_task-rest_desc-framenums_fFD.txt","/Volumes/illinois-las-psych-gratton/iNetworks/Nifti/derivatives/preproc_fmriprep-24.1.1/sub-INET029/ses-2/func/FD_outputs/sub-INET029_ses-2_task-rest_desc-framenums_fFD.txt",251
"INET029","3",1,"rest","sub-INET029_ses-3_task-rest_desc-framenums_fFD.txt","/Volumes/illinois-las-psych-gratton/iNetworks/Nifti/derivatives/preproc_fmriprep-24.1.1/sub-INET029/ses-3/func/FD_outputs/sub-INET029_ses-3_task-rest_desc-framenums_fFD.txt",264
"INET029","3",2,"rest","sub-INET029_ses-3_task-rest_desc-framenums_fFD.txt","/Volumes/illinois-las-psych-gratton/iNetworks/Nifti/derivatives/preproc_fmriprep-24.1.1/sub-INET029/ses-3/func/FD_outputs/sub-INET029_ses-3_task-rest_desc-framenums_fFD.txt",263
"INET029","3",3,"rest","sub-INET029_ses-3_task-rest_desc-framenums_fFD.txt","/Volumes/illinois-las-psych-gratton/iNetworks/Nifti/derivatives/preproc_fmriprep-24.1.1/sub-INET029/ses-3/func/FD_outputs/sub-INET029_ses-3_task-rest_desc-framenums_fFD.txt",262
"INET029","3",4,"rest","sub-INET029_ses-3_task-rest_desc-framenums_fFD.txt","/Volumes/illinois-las-psych-gratton/iNetworks/Nifti/derivatives/preproc_fmriprep-24.1.1/sub-INET029/ses-3/func/FD_outputs/sub-INET029_ses-3_task-rest_desc-framenums_fFD.txt",263
"INET029","3",5,"rest","sub-INET029_ses-3_task-rest_desc-framenums_fFD.txt","/Volumes/illinois-las-psych-gratton/iNetworks/Nifti/derivatives/preproc_fmriprep-24.1.1/sub-INET029/ses-3/func/FD_outputs/sub-INET029_ses-3_task-rest_desc-framenums_fFD.txt",263
"INET029","3",6,"rest","sub-INET029_ses-3_task-rest_desc-framenums_fFD.txt","/Volumes/illinois-las-psych-gratton/iNetworks/Nifti/derivatives/preproc_fmriprep-24.1.1/sub-INET029/ses-3/func/FD_outputs/sub-INET029_ses-3_task-rest_desc-framenums_fFD.txt",244
"INET029","3",7,"rest","sub-INET029_ses-3_task-rest_desc-framenums_fFD.txt","/Volumes/illinois-las-psych-gratton/iNetworks/Nifti/derivatives/preproc_fmriprep-24.1.1/sub-INET029/ses-3/func/FD_outputs/sub-INET029_ses-3_task-rest_desc-framenums_fFD.txt",241
"INET029","3",8,"rest","sub-INET029_ses-3_task-rest_desc-framenums_fFD.txt","/Volumes/illinois-las-psych-gratton/iNetworks/Nifti/derivatives/preproc_fmriprep-24.1.1/sub-INET029/ses-3/func/FD_outputs/sub-INET029_ses-3_task-rest_desc-framenums_fFD.txt",265
"INET029","3",9,"rest","sub-INET029_ses-3_task-rest_desc-framenums_fFD.txt","/Volumes/illinois-las-psych-gratton/iNetworks/Nifti/derivatives/preproc_fmriprep-24.1.1/sub-INET029/ses-3/func/FD_outputs/sub-INET029_ses-3_task-rest_desc-framenums_fFD.txt",259
"INET029","4",1,"rest","sub-INET029_ses-4_task-rest_desc-framenums_fFD.txt","/Volumes/illinois-las-psych-gratton/iNetworks/Nifti/derivatives/preproc_fmriprep-24.1.1/sub-INET029/ses-4/func/FD_outputs/sub-INET029_ses-4_task-rest_desc-framenums_fFD.txt",241
"INET029","4",2,"rest","sub-INET029_ses-4_task-rest_desc-framenums_fFD.txt","/Volumes/illinois-las-psych-gratton/iNetworks/Nifti/derivatives/preproc_fmriprep-24.1.1/sub-INET029/ses-4/func/FD_outputs/sub-INET029_ses-4_task-rest_desc-framenums_fFD.txt",229
"INET029","4",3,"rest","sub-INET029_ses-4_task-rest_desc-framenums_fFD.txt","/Volumes/illinois-las-psych-gratton/iNetworks/Nifti/derivatives/preproc_fmriprep-24.1.1/sub-INET029/ses-4/func/FD_outputs/sub-INET029_ses-4_task-rest_desc-framenums_fFD.txt",220
"INET029","4",4,"rest","sub-INET029_ses-4_task-rest_desc-framenums_fFD.txt","/Volumes/illinois-las-psych-gratton/iNetworks/Nifti/derivatives/preproc_fmriprep-24.1.1/sub-INET029/ses-4/func/FD_outputs/sub-INET029_ses-4_task-rest_desc-framenums_fFD.txt",156
"INET029","4",5,"rest","sub-INET029_ses-4_task-rest_desc-framenums_fFD.txt","/Volumes/illinois-las-psych-gratton/iNetworks/Nifti/derivatives/preproc_fmriprep-24.1.1/sub-INET029/ses-4/func/FD_outputs/sub-INET029_ses-4_task-rest_desc-framenums_fFD.txt",263
"INET029","4",6,"rest","sub-INET029_ses-4_task-rest_desc-framenums_fFD.txt","/Volumes/illinois-las-psych-gratton/iNetworks/Nifti/derivatives/preproc_fmriprep-24.1.1/sub-INET029/ses-4/func/FD_outputs/sub-INET029_ses-4_task-rest_desc-framenums_fFD.txt",231
"INET029","4",7,"rest","sub-INET029_ses-4_task-rest_desc-framenums_fFD.txt","/Volumes/illinois-las-psych-gratton/iNetworks/Nifti/derivatives/preproc_fmriprep-24.1.1/sub-INET029/ses-4/func/FD_outputs/sub-INET029_ses-4_task-rest_desc-framenums_fFD.txt",248
"INET029","4",8,"rest","sub-INET029_ses-4_task-rest_desc-framenums_fFD.txt","/Volumes/illinois-las-psych-gratton/iNetworks/Nifti/derivatives/preproc_fmriprep-24.1.1/sub-INET029/ses-4/func/FD_outputs/sub-INET029_ses-4_task-rest_desc-framenums_fFD.txt",239
"INET029","4",9,"rest","sub-INET029_ses-4_task-rest_desc-framenums_fFD.txt","/Volumes/illinois-las-psych-gratton/iNetworks/Nifti/derivatives/preproc_fmriprep-24.1.1/sub-INET029/ses-4/func/FD_outputs/sub-INET029_ses-4_task-rest_desc-framenums_fFD.txt",235
"INET030","1",1,"rest","sub-INET030_ses-1_task-rest_desc-framenums_fFD.txt","/Volumes/illinois-las-psych-gratton/iNetworks/Nifti/derivatives/preproc_fmriprep-24.1.1/sub-INET030/ses-1/func/FD_outputs/sub-INET030_ses-1_task-rest_desc-framenums_fFD.txt",264
"INET030","1",2,"rest","sub-INET030_ses-1_task-rest_desc-framenums_fFD.txt","/Volumes/illinois-las-psych-gratton/iNetworks/Nifti/derivatives/preproc_fmriprep-24.1.1/sub-INET030/ses-1/func/FD_outputs/sub-INET030_ses-1_task-rest_desc-framenums_fFD.txt",265
"INET030","1",3,"rest","sub-INET030_ses-1_task-rest_desc-framenums_fFD.txt","/Volumes/illinois-las-psych-gratton/iNetworks/Nifti/derivatives/preproc_fmriprep-24.1.1/sub-INET030/ses-1/func/FD_outputs/sub-INET030_ses-1_task-rest_desc-framenums_fFD.txt",264
"INET030","1",4,"rest","sub-INET030_ses-1_task-rest_desc-framenums_fFD.txt","/Volumes/illinois-las-psych-gratton/iNetworks/Nifti/derivatives/preproc_fmriprep-24.1.1/sub-INET030/ses-1/func/FD_outputs/sub-INET030_ses-1_task-rest_desc-framenums_fFD.txt",264
"INET030","1",5,"rest","sub-INET030_ses-1_task-rest_desc-framenums_fFD.txt","/Volumes/illinois-las-psych-gratton/iNetworks/Nifti/derivatives/preproc_fmriprep-24.1.1/sub-INET030/ses-1/func/FD_outputs/sub-INET030_ses-1_task-rest_desc-framenums_fFD.txt",263
"INET030","1",6,"rest","sub-INET030_ses-1_task-rest_desc-framenums_fFD.txt","/Volumes/illinois-las-psych-gratton/iNetworks/Nifti/derivatives/preproc_fmriprep-24.1.1/sub-INET030/ses-1/func/FD_outputs/sub-INET030_ses-1_task-rest_desc-framenums_fFD.txt",264
"INET030","2",1,"rest","sub-INET030_ses-2_task-rest_desc-framenums_fFD.txt","/Volumes/illinois-las-psych-gratton/iNetworks/Nifti/derivatives/preproc_fmriprep-24.1.1/sub-INET030/ses-2/func/FD_outputs/sub-INET030_ses-2_task-rest_desc-framenums_fFD.txt",265
"INET030","2",2,"rest","sub-INET030_ses-2_task-rest_desc-framenums_fFD.txt","/Volumes/illinois-las-psych-gratton/iNetworks/Nifti/derivatives/preproc_fmriprep-24.1.1/sub-INET030/ses-2/func/FD_outputs/sub-INET030_ses-2_task-rest_desc-framenums_fFD.txt",265
"INET030","2",3,"rest","sub-INET030_ses-2_task-rest_desc-framenums_fFD.txt","/Volumes/illinois-las-psych-gratton/iNetworks/Nifti/derivatives/preproc_fmriprep-24.1.1/sub-INET030/ses-2/func/FD_outputs/sub-INET030_ses-2_task-rest_desc-framenums_fFD.txt",265
"INET030","2",4,"rest","sub-INET030_ses-2_task-rest_desc-framenums_fFD.txt","/Volumes/illinois-las-psych-gratton/iNetworks/Nifti/derivatives/preproc_fmriprep-24.1.1/sub-INET030/ses-2/func/FD_outputs/sub-INET030_ses-2_task-rest_desc-framenums_fFD.txt",264
"INET030","2",5,"rest","sub-INET030_ses-2_task-rest_desc-framenums_fFD.txt","/Volumes/illinois-las-psych-gratton/iNetworks/Nifti/derivatives/preproc_fmriprep-24.1.1/sub-INET030/ses-2/func/FD_outputs/sub-INET030_ses-2_task-rest_desc-framenums_fFD.txt",265
"INET030","2",6,"rest","sub-INET030_ses-2_task-rest_desc-framenums_fFD.txt","/Volumes/illinois-las-psych-gratton/iNetworks/Nifti/derivatives/preproc_fmriprep-24.1.1/sub-INET030/ses-2/func/FD_outputs/sub-INET030_ses-2_task-rest_desc-framenums_fFD.txt",265
"INET030","2",7,"rest","sub-INET030_ses-2_task-rest_desc-framenums_fFD.txt","/Volumes/illinois-las-psych-gratton/iNetworks/Nifti/derivatives/preproc_fmriprep-24.1.1/sub-INET030/ses-2/func/FD_outputs/sub-INET030_ses-2_task-rest_desc-framenums_fFD.txt",265
"INET030","3",1,"rest","sub-INET030_ses-3_task-rest_desc-framenums_fFD.txt","/Volumes/illinois-las-psych-gratton/iNetworks/Nifti/derivatives/preproc_fmriprep-24.1.1/sub-INET030/ses-3/func/FD_outputs/sub-INET030_ses-3_task-rest_desc-framenums_fFD.txt",264
"INET030","3",2,"rest","sub-INET030_ses-3_task-rest_desc-framenums_fFD.txt","/Volumes/illinois-las-psych-gratton/iNetworks/Nifti/derivatives/preproc_fmriprep-24.1.1/sub-INET030/ses-3/func/FD_outputs/sub-INET030_ses-3_task-rest_desc-framenums_fFD.txt",265
"INET030","3",3,"rest","sub-INET030_ses-3_task-rest_desc-framenums_fFD.txt","/Volumes/illinois-las-psych-gratton/iNetworks/Nifti/derivatives/preproc_fmriprep-24.1.1/sub-INET030/ses-3/func/FD_outputs/sub-INET030_ses-3_task-rest_desc-framenums_fFD.txt",264
"INET030","3",4,"rest","sub-INET030_ses-3_task-rest_desc-framenums_fFD.txt","/Volumes/illinois-las-psych-gratton/iNetworks/Nifti/derivatives/preproc_fmriprep-24.1.1/sub-INET030/ses-3/func/FD_outputs/sub-INET030_ses-3_task-rest_desc-framenums_fFD.txt",264
"INET030","3",5,"rest","sub-INET030_ses-3_task-rest_desc-framenums_fFD.txt","/Volumes/illinois-las-psych-gratton/iNetworks/Nifti/derivatives/preproc_fmriprep-24.1.1/sub-INET030/ses-3/func/FD_outputs/sub-INET030_ses-3_task-rest_desc-framenums_fFD.txt",264
"INET030","3",6,"rest","sub-INET030_ses-3_task-rest_desc-framenums_fFD.txt","/Volumes/illinois-las-psych-gratton/iNetworks/Nifti/derivatives/preproc_fmriprep-24.1.1/sub-INET030/ses-3/func/FD_outputs/sub-INET030_ses-3_task-rest_desc-framenums_fFD.txt",252
"INET030","3",7,"rest","sub-INET030_ses-3_task-rest_desc-framenums_fFD.txt","/Volumes/illinois-las-psych-gratton/iNetworks/Nifti/derivatives/preproc_fmriprep-24.1.1/sub-INET030/ses-3/func/FD_outputs/sub-INET030_ses-3_task-rest_desc-framenums_fFD.txt",263
"INET030","4",1,"rest","sub-INET030_ses-4_task-rest_desc-framenums_fFD.txt","/Volumes/illinois-las-psych-gratton/iNetworks/Nifti/derivatives/preproc_fmriprep-24.1.1/sub-INET030/ses-4/func/FD_outputs/sub-INET030_ses-4_task-rest_desc-framenums_fFD.txt",265
"INET030","4",2,"rest","sub-INET030_ses-4_task-rest_desc-framenums_fFD.txt","/Volumes/illinois-las-psych-gratton/iNetworks/Nifti/derivatives/preproc_fmriprep-24.1.1/sub-INET030/ses-4/func/FD_outputs/sub-INET030_ses-4_task-rest_desc-framenums_fFD.txt",265
"INET030","4",3,"rest","sub-INET030_ses-4_task-rest_desc-framenums_fFD.txt","/Volumes/illinois-las-psych-gratton/iNetworks/Nifti/derivatives/preproc_fmriprep-24.1.1/sub-INET030/ses-4/func/FD_outputs/sub-INET030_ses-4_task-rest_desc-framenums_fFD.txt",262
"INET030","4",4,"rest","sub-INET030_ses-4_task-rest_desc-framenums_fFD.txt","/Volumes/illinois-las-psych-gratton/iNetworks/Nifti/derivatives/preproc_fmriprep-24.1.1/sub-INET030/ses-4/func/FD_outputs/sub-INET030_ses-4_task-rest_desc-framenums_fFD.txt",265
"INET030","4",5,"rest","sub-INET030_ses-4_task-rest_desc-framenums_fFD.txt","/Volumes/illinois-las-psych-gratton/iNetworks/Nifti/derivatives/preproc_fmriprep-24.1.1/sub-INET030/ses-4/func/FD_outputs/sub-INET030_ses-4_task-rest_desc-framenums_fFD.txt",259
"INET030","4",6,"rest","sub-INET030_ses-4_task-rest_desc-framenums_fFD.txt","/Volumes/illinois-las-psych-gratton/iNetworks/Nifti/derivatives/preproc_fmriprep-24.1.1/sub-INET030/ses-4/func/FD_outputs/sub-INET030_ses-4_task-rest_desc-framenums_fFD.txt",264
"INET030","4",7,"rest","sub-INET030_ses-4_task-rest_desc-framenums_fFD.txt","/Volumes/illinois-las-psych-gratton/iNetworks/Nifti/derivatives/preproc_fmriprep-24.1.1/sub-INET030/ses-4/func/FD_outputs/sub-INET030_ses-4_task-rest_desc-framenums_fFD.txt",264
"INET030","4",8,"rest","sub-INET030_ses-4_task-rest_desc-framenums_fFD.txt","/Volumes/illinois-las-psych-gratton/iNetworks/Nifti/derivatives/preproc_fmriprep-24.1.1/sub-INET030/ses-4/func/FD_outputs/sub-INET030_ses-4_task-rest_desc-framenums_fFD.txt",259
"INET030","4",9,"rest","sub-INET030_ses-4_task-rest_desc-framenums_fFD.txt","/Volumes/illinois-las-psych-gratton/iNetworks/Nifti/derivatives/preproc_fmriprep-24.1.1/sub-INET030/ses-4/func/FD_outputs/sub-INET030_ses-4_task-rest_desc-framenums_fFD.txt",263
"INET032","1",1,"rest","sub-INET032_ses-1_task-rest_desc-framenums_fFD.txt","/Volumes/illinois-las-psych-gratton/iNetworks/Nifti/derivatives/preproc_fmriprep-24.1.1/sub-INET032/ses-1/func/FD_outputs/sub-INET032_ses-1_task-rest_desc-framenums_fFD.txt",252
"INET032","1",2,"rest","sub-INET032_ses-1_task-rest_desc-framenums_fFD.txt","/Volumes/illinois-las-psych-gratton/iNetworks/Nifti/derivatives/preproc_fmriprep-24.1.1/sub-INET032/ses-1/func/FD_outputs/sub-INET032_ses-1_task-rest_desc-framenums_fFD.txt",261
"INET032","1",3,"rest","sub-INET032_ses-1_task-rest_desc-framenums_fFD.txt","/Volumes/illinois-las-psych-gratton/iNetworks/Nifti/derivatives/preproc_fmriprep-24.1.1/sub-INET032/ses-1/func/FD_outputs/sub-INET032_ses-1_task-rest_desc-framenums_fFD.txt",261
"INET032","1",4,"rest","sub-INET032_ses-1_task-rest_desc-framenums_fFD.txt","/Volumes/illinois-las-psych-gratton/iNetworks/Nifti/derivatives/preproc_fmriprep-24.1.1/sub-INET032/ses-1/func/FD_outputs/sub-INET032_ses-1_task-rest_desc-framenums_fFD.txt",264
"INET032","1",5,"rest","sub-INET032_ses-1_task-rest_desc-framenums_fFD.txt","/Volumes/illinois-las-psych-gratton/iNetworks/Nifti/derivatives/preproc_fmriprep-24.1.1/sub-INET032/ses-1/func/FD_outputs/sub-INET032_ses-1_task-rest_desc-framenums_fFD.txt",253
"INET032","1",6,"rest","sub-INET032_ses-1_task-rest_desc-framenums_fFD.txt","/Volumes/illinois-las-psych-gratton/iNetworks/Nifti/derivatives/preproc_fmriprep-24.1.1/sub-INET032/ses-1/func/FD_outputs/sub-INET032_ses-1_task-rest_desc-framenums_fFD.txt",245
"INET032","2",1,"rest","sub-INET032_ses-2_task-rest_desc-framenums_fFD.txt","/Volumes/illinois-las-psych-gratton/iNetworks/Nifti/derivatives/preproc_fmriprep-24.1.1/sub-INET032/ses-2/func/FD_outputs/sub-INET032_ses-2_task-rest_desc-framenums_fFD.txt",259
"INET032","2",2,"rest","sub-INET032_ses-2_task-rest_desc-framenums_fFD.txt","/Volumes/illinois-las-psych-gratton/iNetworks/Nifti/derivatives/preproc_fmriprep-24.1.1/sub-INET032/ses-2/func/FD_outputs/sub-INET032_ses-2_task-rest_desc-framenums_fFD.txt",242
"INET032","2",3,"rest","sub-INET032_ses-2_task-rest_desc-framenums_fFD.txt","/Volumes/illinois-las-psych-gratton/iNetworks/Nifti/derivatives/preproc_fmriprep-24.1.1/sub-INET032/ses-2/func/FD_outputs/sub-INET032_ses-2_task-rest_desc-framenums_fFD.txt",225
"INET032","2",4,"rest","sub-INET032_ses-2_task-rest_desc-framenums_fFD.txt","/Volumes/illinois-las-psych-gratton/iNetworks/Nifti/derivatives/preproc_fmriprep-24.1.1/sub-INET032/ses-2/func/FD_outputs/sub-INET032_ses-2_task-rest_desc-framenums_fFD.txt",225
"INET032","2",5,"rest","sub-INET032_ses-2_task-rest_desc-framenums_fFD.txt","/Volumes/illinois-las-psych-gratton/iNetworks/Nifti/derivatives/preproc_fmriprep-24.1.1/sub-INET032/ses-2/func/FD_outputs/sub-INET032_ses-2_task-rest_desc-framenums_fFD.txt",249
"INET032","2",6,"rest","sub-INET032_ses-2_task-rest_desc-framenums_fFD.txt","/Volumes/illinois-las-psych-gratton/iNetworks/Nifti/derivatives/preproc_fmriprep-24.1.1/sub-INET032/ses-2/func/FD_outputs/sub-INET032_ses-2_task-rest_desc-framenums_fFD.txt",245
"INET032","2",7,"rest","sub-INET032_ses-2_task-rest_desc-framenums_fFD.txt","/Volumes/illinois-las-psych-gratton/iNetworks/Nifti/derivatives/preproc_fmriprep-24.1.1/sub-INET032/ses-2/func/FD_outputs/sub-INET032_ses-2_task-rest_desc-framenums_fFD.txt",262
"INET032","3",1,"rest","sub-INET032_ses-3_task-rest_desc-framenums_fFD.txt","/Volumes/illinois-las-psych-gratton/iNetworks/Nifti/derivatives/preproc_fmriprep-24.1.1/sub-INET032/ses-3/func/FD_outputs/sub-INET032_ses-3_task-rest_desc-framenums_fFD.txt",255
"INET032","3",2,"rest","sub-INET032_ses-3_task-rest_desc-framenums_fFD.txt","/Volumes/illinois-las-psych-gratton/iNetworks/Nifti/derivatives/preproc_fmriprep-24.1.1/sub-INET032/ses-3/func/FD_outputs/sub-INET032_ses-3_task-rest_desc-framenums_fFD.txt",247
"INET032","3",3,"rest","sub-INET032_ses-3_task-rest_desc-framenums_fFD.txt","/Volumes/illinois-las-psych-gratton/iNetworks/Nifti/derivatives/preproc_fmriprep-24.1.1/sub-INET032/ses-3/func/FD_outputs/sub-INET032_ses-3_task-rest_desc-framenums_fFD.txt",209
"INET032","3",4,"rest","sub-INET032_ses-3_task-rest_desc-framenums_fFD.txt","/Volumes/illinois-las-psych-gratton/iNetworks/Nifti/derivatives/preproc_fmriprep-24.1.1/sub-INET032/ses-3/func/FD_outputs/sub-INET032_ses-3_task-rest_desc-framenums_fFD.txt",244
"INET032","3",5,"rest","sub-INET032_ses-3_task-rest_desc-framenums_fFD.txt","/Volumes/illinois-las-psych-gratton/iNetworks/Nifti/derivatives/preproc_fmriprep-24.1.1/sub-INET032/ses-3/func/FD_outputs/sub-INET032_ses-3_task-rest_desc-framenums_fFD.txt",253
"INET032","3",6,"rest","sub-INET032_ses-3_task-rest_desc-framenums_fFD.txt","/Volumes/illinois-las-psych-gratton/iNetworks/Nifti/derivatives/preproc_fmriprep-24.1.1/sub-INET032/ses-3/func/FD_outputs/sub-INET032_ses-3_task-rest_desc-framenums_fFD.txt",264
"INET032","3",7,"rest","sub-INET032_ses-3_task-rest_desc-framenums_fFD.txt","/Volumes/illinois-las-psych-gratton/iNetworks/Nifti/derivatives/preproc_fmriprep-24.1.1/sub-INET032/ses-3/func/FD_outputs/sub-INET032_ses-3_task-rest_desc-framenums_fFD.txt",262
"INET032","3",8,"rest","sub-INET032_ses-3_task-rest_desc-framenums_fFD.txt","/Volumes/illinois-las-psych-gratton/iNetworks/Nifti/derivatives/preproc_fmriprep-24.1.1/sub-INET032/ses-3/func/FD_outputs/sub-INET032_ses-3_task-rest_desc-framenums_fFD.txt",255
"INET032","4",1,"rest","sub-INET032_ses-4_task-rest_desc-framenums_fFD.txt","/Volumes/illinois-las-psych-gratton/iNetworks/Nifti/derivatives/preproc_fmriprep-24.1.1/sub-INET032/ses-4/func/FD_outputs/sub-INET032_ses-4_task-rest_desc-framenums_fFD.txt",240
"INET032","4",2,"rest","sub-INET032_ses-4_task-rest_desc-framenums_fFD.txt","/Volumes/illinois-las-psych-gratton/iNetworks/Nifti/derivatives/preproc_fmriprep-24.1.1/sub-INET032/ses-4/func/FD_outputs/sub-INET032_ses-4_task-rest_desc-framenums_fFD.txt",252
"INET032","4",3,"rest","sub-INET032_ses-4_task-rest_desc-framenums_fFD.txt","/Volumes/illinois-las-psych-gratton/iNetworks/Nifti/derivatives/preproc_fmriprep-24.1.1/sub-INET032/ses-4/func/FD_outputs/sub-INET032_ses-4_task-rest_desc-framenums_fFD.txt",191
"INET032","4",4,"rest","sub-INET032_ses-4_task-rest_desc-framenums_fFD.txt","/Volumes/illinois-las-psych-gratton/iNetworks/Nifti/derivatives/preproc_fmriprep-24.1.1/sub-INET032/ses-4/func/FD_outputs/sub-INET032_ses-4_task-rest_desc-framenums_fFD.txt",254
"INET032","4",5,"rest","sub-INET032_ses-4_task-rest_desc-framenums_fFD.txt","/Volumes/illinois-las-psych-gratton/iNetworks/Nifti/derivatives/preproc_fmriprep-24.1.1/sub-INET032/ses-4/func/FD_outputs/sub-INET032_ses-4_task-rest_desc-framenums_fFD.txt",182
"INET032","4",6,"rest","sub-INET032_ses-4_task-rest_desc-framenums_fFD.txt","/Volumes/illinois-las-psych-gratton/iNetworks/Nifti/derivatives/preproc_fmriprep-24.1.1/sub-INET032/ses-4/func/FD_outputs/sub-INET032_ses-4_task-rest_desc-framenums_fFD.txt",205
"INET032","4",7,"rest","sub-INET032_ses-4_task-rest_desc-framenums_fFD.txt","/Volumes/illinois-las-psych-gratton/iNetworks/Nifti/derivatives/preproc_fmriprep-24.1.1/sub-INET032/ses-4/func/FD_outputs/sub-INET032_ses-4_task-rest_desc-framenums_fFD.txt",244
"INET032","4",8,"rest","sub-INET032_ses-4_task-rest_desc-framenums_fFD.txt","/Volumes/illinois-las-psych-gratton/iNetworks/Nifti/derivatives/preproc_fmriprep-24.1.1/sub-INET032/ses-4/func/FD_outputs/sub-INET032_ses-4_task-rest_desc-framenums_fFD.txt",255
"INET033","1",1,"rest","sub-INET033_ses-1_task-rest_desc-framenums_fFD.txt","/Volumes/illinois-las-psych-gratton/iNetworks/Nifti/derivatives/preproc_fmriprep-24.1.1/sub-INET033/ses-1/func/FD_outputs/sub-INET033_ses-1_task-rest_desc-framenums_fFD.txt",262
"INET033","1",2,"rest","sub-INET033_ses-1_task-rest_desc-framenums_fFD.txt","/Volumes/illinois-las-psych-gratton/iNetworks/Nifti/derivatives/preproc_fmriprep-24.1.1/sub-INET033/ses-1/func/FD_outputs/sub-INET033_ses-1_task-rest_desc-framenums_fFD.txt",256
"INET033","1",3,"rest","sub-INET033_ses-1_task-rest_desc-framenums_fFD.txt","/Volumes/illinois-las-psych-gratton/iNetworks/Nifti/derivatives/preproc_fmriprep-24.1.1/sub-INET033/ses-1/func/FD_outputs/sub-INET033_ses-1_task-rest_desc-framenums_fFD.txt",262
"INET033","1",4,"rest","sub-INET033_ses-1_task-rest_desc-framenums_fFD.txt","/Volumes/illinois-las-psych-gratton/iNetworks/Nifti/derivatives/preproc_fmriprep-24.1.1/sub-INET033/ses-1/func/FD_outputs/sub-INET033_ses-1_task-rest_desc-framenums_fFD.txt",240
"INET033","1",5,"rest","sub-INET033_ses-1_task-rest_desc-framenums_fFD.txt","/Volumes/illinois-las-psych-gratton/iNetworks/Nifti/derivatives/preproc_fmriprep-24.1.1/sub-INET033/ses-1/func/FD_outputs/sub-INET033_ses-1_task-rest_desc-framenums_fFD.txt",221
"INET033","1",6,"rest","sub-INET033_ses-1_task-rest_desc-framenums_fFD.txt","/Volumes/illinois-las-psych-gratton/iNetworks/Nifti/derivatives/preproc_fmriprep-24.1.1/sub-INET033/ses-1/func/FD_outputs/sub-INET033_ses-1_task-rest_desc-framenums_fFD.txt",239
"INET033","1",7,"rest","sub-INET033_ses-1_task-rest_desc-framenums_fFD.txt","/Volumes/illinois-las-psych-gratton/iNetworks/Nifti/derivatives/preproc_fmriprep-24.1.1/sub-INET033/ses-1/func/FD_outputs/sub-INET033_ses-1_task-rest_desc-framenums_fFD.txt",260
"INET033","2",1,"rest","sub-INET033_ses-2_task-rest_desc-framenums_fFD.txt","/Volumes/illinois-las-psych-gratton/iNetworks/Nifti/derivatives/preproc_fmriprep-24.1.1/sub-INET033/ses-2/func/FD_outputs/sub-INET033_ses-2_task-rest_desc-framenums_fFD.txt",263
"INET033","2",2,"rest","sub-INET033_ses-2_task-rest_desc-framenums_fFD.txt","/Volumes/illinois-las-psych-gratton/iNetworks/Nifti/derivatives/preproc_fmriprep-24.1.1/sub-INET033/ses-2/func/FD_outputs/sub-INET033_ses-2_task-rest_desc-framenums_fFD.txt",262
"INET033","2",3,"rest","sub-INET033_ses-2_task-rest_desc-framenums_fFD.txt","/Volumes/illinois-las-psych-gratton/iNetworks/Nifti/derivatives/preproc_fmriprep-24.1.1/sub-INET033/ses-2/func/FD_outputs/sub-INET033_ses-2_task-rest_desc-framenums_fFD.txt",263
"INET033","2",4,"rest","sub-INET033_ses-2_task-rest_desc-framenums_fFD.txt","/Volumes/illinois-las-psych-gratton/iNetworks/Nifti/derivatives/preproc_fmriprep-24.1.1/sub-INET033/ses-2/func/FD_outputs/sub-INET033_ses-2_task-rest_desc-framenums_fFD.txt",263
"INET033","2",5,"rest","sub-INET033_ses-2_task-rest_desc-framenums_fFD.txt","/Volumes/illinois-las-psych-gratton/iNetworks/Nifti/derivatives/preproc_fmriprep-24.1.1/sub-INET033/ses-2/func/FD_outputs/sub-INET033_ses-2_task-rest_desc-framenums_fFD.txt",255
"INET033","2",6,"rest","sub-INET033_ses-2_task-rest_desc-framenums_fFD.txt","/Volumes/illinois-las-psych-gratton/iNetworks/Nifti/derivatives/preproc_fmriprep-24.1.1/sub-INET033/ses-2/func/FD_outputs/sub-INET033_ses-2_task-rest_desc-framenums_fFD.txt",256
"INET033","2",7,"rest","sub-INET033_ses-2_task-rest_desc-framenums_fFD.txt","/Volumes/illinois-las-psych-gratton/iNetworks/Nifti/derivatives/preproc_fmriprep-24.1.1/sub-INET033/ses-2/func/FD_outputs/sub-INET033_ses-2_task-rest_desc-framenums_fFD.txt",261
"INET033","2",8,"rest","sub-INET033_ses-2_task-rest_desc-framenums_fFD.txt","/Volumes/illinois-las-psych-gratton/iNetworks/Nifti/derivatives/preproc_fmriprep-24.1.1/sub-INET033/ses-2/func/FD_outputs/sub-INET033_ses-2_task-rest_desc-framenums_fFD.txt",256
"INET033","3",1,"rest","sub-INET033_ses-3_task-rest_desc-framenums_fFD.txt","/Volumes/illinois-las-psych-gratton/iNetworks/Nifti/derivatives/preproc_fmriprep-24.1.1/sub-INET033/ses-3/func/FD_outputs/sub-INET033_ses-3_task-rest_desc-framenums_fFD.txt",264
"INET033","3",2,"rest","sub-INET033_ses-3_task-rest_desc-framenums_fFD.txt","/Volumes/illinois-las-psych-gratton/iNetworks/Nifti/derivatives/preproc_fmriprep-24.1.1/sub-INET033/ses-3/func/FD_outputs/sub-INET033_ses-3_task-rest_desc-framenums_fFD.txt",264
"INET033","3",3,"rest","sub-INET033_ses-3_task-rest_desc-framenums_fFD.txt","/Volumes/illinois-las-psych-gratton/iNetworks/Nifti/derivatives/preproc_fmriprep-24.1.1/sub-INET033/ses-3/func/FD_outputs/sub-INET033_ses-3_task-rest_desc-framenums_fFD.txt",265
"INET033","3",4,"rest","sub-INET033_ses-3_task-rest_desc-framenums_fFD.txt","/Volumes/illinois-las-psych-gratton/iNetworks/Nifti/derivatives/preproc_fmriprep-24.1.1/sub-INET033/ses-3/func/FD_outputs/sub-INET033_ses-3_task-rest_desc-framenums_fFD.txt",265
"INET033","3",5,"rest","sub-INET033_ses-3_task-rest_desc-framenums_fFD.txt","/Volumes/illinois-las-psych-gratton/iNetworks/Nifti/derivatives/preproc_fmriprep-24.1.1/sub-INET033/ses-3/func/FD_outputs/sub-INET033_ses-3_task-rest_desc-framenums_fFD.txt",248
"INET033","3",6,"rest","sub-INET033_ses-3_task-rest_desc-framenums_fFD.txt","/Volumes/illinois-las-psych-gratton/iNetworks/Nifti/derivatives/preproc_fmriprep-24.1.1/sub-INET033/ses-3/func/FD_outputs/sub-INET033_ses-3_task-rest_desc-framenums_fFD.txt",264
"INET033","3",7,"rest","sub-INET033_ses-3_task-rest_desc-framenums_fFD.txt","/Volumes/illinois-las-psych-gratton/iNetworks/Nifti/derivatives/preproc_fmriprep-24.1.1/sub-INET033/ses-3/func/FD_outputs/sub-INET033_ses-3_task-rest_desc-framenums_fFD.txt",261
"INET033","3",8,"rest","sub-INET033_ses-3_task-rest_desc-framenums_fFD.txt","/Volumes/illinois-las-psych-gratton/iNetworks/Nifti/derivatives/preproc_fmriprep-24.1.1/sub-INET033/ses-3/func/FD_outputs/sub-INET033_ses-3_task-rest_desc-framenums_fFD.txt",264
"INET033","4",1,"rest","sub-INET033_ses-4_task-rest_desc-framenums_fFD.txt","/Volumes/illinois-las-psych-gratton/iNetworks/Nifti/derivatives/preproc_fmriprep-24.1.1/sub-INET033/ses-4/func/FD_outputs/sub-INET033_ses-4_task-rest_desc-framenums_fFD.txt",264
"INET033","4",2,"rest","sub-INET033_ses-4_task-rest_desc-framenums_fFD.txt","/Volumes/illinois-las-psych-gratton/iNetworks/Nifti/derivatives/preproc_fmriprep-24.1.1/sub-INET033/ses-4/func/FD_outputs/sub-INET033_ses-4_task-rest_desc-framenums_fFD.txt",263
"INET033","4",3,"rest","sub-INET033_ses-4_task-rest_desc-framenums_fFD.txt","/Volumes/illinois-las-psych-gratton/iNetworks/Nifti/derivatives/preproc_fmriprep-24.1.1/sub-INET033/ses-4/func/FD_outputs/sub-INET033_ses-4_task-rest_desc-framenums_fFD.txt",264
"INET033","4",4,"rest","sub-INET033_ses-4_task-rest_desc-framenums_fFD.txt","/Volumes/illinois-las-psych-gratton/iNetworks/Nifti/derivatives/preproc_fmriprep-24.1.1/sub-INET033/ses-4/func/FD_outputs/sub-INET033_ses-4_task-rest_desc-framenums_fFD.txt",255
"INET033","4",5,"rest","sub-INET033_ses-4_task-rest_desc-framenums_fFD.txt","/Volumes/illinois-las-psych-gratton/iNetworks/Nifti/derivatives/preproc_fmriprep-24.1.1/sub-INET033/ses-4/func/FD_outputs/sub-INET033_ses-4_task-rest_desc-framenums_fFD.txt",259
"INET033","4",6,"rest","sub-INET033_ses-4_task-rest_desc-framenums_fFD.txt","/Volumes/illinois-las-psych-gratton/iNetworks/Nifti/derivatives/preproc_fmriprep-24.1.1/sub-INET033/ses-4/func/FD_outputs/sub-INET033_ses-4_task-rest_desc-framenums_fFD.txt",221
"INET033","4",7,"rest","sub-INET033_ses-4_task-rest_desc-framenums_fFD.txt","/Volumes/illinois-las-psych-gratton/iNetworks/Nifti/derivatives/preproc_fmriprep-24.1.1/sub-INET033/ses-4/func/FD_outputs/sub-INET033_ses-4_task-rest_desc-framenums_fFD.txt",263
"INET033","4",8,"rest","sub-INET033_ses-4_task-rest_desc-framenums_fFD.txt","/Volumes/illinois-las-psych-gratton/iNetworks/Nifti/derivatives/preproc_fmriprep-24.1.1/sub-INET033/ses-4/func/FD_outputs/sub-INET033_ses-4_task-rest_desc-framenums_fFD.txt",263
"INET033","4",9,"rest","sub-INET033_ses-4_task-rest_desc-framenums_fFD.txt","/Volumes/illinois-las-psych-gratton/iNetworks/Nifti/derivatives/preproc_fmriprep-24.1.1/sub-INET033/ses-4/func/FD_outputs/sub-INET033_ses-4_task-rest_desc-framenums_fFD.txt",263
"INET034","1",1,"rest","sub-INET034_ses-1_task-rest_desc-framenums_fFD.txt","/Volumes/illinois-las-psych-gratton/iNetworks/Nifti/derivatives/preproc_fmriprep-24.1.1/sub-INET034/ses-1/func/FD_outputs/sub-INET034_ses-1_task-rest_desc-framenums_fFD.txt",265
"INET034","1",2,"rest","sub-INET034_ses-1_task-rest_desc-framenums_fFD.txt","/Volumes/illinois-las-psych-gratton/iNetworks/Nifti/derivatives/preproc_fmriprep-24.1.1/sub-INET034/ses-1/func/FD_outputs/sub-INET034_ses-1_task-rest_desc-framenums_fFD.txt",264
"INET034","1",3,"rest","sub-INET034_ses-1_task-rest_desc-framenums_fFD.txt","/Volumes/illinois-las-psych-gratton/iNetworks/Nifti/derivatives/preproc_fmriprep-24.1.1/sub-INET034/ses-1/func/FD_outputs/sub-INET034_ses-1_task-rest_desc-framenums_fFD.txt",264
"INET034","1",4,"rest","sub-INET034_ses-1_task-rest_desc-framenums_fFD.txt","/Volumes/illinois-las-psych-gratton/iNetworks/Nifti/derivatives/preproc_fmriprep-24.1.1/sub-INET034/ses-1/func/FD_outputs/sub-INET034_ses-1_task-rest_desc-framenums_fFD.txt",265
"INET034","1",5,"rest","sub-INET034_ses-1_task-rest_desc-framenums_fFD.txt","/Volumes/illinois-las-psych-gratton/iNetworks/Nifti/derivatives/preproc_fmriprep-24.1.1/sub-INET034/ses-1/func/FD_outputs/sub-INET034_ses-1_task-rest_desc-framenums_fFD.txt",262
"INET034","1",6,"rest","sub-INET034_ses-1_task-rest_desc-framenums_fFD.txt","/Volumes/illinois-las-psych-gratton/iNetworks/Nifti/derivatives/preproc_fmriprep-24.1.1/sub-INET034/ses-1/func/FD_outputs/sub-INET034_ses-1_task-rest_desc-framenums_fFD.txt",265
"INET034","1",7,"rest","sub-INET034_ses-1_task-rest_desc-framenums_fFD.txt","/Volumes/illinois-las-psych-gratton/iNetworks/Nifti/derivatives/preproc_fmriprep-24.1.1/sub-INET034/ses-1/func/FD_outputs/sub-INET034_ses-1_task-rest_desc-framenums_fFD.txt",264
"INET034","2",1,"rest","sub-INET034_ses-2_task-rest_desc-framenums_fFD.txt","/Volumes/illinois-las-psych-gratton/iNetworks/Nifti/derivatives/preproc_fmriprep-24.1.1/sub-INET034/ses-2/func/FD_outputs/sub-INET034_ses-2_task-rest_desc-framenums_fFD.txt",262
"INET034","2",2,"rest","sub-INET034_ses-2_task-rest_desc-framenums_fFD.txt","/Volumes/illinois-las-psych-gratton/iNetworks/Nifti/derivatives/preproc_fmriprep-24.1.1/sub-INET034/ses-2/func/FD_outputs/sub-INET034_ses-2_task-rest_desc-framenums_fFD.txt",264
"INET034","2",3,"rest","sub-INET034_ses-2_task-rest_desc-framenums_fFD.txt","/Volumes/illinois-las-psych-gratton/iNetworks/Nifti/derivatives/preproc_fmriprep-24.1.1/sub-INET034/ses-2/func/FD_outputs/sub-INET034_ses-2_task-rest_desc-framenums_fFD.txt",265
"INET034","2",4,"rest","sub-INET034_ses-2_task-rest_desc-framenums_fFD.txt","/Volumes/illinois-las-psych-gratton/iNetworks/Nifti/derivatives/preproc_fmriprep-24.1.1/sub-INET034/ses-2/func/FD_outputs/sub-INET034_ses-2_task-rest_desc-framenums_fFD.txt",265
"INET034","2",5,"rest","sub-INET034_ses-2_task-rest_desc-framenums_fFD.txt","/Volumes/illinois-las-psych-gratton/iNetworks/Nifti/derivatives/preproc_fmriprep-24.1.1/sub-INET034/ses-2/func/FD_outputs/sub-INET034_ses-2_task-rest_desc-framenums_fFD.txt",264
"INET034","2",6,"rest","sub-INET034_ses-2_task-rest_desc-framenums_fFD.txt","/Volumes/illinois-las-psych-gratton/iNetworks/Nifti/derivatives/preproc_fmriprep-24.1.1/sub-INET034/ses-2/func/FD_outputs/sub-INET034_ses-2_task-rest_desc-framenums_fFD.txt",258
"INET034","2",7,"rest","sub-INET034_ses-2_task-rest_desc-framenums_fFD.txt","/Volumes/illinois-las-psych-gratton/iNetworks/Nifti/derivatives/preproc_fmriprep-24.1.1/sub-INET034/ses-2/func/FD_outputs/sub-INET034_ses-2_task-rest_desc-framenums_fFD.txt",265
"INET034","3",1,"rest","sub-INET034_ses-3_task-rest_desc-framenums_fFD.txt","/Volumes/illinois-las-psych-gratton/iNetworks/Nifti/derivatives/preproc_fmriprep-24.1.1/sub-INET034/ses-3/func/FD_outputs/sub-INET034_ses-3_task-rest_desc-framenums_fFD.txt",265
"INET034","3",2,"rest","sub-INET034_ses-3_task-rest_desc-framenums_fFD.txt","/Volumes/illinois-las-psych-gratton/iNetworks/Nifti/derivatives/preproc_fmriprep-24.1.1/sub-INET034/ses-3/func/FD_outputs/sub-INET034_ses-3_task-rest_desc-framenums_fFD.txt",265
"INET034","3",3,"rest","sub-INET034_ses-3_task-rest_desc-framenums_fFD.txt","/Volumes/illinois-las-psych-gratton/iNetworks/Nifti/derivatives/preproc_fmriprep-24.1.1/sub-INET034/ses-3/func/FD_outputs/sub-INET034_ses-3_task-rest_desc-framenums_fFD.txt",265
"INET034","3",4,"rest","sub-INET034_ses-3_task-rest_desc-framenums_fFD.txt","/Volumes/illinois-las-psych-gratton/iNetworks/Nifti/derivatives/preproc_fmriprep-24.1.1/sub-INET034/ses-3/func/FD_outputs/sub-INET034_ses-3_task-rest_desc-framenums_fFD.txt",261
"INET034","3",5,"rest","sub-INET034_ses-3_task-rest_desc-framenums_fFD.txt","/Volumes/illinois-las-psych-gratton/iNetworks/Nifti/derivatives/preproc_fmriprep-24.1.1/sub-INET034/ses-3/func/FD_outputs/sub-INET034_ses-3_task-rest_desc-framenums_fFD.txt",264
"INET034","3",6,"rest","sub-INET034_ses-3_task-rest_desc-framenums_fFD.txt","/Volumes/illinois-las-psych-gratton/iNetworks/Nifti/derivatives/preproc_fmriprep-24.1.1/sub-INET034/ses-3/func/FD_outputs/sub-INET034_ses-3_task-rest_desc-framenums_fFD.txt",259
"INET034","3",7,"rest","sub-INET034_ses-3_task-rest_desc-framenums_fFD.txt","/Volumes/illinois-las-psych-gratton/iNetworks/Nifti/derivatives/preproc_fmriprep-24.1.1/sub-INET034/ses-3/func/FD_outputs/sub-INET034_ses-3_task-rest_desc-framenums_fFD.txt",262
"INET034","3",8,"rest","sub-INET034_ses-3_task-rest_desc-framenums_fFD.txt","/Volumes/illinois-las-psych-gratton/iNetworks/Nifti/derivatives/preproc_fmriprep-24.1.1/sub-INET034/ses-3/func/FD_outputs/sub-INET034_ses-3_task-rest_desc-framenums_fFD.txt",265
"INET034","4",1,"rest","sub-INET034_ses-4_task-rest_desc-framenums_fFD.txt","/Volumes/illinois-las-psych-gratton/iNetworks/Nifti/derivatives/preproc_fmriprep-24.1.1/sub-INET034/ses-4/func/FD_outputs/sub-INET034_ses-4_task-rest_desc-framenums_fFD.txt",261
"INET034","4",2,"rest","sub-INET034_ses-4_task-rest_desc-framenums_fFD.txt","/Volumes/illinois-las-psych-gratton/iNetworks/Nifti/derivatives/preproc_fmriprep-24.1.1/sub-INET034/ses-4/func/FD_outputs/sub-INET034_ses-4_task-rest_desc-framenums_fFD.txt",263
"INET034","4",3,"rest","sub-INET034_ses-4_task-rest_desc-framenums_fFD.txt","/Volumes/illinois-las-psych-gratton/iNetworks/Nifti/derivatives/preproc_fmriprep-24.1.1/sub-INET034/ses-4/func/FD_outputs/sub-INET034_ses-4_task-rest_desc-framenums_fFD.txt",265
"INET034","4",4,"rest","sub-INET034_ses-4_task-rest_desc-framenums_fFD.txt","/Volumes/illinois-las-psych-gratton/iNetworks/Nifti/derivatives/preproc_fmriprep-24.1.1/sub-INET034/ses-4/func/FD_outputs/sub-INET034_ses-4_task-rest_desc-framenums_fFD.txt",263
"INET034","4",5,"rest","sub-INET034_ses-4_task-rest_desc-framenums_fFD.txt","/Volumes/illinois-las-psych-gratton/iNetworks/Nifti/derivatives/preproc_fmriprep-24.1.1/sub-INET034/ses-4/func/FD_outputs/sub-INET034_ses-4_task-rest_desc-framenums_fFD.txt",263
"INET034","4",6,"rest","sub-INET034_ses-4_task-rest_desc-framenums_fFD.txt","/Volumes/illinois-las-psych-gratton/iNetworks/Nifti/derivatives/preproc_fmriprep-24.1.1/sub-INET034/ses-4/func/FD_outputs/sub-INET034_ses-4_task-rest_desc-framenums_fFD.txt",254
"INET034","4",7,"rest","sub-INET034_ses-4_task-rest_desc-framenums_fFD.txt","/Volumes/illinois-las-psych-gratton/iNetworks/Nifti/derivatives/preproc_fmriprep-24.1.1/sub-INET034/ses-4/func/FD_outputs/sub-INET034_ses-4_task-rest_desc-framenums_fFD.txt",263
"INET034","4",8,"rest","sub-INET034_ses-4_task-rest_desc-framenums_fFD.txt","/Volumes/illinois-las-psych-gratton/iNetworks/Nifti/derivatives/preproc_fmriprep-24.1.1/sub-INET034/ses-4/func/FD_outputs/sub-INET034_ses-4_task-rest_desc-framenums_fFD.txt",265
"INET035","1",1,"rest","sub-INET035_ses-1_task-rest_desc-framenums_fFD.txt","/Volumes/illinois-las-psych-gratton/iNetworks/Nifti/derivatives/preproc_fmriprep-24.1.1/sub-INET035/ses-1/func/FD_outputs/sub-INET035_ses-1_task-rest_desc-framenums_fFD.txt",13
"INET035","1",2,"rest","sub-INET035_ses-1_task-rest_desc-framenums_fFD.txt","/Volumes/illinois-las-psych-gratton/iNetworks/Nifti/derivatives/preproc_fmriprep-24.1.1/sub-INET035/ses-1/func/FD_outputs/sub-INET035_ses-1_task-rest_desc-framenums_fFD.txt",265
"INET035","1",3,"rest","sub-INET035_ses-1_task-rest_desc-framenums_fFD.txt","/Volumes/illinois-las-psych-gratton/iNetworks/Nifti/derivatives/preproc_fmriprep-24.1.1/sub-INET035/ses-1/func/FD_outputs/sub-INET035_ses-1_task-rest_desc-framenums_fFD.txt",264
"INET035","1",4,"rest","sub-INET035_ses-1_task-rest_desc-framenums_fFD.txt","/Volumes/illinois-las-psych-gratton/iNetworks/Nifti/derivatives/preproc_fmriprep-24.1.1/sub-INET035/ses-1/func/FD_outputs/sub-INET035_ses-1_task-rest_desc-framenums_fFD.txt",265
"INET035","1",5,"rest","sub-INET035_ses-1_task-rest_desc-framenums_fFD.txt","/Volumes/illinois-las-psych-gratton/iNetworks/Nifti/derivatives/preproc_fmriprep-24.1.1/sub-INET035/ses-1/func/FD_outputs/sub-INET035_ses-1_task-rest_desc-framenums_fFD.txt",263
"INET035","1",6,"rest","sub-INET035_ses-1_task-rest_desc-framenums_fFD.txt","/Volumes/illinois-las-psych-gratton/iNetworks/Nifti/derivatives/preproc_fmriprep-24.1.1/sub-INET035/ses-1/func/FD_outputs/sub-INET035_ses-1_task-rest_desc-framenums_fFD.txt",251
"INET035","1",7,"rest","sub-INET035_ses-1_task-rest_desc-framenums_fFD.txt","/Volumes/illinois-las-psych-gratton/iNetworks/Nifti/derivatives/preproc_fmriprep-24.1.1/sub-INET035/ses-1/func/FD_outputs/sub-INET035_ses-1_task-rest_desc-framenums_fFD.txt",260
"INET035","1",8,"rest","sub-INET035_ses-1_task-rest_desc-framenums_fFD.txt","/Volumes/illinois-las-psych-gratton/iNetworks/Nifti/derivatives/preproc_fmriprep-24.1.1/sub-INET035/ses-1/func/FD_outputs/sub-INET035_ses-1_task-rest_desc-framenums_fFD.txt",259
"INET035","1",9,"rest","sub-INET035_ses-1_task-rest_desc-framenums_fFD.txt","/Volumes/illinois-las-psych-gratton/iNetworks/Nifti/derivatives/preproc_fmriprep-24.1.1/sub-INET035/ses-1/func/FD_outputs/sub-INET035_ses-1_task-rest_desc-framenums_fFD.txt",259
"INET035","2",1,"rest","sub-INET035_ses-2_task-rest_desc-framenums_fFD.txt","/Volumes/illinois-las-psych-gratton/iNetworks/Nifti/derivatives/preproc_fmriprep-24.1.1/sub-INET035/ses-2/func/FD_outputs/sub-INET035_ses-2_task-rest_desc-framenums_fFD.txt",263
"INET035","2",2,"rest","sub-INET035_ses-2_task-rest_desc-framenums_fFD.txt","/Volumes/illinois-las-psych-gratton/iNetworks/Nifti/derivatives/preproc_fmriprep-24.1.1/sub-INET035/ses-2/func/FD_outputs/sub-INET035_ses-2_task-rest_desc-framenums_fFD.txt",245
"INET035","2",3,"rest","sub-INET035_ses-2_task-rest_desc-framenums_fFD.txt","/Volumes/illinois-las-psych-gratton/iNetworks/Nifti/derivatives/preproc_fmriprep-24.1.1/sub-INET035/ses-2/func/FD_outputs/sub-INET035_ses-2_task-rest_desc-framenums_fFD.txt",241
"INET035","2",4,"rest","sub-INET035_ses-2_task-rest_desc-framenums_fFD.txt","/Volumes/illinois-las-psych-gratton/iNetworks/Nifti/derivatives/preproc_fmriprep-24.1.1/sub-INET035/ses-2/func/FD_outputs/sub-INET035_ses-2_task-rest_desc-framenums_fFD.txt",263
"INET035","2",5,"rest","sub-INET035_ses-2_task-rest_desc-framenums_fFD.txt","/Volumes/illinois-las-psych-gratton/iNetworks/Nifti/derivatives/preproc_fmriprep-24.1.1/sub-INET035/ses-2/func/FD_outputs/sub-INET035_ses-2_task-rest_desc-framenums_fFD.txt",265
"INET035","2",6,"rest","sub-INET035_ses-2_task-rest_desc-framenums_fFD.txt","/Volumes/illinois-las-psych-gratton/iNetworks/Nifti/derivatives/preproc_fmriprep-24.1.1/sub-INET035/ses-2/func/FD_outputs/sub-INET035_ses-2_task-rest_desc-framenums_fFD.txt",264
"INET035","2",7,"rest","sub-INET035_ses-2_task-rest_desc-framenums_fFD.txt","/Volumes/illinois-las-psych-gratton/iNetworks/Nifti/derivatives/preproc_fmriprep-24.1.1/sub-INET035/ses-2/func/FD_outputs/sub-INET035_ses-2_task-rest_desc-framenums_fFD.txt",265
"INET035","3",1,"rest","sub-INET035_ses-3_task-rest_desc-framenums_fFD.txt","/Volumes/illinois-las-psych-gratton/iNetworks/Nifti/derivatives/preproc_fmriprep-24.1.1/sub-INET035/ses-3/func/FD_outputs/sub-INET035_ses-3_task-rest_desc-framenums_fFD.txt",259
"INET035","3",2,"rest","sub-INET035_ses-3_task-rest_desc-framenums_fFD.txt","/Volumes/illinois-las-psych-gratton/iNetworks/Nifti/derivatives/preproc_fmriprep-24.1.1/sub-INET035/ses-3/func/FD_outputs/sub-INET035_ses-3_task-rest_desc-framenums_fFD.txt",261
"INET035","3",3,"rest","sub-INET035_ses-3_task-rest_desc-framenums_fFD.txt","/Volumes/illinois-las-psych-gratton/iNetworks/Nifti/derivatives/preproc_fmriprep-24.1.1/sub-INET035/ses-3/func/FD_outputs/sub-INET035_ses-3_task-rest_desc-framenums_fFD.txt",264
"INET035","3",4,"rest","sub-INET035_ses-3_task-rest_desc-framenums_fFD.txt","/Volumes/illinois-las-psych-gratton/iNetworks/Nifti/derivatives/preproc_fmriprep-24.1.1/sub-INET035/ses-3/func/FD_outputs/sub-INET035_ses-3_task-rest_desc-framenums_fFD.txt",264
"INET035","3",5,"rest","sub-INET035_ses-3_task-rest_desc-framenums_fFD.txt","/Volumes/illinois-las-psych-gratton/iNetworks/Nifti/derivatives/preproc_fmriprep-24.1.1/sub-INET035/ses-3/func/FD_outputs/sub-INET035_ses-3_task-rest_desc-framenums_fFD.txt",264
"INET035","3",6,"rest","sub-INET035_ses-3_task-rest_desc-framenums_fFD.txt","/Volumes/illinois-las-psych-gratton/iNetworks/Nifti/derivatives/preproc_fmriprep-24.1.1/sub-INET035/ses-3/func/FD_outputs/sub-INET035_ses-3_task-rest_desc-framenums_fFD.txt",265
"INET035","3",7,"rest","sub-INET035_ses-3_task-rest_desc-framenums_fFD.txt","/Volumes/illinois-las-psych-gratton/iNetworks/Nifti/derivatives/preproc_fmriprep-24.1.1/sub-INET035/ses-3/func/FD_outputs/sub-INET035_ses-3_task-rest_desc-framenums_fFD.txt",265
"INET035","3",8,"rest","sub-INET035_ses-3_task-rest_desc-framenums_fFD.txt","/Volumes/illinois-las-psych-gratton/iNetworks/Nifti/derivatives/preproc_fmriprep-24.1.1/sub-INET035/ses-3/func/FD_outputs/sub-INET035_ses-3_task-rest_desc-framenums_fFD.txt",264
"INET035","4",1,"rest","sub-INET035_ses-4_task-rest_desc-framenums_fFD.txt","/Volumes/illinois-las-psych-gratton/iNetworks/Nifti/derivatives/preproc_fmriprep-24.1.1/sub-INET035/ses-4/func/FD_outputs/sub-INET035_ses-4_task-rest_desc-framenums_fFD.txt",264
"INET035","4",2,"rest","sub-INET035_ses-4_task-rest_desc-framenums_fFD.txt","/Volumes/illinois-las-psych-gratton/iNetworks/Nifti/derivatives/preproc_fmriprep-24.1.1/sub-INET035/ses-4/func/FD_outputs/sub-INET035_ses-4_task-rest_desc-framenums_fFD.txt",264
"INET035","4",3,"rest","sub-INET035_ses-4_task-rest_desc-framenums_fFD.txt","/Volumes/illinois-las-psych-gratton/iNetworks/Nifti/derivatives/preproc_fmriprep-24.1.1/sub-INET035/ses-4/func/FD_outputs/sub-INET035_ses-4_task-rest_desc-framenums_fFD.txt",265
"INET035","4",4,"rest","sub-INET035_ses-4_task-rest_desc-framenums_fFD.txt","/Volumes/illinois-las-psych-gratton/iNetworks/Nifti/derivatives/preproc_fmriprep-24.1.1/sub-INET035/ses-4/func/FD_outputs/sub-INET035_ses-4_task-rest_desc-framenums_fFD.txt",262
"INET035","4",5,"rest","sub-INET035_ses-4_task-rest_desc-framenums_fFD.txt","/Volumes/illinois-las-psych-gratton/iNetworks/Nifti/derivatives/preproc_fmriprep-24.1.1/sub-INET035/ses-4/func/FD_outputs/sub-INET035_ses-4_task-rest_desc-framenums_fFD.txt",250
"INET035","4",6,"rest","sub-INET035_ses-4_task-rest_desc-framenums_fFD.txt","/Volumes/illinois-las-psych-gratton/iNetworks/Nifti/derivatives/preproc_fmriprep-24.1.1/sub-INET035/ses-4/func/FD_outputs/sub-INET035_ses-4_task-rest_desc-framenums_fFD.txt",263
"INET035","4",7,"rest","sub-INET035_ses-4_task-rest_desc-framenums_fFD.txt","/Volumes/illinois-las-psych-gratton/iNetworks/Nifti/derivatives/preproc_fmriprep-24.1.1/sub-INET035/ses-4/func/FD_outputs/sub-INET035_ses-4_task-rest_desc-framenums_fFD.txt",264
"INET035","4",8,"rest","sub-INET035_ses-4_task-rest_desc-framenums_fFD.txt","/Volumes/illinois-las-psych-gratton/iNetworks/Nifti/derivatives/preproc_fmriprep-24.1.1/sub-INET035/ses-4/func/FD_outputs/sub-INET035_ses-4_task-rest_desc-framenums_fFD.txt",263
"INET035","4",9,"rest","sub-INET035_ses-4_task-rest_desc-framenums_fFD.txt","/Volumes/illinois-las-psych-gratton/iNetworks/Nifti/derivatives/preproc_fmriprep-24.1.1/sub-INET035/ses-4/func/FD_outputs/sub-INET035_ses-4_task-rest_desc-framenums_fFD.txt",265
"INET036","1",1,"rest","sub-INET036_ses-1_task-rest_desc-framenums_fFD.txt","/Volumes/illinois-las-psych-gratton/iNetworks/Nifti/derivatives/preproc_fmriprep-24.1.1/sub-INET036/ses-1/func/FD_outputs/sub-INET036_ses-1_task-rest_desc-framenums_fFD.txt",263
"INET036","1",2,"rest","sub-INET036_ses-1_task-rest_desc-framenums_fFD.txt","/Volumes/illinois-las-psych-gratton/iNetworks/Nifti/derivatives/preproc_fmriprep-24.1.1/sub-INET036/ses-1/func/FD_outputs/sub-INET036_ses-1_task-rest_desc-framenums_fFD.txt",258
"INET036","1",3,"rest","sub-INET036_ses-1_task-rest_desc-framenums_fFD.txt","/Volumes/illinois-las-psych-gratton/iNetworks/Nifti/derivatives/preproc_fmriprep-24.1.1/sub-INET036/ses-1/func/FD_outputs/sub-INET036_ses-1_task-rest_desc-framenums_fFD.txt",253
"INET036","1",4,"rest","sub-INET036_ses-1_task-rest_desc-framenums_fFD.txt","/Volumes/illinois-las-psych-gratton/iNetworks/Nifti/derivatives/preproc_fmriprep-24.1.1/sub-INET036/ses-1/func/FD_outputs/sub-INET036_ses-1_task-rest_desc-framenums_fFD.txt",262
"INET036","1",5,"rest","sub-INET036_ses-1_task-rest_desc-framenums_fFD.txt","/Volumes/illinois-las-psych-gratton/iNetworks/Nifti/derivatives/preproc_fmriprep-24.1.1/sub-INET036/ses-1/func/FD_outputs/sub-INET036_ses-1_task-rest_desc-framenums_fFD.txt",247
"INET036","1",6,"rest","sub-INET036_ses-1_task-rest_desc-framenums_fFD.txt","/Volumes/illinois-las-psych-gratton/iNetworks/Nifti/derivatives/preproc_fmriprep-24.1.1/sub-INET036/ses-1/func/FD_outputs/sub-INET036_ses-1_task-rest_desc-framenums_fFD.txt",258
"INET036","1",7,"rest","sub-INET036_ses-1_task-rest_desc-framenums_fFD.txt","/Volumes/illinois-las-psych-gratton/iNetworks/Nifti/derivatives/preproc_fmriprep-24.1.1/sub-INET036/ses-1/func/FD_outputs/sub-INET036_ses-1_task-rest_desc-framenums_fFD.txt",258
"INET036","2",1,"rest","sub-INET036_ses-2_task-rest_desc-framenums_fFD.txt","/Volumes/illinois-las-psych-gratton/iNetworks/Nifti/derivatives/preproc_fmriprep-24.1.1/sub-INET036/ses-2/func/FD_outputs/sub-INET036_ses-2_task-rest_desc-framenums_fFD.txt",264
"INET036","2",2,"rest","sub-INET036_ses-2_task-rest_desc-framenums_fFD.txt","/Volumes/illinois-las-psych-gratton/iNetworks/Nifti/derivatives/preproc_fmriprep-24.1.1/sub-INET036/ses-2/func/FD_outputs/sub-INET036_ses-2_task-rest_desc-framenums_fFD.txt",264
"INET036","2",3,"rest","sub-INET036_ses-2_task-rest_desc-framenums_fFD.txt","/Volumes/illinois-las-psych-gratton/iNetworks/Nifti/derivatives/preproc_fmriprep-24.1.1/sub-INET036/ses-2/func/FD_outputs/sub-INET036_ses-2_task-rest_desc-framenums_fFD.txt",264
"INET036","2",4,"rest","sub-INET036_ses-2_task-rest_desc-framenums_fFD.txt","/Volumes/illinois-las-psych-gratton/iNetworks/Nifti/derivatives/preproc_fmriprep-24.1.1/sub-INET036/ses-2/func/FD_outputs/sub-INET036_ses-2_task-rest_desc-framenums_fFD.txt",264
"INET036","2",5,"rest","sub-INET036_ses-2_task-rest_desc-framenums_fFD.txt","/Volumes/illinois-las-psych-gratton/iNetworks/Nifti/derivatives/preproc_fmriprep-24.1.1/sub-INET036/ses-2/func/FD_outputs/sub-INET036_ses-2_task-rest_desc-framenums_fFD.txt",264
"INET036","2",6,"rest","sub-INET036_ses-2_task-rest_desc-framenums_fFD.txt","/Volumes/illinois-las-psych-gratton/iNetworks/Nifti/derivatives/preproc_fmriprep-24.1.1/sub-INET036/ses-2/func/FD_outputs/sub-INET036_ses-2_task-rest_desc-framenums_fFD.txt",265
"INET036","2",7,"rest","sub-INET036_ses-2_task-rest_desc-framenums_fFD.txt","/Volumes/illinois-las-psych-gratton/iNetworks/Nifti/derivatives/preproc_fmriprep-24.1.1/sub-INET036/ses-2/func/FD_outputs/sub-INET036_ses-2_task-rest_desc-framenums_fFD.txt",264
"INET036","3",1,"rest","sub-INET036_ses-3_task-rest_desc-framenums_fFD.txt","/Volumes/illinois-las-psych-gratton/iNetworks/Nifti/derivatives/preproc_fmriprep-24.1.1/sub-INET036/ses-3/func/FD_outputs/sub-INET036_ses-3_task-rest_desc-framenums_fFD.txt",265
"INET036","3",2,"rest","sub-INET036_ses-3_task-rest_desc-framenums_fFD.txt","/Volumes/illinois-las-psych-gratton/iNetworks/Nifti/derivatives/preproc_fmriprep-24.1.1/sub-INET036/ses-3/func/FD_outputs/sub-INET036_ses-3_task-rest_desc-framenums_fFD.txt",265
"INET036","3",3,"rest","sub-INET036_ses-3_task-rest_desc-framenums_fFD.txt","/Volumes/illinois-las-psych-gratton/iNetworks/Nifti/derivatives/preproc_fmriprep-24.1.1/sub-INET036/ses-3/func/FD_outputs/sub-INET036_ses-3_task-rest_desc-framenums_fFD.txt",261
"INET036","3",4,"rest","sub-INET036_ses-3_task-rest_desc-framenums_fFD.txt","/Volumes/illinois-las-psych-gratton/iNetworks/Nifti/derivatives/preproc_fmriprep-24.1.1/sub-INET036/ses-3/func/FD_outputs/sub-INET036_ses-3_task-rest_desc-framenums_fFD.txt",264
"INET036","3",5,"rest","sub-INET036_ses-3_task-rest_desc-framenums_fFD.txt","/Volumes/illinois-las-psych-gratton/iNetworks/Nifti/derivatives/preproc_fmriprep-24.1.1/sub-INET036/ses-3/func/FD_outputs/sub-INET036_ses-3_task-rest_desc-framenums_fFD.txt",265
"INET036","3",6,"rest","sub-INET036_ses-3_task-rest_desc-framenums_fFD.txt","/Volumes/illinois-las-psych-gratton/iNetworks/Nifti/derivatives/preproc_fmriprep-24.1.1/sub-INET036/ses-3/func/FD_outputs/sub-INET036_ses-3_task-rest_desc-framenums_fFD.txt",263
"INET036","3",7,"rest","sub-INET036_ses-3_task-rest_desc-framenums_fFD.txt","/Volumes/illinois-las-psych-gratton/iNetworks/Nifti/derivatives/preproc_fmriprep-24.1.1/sub-INET036/ses-3/func/FD_outputs/sub-INET036_ses-3_task-rest_desc-framenums_fFD.txt",263
"INET036","4",1,"rest","sub-INET036_ses-4_task-rest_desc-framenums_fFD.txt","/Volumes/illinois-las-psych-gratton/iNetworks/Nifti/derivatives/preproc_fmriprep-24.1.1/sub-INET036/ses-4/func/FD_outputs/sub-INET036_ses-4_task-rest_desc-framenums_fFD.txt",264
"INET036","4",2,"rest","sub-INET036_ses-4_task-rest_desc-framenums_fFD.txt","/Volumes/illinois-las-psych-gratton/iNetworks/Nifti/derivatives/preproc_fmriprep-24.1.1/sub-INET036/ses-4/func/FD_outputs/sub-INET036_ses-4_task-rest_desc-framenums_fFD.txt",264
"INET036","4",3,"rest","sub-INET036_ses-4_task-rest_desc-framenums_fFD.txt","/Volumes/illinois-las-psych-gratton/iNetworks/Nifti/derivatives/preproc_fmriprep-24.1.1/sub-INET036/ses-4/func/FD_outputs/sub-INET036_ses-4_task-rest_desc-framenums_fFD.txt",265
"INET036","4",4,"rest","sub-INET036_ses-4_task-rest_desc-framenums_fFD.txt","/Volumes/illinois-las-psych-gratton/iNetworks/Nifti/derivatives/preproc_fmriprep-24.1.1/sub-INET036/ses-4/func/FD_outputs/sub-INET036_ses-4_task-rest_desc-framenums_fFD.txt",265
"INET036","4",5,"rest","sub-INET036_ses-4_task-rest_desc-framenums_fFD.txt","/Volumes/illinois-las-psych-gratton/iNetworks/Nifti/derivatives/preproc_fmriprep-24.1.1/sub-INET036/ses-4/func/FD_outputs/sub-INET036_ses-4_task-rest_desc-framenums_fFD.txt",258
"INET036","4",6,"rest","sub-INET036_ses-4_task-rest_desc-framenums_fFD.txt","/Volumes/illinois-las-psych-gratton/iNetworks/Nifti/derivatives/preproc_fmriprep-24.1.1/sub-INET036/ses-4/func/FD_outputs/sub-INET036_ses-4_task-rest_desc-framenums_fFD.txt",258
"INET036","4",7,"rest","sub-INET036_ses-4_task-rest_desc-framenums_fFD.txt","/Volumes/illinois-las-psych-gratton/iNetworks/Nifti/derivatives/preproc_fmriprep-24.1.1/sub-INET036/ses-4/func/FD_outputs/sub-INET036_ses-4_task-rest_desc-framenums_fFD.txt",263
"INET036","4",8,"rest","sub-INET036_ses-4_task-rest_desc-framenums_fFD.txt","/Volumes/illinois-las-psych-gratton/iNetworks/Nifti/derivatives/preproc_fmriprep-24.1.1/sub-INET036/ses-4/func/FD_outputs/sub-INET036_ses-4_task-rest_desc-framenums_fFD.txt",262
"INET036","4",9,"rest","sub-INET036_ses-4_task-rest_desc-framenums_fFD.txt","/Volumes/illinois-las-psych-gratton/iNetworks/Nifti/derivatives/preproc_fmriprep-24.1.1/sub-INET036/ses-4/func/FD_outputs/sub-INET036_ses-4_task-rest_desc-framenums_fFD.txt",257
"INET038","1",1,"rest","sub-INET038_ses-1_task-rest_desc-framenums_fFD.txt","/Volumes/illinois-las-psych-gratton/iNetworks/Nifti/derivatives/preproc_fmriprep-24.1.1/sub-INET038/ses-1/func/FD_outputs/sub-INET038_ses-1_task-rest_desc-framenums_fFD.txt",265
"INET038","1",2,"rest","sub-INET038_ses-1_task-rest_desc-framenums_fFD.txt","/Volumes/illinois-las-psych-gratton/iNetworks/Nifti/derivatives/preproc_fmriprep-24.1.1/sub-INET038/ses-1/func/FD_outputs/sub-INET038_ses-1_task-rest_desc-framenums_fFD.txt",253
"INET038","1",3,"rest","sub-INET038_ses-1_task-rest_desc-framenums_fFD.txt","/Volumes/illinois-las-psych-gratton/iNetworks/Nifti/derivatives/preproc_fmriprep-24.1.1/sub-INET038/ses-1/func/FD_outputs/sub-INET038_ses-1_task-rest_desc-framenums_fFD.txt",218
"INET038","1",4,"rest","sub-INET038_ses-1_task-rest_desc-framenums_fFD.txt","/Volumes/illinois-las-psych-gratton/iNetworks/Nifti/derivatives/preproc_fmriprep-24.1.1/sub-INET038/ses-1/func/FD_outputs/sub-INET038_ses-1_task-rest_desc-framenums_fFD.txt",261
"INET038","1",5,"rest","sub-INET038_ses-1_task-rest_desc-framenums_fFD.txt","/Volumes/illinois-las-psych-gratton/iNetworks/Nifti/derivatives/preproc_fmriprep-24.1.1/sub-INET038/ses-1/func/FD_outputs/sub-INET038_ses-1_task-rest_desc-framenums_fFD.txt",245
"INET038","1",6,"rest","sub-INET038_ses-1_task-rest_desc-framenums_fFD.txt","/Volumes/illinois-las-psych-gratton/iNetworks/Nifti/derivatives/preproc_fmriprep-24.1.1/sub-INET038/ses-1/func/FD_outputs/sub-INET038_ses-1_task-rest_desc-framenums_fFD.txt",236
"INET038","1",7,"rest","sub-INET038_ses-1_task-rest_desc-framenums_fFD.txt","/Volumes/illinois-las-psych-gratton/iNetworks/Nifti/derivatives/preproc_fmriprep-24.1.1/sub-INET038/ses-1/func/FD_outputs/sub-INET038_ses-1_task-rest_desc-framenums_fFD.txt",245
"INET038","2",1,"rest","sub-INET038_ses-2_task-rest_desc-framenums_fFD.txt","/Volumes/illinois-las-psych-gratton/iNetworks/Nifti/derivatives/preproc_fmriprep-24.1.1/sub-INET038/ses-2/func/FD_outputs/sub-INET038_ses-2_task-rest_desc-framenums_fFD.txt",264
"INET038","2",2,"rest","sub-INET038_ses-2_task-rest_desc-framenums_fFD.txt","/Volumes/illinois-las-psych-gratton/iNetworks/Nifti/derivatives/preproc_fmriprep-24.1.1/sub-INET038/ses-2/func/FD_outputs/sub-INET038_ses-2_task-rest_desc-framenums_fFD.txt",255
"INET038","2",3,"rest","sub-INET038_ses-2_task-rest_desc-framenums_fFD.txt","/Volumes/illinois-las-psych-gratton/iNetworks/Nifti/derivatives/preproc_fmriprep-24.1.1/sub-INET038/ses-2/func/FD_outputs/sub-INET038_ses-2_task-rest_desc-framenums_fFD.txt",198
"INET038","2",4,"rest","sub-INET038_ses-2_task-rest_desc-framenums_fFD.txt","/Volumes/illinois-las-psych-gratton/iNetworks/Nifti/derivatives/preproc_fmriprep-24.1.1/sub-INET038/ses-2/func/FD_outputs/sub-INET038_ses-2_task-rest_desc-framenums_fFD.txt",215
"INET038","2",5,"rest","sub-INET038_ses-2_task-rest_desc-framenums_fFD.txt","/Volumes/illinois-las-psych-gratton/iNetworks/Nifti/derivatives/preproc_fmriprep-24.1.1/sub-INET038/ses-2/func/FD_outputs/sub-INET038_ses-2_task-rest_desc-framenums_fFD.txt",245
"INET038","2",6,"rest","sub-INET038_ses-2_task-rest_desc-framenums_fFD.txt","/Volumes/illinois-las-psych-gratton/iNetworks/Nifti/derivatives/preproc_fmriprep-24.1.1/sub-INET038/ses-2/func/FD_outputs/sub-INET038_ses-2_task-rest_desc-framenums_fFD.txt",255
"INET038","2",7,"rest","sub-INET038_ses-2_task-rest_desc-framenums_fFD.txt","/Volumes/illinois-las-psych-gratton/iNetworks/Nifti/derivatives/preproc_fmriprep-24.1.1/sub-INET038/ses-2/func/FD_outputs/sub-INET038_ses-2_task-rest_desc-framenums_fFD.txt",199
"INET038","3",1,"rest","sub-INET038_ses-3_task-rest_desc-framenums_fFD.txt","/Volumes/illinois-las-psych-gratton/iNetworks/Nifti/derivatives/preproc_fmriprep-24.1.1/sub-INET038/ses-3/func/FD_outputs/sub-INET038_ses-3_task-rest_desc-framenums_fFD.txt",264
"INET038","3",2,"rest","sub-INET038_ses-3_task-rest_desc-framenums_fFD.txt","/Volumes/illinois-las-psych-gratton/iNetworks/Nifti/derivatives/preproc_fmriprep-24.1.1/sub-INET038/ses-3/func/FD_outputs/sub-INET038_ses-3_task-rest_desc-framenums_fFD.txt",256
"INET038","3",3,"rest","sub-INET038_ses-3_task-rest_desc-framenums_fFD.txt","/Volumes/illinois-las-psych-gratton/iNetworks/Nifti/derivatives/preproc_fmriprep-24.1.1/sub-INET038/ses-3/func/FD_outputs/sub-INET038_ses-3_task-rest_desc-framenums_fFD.txt",232
"INET038","3",4,"rest","sub-INET038_ses-3_task-rest_desc-framenums_fFD.txt","/Volumes/illinois-las-psych-gratton/iNetworks/Nifti/derivatives/preproc_fmriprep-24.1.1/sub-INET038/ses-3/func/FD_outputs/sub-INET038_ses-3_task-rest_desc-framenums_fFD.txt",265
"INET038","3",5,"rest","sub-INET038_ses-3_task-rest_desc-framenums_fFD.txt","/Volumes/illinois-las-psych-gratton/iNetworks/Nifti/derivatives/preproc_fmriprep-24.1.1/sub-INET038/ses-3/func/FD_outputs/sub-INET038_ses-3_task-rest_desc-framenums_fFD.txt",202
"INET038","3",6,"rest","sub-INET038_ses-3_task-rest_desc-framenums_fFD.txt","/Volumes/illinois-las-psych-gratton/iNetworks/Nifti/derivatives/preproc_fmriprep-24.1.1/sub-INET038/ses-3/func/FD_outputs/sub-INET038_ses-3_task-rest_desc-framenums_fFD.txt",232
"INET038","4",1,"rest","sub-INET038_ses-4_task-rest_desc-framenums_fFD.txt","/Volumes/illinois-las-psych-gratton/iNetworks/Nifti/derivatives/preproc_fmriprep-24.1.1/sub-INET038/ses-4/func/FD_outputs/sub-INET038_ses-4_task-rest_desc-framenums_fFD.txt",261
"INET038","4",2,"rest","sub-INET038_ses-4_task-rest_desc-framenums_fFD.txt","/Volumes/illinois-las-psych-gratton/iNetworks/Nifti/derivatives/preproc_fmriprep-24.1.1/sub-INET038/ses-4/func/FD_outputs/sub-INET038_ses-4_task-rest_desc-framenums_fFD.txt",259
"INET038","4",3,"rest","sub-INET038_ses-4_task-rest_desc-framenums_fFD.txt","/Volumes/illinois-las-psych-gratton/iNetworks/Nifti/derivatives/preproc_fmriprep-24.1.1/sub-INET038/ses-4/func/FD_outputs/sub-INET038_ses-4_task-rest_desc-framenums_fFD.txt",221
"INET038","4",4,"rest","sub-INET038_ses-4_task-rest_desc-framenums_fFD.txt","/Volumes/illinois-las-psych-gratton/iNetworks/Nifti/derivatives/preproc_fmriprep-24.1.1/sub-INET038/ses-4/func/FD_outputs/sub-INET038_ses-4_task-rest_desc-framenums_fFD.txt",227
"INET038","4",5,"rest","sub-INET038_ses-4_task-rest_desc-framenums_fFD.txt","/Volumes/illinois-las-psych-gratton/iNetworks/Nifti/derivatives/preproc_fmriprep-24.1.1/sub-INET038/ses-4/func/FD_outputs/sub-INET038_ses-4_task-rest_desc-framenums_fFD.txt",245
"INET038","4",6,"rest","sub-INET038_ses-4_task-rest_desc-framenums_fFD.txt","/Volumes/illinois-las-psych-gratton/iNetworks/Nifti/derivatives/preproc_fmriprep-24.1.1/sub-INET038/ses-4/func/FD_outputs/sub-INET038_ses-4_task-rest_desc-framenums_fFD.txt",234
"INET038","4",7,"rest","sub-INET038_ses-4_task-rest_desc-framenums_fFD.txt","/Volumes/illinois-las-psych-gratton/iNetworks/Nifti/derivatives/preproc_fmriprep-24.1.1/sub-INET038/ses-4/func/FD_outputs/sub-INET038_ses-4_task-rest_desc-framenums_fFD.txt",228
"INET038","4",8,"rest","sub-INET038_ses-4_task-rest_desc-framenums_fFD.txt","/Volumes/illinois-las-psych-gratton/iNetworks/Nifti/derivatives/preproc_fmriprep-24.1.1/sub-INET038/ses-4/func/FD_outputs/sub-INET038_ses-4_task-rest_desc-framenums_fFD.txt",219
"INET039","1",1,"rest","sub-INET039_ses-1_task-rest_desc-framenums_fFD.txt","/Volumes/illinois-las-psych-gratton/iNetworks/Nifti/derivatives/preproc_fmriprep-24.1.1/sub-INET039/ses-1/func/FD_outputs/sub-INET039_ses-1_task-rest_desc-framenums_fFD.txt",258
"INET039","1",2,"rest","sub-INET039_ses-1_task-rest_desc-framenums_fFD.txt","/Volumes/illinois-las-psych-gratton/iNetworks/Nifti/derivatives/preproc_fmriprep-24.1.1/sub-INET039/ses-1/func/FD_outputs/sub-INET039_ses-1_task-rest_desc-framenums_fFD.txt",257
"INET039","1",3,"rest","sub-INET039_ses-1_task-rest_desc-framenums_fFD.txt","/Volumes/illinois-las-psych-gratton/iNetworks/Nifti/derivatives/preproc_fmriprep-24.1.1/sub-INET039/ses-1/func/FD_outputs/sub-INET039_ses-1_task-rest_desc-framenums_fFD.txt",260
"INET039","1",4,"rest","sub-INET039_ses-1_task-rest_desc-framenums_fFD.txt","/Volumes/illinois-las-psych-gratton/iNetworks/Nifti/derivatives/preproc_fmriprep-24.1.1/sub-INET039/ses-1/func/FD_outputs/sub-INET039_ses-1_task-rest_desc-framenums_fFD.txt",254
"INET039","1",5,"rest","sub-INET039_ses-1_task-rest_desc-framenums_fFD.txt","/Volumes/illinois-las-psych-gratton/iNetworks/Nifti/derivatives/preproc_fmriprep-24.1.1/sub-INET039/ses-1/func/FD_outputs/sub-INET039_ses-1_task-rest_desc-framenums_fFD.txt",252
"INET039","1",6,"rest","sub-INET039_ses-1_task-rest_desc-framenums_fFD.txt","/Volumes/illinois-las-psych-gratton/iNetworks/Nifti/derivatives/preproc_fmriprep-24.1.1/sub-INET039/ses-1/func/FD_outputs/sub-INET039_ses-1_task-rest_desc-framenums_fFD.txt",216
"INET039","1",7,"rest","sub-INET039_ses-1_task-rest_desc-framenums_fFD.txt","/Volumes/illinois-las-psych-gratton/iNetworks/Nifti/derivatives/preproc_fmriprep-24.1.1/sub-INET039/ses-1/func/FD_outputs/sub-INET039_ses-1_task-rest_desc-framenums_fFD.txt",226
"INET039","1",8,"rest","sub-INET039_ses-1_task-rest_desc-framenums_fFD.txt","/Volumes/illinois-las-psych-gratton/iNetworks/Nifti/derivatives/preproc_fmriprep-24.1.1/sub-INET039/ses-1/func/FD_outputs/sub-INET039_ses-1_task-rest_desc-framenums_fFD.txt",216
"INET039","2",1,"rest","sub-INET039_ses-2_task-rest_desc-framenums_fFD.txt","/Volumes/illinois-las-psych-gratton/iNetworks/Nifti/derivatives/preproc_fmriprep-24.1.1/sub-INET039/ses-2/func/FD_outputs/sub-INET039_ses-2_task-rest_desc-framenums_fFD.txt",262
"INET039","2",2,"rest","sub-INET039_ses-2_task-rest_desc-framenums_fFD.txt","/Volumes/illinois-las-psych-gratton/iNetworks/Nifti/derivatives/preproc_fmriprep-24.1.1/sub-INET039/ses-2/func/FD_outputs/sub-INET039_ses-2_task-rest_desc-framenums_fFD.txt",264
"INET039","2",3,"rest","sub-INET039_ses-2_task-rest_desc-framenums_fFD.txt","/Volumes/illinois-las-psych-gratton/iNetworks/Nifti/derivatives/preproc_fmriprep-24.1.1/sub-INET039/ses-2/func/FD_outputs/sub-INET039_ses-2_task-rest_desc-framenums_fFD.txt",220
"INET039","2",4,"rest","sub-INET039_ses-2_task-rest_desc-framenums_fFD.txt","/Volumes/illinois-las-psych-gratton/iNetworks/Nifti/derivatives/preproc_fmriprep-24.1.1/sub-INET039/ses-2/func/FD_outputs/sub-INET039_ses-2_task-rest_desc-framenums_fFD.txt",263
"INET039","2",5,"rest","sub-INET039_ses-2_task-rest_desc-framenums_fFD.txt","/Volumes/illinois-las-psych-gratton/iNetworks/Nifti/derivatives/preproc_fmriprep-24.1.1/sub-INET039/ses-2/func/FD_outputs/sub-INET039_ses-2_task-rest_desc-framenums_fFD.txt",258
"INET039","2",6,"rest","sub-INET039_ses-2_task-rest_desc-framenums_fFD.txt","/Volumes/illinois-las-psych-gratton/iNetworks/Nifti/derivatives/preproc_fmriprep-24.1.1/sub-INET039/ses-2/func/FD_outputs/sub-INET039_ses-2_task-rest_desc-framenums_fFD.txt",248
"INET039","2",7,"rest","sub-INET039_ses-2_task-rest_desc-framenums_fFD.txt","/Volumes/illinois-las-psych-gratton/iNetworks/Nifti/derivatives/preproc_fmriprep-24.1.1/sub-INET039/ses-2/func/FD_outputs/sub-INET039_ses-2_task-rest_desc-framenums_fFD.txt",254
"INET039","2",8,"rest","sub-INET039_ses-2_task-rest_desc-framenums_fFD.txt","/Volumes/illinois-las-psych-gratton/iNetworks/Nifti/derivatives/preproc_fmriprep-24.1.1/sub-INET039/ses-2/func/FD_outputs/sub-INET039_ses-2_task-rest_desc-framenums_fFD.txt",260
"INET039","3",1,"rest","sub-INET039_ses-3_task-rest_desc-framenums_fFD.txt","/Volumes/illinois-las-psych-gratton/iNetworks/Nifti/derivatives/preproc_fmriprep-24.1.1/sub-INET039/ses-3/func/FD_outputs/sub-INET039_ses-3_task-rest_desc-framenums_fFD.txt",256
"INET039","3",2,"rest","sub-INET039_ses-3_task-rest_desc-framenums_fFD.txt","/Volumes/illinois-las-psych-gratton/iNetworks/Nifti/derivatives/preproc_fmriprep-24.1.1/sub-INET039/ses-3/func/FD_outputs/sub-INET039_ses-3_task-rest_desc-framenums_fFD.txt",262
"INET039","3",3,"rest","sub-INET039_ses-3_task-rest_desc-framenums_fFD.txt","/Volumes/illinois-las-psych-gratton/iNetworks/Nifti/derivatives/preproc_fmriprep-24.1.1/sub-INET039/ses-3/func/FD_outputs/sub-INET039_ses-3_task-rest_desc-framenums_fFD.txt",195
"INET039","3",4,"rest","sub-INET039_ses-3_task-rest_desc-framenums_fFD.txt","/Volumes/illinois-las-psych-gratton/iNetworks/Nifti/derivatives/preproc_fmriprep-24.1.1/sub-INET039/ses-3/func/FD_outputs/sub-INET039_ses-3_task-rest_desc-framenums_fFD.txt",246
"INET039","3",5,"rest","sub-INET039_ses-3_task-rest_desc-framenums_fFD.txt","/Volumes/illinois-las-psych-gratton/iNetworks/Nifti/derivatives/preproc_fmriprep-24.1.1/sub-INET039/ses-3/func/FD_outputs/sub-INET039_ses-3_task-rest_desc-framenums_fFD.txt",224
"INET039","3",6,"rest","sub-INET039_ses-3_task-rest_desc-framenums_fFD.txt","/Volumes/illinois-las-psych-gratton/iNetworks/Nifti/derivatives/preproc_fmriprep-24.1.1/sub-INET039/ses-3/func/FD_outputs/sub-INET039_ses-3_task-rest_desc-framenums_fFD.txt",216
"INET039","3",7,"rest","sub-INET039_ses-3_task-rest_desc-framenums_fFD.txt","/Volumes/illinois-las-psych-gratton/iNetworks/Nifti/derivatives/preproc_fmriprep-24.1.1/sub-INET039/ses-3/func/FD_outputs/sub-INET039_ses-3_task-rest_desc-framenums_fFD.txt",239
"INET039","3",8,"rest","sub-INET039_ses-3_task-rest_desc-framenums_fFD.txt","/Volumes/illinois-las-psych-gratton/iNetworks/Nifti/derivatives/preproc_fmriprep-24.1.1/sub-INET039/ses-3/func/FD_outputs/sub-INET039_ses-3_task-rest_desc-framenums_fFD.txt",230
"INET039","3",9,"rest","sub-INET039_ses-3_task-rest_desc-framenums_fFD.txt","/Volumes/illinois-las-psych-gratton/iNetworks/Nifti/derivatives/preproc_fmriprep-24.1.1/sub-INET039/ses-3/func/FD_outputs/sub-INET039_ses-3_task-rest_desc-framenums_fFD.txt",246
"INET039","4",1,"rest","sub-INET039_ses-4_task-rest_desc-framenums_fFD.txt","/Volumes/illinois-las-psych-gratton/iNetworks/Nifti/derivatives/preproc_fmriprep-24.1.1/sub-INET039/ses-4/func/FD_outputs/sub-INET039_ses-4_task-rest_desc-framenums_fFD.txt",259
"INET039","4",2,"rest","sub-INET039_ses-4_task-rest_desc-framenums_fFD.txt","/Volumes/illinois-las-psych-gratton/iNetworks/Nifti/derivatives/preproc_fmriprep-24.1.1/sub-INET039/ses-4/func/FD_outputs/sub-INET039_ses-4_task-rest_desc-framenums_fFD.txt",255
"INET039","4",3,"rest","sub-INET039_ses-4_task-rest_desc-framenums_fFD.txt","/Volumes/illinois-las-psych-gratton/iNetworks/Nifti/derivatives/preproc_fmriprep-24.1.1/sub-INET039/ses-4/func/FD_outputs/sub-INET039_ses-4_task-rest_desc-framenums_fFD.txt",206
"INET039","4",4,"rest","sub-INET039_ses-4_task-rest_desc-framenums_fFD.txt","/Volumes/illinois-las-psych-gratton/iNetworks/Nifti/derivatives/preproc_fmriprep-24.1.1/sub-INET039/ses-4/func/FD_outputs/sub-INET039_ses-4_task-rest_desc-framenums_fFD.txt",212
"INET039","4",5,"rest","sub-INET039_ses-4_task-rest_desc-framenums_fFD.txt","/Volumes/illinois-las-psych-gratton/iNetworks/Nifti/derivatives/preproc_fmriprep-24.1.1/sub-INET039/ses-4/func/FD_outputs/sub-INET039_ses-4_task-rest_desc-framenums_fFD.txt",200
"INET039","4",6,"rest","sub-INET039_ses-4_task-rest_desc-framenums_fFD.txt","/Volumes/illinois-las-psych-gratton/iNetworks/Nifti/derivatives/preproc_fmriprep-24.1.1/sub-INET039/ses-4/func/FD_outputs/sub-INET039_ses-4_task-rest_desc-framenums_fFD.txt",229
"INET039","4",7,"rest","sub-INET039_ses-4_task-rest_desc-framenums_fFD.txt","/Volumes/illinois-las-psych-gratton/iNetworks/Nifti/derivatives/preproc_fmriprep-24.1.1/sub-INET039/ses-4/func/FD_outputs/sub-INET039_ses-4_task-rest_desc-framenums_fFD.txt",233
"INET039","4",8,"rest","sub-INET039_ses-4_task-rest_desc-framenums_fFD.txt","/Volumes/illinois-las-psych-gratton/iNetworks/Nifti/derivatives/preproc_fmriprep-24.1.1/sub-INET039/ses-4/func/FD_outputs/sub-INET039_ses-4_task-rest_desc-framenums_fFD.txt",242
"INET039","4",9,"rest","sub-INET039_ses-4_task-rest_desc-framenums_fFD.txt","/Volumes/illinois-las-psych-gratton/iNetworks/Nifti/derivatives/preproc_fmriprep-24.1.1/sub-INET039/ses-4/func/FD_outputs/sub-INET039_ses-4_task-rest_desc-framenums_fFD.txt",254
"INET040","1",1,"rest","sub-INET040_ses-1_task-rest_desc-framenums_fFD.txt","/Volumes/illinois-las-psych-gratton/iNetworks/Nifti/derivatives/preproc_fmriprep-24.1.1/sub-INET040/ses-1/func/FD_outputs/sub-INET040_ses-1_task-rest_desc-framenums_fFD.txt",265
"INET040","1",2,"rest","sub-INET040_ses-1_task-rest_desc-framenums_fFD.txt","/Volumes/illinois-las-psych-gratton/iNetworks/Nifti/derivatives/preproc_fmriprep-24.1.1/sub-INET040/ses-1/func/FD_outputs/sub-INET040_ses-1_task-rest_desc-framenums_fFD.txt",265
"INET040","1",3,"rest","sub-INET040_ses-1_task-rest_desc-framenums_fFD.txt","/Volumes/illinois-las-psych-gratton/iNetworks/Nifti/derivatives/preproc_fmriprep-24.1.1/sub-INET040/ses-1/func/FD_outputs/sub-INET040_ses-1_task-rest_desc-framenums_fFD.txt",265
"INET040","1",4,"rest","sub-INET040_ses-1_task-rest_desc-framenums_fFD.txt","/Volumes/illinois-las-psych-gratton/iNetworks/Nifti/derivatives/preproc_fmriprep-24.1.1/sub-INET040/ses-1/func/FD_outputs/sub-INET040_ses-1_task-rest_desc-framenums_fFD.txt",265
"INET040","1",5,"rest","sub-INET040_ses-1_task-rest_desc-framenums_fFD.txt","/Volumes/illinois-las-psych-gratton/iNetworks/Nifti/derivatives/preproc_fmriprep-24.1.1/sub-INET040/ses-1/func/FD_outputs/sub-INET040_ses-1_task-rest_desc-framenums_fFD.txt",265
"INET040","1",6,"rest","sub-INET040_ses-1_task-rest_desc-framenums_fFD.txt","/Volumes/illinois-las-psych-gratton/iNetworks/Nifti/derivatives/preproc_fmriprep-24.1.1/sub-INET040/ses-1/func/FD_outputs/sub-INET040_ses-1_task-rest_desc-framenums_fFD.txt",265
"INET040","1",7,"rest","sub-INET040_ses-1_task-rest_desc-framenums_fFD.txt","/Volumes/illinois-las-psych-gratton/iNetworks/Nifti/derivatives/preproc_fmriprep-24.1.1/sub-INET040/ses-1/func/FD_outputs/sub-INET040_ses-1_task-rest_desc-framenums_fFD.txt",265
"INET040","2",1,"rest","sub-INET040_ses-2_task-rest_desc-framenums_fFD.txt","/Volumes/illinois-las-psych-gratton/iNetworks/Nifti/derivatives/preproc_fmriprep-24.1.1/sub-INET040/ses-2/func/FD_outputs/sub-INET040_ses-2_task-rest_desc-framenums_fFD.txt",263
"INET040","2",2,"rest","sub-INET040_ses-2_task-rest_desc-framenums_fFD.txt","/Volumes/illinois-las-psych-gratton/iNetworks/Nifti/derivatives/preproc_fmriprep-24.1.1/sub-INET040/ses-2/func/FD_outputs/sub-INET040_ses-2_task-rest_desc-framenums_fFD.txt",263
"INET040","2",3,"rest","sub-INET040_ses-2_task-rest_desc-framenums_fFD.txt","/Volumes/illinois-las-psych-gratton/iNetworks/Nifti/derivatives/preproc_fmriprep-24.1.1/sub-INET040/ses-2/func/FD_outputs/sub-INET040_ses-2_task-rest_desc-framenums_fFD.txt",263
"INET040","2",4,"rest","sub-INET040_ses-2_task-rest_desc-framenums_fFD.txt","/Volumes/illinois-las-psych-gratton/iNetworks/Nifti/derivatives/preproc_fmriprep-24.1.1/sub-INET040/ses-2/func/FD_outputs/sub-INET040_ses-2_task-rest_desc-framenums_fFD.txt",265
"INET040","2",5,"rest","sub-INET040_ses-2_task-rest_desc-framenums_fFD.txt","/Volumes/illinois-las-psych-gratton/iNetworks/Nifti/derivatives/preproc_fmriprep-24.1.1/sub-INET040/ses-2/func/FD_outputs/sub-INET040_ses-2_task-rest_desc-framenums_fFD.txt",264
"INET040","2",6,"rest","sub-INET040_ses-2_task-rest_desc-framenums_fFD.txt","/Volumes/illinois-las-psych-gratton/iNetworks/Nifti/derivatives/preproc_fmriprep-24.1.1/sub-INET040/ses-2/func/FD_outputs/sub-INET040_ses-2_task-rest_desc-framenums_fFD.txt",265
"INET040","2",7,"rest","sub-INET040_ses-2_task-rest_desc-framenums_fFD.txt","/Volumes/illinois-las-psych-gratton/iNetworks/Nifti/derivatives/preproc_fmriprep-24.1.1/sub-INET040/ses-2/func/FD_outputs/sub-INET040_ses-2_task-rest_desc-framenums_fFD.txt",258
"INET040","3",1,"rest","sub-INET040_ses-3_task-rest_desc-framenums_fFD.txt","/Volumes/illinois-las-psych-gratton/iNetworks/Nifti/derivatives/preproc_fmriprep-24.1.1/sub-INET040/ses-3/func/FD_outputs/sub-INET040_ses-3_task-rest_desc-framenums_fFD.txt",265
"INET040","3",2,"rest","sub-INET040_ses-3_task-rest_desc-framenums_fFD.txt","/Volumes/illinois-las-psych-gratton/iNetworks/Nifti/derivatives/preproc_fmriprep-24.1.1/sub-INET040/ses-3/func/FD_outputs/sub-INET040_ses-3_task-rest_desc-framenums_fFD.txt",264
"INET040","3",3,"rest","sub-INET040_ses-3_task-rest_desc-framenums_fFD.txt","/Volumes/illinois-las-psych-gratton/iNetworks/Nifti/derivatives/preproc_fmriprep-24.1.1/sub-INET040/ses-3/func/FD_outputs/sub-INET040_ses-3_task-rest_desc-framenums_fFD.txt",264
"INET040","3",4,"rest","sub-INET040_ses-3_task-rest_desc-framenums_fFD.txt","/Volumes/illinois-las-psych-gratton/iNetworks/Nifti/derivatives/preproc_fmriprep-24.1.1/sub-INET040/ses-3/func/FD_outputs/sub-INET040_ses-3_task-rest_desc-framenums_fFD.txt",264
"INET040","3",5,"rest","sub-INET040_ses-3_task-rest_desc-framenums_fFD.txt","/Volumes/illinois-las-psych-gratton/iNetworks/Nifti/derivatives/preproc_fmriprep-24.1.1/sub-INET040/ses-3/func/FD_outputs/sub-INET040_ses-3_task-rest_desc-framenums_fFD.txt",265
"INET040","3",6,"rest","sub-INET040_ses-3_task-rest_desc-framenums_fFD.txt","/Volumes/illinois-las-psych-gratton/iNetworks/Nifti/derivatives/preproc_fmriprep-24.1.1/sub-INET040/ses-3/func/FD_outputs/sub-INET040_ses-3_task-rest_desc-framenums_fFD.txt",265
"INET040","3",7,"rest","sub-INET040_ses-3_task-rest_desc-framenums_fFD.txt","/Volumes/illinois-las-psych-gratton/iNetworks/Nifti/derivatives/preproc_fmriprep-24.1.1/sub-INET040/ses-3/func/FD_outputs/sub-INET040_ses-3_task-rest_desc-framenums_fFD.txt",265
"INET040","3",8,"rest","sub-INET040_ses-3_task-rest_desc-framenums_fFD.txt","/Volumes/illinois-las-psych-gratton/iNetworks/Nifti/derivatives/preproc_fmriprep-24.1.1/sub-INET040/ses-3/func/FD_outputs/sub-INET040_ses-3_task-rest_desc-framenums_fFD.txt",264
"INET040","4",1,"rest","sub-INET040_ses-4_task-rest_desc-framenums_fFD.txt","/Volumes/illinois-las-psych-gratton/iNetworks/Nifti/derivatives/preproc_fmriprep-24.1.1/sub-INET040/ses-4/func/FD_outputs/sub-INET040_ses-4_task-rest_desc-framenums_fFD.txt",265
"INET040","4",2,"rest","sub-INET040_ses-4_task-rest_desc-framenums_fFD.txt","/Volumes/illinois-las-psych-gratton/iNetworks/Nifti/derivatives/preproc_fmriprep-24.1.1/sub-INET040/ses-4/func/FD_outputs/sub-INET040_ses-4_task-rest_desc-framenums_fFD.txt",264
"INET040","4",3,"rest","sub-INET040_ses-4_task-rest_desc-framenums_fFD.txt","/Volumes/illinois-las-psych-gratton/iNetworks/Nifti/derivatives/preproc_fmriprep-24.1.1/sub-INET040/ses-4/func/FD_outputs/sub-INET040_ses-4_task-rest_desc-framenums_fFD.txt",265
"INET040","4",4,"rest","sub-INET040_ses-4_task-rest_desc-framenums_fFD.txt","/Volumes/illinois-las-psych-gratton/iNetworks/Nifti/derivatives/preproc_fmriprep-24.1.1/sub-INET040/ses-4/func/FD_outputs/sub-INET040_ses-4_task-rest_desc-framenums_fFD.txt",264
"INET040","4",5,"rest","sub-INET040_ses-4_task-rest_desc-framenums_fFD.txt","/Volumes/illinois-las-psych-gratton/iNetworks/Nifti/derivatives/preproc_fmriprep-24.1.1/sub-INET040/ses-4/func/FD_outputs/sub-INET040_ses-4_task-rest_desc-framenums_fFD.txt",264
"INET040","4",6,"rest","sub-INET040_ses-4_task-rest_desc-framenums_fFD.txt","/Volumes/illinois-las-psych-gratton/iNetworks/Nifti/derivatives/preproc_fmriprep-24.1.1/sub-INET040/ses-4/func/FD_outputs/sub-INET040_ses-4_task-rest_desc-framenums_fFD.txt",264
"INET040","4",7,"rest","sub-INET040_ses-4_task-rest_desc-framenums_fFD.txt","/Volumes/illinois-las-psych-gratton/iNetworks/Nifti/derivatives/preproc_fmriprep-24.1.1/sub-INET040/ses-4/func/FD_outputs/sub-INET040_ses-4_task-rest_desc-framenums_fFD.txt",265
"INET040","4",8,"rest","sub-INET040_ses-4_task-rest_desc-framenums_fFD.txt","/Volumes/illinois-las-psych-gratton/iNetworks/Nifti/derivatives/preproc_fmriprep-24.1.1/sub-INET040/ses-4/func/FD_outputs/sub-INET040_ses-4_task-rest_desc-framenums_fFD.txt",265
"INET040","4",9,"rest","sub-INET040_ses-4_task-rest_desc-framenums_fFD.txt","/Volumes/illinois-las-psych-gratton/iNetworks/Nifti/derivatives/preproc_fmriprep-24.1.1/sub-INET040/ses-4/func/FD_outputs/sub-INET040_ses-4_task-rest_desc-framenums_fFD.txt",265
"INET041","1",1,"rest","sub-INET041_ses-1_task-rest_desc-framenums_fFD.txt","/Volumes/illinois-las-psych-gratton/iNetworks/Nifti/derivatives/preproc_fmriprep-24.1.1/sub-INET041/ses-1/func/FD_outputs/sub-INET041_ses-1_task-rest_desc-framenums_fFD.txt",265
"INET041","1",2,"rest","sub-INET041_ses-1_task-rest_desc-framenums_fFD.txt","/Volumes/illinois-las-psych-gratton/iNetworks/Nifti/derivatives/preproc_fmriprep-24.1.1/sub-INET041/ses-1/func/FD_outputs/sub-INET041_ses-1_task-rest_desc-framenums_fFD.txt",265
"INET041","1",3,"rest","sub-INET041_ses-1_task-rest_desc-framenums_fFD.txt","/Volumes/illinois-las-psych-gratton/iNetworks/Nifti/derivatives/preproc_fmriprep-24.1.1/sub-INET041/ses-1/func/FD_outputs/sub-INET041_ses-1_task-rest_desc-framenums_fFD.txt",264
"INET041","1",4,"rest","sub-INET041_ses-1_task-rest_desc-framenums_fFD.txt","/Volumes/illinois-las-psych-gratton/iNetworks/Nifti/derivatives/preproc_fmriprep-24.1.1/sub-INET041/ses-1/func/FD_outputs/sub-INET041_ses-1_task-rest_desc-framenums_fFD.txt",265
"INET041","1",5,"rest","sub-INET041_ses-1_task-rest_desc-framenums_fFD.txt","/Volumes/illinois-las-psych-gratton/iNetworks/Nifti/derivatives/preproc_fmriprep-24.1.1/sub-INET041/ses-1/func/FD_outputs/sub-INET041_ses-1_task-rest_desc-framenums_fFD.txt",265
"INET041","1",6,"rest","sub-INET041_ses-1_task-rest_desc-framenums_fFD.txt","/Volumes/illinois-las-psych-gratton/iNetworks/Nifti/derivatives/preproc_fmriprep-24.1.1/sub-INET041/ses-1/func/FD_outputs/sub-INET041_ses-1_task-rest_desc-framenums_fFD.txt",258
"INET041","2",1,"rest","sub-INET041_ses-2_task-rest_desc-framenums_fFD.txt","/Volumes/illinois-las-psych-gratton/iNetworks/Nifti/derivatives/preproc_fmriprep-24.1.1/sub-INET041/ses-2/func/FD_outputs/sub-INET041_ses-2_task-rest_desc-framenums_fFD.txt",265
"INET041","2",2,"rest","sub-INET041_ses-2_task-rest_desc-framenums_fFD.txt","/Volumes/illinois-las-psych-gratton/iNetworks/Nifti/derivatives/preproc_fmriprep-24.1.1/sub-INET041/ses-2/func/FD_outputs/sub-INET041_ses-2_task-rest_desc-framenums_fFD.txt",264
"INET041","2",3,"rest","sub-INET041_ses-2_task-rest_desc-framenums_fFD.txt","/Volumes/illinois-las-psych-gratton/iNetworks/Nifti/derivatives/preproc_fmriprep-24.1.1/sub-INET041/ses-2/func/FD_outputs/sub-INET041_ses-2_task-rest_desc-framenums_fFD.txt",265
"INET041","2",4,"rest","sub-INET041_ses-2_task-rest_desc-framenums_fFD.txt","/Volumes/illinois-las-psych-gratton/iNetworks/Nifti/derivatives/preproc_fmriprep-24.1.1/sub-INET041/ses-2/func/FD_outputs/sub-INET041_ses-2_task-rest_desc-framenums_fFD.txt",264
"INET041","2",5,"rest","sub-INET041_ses-2_task-rest_desc-framenums_fFD.txt","/Volumes/illinois-las-psych-gratton/iNetworks/Nifti/derivatives/preproc_fmriprep-24.1.1/sub-INET041/ses-2/func/FD_outputs/sub-INET041_ses-2_task-rest_desc-framenums_fFD.txt",262
"INET041","2",6,"rest","sub-INET041_ses-2_task-rest_desc-framenums_fFD.txt","/Volumes/illinois-las-psych-gratton/iNetworks/Nifti/derivatives/preproc_fmriprep-24.1.1/sub-INET041/ses-2/func/FD_outputs/sub-INET041_ses-2_task-rest_desc-framenums_fFD.txt",264
"INET041","2",7,"rest","sub-INET041_ses-2_task-rest_desc-framenums_fFD.txt","/Volumes/illinois-las-psych-gratton/iNetworks/Nifti/derivatives/preproc_fmriprep-24.1.1/sub-INET041/ses-2/func/FD_outputs/sub-INET041_ses-2_task-rest_desc-framenums_fFD.txt",263
"INET041","3",1,"rest","sub-INET041_ses-3_task-rest_desc-framenums_fFD.txt","/Volumes/illinois-las-psych-gratton/iNetworks/Nifti/derivatives/preproc_fmriprep-24.1.1/sub-INET041/ses-3/func/FD_outputs/sub-INET041_ses-3_task-rest_desc-framenums_fFD.txt",265
"INET041","3",2,"rest","sub-INET041_ses-3_task-rest_desc-framenums_fFD.txt","/Volumes/illinois-las-psych-gratton/iNetworks/Nifti/derivatives/preproc_fmriprep-24.1.1/sub-INET041/ses-3/func/FD_outputs/sub-INET041_ses-3_task-rest_desc-framenums_fFD.txt",260
"INET041","3",3,"rest","sub-INET041_ses-3_task-rest_desc-framenums_fFD.txt","/Volumes/illinois-las-psych-gratton/iNetworks/Nifti/derivatives/preproc_fmriprep-24.1.1/sub-INET041/ses-3/func/FD_outputs/sub-INET041_ses-3_task-rest_desc-framenums_fFD.txt",253
"INET041","3",4,"rest","sub-INET041_ses-3_task-rest_desc-framenums_fFD.txt","/Volumes/illinois-las-psych-gratton/iNetworks/Nifti/derivatives/preproc_fmriprep-24.1.1/sub-INET041/ses-3/func/FD_outputs/sub-INET041_ses-3_task-rest_desc-framenums_fFD.txt",261
"INET041","3",5,"rest","sub-INET041_ses-3_task-rest_desc-framenums_fFD.txt","/Volumes/illinois-las-psych-gratton/iNetworks/Nifti/derivatives/preproc_fmriprep-24.1.1/sub-INET041/ses-3/func/FD_outputs/sub-INET041_ses-3_task-rest_desc-framenums_fFD.txt",263
"INET041","3",6,"rest","sub-INET041_ses-3_task-rest_desc-framenums_fFD.txt","/Volumes/illinois-las-psych-gratton/iNetworks/Nifti/derivatives/preproc_fmriprep-24.1.1/sub-INET041/ses-3/func/FD_outputs/sub-INET041_ses-3_task-rest_desc-framenums_fFD.txt",265
"INET041","3",7,"rest","sub-INET041_ses-3_task-rest_desc-framenums_fFD.txt","/Volumes/illinois-las-psych-gratton/iNetworks/Nifti/derivatives/preproc_fmriprep-24.1.1/sub-INET041/ses-3/func/FD_outputs/sub-INET041_ses-3_task-rest_desc-framenums_fFD.txt",263
"INET041","4",1,"rest","sub-INET041_ses-4_task-rest_desc-framenums_fFD.txt","/Volumes/illinois-las-psych-gratton/iNetworks/Nifti/derivatives/preproc_fmriprep-24.1.1/sub-INET041/ses-4/func/FD_outputs/sub-INET041_ses-4_task-rest_desc-framenums_fFD.txt",265
"INET041","4",2,"rest","sub-INET041_ses-4_task-rest_desc-framenums_fFD.txt","/Volumes/illinois-las-psych-gratton/iNetworks/Nifti/derivatives/preproc_fmriprep-24.1.1/sub-INET041/ses-4/func/FD_outputs/sub-INET041_ses-4_task-rest_desc-framenums_fFD.txt",264
"INET041","4",3,"rest","sub-INET041_ses-4_task-rest_desc-framenums_fFD.txt","/Volumes/illinois-las-psych-gratton/iNetworks/Nifti/derivatives/preproc_fmriprep-24.1.1/sub-INET041/ses-4/func/FD_outputs/sub-INET041_ses-4_task-rest_desc-framenums_fFD.txt",265
"INET041","4",4,"rest","sub-INET041_ses-4_task-rest_desc-framenums_fFD.txt","/Volumes/illinois-las-psych-gratton/iNetworks/Nifti/derivatives/preproc_fmriprep-24.1.1/sub-INET041/ses-4/func/FD_outputs/sub-INET041_ses-4_task-rest_desc-framenums_fFD.txt",260
"INET041","4",5,"rest","sub-INET041_ses-4_task-rest_desc-framenums_fFD.txt","/Volumes/illinois-las-psych-gratton/iNetworks/Nifti/derivatives/preproc_fmriprep-24.1.1/sub-INET041/ses-4/func/FD_outputs/sub-INET041_ses-4_task-rest_desc-framenums_fFD.txt",256
"INET041","4",6,"rest","sub-INET041_ses-4_task-rest_desc-framenums_fFD.txt","/Volumes/illinois-las-psych-gratton/iNetworks/Nifti/derivatives/preproc_fmriprep-24.1.1/sub-INET041/ses-4/func/FD_outputs/sub-INET041_ses-4_task-rest_desc-framenums_fFD.txt",265
"INET041","4",7,"rest","sub-INET041_ses-4_task-rest_desc-framenums_fFD.txt","/Volumes/illinois-las-psych-gratton/iNetworks/Nifti/derivatives/preproc_fmriprep-24.1.1/sub-INET041/ses-4/func/FD_outputs/sub-INET041_ses-4_task-rest_desc-framenums_fFD.txt",265
"INET041","4",8,"rest","sub-INET041_ses-4_task-rest_desc-framenums_fFD.txt","/Volumes/illinois-las-psych-gratton/iNetworks/Nifti/derivatives/preproc_fmriprep-24.1.1/sub-INET041/ses-4/func/FD_outputs/sub-INET041_ses-4_task-rest_desc-framenums_fFD.txt",264
"INET043","1",1,"rest","sub-INET043_ses-1_task-rest_desc-framenums_fFD.txt","/Volumes/illinois-las-psych-gratton/iNetworks/Nifti/derivatives/preproc_fmriprep-24.1.1/sub-INET043/ses-1/func/FD_outputs/sub-INET043_ses-1_task-rest_desc-framenums_fFD.txt",261
"INET043","1",2,"rest","sub-INET043_ses-1_task-rest_desc-framenums_fFD.txt","/Volumes/illinois-las-psych-gratton/iNetworks/Nifti/derivatives/preproc_fmriprep-24.1.1/sub-INET043/ses-1/func/FD_outputs/sub-INET043_ses-1_task-rest_desc-framenums_fFD.txt",264
"INET043","1",3,"rest","sub-INET043_ses-1_task-rest_desc-framenums_fFD.txt","/Volumes/illinois-las-psych-gratton/iNetworks/Nifti/derivatives/preproc_fmriprep-24.1.1/sub-INET043/ses-1/func/FD_outputs/sub-INET043_ses-1_task-rest_desc-framenums_fFD.txt",265
"INET043","1",4,"rest","sub-INET043_ses-1_task-rest_desc-framenums_fFD.txt","/Volumes/illinois-las-psych-gratton/iNetworks/Nifti/derivatives/preproc_fmriprep-24.1.1/sub-INET043/ses-1/func/FD_outputs/sub-INET043_ses-1_task-rest_desc-framenums_fFD.txt",264
"INET043","1",5,"rest","sub-INET043_ses-1_task-rest_desc-framenums_fFD.txt","/Volumes/illinois-las-psych-gratton/iNetworks/Nifti/derivatives/preproc_fmriprep-24.1.1/sub-INET043/ses-1/func/FD_outputs/sub-INET043_ses-1_task-rest_desc-framenums_fFD.txt",262
"INET043","1",6,"rest","sub-INET043_ses-1_task-rest_desc-framenums_fFD.txt","/Volumes/illinois-las-psych-gratton/iNetworks/Nifti/derivatives/preproc_fmriprep-24.1.1/sub-INET043/ses-1/func/FD_outputs/sub-INET043_ses-1_task-rest_desc-framenums_fFD.txt",265
"INET043","1",7,"rest","sub-INET043_ses-1_task-rest_desc-framenums_fFD.txt","/Volumes/illinois-las-psych-gratton/iNetworks/Nifti/derivatives/preproc_fmriprep-24.1.1/sub-INET043/ses-1/func/FD_outputs/sub-INET043_ses-1_task-rest_desc-framenums_fFD.txt",265
"INET043","1",8,"rest","sub-INET043_ses-1_task-rest_desc-framenums_fFD.txt","/Volumes/illinois-las-psych-gratton/iNetworks/Nifti/derivatives/preproc_fmriprep-24.1.1/sub-INET043/ses-1/func/FD_outputs/sub-INET043_ses-1_task-rest_desc-framenums_fFD.txt",265
"INET043","2",1,"rest","sub-INET043_ses-2_task-rest_desc-framenums_fFD.txt","/Volumes/illinois-las-psych-gratton/iNetworks/Nifti/derivatives/preproc_fmriprep-24.1.1/sub-INET043/ses-2/func/FD_outputs/sub-INET043_ses-2_task-rest_desc-framenums_fFD.txt",265
"INET043","2",2,"rest","sub-INET043_ses-2_task-rest_desc-framenums_fFD.txt","/Volumes/illinois-las-psych-gratton/iNetworks/Nifti/derivatives/preproc_fmriprep-24.1.1/sub-INET043/ses-2/func/FD_outputs/sub-INET043_ses-2_task-rest_desc-framenums_fFD.txt",263
"INET043","2",3,"rest","sub-INET043_ses-2_task-rest_desc-framenums_fFD.txt","/Volumes/illinois-las-psych-gratton/iNetworks/Nifti/derivatives/preproc_fmriprep-24.1.1/sub-INET043/ses-2/func/FD_outputs/sub-INET043_ses-2_task-rest_desc-framenums_fFD.txt",264
"INET043","2",4,"rest","sub-INET043_ses-2_task-rest_desc-framenums_fFD.txt","/Volumes/illinois-las-psych-gratton/iNetworks/Nifti/derivatives/preproc_fmriprep-24.1.1/sub-INET043/ses-2/func/FD_outputs/sub-INET043_ses-2_task-rest_desc-framenums_fFD.txt",264
"INET043","2",5,"rest","sub-INET043_ses-2_task-rest_desc-framenums_fFD.txt","/Volumes/illinois-las-psych-gratton/iNetworks/Nifti/derivatives/preproc_fmriprep-24.1.1/sub-INET043/ses-2/func/FD_outputs/sub-INET043_ses-2_task-rest_desc-framenums_fFD.txt",265
"INET043","2",6,"rest","sub-INET043_ses-2_task-rest_desc-framenums_fFD.txt","/Volumes/illinois-las-psych-gratton/iNetworks/Nifti/derivatives/preproc_fmriprep-24.1.1/sub-INET043/ses-2/func/FD_outputs/sub-INET043_ses-2_task-rest_desc-framenums_fFD.txt",262
"INET043","2",7,"rest","sub-INET043_ses-2_task-rest_desc-framenums_fFD.txt","/Volumes/illinois-las-psych-gratton/iNetworks/Nifti/derivatives/preproc_fmriprep-24.1.1/sub-INET043/ses-2/func/FD_outputs/sub-INET043_ses-2_task-rest_desc-framenums_fFD.txt",264
"INET043","2",8,"rest","sub-INET043_ses-2_task-rest_desc-framenums_fFD.txt","/Volumes/illinois-las-psych-gratton/iNetworks/Nifti/derivatives/preproc_fmriprep-24.1.1/sub-INET043/ses-2/func/FD_outputs/sub-INET043_ses-2_task-rest_desc-framenums_fFD.txt",264
"INET043","3",1,"rest","sub-INET043_ses-3_task-rest_desc-framenums_fFD.txt","/Volumes/illinois-las-psych-gratton/iNetworks/Nifti/derivatives/preproc_fmriprep-24.1.1/sub-INET043/ses-3/func/FD_outputs/sub-INET043_ses-3_task-rest_desc-framenums_fFD.txt",264
"INET043","3",2,"rest","sub-INET043_ses-3_task-rest_desc-framenums_fFD.txt","/Volumes/illinois-las-psych-gratton/iNetworks/Nifti/derivatives/preproc_fmriprep-24.1.1/sub-INET043/ses-3/func/FD_outputs/sub-INET043_ses-3_task-rest_desc-framenums_fFD.txt",264
"INET043","3",3,"rest","sub-INET043_ses-3_task-rest_desc-framenums_fFD.txt","/Volumes/illinois-las-psych-gratton/iNetworks/Nifti/derivatives/preproc_fmriprep-24.1.1/sub-INET043/ses-3/func/FD_outputs/sub-INET043_ses-3_task-rest_desc-framenums_fFD.txt",264
"INET043","3",4,"rest","sub-INET043_ses-3_task-rest_desc-framenums_fFD.txt","/Volumes/illinois-las-psych-gratton/iNetworks/Nifti/derivatives/preproc_fmriprep-24.1.1/sub-INET043/ses-3/func/FD_outputs/sub-INET043_ses-3_task-rest_desc-framenums_fFD.txt",264
"INET043","3",5,"rest","sub-INET043_ses-3_task-rest_desc-framenums_fFD.txt","/Volumes/illinois-las-psych-gratton/iNetworks/Nifti/derivatives/preproc_fmriprep-24.1.1/sub-INET043/ses-3/func/FD_outputs/sub-INET043_ses-3_task-rest_desc-framenums_fFD.txt",265
"INET043","3",6,"rest","sub-INET043_ses-3_task-rest_desc-framenums_fFD.txt","/Volumes/illinois-las-psych-gratton/iNetworks/Nifti/derivatives/preproc_fmriprep-24.1.1/sub-INET043/ses-3/func/FD_outputs/sub-INET043_ses-3_task-rest_desc-framenums_fFD.txt",260
"INET043","3",7,"rest","sub-INET043_ses-3_task-rest_desc-framenums_fFD.txt","/Volumes/illinois-las-psych-gratton/iNetworks/Nifti/derivatives/preproc_fmriprep-24.1.1/sub-INET043/ses-3/func/FD_outputs/sub-INET043_ses-3_task-rest_desc-framenums_fFD.txt",265
"INET043","3",8,"rest","sub-INET043_ses-3_task-rest_desc-framenums_fFD.txt","/Volumes/illinois-las-psych-gratton/iNetworks/Nifti/derivatives/preproc_fmriprep-24.1.1/sub-INET043/ses-3/func/FD_outputs/sub-INET043_ses-3_task-rest_desc-framenums_fFD.txt",260
"INET043","3",9,"rest","sub-INET043_ses-3_task-rest_desc-framenums_fFD.txt","/Volumes/illinois-las-psych-gratton/iNetworks/Nifti/derivatives/preproc_fmriprep-24.1.1/sub-INET043/ses-3/func/FD_outputs/sub-INET043_ses-3_task-rest_desc-framenums_fFD.txt",264
"INET043","4",1,"rest","sub-INET043_ses-4_task-rest_desc-framenums_fFD.txt","/Volumes/illinois-las-psych-gratton/iNetworks/Nifti/derivatives/preproc_fmriprep-24.1.1/sub-INET043/ses-4/func/FD_outputs/sub-INET043_ses-4_task-rest_desc-framenums_fFD.txt",263
"INET043","4",2,"rest","sub-INET043_ses-4_task-rest_desc-framenums_fFD.txt","/Volumes/illinois-las-psych-gratton/iNetworks/Nifti/derivatives/preproc_fmriprep-24.1.1/sub-INET043/ses-4/func/FD_outputs/sub-INET043_ses-4_task-rest_desc-framenums_fFD.txt",264
"INET043","4",3,"rest","sub-INET043_ses-4_task-rest_desc-framenums_fFD.txt","/Volumes/illinois-las-psych-gratton/iNetworks/Nifti/derivatives/preproc_fmriprep-24.1.1/sub-INET043/ses-4/func/FD_outputs/sub-INET043_ses-4_task-rest_desc-framenums_fFD.txt",265
"INET043","4",4,"rest","sub-INET043_ses-4_task-rest_desc-framenums_fFD.txt","/Volumes/illinois-las-psych-gratton/iNetworks/Nifti/derivatives/preproc_fmriprep-24.1.1/sub-INET043/ses-4/func/FD_outputs/sub-INET043_ses-4_task-rest_desc-framenums_fFD.txt",265
"INET043","4",5,"rest","sub-INET043_ses-4_task-rest_desc-framenums_fFD.txt","/Volumes/illinois-las-psych-gratton/iNetworks/Nifti/derivatives/preproc_fmriprep-24.1.1/sub-INET043/ses-4/func/FD_outputs/sub-INET043_ses-4_task-rest_desc-framenums_fFD.txt",264
"INET043","4",6,"rest","sub-INET043_ses-4_task-rest_desc-framenums_fFD.txt","/Volumes/illinois-las-psych-gratton/iNetworks/Nifti/derivatives/preproc_fmriprep-24.1.1/sub-INET043/ses-4/func/FD_outputs/sub-INET043_ses-4_task-rest_desc-framenums_fFD.txt",256
"INET043","4",7,"rest","sub-INET043_ses-4_task-rest_desc-framenums_fFD.txt","/Volumes/illinois-las-psych-gratton/iNetworks/Nifti/derivatives/preproc_fmriprep-24.1.1/sub-INET043/ses-4/func/FD_outputs/sub-INET043_ses-4_task-rest_desc-framenums_fFD.txt",265
"INET043","4",8,"rest","sub-INET043_ses-4_task-rest_desc-framenums_fFD.txt","/Volumes/illinois-las-psych-gratton/iNetworks/Nifti/derivatives/preproc_fmriprep-24.1.1/sub-INET043/ses-4/func/FD_outputs/sub-INET043_ses-4_task-rest_desc-framenums_fFD.txt",264
"INET044","1",1,"rest","sub-INET044_ses-1_task-rest_desc-framenums_fFD.txt","/Volumes/illinois-las-psych-gratton/iNetworks/Nifti/derivatives/preproc_fmriprep-24.1.1/sub-INET044/ses-1/func/FD_outputs/sub-INET044_ses-1_task-rest_desc-framenums_fFD.txt",264
"INET044","1",2,"rest","sub-INET044_ses-1_task-rest_desc-framenums_fFD.txt","/Volumes/illinois-las-psych-gratton/iNetworks/Nifti/derivatives/preproc_fmriprep-24.1.1/sub-INET044/ses-1/func/FD_outputs/sub-INET044_ses-1_task-rest_desc-framenums_fFD.txt",263
"INET044","1",3,"rest","sub-INET044_ses-1_task-rest_desc-framenums_fFD.txt","/Volumes/illinois-las-psych-gratton/iNetworks/Nifti/derivatives/preproc_fmriprep-24.1.1/sub-INET044/ses-1/func/FD_outputs/sub-INET044_ses-1_task-rest_desc-framenums_fFD.txt",264
"INET044","1",4,"rest","sub-INET044_ses-1_task-rest_desc-framenums_fFD.txt","/Volumes/illinois-las-psych-gratton/iNetworks/Nifti/derivatives/preproc_fmriprep-24.1.1/sub-INET044/ses-1/func/FD_outputs/sub-INET044_ses-1_task-rest_desc-framenums_fFD.txt",264
"INET044","1",5,"rest","sub-INET044_ses-1_task-rest_desc-framenums_fFD.txt","/Volumes/illinois-las-psych-gratton/iNetworks/Nifti/derivatives/preproc_fmriprep-24.1.1/sub-INET044/ses-1/func/FD_outputs/sub-INET044_ses-1_task-rest_desc-framenums_fFD.txt",253
"INET044","1",6,"rest","sub-INET044_ses-1_task-rest_desc-framenums_fFD.txt","/Volumes/illinois-las-psych-gratton/iNetworks/Nifti/derivatives/preproc_fmriprep-24.1.1/sub-INET044/ses-1/func/FD_outputs/sub-INET044_ses-1_task-rest_desc-framenums_fFD.txt",265
"INET044","1",7,"rest","sub-INET044_ses-1_task-rest_desc-framenums_fFD.txt","/Volumes/illinois-las-psych-gratton/iNetworks/Nifti/derivatives/preproc_fmriprep-24.1.1/sub-INET044/ses-1/func/FD_outputs/sub-INET044_ses-1_task-rest_desc-framenums_fFD.txt",265
"INET044","1",8,"rest","sub-INET044_ses-1_task-rest_desc-framenums_fFD.txt","/Volumes/illinois-las-psych-gratton/iNetworks/Nifti/derivatives/preproc_fmriprep-24.1.1/sub-INET044/ses-1/func/FD_outputs/sub-INET044_ses-1_task-rest_desc-framenums_fFD.txt",264
"INET044","2",1,"rest","sub-INET044_ses-2_task-rest_desc-framenums_fFD.txt","/Volumes/illinois-las-psych-gratton/iNetworks/Nifti/derivatives/preproc_fmriprep-24.1.1/sub-INET044/ses-2/func/FD_outputs/sub-INET044_ses-2_task-rest_desc-framenums_fFD.txt",264
"INET044","2",2,"rest","sub-INET044_ses-2_task-rest_desc-framenums_fFD.txt","/Volumes/illinois-las-psych-gratton/iNetworks/Nifti/derivatives/preproc_fmriprep-24.1.1/sub-INET044/ses-2/func/FD_outputs/sub-INET044_ses-2_task-rest_desc-framenums_fFD.txt",265
"INET044","2",3,"rest","sub-INET044_ses-2_task-rest_desc-framenums_fFD.txt","/Volumes/illinois-las-psych-gratton/iNetworks/Nifti/derivatives/preproc_fmriprep-24.1.1/sub-INET044/ses-2/func/FD_outputs/sub-INET044_ses-2_task-rest_desc-framenums_fFD.txt",264
"INET044","2",4,"rest","sub-INET044_ses-2_task-rest_desc-framenums_fFD.txt","/Volumes/illinois-las-psych-gratton/iNetworks/Nifti/derivatives/preproc_fmriprep-24.1.1/sub-INET044/ses-2/func/FD_outputs/sub-INET044_ses-2_task-rest_desc-framenums_fFD.txt",264
"INET044","2",5,"rest","sub-INET044_ses-2_task-rest_desc-framenums_fFD.txt","/Volumes/illinois-las-psych-gratton/iNetworks/Nifti/derivatives/preproc_fmriprep-24.1.1/sub-INET044/ses-2/func/FD_outputs/sub-INET044_ses-2_task-rest_desc-framenums_fFD.txt",258
"INET044","2",6,"rest","sub-INET044_ses-2_task-rest_desc-framenums_fFD.txt","/Volumes/illinois-las-psych-gratton/iNetworks/Nifti/derivatives/preproc_fmriprep-24.1.1/sub-INET044/ses-2/func/FD_outputs/sub-INET044_ses-2_task-rest_desc-framenums_fFD.txt",264
"INET044","2",7,"rest","sub-INET044_ses-2_task-rest_desc-framenums_fFD.txt","/Volumes/illinois-las-psych-gratton/iNetworks/Nifti/derivatives/preproc_fmriprep-24.1.1/sub-INET044/ses-2/func/FD_outputs/sub-INET044_ses-2_task-rest_desc-framenums_fFD.txt",263
"INET044","3",1,"rest","sub-INET044_ses-3_task-rest_desc-framenums_fFD.txt","/Volumes/illinois-las-psych-gratton/iNetworks/Nifti/derivatives/preproc_fmriprep-24.1.1/sub-INET044/ses-3/func/FD_outputs/sub-INET044_ses-3_task-rest_desc-framenums_fFD.txt",265
"INET044","3",2,"rest","sub-INET044_ses-3_task-rest_desc-framenums_fFD.txt","/Volumes/illinois-las-psych-gratton/iNetworks/Nifti/derivatives/preproc_fmriprep-24.1.1/sub-INET044/ses-3/func/FD_outputs/sub-INET044_ses-3_task-rest_desc-framenums_fFD.txt",263
"INET044","3",3,"rest","sub-INET044_ses-3_task-rest_desc-framenums_fFD.txt","/Volumes/illinois-las-psych-gratton/iNetworks/Nifti/derivatives/preproc_fmriprep-24.1.1/sub-INET044/ses-3/func/FD_outputs/sub-INET044_ses-3_task-rest_desc-framenums_fFD.txt",264
"INET044","3",4,"rest","sub-INET044_ses-3_task-rest_desc-framenums_fFD.txt","/Volumes/illinois-las-psych-gratton/iNetworks/Nifti/derivatives/preproc_fmriprep-24.1.1/sub-INET044/ses-3/func/FD_outputs/sub-INET044_ses-3_task-rest_desc-framenums_fFD.txt",264
"INET044","3",5,"rest","sub-INET044_ses-3_task-rest_desc-framenums_fFD.txt","/Volumes/illinois-las-psych-gratton/iNetworks/Nifti/derivatives/preproc_fmriprep-24.1.1/sub-INET044/ses-3/func/FD_outputs/sub-INET044_ses-3_task-rest_desc-framenums_fFD.txt",263
"INET044","3",6,"rest","sub-INET044_ses-3_task-rest_desc-framenums_fFD.txt","/Volumes/illinois-las-psych-gratton/iNetworks/Nifti/derivatives/preproc_fmriprep-24.1.1/sub-INET044/ses-3/func/FD_outputs/sub-INET044_ses-3_task-rest_desc-framenums_fFD.txt",263
"INET044","3",7,"rest","sub-INET044_ses-3_task-rest_desc-framenums_fFD.txt","/Volumes/illinois-las-psych-gratton/iNetworks/Nifti/derivatives/preproc_fmriprep-24.1.1/sub-INET044/ses-3/func/FD_outputs/sub-INET044_ses-3_task-rest_desc-framenums_fFD.txt",259
"INET044","3",8,"rest","sub-INET044_ses-3_task-rest_desc-framenums_fFD.txt","/Volumes/illinois-las-psych-gratton/iNetworks/Nifti/derivatives/preproc_fmriprep-24.1.1/sub-INET044/ses-3/func/FD_outputs/sub-INET044_ses-3_task-rest_desc-framenums_fFD.txt",263
"INET044","4",1,"rest","sub-INET044_ses-4_task-rest_desc-framenums_fFD.txt","/Volumes/illinois-las-psych-gratton/iNetworks/Nifti/derivatives/preproc_fmriprep-24.1.1/sub-INET044/ses-4/func/FD_outputs/sub-INET044_ses-4_task-rest_desc-framenums_fFD.txt",264
"INET044","4",2,"rest","sub-INET044_ses-4_task-rest_desc-framenums_fFD.txt","/Volumes/illinois-las-psych-gratton/iNetworks/Nifti/derivatives/preproc_fmriprep-24.1.1/sub-INET044/ses-4/func/FD_outputs/sub-INET044_ses-4_task-rest_desc-framenums_fFD.txt",264
"INET044","4",3,"rest","sub-INET044_ses-4_task-rest_desc-framenums_fFD.txt","/Volumes/illinois-las-psych-gratton/iNetworks/Nifti/derivatives/preproc_fmriprep-24.1.1/sub-INET044/ses-4/func/FD_outputs/sub-INET044_ses-4_task-rest_desc-framenums_fFD.txt",263
"INET044","4",4,"rest","sub-INET044_ses-4_task-rest_desc-framenums_fFD.txt","/Volumes/illinois-las-psych-gratton/iNetworks/Nifti/derivatives/preproc_fmriprep-24.1.1/sub-INET044/ses-4/func/FD_outputs/sub-INET044_ses-4_task-rest_desc-framenums_fFD.txt",247
"INET044","4",5,"rest","sub-INET044_ses-4_task-rest_desc-framenums_fFD.txt","/Volumes/illinois-las-psych-gratton/iNetworks/Nifti/derivatives/preproc_fmriprep-24.1.1/sub-INET044/ses-4/func/FD_outputs/sub-INET044_ses-4_task-rest_desc-framenums_fFD.txt",264
"INET044","4",6,"rest","sub-INET044_ses-4_task-rest_desc-framenums_fFD.txt","/Volumes/illinois-las-psych-gratton/iNetworks/Nifti/derivatives/preproc_fmriprep-24.1.1/sub-INET044/ses-4/func/FD_outputs/sub-INET044_ses-4_task-rest_desc-framenums_fFD.txt",264
"INET044","4",7,"rest","sub-INET044_ses-4_task-rest_desc-framenums_fFD.txt","/Volumes/illinois-las-psych-gratton/iNetworks/Nifti/derivatives/preproc_fmriprep-24.1.1/sub-INET044/ses-4/func/FD_outputs/sub-INET044_ses-4_task-rest_desc-framenums_fFD.txt",265
"INET044","4",8,"rest","sub-INET044_ses-4_task-rest_desc-framenums_fFD.txt","/Volumes/illinois-las-psych-gratton/iNetworks/Nifti/derivatives/preproc_fmriprep-24.1.1/sub-INET044/ses-4/func/FD_outputs/sub-INET044_ses-4_task-rest_desc-framenums_fFD.txt",264
"INET044","4",9,"rest","sub-INET044_ses-4_task-rest_desc-framenums_fFD.txt","/Volumes/illinois-las-psych-gratton/iNetworks/Nifti/derivatives/preproc_fmriprep-24.1.1/sub-INET044/ses-4/func/FD_outputs/sub-INET044_ses-4_task-rest_desc-framenums_fFD.txt",264
"INET045","1",1,"rest","sub-INET045_ses-1_task-rest_desc-framenums_fFD.txt","/Volumes/illinois-las-psych-gratton/iNetworks/Nifti/derivatives/preproc_fmriprep-24.1.1/sub-INET045/ses-1/func/FD_outputs/sub-INET045_ses-1_task-rest_desc-framenums_fFD.txt",262
"INET045","1",2,"rest","sub-INET045_ses-1_task-rest_desc-framenums_fFD.txt","/Volumes/illinois-las-psych-gratton/iNetworks/Nifti/derivatives/preproc_fmriprep-24.1.1/sub-INET045/ses-1/func/FD_outputs/sub-INET045_ses-1_task-rest_desc-framenums_fFD.txt",248
"INET045","1",3,"rest","sub-INET045_ses-1_task-rest_desc-framenums_fFD.txt","/Volumes/illinois-las-psych-gratton/iNetworks/Nifti/derivatives/preproc_fmriprep-24.1.1/sub-INET045/ses-1/func/FD_outputs/sub-INET045_ses-1_task-rest_desc-framenums_fFD.txt",264
"INET045","1",4,"rest","sub-INET045_ses-1_task-rest_desc-framenums_fFD.txt","/Volumes/illinois-las-psych-gratton/iNetworks/Nifti/derivatives/preproc_fmriprep-24.1.1/sub-INET045/ses-1/func/FD_outputs/sub-INET045_ses-1_task-rest_desc-framenums_fFD.txt",249
"INET045","1",5,"rest","sub-INET045_ses-1_task-rest_desc-framenums_fFD.txt","/Volumes/illinois-las-psych-gratton/iNetworks/Nifti/derivatives/preproc_fmriprep-24.1.1/sub-INET045/ses-1/func/FD_outputs/sub-INET045_ses-1_task-rest_desc-framenums_fFD.txt",263
"INET045","1",6,"rest","sub-INET045_ses-1_task-rest_desc-framenums_fFD.txt","/Volumes/illinois-las-psych-gratton/iNetworks/Nifti/derivatives/preproc_fmriprep-24.1.1/sub-INET045/ses-1/func/FD_outputs/sub-INET045_ses-1_task-rest_desc-framenums_fFD.txt",247
"INET045","1",7,"rest","sub-INET045_ses-1_task-rest_desc-framenums_fFD.txt","/Volumes/illinois-las-psych-gratton/iNetworks/Nifti/derivatives/preproc_fmriprep-24.1.1/sub-INET045/ses-1/func/FD_outputs/sub-INET045_ses-1_task-rest_desc-framenums_fFD.txt",264
"INET045","2",1,"rest","sub-INET045_ses-2_task-rest_desc-framenums_fFD.txt","/Volumes/illinois-las-psych-gratton/iNetworks/Nifti/derivatives/preproc_fmriprep-24.1.1/sub-INET045/ses-2/func/FD_outputs/sub-INET045_ses-2_task-rest_desc-framenums_fFD.txt",248
"INET045","2",2,"rest","sub-INET045_ses-2_task-rest_desc-framenums_fFD.txt","/Volumes/illinois-las-psych-gratton/iNetworks/Nifti/derivatives/preproc_fmriprep-24.1.1/sub-INET045/ses-2/func/FD_outputs/sub-INET045_ses-2_task-rest_desc-framenums_fFD.txt",265
"INET045","2",3,"rest","sub-INET045_ses-2_task-rest_desc-framenums_fFD.txt","/Volumes/illinois-las-psych-gratton/iNetworks/Nifti/derivatives/preproc_fmriprep-24.1.1/sub-INET045/ses-2/func/FD_outputs/sub-INET045_ses-2_task-rest_desc-framenums_fFD.txt",246
"INET045","2",4,"rest","sub-INET045_ses-2_task-rest_desc-framenums_fFD.txt","/Volumes/illinois-las-psych-gratton/iNetworks/Nifti/derivatives/preproc_fmriprep-24.1.1/sub-INET045/ses-2/func/FD_outputs/sub-INET045_ses-2_task-rest_desc-framenums_fFD.txt",225
"INET045","2",5,"rest","sub-INET045_ses-2_task-rest_desc-framenums_fFD.txt","/Volumes/illinois-las-psych-gratton/iNetworks/Nifti/derivatives/preproc_fmriprep-24.1.1/sub-INET045/ses-2/func/FD_outputs/sub-INET045_ses-2_task-rest_desc-framenums_fFD.txt",264
"INET045","2",6,"rest","sub-INET045_ses-2_task-rest_desc-framenums_fFD.txt","/Volumes/illinois-las-psych-gratton/iNetworks/Nifti/derivatives/preproc_fmriprep-24.1.1/sub-INET045/ses-2/func/FD_outputs/sub-INET045_ses-2_task-rest_desc-framenums_fFD.txt",232
"INET045","2",7,"rest","sub-INET045_ses-2_task-rest_desc-framenums_fFD.txt","/Volumes/illinois-las-psych-gratton/iNetworks/Nifti/derivatives/preproc_fmriprep-24.1.1/sub-INET045/ses-2/func/FD_outputs/sub-INET045_ses-2_task-rest_desc-framenums_fFD.txt",263
"INET045","2",8,"rest","sub-INET045_ses-2_task-rest_desc-framenums_fFD.txt","/Volumes/illinois-las-psych-gratton/iNetworks/Nifti/derivatives/preproc_fmriprep-24.1.1/sub-INET045/ses-2/func/FD_outputs/sub-INET045_ses-2_task-rest_desc-framenums_fFD.txt",247
"INET045","3",1,"rest","sub-INET045_ses-3_task-rest_desc-framenums_fFD.txt","/Volumes/illinois-las-psych-gratton/iNetworks/Nifti/derivatives/preproc_fmriprep-24.1.1/sub-INET045/ses-3/func/FD_outputs/sub-INET045_ses-3_task-rest_desc-framenums_fFD.txt",263
"INET045","3",2,"rest","sub-INET045_ses-3_task-rest_desc-framenums_fFD.txt","/Volumes/illinois-las-psych-gratton/iNetworks/Nifti/derivatives/preproc_fmriprep-24.1.1/sub-INET045/ses-3/func/FD_outputs/sub-INET045_ses-3_task-rest_desc-framenums_fFD.txt",265
"INET045","3",3,"rest","sub-INET045_ses-3_task-rest_desc-framenums_fFD.txt","/Volumes/illinois-las-psych-gratton/iNetworks/Nifti/derivatives/preproc_fmriprep-24.1.1/sub-INET045/ses-3/func/FD_outputs/sub-INET045_ses-3_task-rest_desc-framenums_fFD.txt",264
"INET045","3",4,"rest","sub-INET045_ses-3_task-rest_desc-framenums_fFD.txt","/Volumes/illinois-las-psych-gratton/iNetworks/Nifti/derivatives/preproc_fmriprep-24.1.1/sub-INET045/ses-3/func/FD_outputs/sub-INET045_ses-3_task-rest_desc-framenums_fFD.txt",243
"INET045","3",5,"rest","sub-INET045_ses-3_task-rest_desc-framenums_fFD.txt","/Volumes/illinois-las-psych-gratton/iNetworks/Nifti/derivatives/preproc_fmriprep-24.1.1/sub-INET045/ses-3/func/FD_outputs/sub-INET045_ses-3_task-rest_desc-framenums_fFD.txt",264
"INET045","3",6,"rest","sub-INET045_ses-3_task-rest_desc-framenums_fFD.txt","/Volumes/illinois-las-psych-gratton/iNetworks/Nifti/derivatives/preproc_fmriprep-24.1.1/sub-INET045/ses-3/func/FD_outputs/sub-INET045_ses-3_task-rest_desc-framenums_fFD.txt",254
"INET045","3",7,"rest","sub-INET045_ses-3_task-rest_desc-framenums_fFD.txt","/Volumes/illinois-las-psych-gratton/iNetworks/Nifti/derivatives/preproc_fmriprep-24.1.1/sub-INET045/ses-3/func/FD_outputs/sub-INET045_ses-3_task-rest_desc-framenums_fFD.txt",218
"INET045","3",8,"rest","sub-INET045_ses-3_task-rest_desc-framenums_fFD.txt","/Volumes/illinois-las-psych-gratton/iNetworks/Nifti/derivatives/preproc_fmriprep-24.1.1/sub-INET045/ses-3/func/FD_outputs/sub-INET045_ses-3_task-rest_desc-framenums_fFD.txt",240
"INET045","4",1,"rest","sub-INET045_ses-4_task-rest_desc-framenums_fFD.txt","/Volumes/illinois-las-psych-gratton/iNetworks/Nifti/derivatives/preproc_fmriprep-24.1.1/sub-INET045/ses-4/func/FD_outputs/sub-INET045_ses-4_task-rest_desc-framenums_fFD.txt",263
"INET045","4",2,"rest","sub-INET045_ses-4_task-rest_desc-framenums_fFD.txt","/Volumes/illinois-las-psych-gratton/iNetworks/Nifti/derivatives/preproc_fmriprep-24.1.1/sub-INET045/ses-4/func/FD_outputs/sub-INET045_ses-4_task-rest_desc-framenums_fFD.txt",264
"INET045","4",3,"rest","sub-INET045_ses-4_task-rest_desc-framenums_fFD.txt","/Volumes/illinois-las-psych-gratton/iNetworks/Nifti/derivatives/preproc_fmriprep-24.1.1/sub-INET045/ses-4/func/FD_outputs/sub-INET045_ses-4_task-rest_desc-framenums_fFD.txt",265
"INET045","4",4,"rest","sub-INET045_ses-4_task-rest_desc-framenums_fFD.txt","/Volumes/illinois-las-psych-gratton/iNetworks/Nifti/derivatives/preproc_fmriprep-24.1.1/sub-INET045/ses-4/func/FD_outputs/sub-INET045_ses-4_task-rest_desc-framenums_fFD.txt",247
"INET045","4",5,"rest","sub-INET045_ses-4_task-rest_desc-framenums_fFD.txt","/Volumes/illinois-las-psych-gratton/iNetworks/Nifti/derivatives/preproc_fmriprep-24.1.1/sub-INET045/ses-4/func/FD_outputs/sub-INET045_ses-4_task-rest_desc-framenums_fFD.txt",239
"INET045","4",6,"rest","sub-INET045_ses-4_task-rest_desc-framenums_fFD.txt","/Volumes/illinois-las-psych-gratton/iNetworks/Nifti/derivatives/preproc_fmriprep-24.1.1/sub-INET045/ses-4/func/FD_outputs/sub-INET045_ses-4_task-rest_desc-framenums_fFD.txt",263
"INET045","4",7,"rest","sub-INET045_ses-4_task-rest_desc-framenums_fFD.txt","/Volumes/illinois-las-psych-gratton/iNetworks/Nifti/derivatives/preproc_fmriprep-24.1.1/sub-INET045/ses-4/func/FD_outputs/sub-INET045_ses-4_task-rest_desc-framenums_fFD.txt",265
"INET045","4",8,"rest","sub-INET045_ses-4_task-rest_desc-framenums_fFD.txt","/Volumes/illinois-las-psych-gratton/iNetworks/Nifti/derivatives/preproc_fmriprep-24.1.1/sub-INET045/ses-4/func/FD_outputs/sub-INET045_ses-4_task-rest_desc-framenums_fFD.txt",252
"INET045","4",9,"rest","sub-INET045_ses-4_task-rest_desc-framenums_fFD.txt","/Volumes/illinois-las-psych-gratton/iNetworks/Nifti/derivatives/preproc_fmriprep-24.1.1/sub-INET045/ses-4/func/FD_outputs/sub-INET045_ses-4_task-rest_desc-framenums_fFD.txt",246
"INET046","1",1,"rest","sub-INET046_ses-1_task-rest_desc-framenums_fFD.txt","/Volumes/illinois-las-psych-gratton/iNetworks/Nifti/derivatives/preproc_fmriprep-24.1.1/sub-INET046/ses-1/func/FD_outputs/sub-INET046_ses-1_task-rest_desc-framenums_fFD.txt",256
"INET046","1",2,"rest","sub-INET046_ses-1_task-rest_desc-framenums_fFD.txt","/Volumes/illinois-las-psych-gratton/iNetworks/Nifti/derivatives/preproc_fmriprep-24.1.1/sub-INET046/ses-1/func/FD_outputs/sub-INET046_ses-1_task-rest_desc-framenums_fFD.txt",255
"INET046","1",3,"rest","sub-INET046_ses-1_task-rest_desc-framenums_fFD.txt","/Volumes/illinois-las-psych-gratton/iNetworks/Nifti/derivatives/preproc_fmriprep-24.1.1/sub-INET046/ses-1/func/FD_outputs/sub-INET046_ses-1_task-rest_desc-framenums_fFD.txt",262
"INET046","1",4,"rest","sub-INET046_ses-1_task-rest_desc-framenums_fFD.txt","/Volumes/illinois-las-psych-gratton/iNetworks/Nifti/derivatives/preproc_fmriprep-24.1.1/sub-INET046/ses-1/func/FD_outputs/sub-INET046_ses-1_task-rest_desc-framenums_fFD.txt",265
"INET046","1",5,"rest","sub-INET046_ses-1_task-rest_desc-framenums_fFD.txt","/Volumes/illinois-las-psych-gratton/iNetworks/Nifti/derivatives/preproc_fmriprep-24.1.1/sub-INET046/ses-1/func/FD_outputs/sub-INET046_ses-1_task-rest_desc-framenums_fFD.txt",263
"INET046","1",6,"rest","sub-INET046_ses-1_task-rest_desc-framenums_fFD.txt","/Volumes/illinois-las-psych-gratton/iNetworks/Nifti/derivatives/preproc_fmriprep-24.1.1/sub-INET046/ses-1/func/FD_outputs/sub-INET046_ses-1_task-rest_desc-framenums_fFD.txt",264
"INET046","1",7,"rest","sub-INET046_ses-1_task-rest_desc-framenums_fFD.txt","/Volumes/illinois-las-psych-gratton/iNetworks/Nifti/derivatives/preproc_fmriprep-24.1.1/sub-INET046/ses-1/func/FD_outputs/sub-INET046_ses-1_task-rest_desc-framenums_fFD.txt",264
"INET046","2",1,"rest","sub-INET046_ses-2_task-rest_desc-framenums_fFD.txt","/Volumes/illinois-las-psych-gratton/iNetworks/Nifti/derivatives/preproc_fmriprep-24.1.1/sub-INET046/ses-2/func/FD_outputs/sub-INET046_ses-2_task-rest_desc-framenums_fFD.txt",254
"INET046","2",2,"rest","sub-INET046_ses-2_task-rest_desc-framenums_fFD.txt","/Volumes/illinois-las-psych-gratton/iNetworks/Nifti/derivatives/preproc_fmriprep-24.1.1/sub-INET046/ses-2/func/FD_outputs/sub-INET046_ses-2_task-rest_desc-framenums_fFD.txt",261
"INET046","2",3,"rest","sub-INET046_ses-2_task-rest_desc-framenums_fFD.txt","/Volumes/illinois-las-psych-gratton/iNetworks/Nifti/derivatives/preproc_fmriprep-24.1.1/sub-INET046/ses-2/func/FD_outputs/sub-INET046_ses-2_task-rest_desc-framenums_fFD.txt",249
"INET046","2",4,"rest","sub-INET046_ses-2_task-rest_desc-framenums_fFD.txt","/Volumes/illinois-las-psych-gratton/iNetworks/Nifti/derivatives/preproc_fmriprep-24.1.1/sub-INET046/ses-2/func/FD_outputs/sub-INET046_ses-2_task-rest_desc-framenums_fFD.txt",252
"INET046","2",5,"rest","sub-INET046_ses-2_task-rest_desc-framenums_fFD.txt","/Volumes/illinois-las-psych-gratton/iNetworks/Nifti/derivatives/preproc_fmriprep-24.1.1/sub-INET046/ses-2/func/FD_outputs/sub-INET046_ses-2_task-rest_desc-framenums_fFD.txt",257
"INET046","2",6,"rest","sub-INET046_ses-2_task-rest_desc-framenums_fFD.txt","/Volumes/illinois-las-psych-gratton/iNetworks/Nifti/derivatives/preproc_fmriprep-24.1.1/sub-INET046/ses-2/func/FD_outputs/sub-INET046_ses-2_task-rest_desc-framenums_fFD.txt",264
"INET046","2",7,"rest","sub-INET046_ses-2_task-rest_desc-framenums_fFD.txt","/Volumes/illinois-las-psych-gratton/iNetworks/Nifti/derivatives/preproc_fmriprep-24.1.1/sub-INET046/ses-2/func/FD_outputs/sub-INET046_ses-2_task-rest_desc-framenums_fFD.txt",264
"INET046","3",1,"rest","sub-INET046_ses-3_task-rest_desc-framenums_fFD.txt","/Volumes/illinois-las-psych-gratton/iNetworks/Nifti/derivatives/preproc_fmriprep-24.1.1/sub-INET046/ses-3/func/FD_outputs/sub-INET046_ses-3_task-rest_desc-framenums_fFD.txt",248
"INET046","3",2,"rest","sub-INET046_ses-3_task-rest_desc-framenums_fFD.txt","/Volumes/illinois-las-psych-gratton/iNetworks/Nifti/derivatives/preproc_fmriprep-24.1.1/sub-INET046/ses-3/func/FD_outputs/sub-INET046_ses-3_task-rest_desc-framenums_fFD.txt",263
"INET046","3",3,"rest","sub-INET046_ses-3_task-rest_desc-framenums_fFD.txt","/Volumes/illinois-las-psych-gratton/iNetworks/Nifti/derivatives/preproc_fmriprep-24.1.1/sub-INET046/ses-3/func/FD_outputs/sub-INET046_ses-3_task-rest_desc-framenums_fFD.txt",257
"INET046","3",4,"rest","sub-INET046_ses-3_task-rest_desc-framenums_fFD.txt","/Volumes/illinois-las-psych-gratton/iNetworks/Nifti/derivatives/preproc_fmriprep-24.1.1/sub-INET046/ses-3/func/FD_outputs/sub-INET046_ses-3_task-rest_desc-framenums_fFD.txt",207
"INET046","3",5,"rest","sub-INET046_ses-3_task-rest_desc-framenums_fFD.txt","/Volumes/illinois-las-psych-gratton/iNetworks/Nifti/derivatives/preproc_fmriprep-24.1.1/sub-INET046/ses-3/func/FD_outputs/sub-INET046_ses-3_task-rest_desc-framenums_fFD.txt",261
"INET046","3",6,"rest","sub-INET046_ses-3_task-rest_desc-framenums_fFD.txt","/Volumes/illinois-las-psych-gratton/iNetworks/Nifti/derivatives/preproc_fmriprep-24.1.1/sub-INET046/ses-3/func/FD_outputs/sub-INET046_ses-3_task-rest_desc-framenums_fFD.txt",257
"INET046","3",7,"rest","sub-INET046_ses-3_task-rest_desc-framenums_fFD.txt","/Volumes/illinois-las-psych-gratton/iNetworks/Nifti/derivatives/preproc_fmriprep-24.1.1/sub-INET046/ses-3/func/FD_outputs/sub-INET046_ses-3_task-rest_desc-framenums_fFD.txt",262
"INET046","4",1,"rest","sub-INET046_ses-4_task-rest_desc-framenums_fFD.txt","/Volumes/illinois-las-psych-gratton/iNetworks/Nifti/derivatives/preproc_fmriprep-24.1.1/sub-INET046/ses-4/func/FD_outputs/sub-INET046_ses-4_task-rest_desc-framenums_fFD.txt",250
"INET046","4",2,"rest","sub-INET046_ses-4_task-rest_desc-framenums_fFD.txt","/Volumes/illinois-las-psych-gratton/iNetworks/Nifti/derivatives/preproc_fmriprep-24.1.1/sub-INET046/ses-4/func/FD_outputs/sub-INET046_ses-4_task-rest_desc-framenums_fFD.txt",252
"INET046","4",3,"rest","sub-INET046_ses-4_task-rest_desc-framenums_fFD.txt","/Volumes/illinois-las-psych-gratton/iNetworks/Nifti/derivatives/preproc_fmriprep-24.1.1/sub-INET046/ses-4/func/FD_outputs/sub-INET046_ses-4_task-rest_desc-framenums_fFD.txt",263
"INET046","4",4,"rest","sub-INET046_ses-4_task-rest_desc-framenums_fFD.txt","/Volumes/illinois-las-psych-gratton/iNetworks/Nifti/derivatives/preproc_fmriprep-24.1.1/sub-INET046/ses-4/func/FD_outputs/sub-INET046_ses-4_task-rest_desc-framenums_fFD.txt",260
"INET046","4",5,"rest","sub-INET046_ses-4_task-rest_desc-framenums_fFD.txt","/Volumes/illinois-las-psych-gratton/iNetworks/Nifti/derivatives/preproc_fmriprep-24.1.1/sub-INET046/ses-4/func/FD_outputs/sub-INET046_ses-4_task-rest_desc-framenums_fFD.txt",265
"INET046","4",6,"rest","sub-INET046_ses-4_task-rest_desc-framenums_fFD.txt","/Volumes/illinois-las-psych-gratton/iNetworks/Nifti/derivatives/preproc_fmriprep-24.1.1/sub-INET046/ses-4/func/FD_outputs/sub-INET046_ses-4_task-rest_desc-framenums_fFD.txt",262
"INET046","4",7,"rest","sub-INET046_ses-4_task-rest_desc-framenums_fFD.txt","/Volumes/illinois-las-psych-gratton/iNetworks/Nifti/derivatives/preproc_fmriprep-24.1.1/sub-INET046/ses-4/func/FD_outputs/sub-INET046_ses-4_task-rest_desc-framenums_fFD.txt",260
"INET046","4",8,"rest","sub-INET046_ses-4_task-rest_desc-framenums_fFD.txt","/Volumes/illinois-las-psych-gratton/iNetworks/Nifti/derivatives/preproc_fmriprep-24.1.1/sub-INET046/ses-4/func/FD_outputs/sub-INET046_ses-4_task-rest_desc-framenums_fFD.txt",265
"INET046","4",9,"rest","sub-INET046_ses-4_task-rest_desc-framenums_fFD.txt","/Volumes/illinois-las-psych-gratton/iNetworks/Nifti/derivatives/preproc_fmriprep-24.1.1/sub-INET046/ses-4/func/FD_outputs/sub-INET046_ses-4_task-rest_desc-framenums_fFD.txt",264
"INET047","1",1,"rest","sub-INET047_ses-1_task-rest_desc-framenums_fFD.txt","/Volumes/illinois-las-psych-gratton/iNetworks/Nifti/derivatives/preproc_fmriprep-24.1.1/sub-INET047/ses-1/func/FD_outputs/sub-INET047_ses-1_task-rest_desc-framenums_fFD.txt",263
"INET047","1",2,"rest","sub-INET047_ses-1_task-rest_desc-framenums_fFD.txt","/Volumes/illinois-las-psych-gratton/iNetworks/Nifti/derivatives/preproc_fmriprep-24.1.1/sub-INET047/ses-1/func/FD_outputs/sub-INET047_ses-1_task-rest_desc-framenums_fFD.txt",245
"INET047","1",3,"rest","sub-INET047_ses-1_task-rest_desc-framenums_fFD.txt","/Volumes/illinois-las-psych-gratton/iNetworks/Nifti/derivatives/preproc_fmriprep-24.1.1/sub-INET047/ses-1/func/FD_outputs/sub-INET047_ses-1_task-rest_desc-framenums_fFD.txt",264
"INET047","1",4,"rest","sub-INET047_ses-1_task-rest_desc-framenums_fFD.txt","/Volumes/illinois-las-psych-gratton/iNetworks/Nifti/derivatives/preproc_fmriprep-24.1.1/sub-INET047/ses-1/func/FD_outputs/sub-INET047_ses-1_task-rest_desc-framenums_fFD.txt",260
"INET047","1",5,"rest","sub-INET047_ses-1_task-rest_desc-framenums_fFD.txt","/Volumes/illinois-las-psych-gratton/iNetworks/Nifti/derivatives/preproc_fmriprep-24.1.1/sub-INET047/ses-1/func/FD_outputs/sub-INET047_ses-1_task-rest_desc-framenums_fFD.txt",250
"INET047","1",6,"rest","sub-INET047_ses-1_task-rest_desc-framenums_fFD.txt","/Volumes/illinois-las-psych-gratton/iNetworks/Nifti/derivatives/preproc_fmriprep-24.1.1/sub-INET047/ses-1/func/FD_outputs/sub-INET047_ses-1_task-rest_desc-framenums_fFD.txt",218
"INET047","1",7,"rest","sub-INET047_ses-1_task-rest_desc-framenums_fFD.txt","/Volumes/illinois-las-psych-gratton/iNetworks/Nifti/derivatives/preproc_fmriprep-24.1.1/sub-INET047/ses-1/func/FD_outputs/sub-INET047_ses-1_task-rest_desc-framenums_fFD.txt",232
"INET047","2",1,"rest","sub-INET047_ses-2_task-rest_desc-framenums_fFD.txt","/Volumes/illinois-las-psych-gratton/iNetworks/Nifti/derivatives/preproc_fmriprep-24.1.1/sub-INET047/ses-2/func/FD_outputs/sub-INET047_ses-2_task-rest_desc-framenums_fFD.txt",250
"INET047","2",2,"rest","sub-INET047_ses-2_task-rest_desc-framenums_fFD.txt","/Volumes/illinois-las-psych-gratton/iNetworks/Nifti/derivatives/preproc_fmriprep-24.1.1/sub-INET047/ses-2/func/FD_outputs/sub-INET047_ses-2_task-rest_desc-framenums_fFD.txt",249
"INET047","2",3,"rest","sub-INET047_ses-2_task-rest_desc-framenums_fFD.txt","/Volumes/illinois-las-psych-gratton/iNetworks/Nifti/derivatives/preproc_fmriprep-24.1.1/sub-INET047/ses-2/func/FD_outputs/sub-INET047_ses-2_task-rest_desc-framenums_fFD.txt",234
"INET047","2",4,"rest","sub-INET047_ses-2_task-rest_desc-framenums_fFD.txt","/Volumes/illinois-las-psych-gratton/iNetworks/Nifti/derivatives/preproc_fmriprep-24.1.1/sub-INET047/ses-2/func/FD_outputs/sub-INET047_ses-2_task-rest_desc-framenums_fFD.txt",242
"INET047","2",5,"rest","sub-INET047_ses-2_task-rest_desc-framenums_fFD.txt","/Volumes/illinois-las-psych-gratton/iNetworks/Nifti/derivatives/preproc_fmriprep-24.1.1/sub-INET047/ses-2/func/FD_outputs/sub-INET047_ses-2_task-rest_desc-framenums_fFD.txt",252
"INET047","2",6,"rest","sub-INET047_ses-2_task-rest_desc-framenums_fFD.txt","/Volumes/illinois-las-psych-gratton/iNetworks/Nifti/derivatives/preproc_fmriprep-24.1.1/sub-INET047/ses-2/func/FD_outputs/sub-INET047_ses-2_task-rest_desc-framenums_fFD.txt",254
"INET047","2",7,"rest","sub-INET047_ses-2_task-rest_desc-framenums_fFD.txt","/Volumes/illinois-las-psych-gratton/iNetworks/Nifti/derivatives/preproc_fmriprep-24.1.1/sub-INET047/ses-2/func/FD_outputs/sub-INET047_ses-2_task-rest_desc-framenums_fFD.txt",236
"INET047","3",1,"rest","sub-INET047_ses-3_task-rest_desc-framenums_fFD.txt","/Volumes/illinois-las-psych-gratton/iNetworks/Nifti/derivatives/preproc_fmriprep-24.1.1/sub-INET047/ses-3/func/FD_outputs/sub-INET047_ses-3_task-rest_desc-framenums_fFD.txt",262
"INET047","3",2,"rest","sub-INET047_ses-3_task-rest_desc-framenums_fFD.txt","/Volumes/illinois-las-psych-gratton/iNetworks/Nifti/derivatives/preproc_fmriprep-24.1.1/sub-INET047/ses-3/func/FD_outputs/sub-INET047_ses-3_task-rest_desc-framenums_fFD.txt",264
"INET047","3",3,"rest","sub-INET047_ses-3_task-rest_desc-framenums_fFD.txt","/Volumes/illinois-las-psych-gratton/iNetworks/Nifti/derivatives/preproc_fmriprep-24.1.1/sub-INET047/ses-3/func/FD_outputs/sub-INET047_ses-3_task-rest_desc-framenums_fFD.txt",255
"INET047","3",4,"rest","sub-INET047_ses-3_task-rest_desc-framenums_fFD.txt","/Volumes/illinois-las-psych-gratton/iNetworks/Nifti/derivatives/preproc_fmriprep-24.1.1/sub-INET047/ses-3/func/FD_outputs/sub-INET047_ses-3_task-rest_desc-framenums_fFD.txt",232
"INET047","3",5,"rest","sub-INET047_ses-3_task-rest_desc-framenums_fFD.txt","/Volumes/illinois-las-psych-gratton/iNetworks/Nifti/derivatives/preproc_fmriprep-24.1.1/sub-INET047/ses-3/func/FD_outputs/sub-INET047_ses-3_task-rest_desc-framenums_fFD.txt",240
"INET047","3",6,"rest","sub-INET047_ses-3_task-rest_desc-framenums_fFD.txt","/Volumes/illinois-las-psych-gratton/iNetworks/Nifti/derivatives/preproc_fmriprep-24.1.1/sub-INET047/ses-3/func/FD_outputs/sub-INET047_ses-3_task-rest_desc-framenums_fFD.txt",252
"INET047","3",7,"rest","sub-INET047_ses-3_task-rest_desc-framenums_fFD.txt","/Volumes/illinois-las-psych-gratton/iNetworks/Nifti/derivatives/preproc_fmriprep-24.1.1/sub-INET047/ses-3/func/FD_outputs/sub-INET047_ses-3_task-rest_desc-framenums_fFD.txt",246
"INET047","3",8,"rest","sub-INET047_ses-3_task-rest_desc-framenums_fFD.txt","/Volumes/illinois-las-psych-gratton/iNetworks/Nifti/derivatives/preproc_fmriprep-24.1.1/sub-INET047/ses-3/func/FD_outputs/sub-INET047_ses-3_task-rest_desc-framenums_fFD.txt",248
"INET047","4",1,"rest","sub-INET047_ses-4_task-rest_desc-framenums_fFD.txt","/Volumes/illinois-las-psych-gratton/iNetworks/Nifti/derivatives/preproc_fmriprep-24.1.1/sub-INET047/ses-4/func/FD_outputs/sub-INET047_ses-4_task-rest_desc-framenums_fFD.txt",260
"INET047","4",2,"rest","sub-INET047_ses-4_task-rest_desc-framenums_fFD.txt","/Volumes/illinois-las-psych-gratton/iNetworks/Nifti/derivatives/preproc_fmriprep-24.1.1/sub-INET047/ses-4/func/FD_outputs/sub-INET047_ses-4_task-rest_desc-framenums_fFD.txt",252
"INET047","4",3,"rest","sub-INET047_ses-4_task-rest_desc-framenums_fFD.txt","/Volumes/illinois-las-psych-gratton/iNetworks/Nifti/derivatives/preproc_fmriprep-24.1.1/sub-INET047/ses-4/func/FD_outputs/sub-INET047_ses-4_task-rest_desc-framenums_fFD.txt",241
"INET047","4",4,"rest","sub-INET047_ses-4_task-rest_desc-framenums_fFD.txt","/Volumes/illinois-las-psych-gratton/iNetworks/Nifti/derivatives/preproc_fmriprep-24.1.1/sub-INET047/ses-4/func/FD_outputs/sub-INET047_ses-4_task-rest_desc-framenums_fFD.txt",249
"INET047","4",5,"rest","sub-INET047_ses-4_task-rest_desc-framenums_fFD.txt","/Volumes/illinois-las-psych-gratton/iNetworks/Nifti/derivatives/preproc_fmriprep-24.1.1/sub-INET047/ses-4/func/FD_outputs/sub-INET047_ses-4_task-rest_desc-framenums_fFD.txt",240
"INET047","4",6,"rest","sub-INET047_ses-4_task-rest_desc-framenums_fFD.txt","/Volumes/illinois-las-psych-gratton/iNetworks/Nifti/derivatives/preproc_fmriprep-24.1.1/sub-INET047/ses-4/func/FD_outputs/sub-INET047_ses-4_task-rest_desc-framenums_fFD.txt",243
"INET047","4",7,"rest","sub-INET047_ses-4_task-rest_desc-framenums_fFD.txt","/Volumes/illinois-las-psych-gratton/iNetworks/Nifti/derivatives/preproc_fmriprep-24.1.1/sub-INET047/ses-4/func/FD_outputs/sub-INET047_ses-4_task-rest_desc-framenums_fFD.txt",252
"INET047","4",8,"rest","sub-INET047_ses-4_task-rest_desc-framenums_fFD.txt","/Volumes/illinois-las-psych-gratton/iNetworks/Nifti/derivatives/preproc_fmriprep-24.1.1/sub-INET047/ses-4/func/FD_outputs/sub-INET047_ses-4_task-rest_desc-framenums_fFD.txt",225
"INET047","4",9,"rest","sub-INET047_ses-4_task-rest_desc-framenums_fFD.txt","/Volumes/illinois-las-psych-gratton/iNetworks/Nifti/derivatives/preproc_fmriprep-24.1.1/sub-INET047/ses-4/func/FD_outputs/sub-INET047_ses-4_task-rest_desc-framenums_fFD.txt",258
"INET048","1",1,"rest","sub-INET048_ses-1_task-rest_desc-framenums_fFD.txt","/Volumes/illinois-las-psych-gratton/iNetworks/Nifti/derivatives/preproc_fmriprep-24.1.1/sub-INET048/ses-1/func/FD_outputs/sub-INET048_ses-1_task-rest_desc-framenums_fFD.txt",263
"INET048","1",2,"rest","sub-INET048_ses-1_task-rest_desc-framenums_fFD.txt","/Volumes/illinois-las-psych-gratton/iNetworks/Nifti/derivatives/preproc_fmriprep-24.1.1/sub-INET048/ses-1/func/FD_outputs/sub-INET048_ses-1_task-rest_desc-framenums_fFD.txt",264
"INET048","1",3,"rest","sub-INET048_ses-1_task-rest_desc-framenums_fFD.txt","/Volumes/illinois-las-psych-gratton/iNetworks/Nifti/derivatives/preproc_fmriprep-24.1.1/sub-INET048/ses-1/func/FD_outputs/sub-INET048_ses-1_task-rest_desc-framenums_fFD.txt",264
"INET048","1",4,"rest","sub-INET048_ses-1_task-rest_desc-framenums_fFD.txt","/Volumes/illinois-las-psych-gratton/iNetworks/Nifti/derivatives/preproc_fmriprep-24.1.1/sub-INET048/ses-1/func/FD_outputs/sub-INET048_ses-1_task-rest_desc-framenums_fFD.txt",264
"INET048","1",5,"rest","sub-INET048_ses-1_task-rest_desc-framenums_fFD.txt","/Volumes/illinois-las-psych-gratton/iNetworks/Nifti/derivatives/preproc_fmriprep-24.1.1/sub-INET048/ses-1/func/FD_outputs/sub-INET048_ses-1_task-rest_desc-framenums_fFD.txt",263
"INET048","1",6,"rest","sub-INET048_ses-1_task-rest_desc-framenums_fFD.txt","/Volumes/illinois-las-psych-gratton/iNetworks/Nifti/derivatives/preproc_fmriprep-24.1.1/sub-INET048/ses-1/func/FD_outputs/sub-INET048_ses-1_task-rest_desc-framenums_fFD.txt",265
"INET048","1",7,"rest","sub-INET048_ses-1_task-rest_desc-framenums_fFD.txt","/Volumes/illinois-las-psych-gratton/iNetworks/Nifti/derivatives/preproc_fmriprep-24.1.1/sub-INET048/ses-1/func/FD_outputs/sub-INET048_ses-1_task-rest_desc-framenums_fFD.txt",265
"INET048","2",1,"rest","sub-INET048_ses-2_task-rest_desc-framenums_fFD.txt","/Volumes/illinois-las-psych-gratton/iNetworks/Nifti/derivatives/preproc_fmriprep-24.1.1/sub-INET048/ses-2/func/FD_outputs/sub-INET048_ses-2_task-rest_desc-framenums_fFD.txt",265
"INET048","2",2,"rest","sub-INET048_ses-2_task-rest_desc-framenums_fFD.txt","/Volumes/illinois-las-psych-gratton/iNetworks/Nifti/derivatives/preproc_fmriprep-24.1.1/sub-INET048/ses-2/func/FD_outputs/sub-INET048_ses-2_task-rest_desc-framenums_fFD.txt",264
"INET048","2",3,"rest","sub-INET048_ses-2_task-rest_desc-framenums_fFD.txt","/Volumes/illinois-las-psych-gratton/iNetworks/Nifti/derivatives/preproc_fmriprep-24.1.1/sub-INET048/ses-2/func/FD_outputs/sub-INET048_ses-2_task-rest_desc-framenums_fFD.txt",265
"INET048","2",4,"rest","sub-INET048_ses-2_task-rest_desc-framenums_fFD.txt","/Volumes/illinois-las-psych-gratton/iNetworks/Nifti/derivatives/preproc_fmriprep-24.1.1/sub-INET048/ses-2/func/FD_outputs/sub-INET048_ses-2_task-rest_desc-framenums_fFD.txt",264
"INET048","2",5,"rest","sub-INET048_ses-2_task-rest_desc-framenums_fFD.txt","/Volumes/illinois-las-psych-gratton/iNetworks/Nifti/derivatives/preproc_fmriprep-24.1.1/sub-INET048/ses-2/func/FD_outputs/sub-INET048_ses-2_task-rest_desc-framenums_fFD.txt",264
"INET048","2",6,"rest","sub-INET048_ses-2_task-rest_desc-framenums_fFD.txt","/Volumes/illinois-las-psych-gratton/iNetworks/Nifti/derivatives/preproc_fmriprep-24.1.1/sub-INET048/ses-2/func/FD_outputs/sub-INET048_ses-2_task-rest_desc-framenums_fFD.txt",265
"INET048","2",7,"rest","sub-INET048_ses-2_task-rest_desc-framenums_fFD.txt","/Volumes/illinois-las-psych-gratton/iNetworks/Nifti/derivatives/preproc_fmriprep-24.1.1/sub-INET048/ses-2/func/FD_outputs/sub-INET048_ses-2_task-rest_desc-framenums_fFD.txt",257
"INET048","3",1,"rest","sub-INET048_ses-3_task-rest_desc-framenums_fFD.txt","/Volumes/illinois-las-psych-gratton/iNetworks/Nifti/derivatives/preproc_fmriprep-24.1.1/sub-INET048/ses-3/func/FD_outputs/sub-INET048_ses-3_task-rest_desc-framenums_fFD.txt",263
"INET048","3",2,"rest","sub-INET048_ses-3_task-rest_desc-framenums_fFD.txt","/Volumes/illinois-las-psych-gratton/iNetworks/Nifti/derivatives/preproc_fmriprep-24.1.1/sub-INET048/ses-3/func/FD_outputs/sub-INET048_ses-3_task-rest_desc-framenums_fFD.txt",264
"INET048","3",3,"rest","sub-INET048_ses-3_task-rest_desc-framenums_fFD.txt","/Volumes/illinois-las-psych-gratton/iNetworks/Nifti/derivatives/preproc_fmriprep-24.1.1/sub-INET048/ses-3/func/FD_outputs/sub-INET048_ses-3_task-rest_desc-framenums_fFD.txt",263
"INET048","3",4,"rest","sub-INET048_ses-3_task-rest_desc-framenums_fFD.txt","/Volumes/illinois-las-psych-gratton/iNetworks/Nifti/derivatives/preproc_fmriprep-24.1.1/sub-INET048/ses-3/func/FD_outputs/sub-INET048_ses-3_task-rest_desc-framenums_fFD.txt",254
"INET048","3",5,"rest","sub-INET048_ses-3_task-rest_desc-framenums_fFD.txt","/Volumes/illinois-las-psych-gratton/iNetworks/Nifti/derivatives/preproc_fmriprep-24.1.1/sub-INET048/ses-3/func/FD_outputs/sub-INET048_ses-3_task-rest_desc-framenums_fFD.txt",255
"INET048","3",6,"rest","sub-INET048_ses-3_task-rest_desc-framenums_fFD.txt","/Volumes/illinois-las-psych-gratton/iNetworks/Nifti/derivatives/preproc_fmriprep-24.1.1/sub-INET048/ses-3/func/FD_outputs/sub-INET048_ses-3_task-rest_desc-framenums_fFD.txt",255
"INET048","3",7,"rest","sub-INET048_ses-3_task-rest_desc-framenums_fFD.txt","/Volumes/illinois-las-psych-gratton/iNetworks/Nifti/derivatives/preproc_fmriprep-24.1.1/sub-INET048/ses-3/func/FD_outputs/sub-INET048_ses-3_task-rest_desc-framenums_fFD.txt",235
"INET048","3",8,"rest","sub-INET048_ses-3_task-rest_desc-framenums_fFD.txt","/Volumes/illinois-las-psych-gratton/iNetworks/Nifti/derivatives/preproc_fmriprep-24.1.1/sub-INET048/ses-3/func/FD_outputs/sub-INET048_ses-3_task-rest_desc-framenums_fFD.txt",241
"INET048","4",1,"rest","sub-INET048_ses-4_task-rest_desc-framenums_fFD.txt","/Volumes/illinois-las-psych-gratton/iNetworks/Nifti/derivatives/preproc_fmriprep-24.1.1/sub-INET048/ses-4/func/FD_outputs/sub-INET048_ses-4_task-rest_desc-framenums_fFD.txt",264
"INET048","4",2,"rest","sub-INET048_ses-4_task-rest_desc-framenums_fFD.txt","/Volumes/illinois-las-psych-gratton/iNetworks/Nifti/derivatives/preproc_fmriprep-24.1.1/sub-INET048/ses-4/func/FD_outputs/sub-INET048_ses-4_task-rest_desc-framenums_fFD.txt",264
"INET048","4",3,"rest","sub-INET048_ses-4_task-rest_desc-framenums_fFD.txt","/Volumes/illinois-las-psych-gratton/iNetworks/Nifti/derivatives/preproc_fmriprep-24.1.1/sub-INET048/ses-4/func/FD_outputs/sub-INET048_ses-4_task-rest_desc-framenums_fFD.txt",254
"INET048","4",4,"rest","sub-INET048_ses-4_task-rest_desc-framenums_fFD.txt","/Volumes/illinois-las-psych-gratton/iNetworks/Nifti/derivatives/preproc_fmriprep-24.1.1/sub-INET048/ses-4/func/FD_outputs/sub-INET048_ses-4_task-rest_desc-framenums_fFD.txt",259
"INET048","4",5,"rest","sub-INET048_ses-4_task-rest_desc-framenums_fFD.txt","/Volumes/illinois-las-psych-gratton/iNetworks/Nifti/derivatives/preproc_fmriprep-24.1.1/sub-INET048/ses-4/func/FD_outputs/sub-INET048_ses-4_task-rest_desc-framenums_fFD.txt",260
"INET048","4",6,"rest","sub-INET048_ses-4_task-rest_desc-framenums_fFD.txt","/Volumes/illinois-las-psych-gratton/iNetworks/Nifti/derivatives/preproc_fmriprep-24.1.1/sub-INET048/ses-4/func/FD_outputs/sub-INET048_ses-4_task-rest_desc-framenums_fFD.txt",261
"INET048","4",7,"rest","sub-INET048_ses-4_task-rest_desc-framenums_fFD.txt","/Volumes/illinois-las-psych-gratton/iNetworks/Nifti/derivatives/preproc_fmriprep-24.1.1/sub-INET048/ses-4/func/FD_outputs/sub-INET048_ses-4_task-rest_desc-framenums_fFD.txt",263
"INET048","4",8,"rest","sub-INET048_ses-4_task-rest_desc-framenums_fFD.txt","/Volumes/illinois-las-psych-gratton/iNetworks/Nifti/derivatives/preproc_fmriprep-24.1.1/sub-INET048/ses-4/func/FD_outputs/sub-INET048_ses-4_task-rest_desc-framenums_fFD.txt",264
"INET048","4",9,"rest","sub-INET048_ses-4_task-rest_desc-framenums_fFD.txt","/Volumes/illinois-las-psych-gratton/iNetworks/Nifti/derivatives/preproc_fmriprep-24.1.1/sub-INET048/ses-4/func/FD_outputs/sub-INET048_ses-4_task-rest_desc-framenums_fFD.txt",265
"INET049","1",1,"rest","sub-INET049_ses-1_task-rest_desc-framenums_fFD.txt","/Volumes/illinois-las-psych-gratton/iNetworks/Nifti/derivatives/preproc_fmriprep-24.1.1/sub-INET049/ses-1/func/FD_outputs/sub-INET049_ses-1_task-rest_desc-framenums_fFD.txt",250
"INET049","1",2,"rest","sub-INET049_ses-1_task-rest_desc-framenums_fFD.txt","/Volumes/illinois-las-psych-gratton/iNetworks/Nifti/derivatives/preproc_fmriprep-24.1.1/sub-INET049/ses-1/func/FD_outputs/sub-INET049_ses-1_task-rest_desc-framenums_fFD.txt",255
"INET049","1",3,"rest","sub-INET049_ses-1_task-rest_desc-framenums_fFD.txt","/Volumes/illinois-las-psych-gratton/iNetworks/Nifti/derivatives/preproc_fmriprep-24.1.1/sub-INET049/ses-1/func/FD_outputs/sub-INET049_ses-1_task-rest_desc-framenums_fFD.txt",255
"INET049","1",4,"rest","sub-INET049_ses-1_task-rest_desc-framenums_fFD.txt","/Volumes/illinois-las-psych-gratton/iNetworks/Nifti/derivatives/preproc_fmriprep-24.1.1/sub-INET049/ses-1/func/FD_outputs/sub-INET049_ses-1_task-rest_desc-framenums_fFD.txt",203
"INET049","1",5,"rest","sub-INET049_ses-1_task-rest_desc-framenums_fFD.txt","/Volumes/illinois-las-psych-gratton/iNetworks/Nifti/derivatives/preproc_fmriprep-24.1.1/sub-INET049/ses-1/func/FD_outputs/sub-INET049_ses-1_task-rest_desc-framenums_fFD.txt",168
"INET049","1",6,"rest","sub-INET049_ses-1_task-rest_desc-framenums_fFD.txt","/Volumes/illinois-las-psych-gratton/iNetworks/Nifti/derivatives/preproc_fmriprep-24.1.1/sub-INET049/ses-1/func/FD_outputs/sub-INET049_ses-1_task-rest_desc-framenums_fFD.txt",186
"INET049","1",7,"rest","sub-INET049_ses-1_task-rest_desc-framenums_fFD.txt","/Volumes/illinois-las-psych-gratton/iNetworks/Nifti/derivatives/preproc_fmriprep-24.1.1/sub-INET049/ses-1/func/FD_outputs/sub-INET049_ses-1_task-rest_desc-framenums_fFD.txt",199
"INET049","2",1,"rest","sub-INET049_ses-2_task-rest_desc-framenums_fFD.txt","/Volumes/illinois-las-psych-gratton/iNetworks/Nifti/derivatives/preproc_fmriprep-24.1.1/sub-INET049/ses-2/func/FD_outputs/sub-INET049_ses-2_task-rest_desc-framenums_fFD.txt",262
"INET049","2",2,"rest","sub-INET049_ses-2_task-rest_desc-framenums_fFD.txt","/Volumes/illinois-las-psych-gratton/iNetworks/Nifti/derivatives/preproc_fmriprep-24.1.1/sub-INET049/ses-2/func/FD_outputs/sub-INET049_ses-2_task-rest_desc-framenums_fFD.txt",260
"INET049","2",3,"rest","sub-INET049_ses-2_task-rest_desc-framenums_fFD.txt","/Volumes/illinois-las-psych-gratton/iNetworks/Nifti/derivatives/preproc_fmriprep-24.1.1/sub-INET049/ses-2/func/FD_outputs/sub-INET049_ses-2_task-rest_desc-framenums_fFD.txt",260
"INET049","2",4,"rest","sub-INET049_ses-2_task-rest_desc-framenums_fFD.txt","/Volumes/illinois-las-psych-gratton/iNetworks/Nifti/derivatives/preproc_fmriprep-24.1.1/sub-INET049/ses-2/func/FD_outputs/sub-INET049_ses-2_task-rest_desc-framenums_fFD.txt",187
"INET049","2",5,"rest","sub-INET049_ses-2_task-rest_desc-framenums_fFD.txt","/Volumes/illinois-las-psych-gratton/iNetworks/Nifti/derivatives/preproc_fmriprep-24.1.1/sub-INET049/ses-2/func/FD_outputs/sub-INET049_ses-2_task-rest_desc-framenums_fFD.txt",148
"INET049","2",6,"rest","sub-INET049_ses-2_task-rest_desc-framenums_fFD.txt","/Volumes/illinois-las-psych-gratton/iNetworks/Nifti/derivatives/preproc_fmriprep-24.1.1/sub-INET049/ses-2/func/FD_outputs/sub-INET049_ses-2_task-rest_desc-framenums_fFD.txt",255
"INET049","2",7,"rest","sub-INET049_ses-2_task-rest_desc-framenums_fFD.txt","/Volumes/illinois-las-psych-gratton/iNetworks/Nifti/derivatives/preproc_fmriprep-24.1.1/sub-INET049/ses-2/func/FD_outputs/sub-INET049_ses-2_task-rest_desc-framenums_fFD.txt",264
"INET049","3",1,"rest","sub-INET049_ses-3_task-rest_desc-framenums_fFD.txt","/Volumes/illinois-las-psych-gratton/iNetworks/Nifti/derivatives/preproc_fmriprep-24.1.1/sub-INET049/ses-3/func/FD_outputs/sub-INET049_ses-3_task-rest_desc-framenums_fFD.txt",215
"INET049","3",2,"rest","sub-INET049_ses-3_task-rest_desc-framenums_fFD.txt","/Volumes/illinois-las-psych-gratton/iNetworks/Nifti/derivatives/preproc_fmriprep-24.1.1/sub-INET049/ses-3/func/FD_outputs/sub-INET049_ses-3_task-rest_desc-framenums_fFD.txt",251
"INET049","3",3,"rest","sub-INET049_ses-3_task-rest_desc-framenums_fFD.txt","/Volumes/illinois-las-psych-gratton/iNetworks/Nifti/derivatives/preproc_fmriprep-24.1.1/sub-INET049/ses-3/func/FD_outputs/sub-INET049_ses-3_task-rest_desc-framenums_fFD.txt",252
"INET049","3",4,"rest","sub-INET049_ses-3_task-rest_desc-framenums_fFD.txt","/Volumes/illinois-las-psych-gratton/iNetworks/Nifti/derivatives/preproc_fmriprep-24.1.1/sub-INET049/ses-3/func/FD_outputs/sub-INET049_ses-3_task-rest_desc-framenums_fFD.txt",240
"INET049","3",5,"rest","sub-INET049_ses-3_task-rest_desc-framenums_fFD.txt","/Volumes/illinois-las-psych-gratton/iNetworks/Nifti/derivatives/preproc_fmriprep-24.1.1/sub-INET049/ses-3/func/FD_outputs/sub-INET049_ses-3_task-rest_desc-framenums_fFD.txt",185
"INET049","3",6,"rest","sub-INET049_ses-3_task-rest_desc-framenums_fFD.txt","/Volumes/illinois-las-psych-gratton/iNetworks/Nifti/derivatives/preproc_fmriprep-24.1.1/sub-INET049/ses-3/func/FD_outputs/sub-INET049_ses-3_task-rest_desc-framenums_fFD.txt",192
"INET049","3",7,"rest","sub-INET049_ses-3_task-rest_desc-framenums_fFD.txt","/Volumes/illinois-las-psych-gratton/iNetworks/Nifti/derivatives/preproc_fmriprep-24.1.1/sub-INET049/ses-3/func/FD_outputs/sub-INET049_ses-3_task-rest_desc-framenums_fFD.txt",255
"INET049","3",8,"rest","sub-INET049_ses-3_task-rest_desc-framenums_fFD.txt","/Volumes/illinois-las-psych-gratton/iNetworks/Nifti/derivatives/preproc_fmriprep-24.1.1/sub-INET049/ses-3/func/FD_outputs/sub-INET049_ses-3_task-rest_desc-framenums_fFD.txt",243
"INET049","3",9,"rest","sub-INET049_ses-3_task-rest_desc-framenums_fFD.txt","/Volumes/illinois-las-psych-gratton/iNetworks/Nifti/derivatives/preproc_fmriprep-24.1.1/sub-INET049/ses-3/func/FD_outputs/sub-INET049_ses-3_task-rest_desc-framenums_fFD.txt",242
"INET049","4",1,"rest","sub-INET049_ses-4_task-rest_desc-framenums_fFD.txt","/Volumes/illinois-las-psych-gratton/iNetworks/Nifti/derivatives/preproc_fmriprep-24.1.1/sub-INET049/ses-4/func/FD_outputs/sub-INET049_ses-4_task-rest_desc-framenums_fFD.txt",248
"INET049","4",2,"rest","sub-INET049_ses-4_task-rest_desc-framenums_fFD.txt","/Volumes/illinois-las-psych-gratton/iNetworks/Nifti/derivatives/preproc_fmriprep-24.1.1/sub-INET049/ses-4/func/FD_outputs/sub-INET049_ses-4_task-rest_desc-framenums_fFD.txt",180
"INET049","4",3,"rest","sub-INET049_ses-4_task-rest_desc-framenums_fFD.txt","/Volumes/illinois-las-psych-gratton/iNetworks/Nifti/derivatives/preproc_fmriprep-24.1.1/sub-INET049/ses-4/func/FD_outputs/sub-INET049_ses-4_task-rest_desc-framenums_fFD.txt",246
"INET049","4",4,"rest","sub-INET049_ses-4_task-rest_desc-framenums_fFD.txt","/Volumes/illinois-las-psych-gratton/iNetworks/Nifti/derivatives/preproc_fmriprep-24.1.1/sub-INET049/ses-4/func/FD_outputs/sub-INET049_ses-4_task-rest_desc-framenums_fFD.txt",193
"INET049","4",5,"rest","sub-INET049_ses-4_task-rest_desc-framenums_fFD.txt","/Volumes/illinois-las-psych-gratton/iNetworks/Nifti/derivatives/preproc_fmriprep-24.1.1/sub-INET049/ses-4/func/FD_outputs/sub-INET049_ses-4_task-rest_desc-framenums_fFD.txt",135
"INET049","4",6,"rest","sub-INET049_ses-4_task-rest_desc-framenums_fFD.txt","/Volumes/illinois-las-psych-gratton/iNetworks/Nifti/derivatives/preproc_fmriprep-24.1.1/sub-INET049/ses-4/func/FD_outputs/sub-INET049_ses-4_task-rest_desc-framenums_fFD.txt",171
"INET049","4",7,"rest","sub-INET049_ses-4_task-rest_desc-framenums_fFD.txt","/Volumes/illinois-las-psych-gratton/iNetworks/Nifti/derivatives/preproc_fmriprep-24.1.1/sub-INET049/ses-4/func/FD_outputs/sub-INET049_ses-4_task-rest_desc-framenums_fFD.txt",258
"INET050","1",1,"rest","sub-INET050_ses-1_task-rest_desc-framenums_fFD.txt","/Volumes/illinois-las-psych-gratton/iNetworks/Nifti/derivatives/preproc_fmriprep-24.1.1/sub-INET050/ses-1/func/FD_outputs/sub-INET050_ses-1_task-rest_desc-framenums_fFD.txt",265
"INET050","1",2,"rest","sub-INET050_ses-1_task-rest_desc-framenums_fFD.txt","/Volumes/illinois-las-psych-gratton/iNetworks/Nifti/derivatives/preproc_fmriprep-24.1.1/sub-INET050/ses-1/func/FD_outputs/sub-INET050_ses-1_task-rest_desc-framenums_fFD.txt",265
"INET050","1",3,"rest","sub-INET050_ses-1_task-rest_desc-framenums_fFD.txt","/Volumes/illinois-las-psych-gratton/iNetworks/Nifti/derivatives/preproc_fmriprep-24.1.1/sub-INET050/ses-1/func/FD_outputs/sub-INET050_ses-1_task-rest_desc-framenums_fFD.txt",265
"INET050","1",4,"rest","sub-INET050_ses-1_task-rest_desc-framenums_fFD.txt","/Volumes/illinois-las-psych-gratton/iNetworks/Nifti/derivatives/preproc_fmriprep-24.1.1/sub-INET050/ses-1/func/FD_outputs/sub-INET050_ses-1_task-rest_desc-framenums_fFD.txt",264
"INET050","1",5,"rest","sub-INET050_ses-1_task-rest_desc-framenums_fFD.txt","/Volumes/illinois-las-psych-gratton/iNetworks/Nifti/derivatives/preproc_fmriprep-24.1.1/sub-INET050/ses-1/func/FD_outputs/sub-INET050_ses-1_task-rest_desc-framenums_fFD.txt",265
"INET050","1",6,"rest","sub-INET050_ses-1_task-rest_desc-framenums_fFD.txt","/Volumes/illinois-las-psych-gratton/iNetworks/Nifti/derivatives/preproc_fmriprep-24.1.1/sub-INET050/ses-1/func/FD_outputs/sub-INET050_ses-1_task-rest_desc-framenums_fFD.txt",264
"INET050","1",7,"rest","sub-INET050_ses-1_task-rest_desc-framenums_fFD.txt","/Volumes/illinois-las-psych-gratton/iNetworks/Nifti/derivatives/preproc_fmriprep-24.1.1/sub-INET050/ses-1/func/FD_outputs/sub-INET050_ses-1_task-rest_desc-framenums_fFD.txt",265
"INET050","1",8,"rest","sub-INET050_ses-1_task-rest_desc-framenums_fFD.txt","/Volumes/illinois-las-psych-gratton/iNetworks/Nifti/derivatives/preproc_fmriprep-24.1.1/sub-INET050/ses-1/func/FD_outputs/sub-INET050_ses-1_task-rest_desc-framenums_fFD.txt",264
"INET050","2",1,"rest","sub-INET050_ses-2_task-rest_desc-framenums_fFD.txt","/Volumes/illinois-las-psych-gratton/iNetworks/Nifti/derivatives/preproc_fmriprep-24.1.1/sub-INET050/ses-2/func/FD_outputs/sub-INET050_ses-2_task-rest_desc-framenums_fFD.txt",265
"INET050","2",2,"rest","sub-INET050_ses-2_task-rest_desc-framenums_fFD.txt","/Volumes/illinois-las-psych-gratton/iNetworks/Nifti/derivatives/preproc_fmriprep-24.1.1/sub-INET050/ses-2/func/FD_outputs/sub-INET050_ses-2_task-rest_desc-framenums_fFD.txt",264
"INET050","2",3,"rest","sub-INET050_ses-2_task-rest_desc-framenums_fFD.txt","/Volumes/illinois-las-psych-gratton/iNetworks/Nifti/derivatives/preproc_fmriprep-24.1.1/sub-INET050/ses-2/func/FD_outputs/sub-INET050_ses-2_task-rest_desc-framenums_fFD.txt",264
"INET050","2",4,"rest","sub-INET050_ses-2_task-rest_desc-framenums_fFD.txt","/Volumes/illinois-las-psych-gratton/iNetworks/Nifti/derivatives/preproc_fmriprep-24.1.1/sub-INET050/ses-2/func/FD_outputs/sub-INET050_ses-2_task-rest_desc-framenums_fFD.txt",264
"INET050","2",5,"rest","sub-INET050_ses-2_task-rest_desc-framenums_fFD.txt","/Volumes/illinois-las-psych-gratton/iNetworks/Nifti/derivatives/preproc_fmriprep-24.1.1/sub-INET050/ses-2/func/FD_outputs/sub-INET050_ses-2_task-rest_desc-framenums_fFD.txt",264
"INET050","2",6,"rest","sub-INET050_ses-2_task-rest_desc-framenums_fFD.txt","/Volumes/illinois-las-psych-gratton/iNetworks/Nifti/derivatives/preproc_fmriprep-24.1.1/sub-INET050/ses-2/func/FD_outputs/sub-INET050_ses-2_task-rest_desc-framenums_fFD.txt",264
"INET050","2",7,"rest","sub-INET050_ses-2_task-rest_desc-framenums_fFD.txt","/Volumes/illinois-las-psych-gratton/iNetworks/Nifti/derivatives/preproc_fmriprep-24.1.1/sub-INET050/ses-2/func/FD_outputs/sub-INET050_ses-2_task-rest_desc-framenums_fFD.txt",264
"INET050","2",8,"rest","sub-INET050_ses-2_task-rest_desc-framenums_fFD.txt","/Volumes/illinois-las-psych-gratton/iNetworks/Nifti/derivatives/preproc_fmriprep-24.1.1/sub-INET050/ses-2/func/FD_outputs/sub-INET050_ses-2_task-rest_desc-framenums_fFD.txt",263
"INET050","3",1,"rest","sub-INET050_ses-3_task-rest_desc-framenums_fFD.txt","/Volumes/illinois-las-psych-gratton/iNetworks/Nifti/derivatives/preproc_fmriprep-24.1.1/sub-INET050/ses-3/func/FD_outputs/sub-INET050_ses-3_task-rest_desc-framenums_fFD.txt",263
"INET050","3",2,"rest","sub-INET050_ses-3_task-rest_desc-framenums_fFD.txt","/Volumes/illinois-las-psych-gratton/iNetworks/Nifti/derivatives/preproc_fmriprep-24.1.1/sub-INET050/ses-3/func/FD_outputs/sub-INET050_ses-3_task-rest_desc-framenums_fFD.txt",263
"INET050","3",3,"rest","sub-INET050_ses-3_task-rest_desc-framenums_fFD.txt","/Volumes/illinois-las-psych-gratton/iNetworks/Nifti/derivatives/preproc_fmriprep-24.1.1/sub-INET050/ses-3/func/FD_outputs/sub-INET050_ses-3_task-rest_desc-framenums_fFD.txt",264
"INET050","3",4,"rest","sub-INET050_ses-3_task-rest_desc-framenums_fFD.txt","/Volumes/illinois-las-psych-gratton/iNetworks/Nifti/derivatives/preproc_fmriprep-24.1.1/sub-INET050/ses-3/func/FD_outputs/sub-INET050_ses-3_task-rest_desc-framenums_fFD.txt",265
"INET050","3",5,"rest","sub-INET050_ses-3_task-rest_desc-framenums_fFD.txt","/Volumes/illinois-las-psych-gratton/iNetworks/Nifti/derivatives/preproc_fmriprep-24.1.1/sub-INET050/ses-3/func/FD_outputs/sub-INET050_ses-3_task-rest_desc-framenums_fFD.txt",265
"INET050","3",6,"rest","sub-INET050_ses-3_task-rest_desc-framenums_fFD.txt","/Volumes/illinois-las-psych-gratton/iNetworks/Nifti/derivatives/preproc_fmriprep-24.1.1/sub-INET050/ses-3/func/FD_outputs/sub-INET050_ses-3_task-rest_desc-framenums_fFD.txt",264
"INET050","3",7,"rest","sub-INET050_ses-3_task-rest_desc-framenums_fFD.txt","/Volumes/illinois-las-psych-gratton/iNetworks/Nifti/derivatives/preproc_fmriprep-24.1.1/sub-INET050/ses-3/func/FD_outputs/sub-INET050_ses-3_task-rest_desc-framenums_fFD.txt",264
"INET050","3",8,"rest","sub-INET050_ses-3_task-rest_desc-framenums_fFD.txt","/Volumes/illinois-las-psych-gratton/iNetworks/Nifti/derivatives/preproc_fmriprep-24.1.1/sub-INET050/ses-3/func/FD_outputs/sub-INET050_ses-3_task-rest_desc-framenums_fFD.txt",264
"INET050","4",1,"rest","sub-INET050_ses-4_task-rest_desc-framenums_fFD.txt","/Volumes/illinois-las-psych-gratton/iNetworks/Nifti/derivatives/preproc_fmriprep-24.1.1/sub-INET050/ses-4/func/FD_outputs/sub-INET050_ses-4_task-rest_desc-framenums_fFD.txt",265
"INET050","4",2,"rest","sub-INET050_ses-4_task-rest_desc-framenums_fFD.txt","/Volumes/illinois-las-psych-gratton/iNetworks/Nifti/derivatives/preproc_fmriprep-24.1.1/sub-INET050/ses-4/func/FD_outputs/sub-INET050_ses-4_task-rest_desc-framenums_fFD.txt",264
"INET050","4",3,"rest","sub-INET050_ses-4_task-rest_desc-framenums_fFD.txt","/Volumes/illinois-las-psych-gratton/iNetworks/Nifti/derivatives/preproc_fmriprep-24.1.1/sub-INET050/ses-4/func/FD_outputs/sub-INET050_ses-4_task-rest_desc-framenums_fFD.txt",264
"INET050","4",4,"rest","sub-INET050_ses-4_task-rest_desc-framenums_fFD.txt","/Volumes/illinois-las-psych-gratton/iNetworks/Nifti/derivatives/preproc_fmriprep-24.1.1/sub-INET050/ses-4/func/FD_outputs/sub-INET050_ses-4_task-rest_desc-framenums_fFD.txt",265
"INET050","4",5,"rest","sub-INET050_ses-4_task-rest_desc-framenums_fFD.txt","/Volumes/illinois-las-psych-gratton/iNetworks/Nifti/derivatives/preproc_fmriprep-24.1.1/sub-INET050/ses-4/func/FD_outputs/sub-INET050_ses-4_task-rest_desc-framenums_fFD.txt",264
"INET050","4",6,"rest","sub-INET050_ses-4_task-rest_desc-framenums_fFD.txt","/Volumes/illinois-las-psych-gratton/iNetworks/Nifti/derivatives/preproc_fmriprep-24.1.1/sub-INET050/ses-4/func/FD_outputs/sub-INET050_ses-4_task-rest_desc-framenums_fFD.txt",265
"INET050","4",7,"rest","sub-INET050_ses-4_task-rest_desc-framenums_fFD.txt","/Volumes/illinois-las-psych-gratton/iNetworks/Nifti/derivatives/preproc_fmriprep-24.1.1/sub-INET050/ses-4/func/FD_outputs/sub-INET050_ses-4_task-rest_desc-framenums_fFD.txt",263
"INET050","4",8,"rest","sub-INET050_ses-4_task-rest_desc-framenums_fFD.txt","/Volumes/illinois-las-psych-gratton/iNetworks/Nifti/derivatives/preproc_fmriprep-24.1.1/sub-INET050/ses-4/func/FD_outputs/sub-INET050_ses-4_task-rest_desc-framenums_fFD.txt",264
"INET050","4",9,"rest","sub-INET050_ses-4_task-rest_desc-framenums_fFD.txt","/Volumes/illinois-las-psych-gratton/iNetworks/Nifti/derivatives/preproc_fmriprep-24.1.1/sub-INET050/ses-4/func/FD_outputs/sub-INET050_ses-4_task-rest_desc-framenums_fFD.txt",264
"INET051","1",1,"rest","sub-INET051_ses-1_task-rest_desc-framenums_fFD.txt","/Volumes/illinois-las-psych-gratton/iNetworks/Nifti/derivatives/preproc_fmriprep-24.1.1/sub-INET051/ses-1/func/FD_outputs/sub-INET051_ses-1_task-rest_desc-framenums_fFD.txt",265
"INET051","1",2,"rest","sub-INET051_ses-1_task-rest_desc-framenums_fFD.txt","/Volumes/illinois-las-psych-gratton/iNetworks/Nifti/derivatives/preproc_fmriprep-24.1.1/sub-INET051/ses-1/func/FD_outputs/sub-INET051_ses-1_task-rest_desc-framenums_fFD.txt",264
"INET051","1",3,"rest","sub-INET051_ses-1_task-rest_desc-framenums_fFD.txt","/Volumes/illinois-las-psych-gratton/iNetworks/Nifti/derivatives/preproc_fmriprep-24.1.1/sub-INET051/ses-1/func/FD_outputs/sub-INET051_ses-1_task-rest_desc-framenums_fFD.txt",265
"INET051","1",4,"rest","sub-INET051_ses-1_task-rest_desc-framenums_fFD.txt","/Volumes/illinois-las-psych-gratton/iNetworks/Nifti/derivatives/preproc_fmriprep-24.1.1/sub-INET051/ses-1/func/FD_outputs/sub-INET051_ses-1_task-rest_desc-framenums_fFD.txt",265
"INET051","1",5,"rest","sub-INET051_ses-1_task-rest_desc-framenums_fFD.txt","/Volumes/illinois-las-psych-gratton/iNetworks/Nifti/derivatives/preproc_fmriprep-24.1.1/sub-INET051/ses-1/func/FD_outputs/sub-INET051_ses-1_task-rest_desc-framenums_fFD.txt",265
"INET051","1",6,"rest","sub-INET051_ses-1_task-rest_desc-framenums_fFD.txt","/Volumes/illinois-las-psych-gratton/iNetworks/Nifti/derivatives/preproc_fmriprep-24.1.1/sub-INET051/ses-1/func/FD_outputs/sub-INET051_ses-1_task-rest_desc-framenums_fFD.txt",265
"INET051","1",7,"rest","sub-INET051_ses-1_task-rest_desc-framenums_fFD.txt","/Volumes/illinois-las-psych-gratton/iNetworks/Nifti/derivatives/preproc_fmriprep-24.1.1/sub-INET051/ses-1/func/FD_outputs/sub-INET051_ses-1_task-rest_desc-framenums_fFD.txt",265
"INET051","2",1,"rest","sub-INET051_ses-2_task-rest_desc-framenums_fFD.txt","/Volumes/illinois-las-psych-gratton/iNetworks/Nifti/derivatives/preproc_fmriprep-24.1.1/sub-INET051/ses-2/func/FD_outputs/sub-INET051_ses-2_task-rest_desc-framenums_fFD.txt",265
"INET051","2",2,"rest","sub-INET051_ses-2_task-rest_desc-framenums_fFD.txt","/Volumes/illinois-las-psych-gratton/iNetworks/Nifti/derivatives/preproc_fmriprep-24.1.1/sub-INET051/ses-2/func/FD_outputs/sub-INET051_ses-2_task-rest_desc-framenums_fFD.txt",265
"INET051","2",3,"rest","sub-INET051_ses-2_task-rest_desc-framenums_fFD.txt","/Volumes/illinois-las-psych-gratton/iNetworks/Nifti/derivatives/preproc_fmriprep-24.1.1/sub-INET051/ses-2/func/FD_outputs/sub-INET051_ses-2_task-rest_desc-framenums_fFD.txt",263
"INET051","2",4,"rest","sub-INET051_ses-2_task-rest_desc-framenums_fFD.txt","/Volumes/illinois-las-psych-gratton/iNetworks/Nifti/derivatives/preproc_fmriprep-24.1.1/sub-INET051/ses-2/func/FD_outputs/sub-INET051_ses-2_task-rest_desc-framenums_fFD.txt",265
"INET051","2",5,"rest","sub-INET051_ses-2_task-rest_desc-framenums_fFD.txt","/Volumes/illinois-las-psych-gratton/iNetworks/Nifti/derivatives/preproc_fmriprep-24.1.1/sub-INET051/ses-2/func/FD_outputs/sub-INET051_ses-2_task-rest_desc-framenums_fFD.txt",264
"INET051","2",6,"rest","sub-INET051_ses-2_task-rest_desc-framenums_fFD.txt","/Volumes/illinois-las-psych-gratton/iNetworks/Nifti/derivatives/preproc_fmriprep-24.1.1/sub-INET051/ses-2/func/FD_outputs/sub-INET051_ses-2_task-rest_desc-framenums_fFD.txt",265
"INET051","2",7,"rest","sub-INET051_ses-2_task-rest_desc-framenums_fFD.txt","/Volumes/illinois-las-psych-gratton/iNetworks/Nifti/derivatives/preproc_fmriprep-24.1.1/sub-INET051/ses-2/func/FD_outputs/sub-INET051_ses-2_task-rest_desc-framenums_fFD.txt",265
"INET051","3",1,"rest","sub-INET051_ses-3_task-rest_desc-framenums_fFD.txt","/Volumes/illinois-las-psych-gratton/iNetworks/Nifti/derivatives/preproc_fmriprep-24.1.1/sub-INET051/ses-3/func/FD_outputs/sub-INET051_ses-3_task-rest_desc-framenums_fFD.txt",264
"INET051","3",2,"rest","sub-INET051_ses-3_task-rest_desc-framenums_fFD.txt","/Volumes/illinois-las-psych-gratton/iNetworks/Nifti/derivatives/preproc_fmriprep-24.1.1/sub-INET051/ses-3/func/FD_outputs/sub-INET051_ses-3_task-rest_desc-framenums_fFD.txt",265
"INET051","3",3,"rest","sub-INET051_ses-3_task-rest_desc-framenums_fFD.txt","/Volumes/illinois-las-psych-gratton/iNetworks/Nifti/derivatives/preproc_fmriprep-24.1.1/sub-INET051/ses-3/func/FD_outputs/sub-INET051_ses-3_task-rest_desc-framenums_fFD.txt",264
"INET051","3",4,"rest","sub-INET051_ses-3_task-rest_desc-framenums_fFD.txt","/Volumes/illinois-las-psych-gratton/iNetworks/Nifti/derivatives/preproc_fmriprep-24.1.1/sub-INET051/ses-3/func/FD_outputs/sub-INET051_ses-3_task-rest_desc-framenums_fFD.txt",265
"INET051","3",5,"rest","sub-INET051_ses-3_task-rest_desc-framenums_fFD.txt","/Volumes/illinois-las-psych-gratton/iNetworks/Nifti/derivatives/preproc_fmriprep-24.1.1/sub-INET051/ses-3/func/FD_outputs/sub-INET051_ses-3_task-rest_desc-framenums_fFD.txt",264
"INET051","3",6,"rest","sub-INET051_ses-3_task-rest_desc-framenums_fFD.txt","/Volumes/illinois-las-psych-gratton/iNetworks/Nifti/derivatives/preproc_fmriprep-24.1.1/sub-INET051/ses-3/func/FD_outputs/sub-INET051_ses-3_task-rest_desc-framenums_fFD.txt",265
"INET051","3",7,"rest","sub-INET051_ses-3_task-rest_desc-framenums_fFD.txt","/Volumes/illinois-las-psych-gratton/iNetworks/Nifti/derivatives/preproc_fmriprep-24.1.1/sub-INET051/ses-3/func/FD_outputs/sub-INET051_ses-3_task-rest_desc-framenums_fFD.txt",265
"INET051","3",8,"rest","sub-INET051_ses-3_task-rest_desc-framenums_fFD.txt","/Volumes/illinois-las-psych-gratton/iNetworks/Nifti/derivatives/preproc_fmriprep-24.1.1/sub-INET051/ses-3/func/FD_outputs/sub-INET051_ses-3_task-rest_desc-framenums_fFD.txt",265
"INET051","4",1,"rest","sub-INET051_ses-4_task-rest_desc-framenums_fFD.txt","/Volumes/illinois-las-psych-gratton/iNetworks/Nifti/derivatives/preproc_fmriprep-24.1.1/sub-INET051/ses-4/func/FD_outputs/sub-INET051_ses-4_task-rest_desc-framenums_fFD.txt",264
"INET051","4",2,"rest","sub-INET051_ses-4_task-rest_desc-framenums_fFD.txt","/Volumes/illinois-las-psych-gratton/iNetworks/Nifti/derivatives/preproc_fmriprep-24.1.1/sub-INET051/ses-4/func/FD_outputs/sub-INET051_ses-4_task-rest_desc-framenums_fFD.txt",265
"INET051","4",3,"rest","sub-INET051_ses-4_task-rest_desc-framenums_fFD.txt","/Volumes/illinois-las-psych-gratton/iNetworks/Nifti/derivatives/preproc_fmriprep-24.1.1/sub-INET051/ses-4/func/FD_outputs/sub-INET051_ses-4_task-rest_desc-framenums_fFD.txt",265
"INET051","4",4,"rest","sub-INET051_ses-4_task-rest_desc-framenums_fFD.txt","/Volumes/illinois-las-psych-gratton/iNetworks/Nifti/derivatives/preproc_fmriprep-24.1.1/sub-INET051/ses-4/func/FD_outputs/sub-INET051_ses-4_task-rest_desc-framenums_fFD.txt",265
"INET051","4",5,"rest","sub-INET051_ses-4_task-rest_desc-framenums_fFD.txt","/Volumes/illinois-las-psych-gratton/iNetworks/Nifti/derivatives/preproc_fmriprep-24.1.1/sub-INET051/ses-4/func/FD_outputs/sub-INET051_ses-4_task-rest_desc-framenums_fFD.txt",265
"INET051","4",6,"rest","sub-INET051_ses-4_task-rest_desc-framenums_fFD.txt","/Volumes/illinois-las-psych-gratton/iNetworks/Nifti/derivatives/preproc_fmriprep-24.1.1/sub-INET051/ses-4/func/FD_outputs/sub-INET051_ses-4_task-rest_desc-framenums_fFD.txt",265
"INET051","4",7,"rest","sub-INET051_ses-4_task-rest_desc-framenums_fFD.txt","/Volumes/illinois-las-psych-gratton/iNetworks/Nifti/derivatives/preproc_fmriprep-24.1.1/sub-INET051/ses-4/func/FD_outputs/sub-INET051_ses-4_task-rest_desc-framenums_fFD.txt",265
"INET051","4",8,"rest","sub-INET051_ses-4_task-rest_desc-framenums_fFD.txt","/Volumes/illinois-las-psych-gratton/iNetworks/Nifti/derivatives/preproc_fmriprep-24.1.1/sub-INET051/ses-4/func/FD_outputs/sub-INET051_ses-4_task-rest_desc-framenums_fFD.txt",265
"INET051","4",9,"rest","sub-INET051_ses-4_task-rest_desc-framenums_fFD.txt","/Volumes/illinois-las-psych-gratton/iNetworks/Nifti/derivatives/preproc_fmriprep-24.1.1/sub-INET051/ses-4/func/FD_outputs/sub-INET051_ses-4_task-rest_desc-framenums_fFD.txt",265
"INET052","1",1,"rest","sub-INET052_ses-1_task-rest_desc-framenums_fFD.txt","/Volumes/illinois-las-psych-gratton/iNetworks/Nifti/derivatives/preproc_fmriprep-24.1.1/sub-INET052/ses-1/func/FD_outputs/sub-INET052_ses-1_task-rest_desc-framenums_fFD.txt",264
"INET052","1",2,"rest","sub-INET052_ses-1_task-rest_desc-framenums_fFD.txt","/Volumes/illinois-las-psych-gratton/iNetworks/Nifti/derivatives/preproc_fmriprep-24.1.1/sub-INET052/ses-1/func/FD_outputs/sub-INET052_ses-1_task-rest_desc-framenums_fFD.txt",246
"INET052","1",3,"rest","sub-INET052_ses-1_task-rest_desc-framenums_fFD.txt","/Volumes/illinois-las-psych-gratton/iNetworks/Nifti/derivatives/preproc_fmriprep-24.1.1/sub-INET052/ses-1/func/FD_outputs/sub-INET052_ses-1_task-rest_desc-framenums_fFD.txt",250
"INET052","1",4,"rest","sub-INET052_ses-1_task-rest_desc-framenums_fFD.txt","/Volumes/illinois-las-psych-gratton/iNetworks/Nifti/derivatives/preproc_fmriprep-24.1.1/sub-INET052/ses-1/func/FD_outputs/sub-INET052_ses-1_task-rest_desc-framenums_fFD.txt",255
"INET052","1",5,"rest","sub-INET052_ses-1_task-rest_desc-framenums_fFD.txt","/Volumes/illinois-las-psych-gratton/iNetworks/Nifti/derivatives/preproc_fmriprep-24.1.1/sub-INET052/ses-1/func/FD_outputs/sub-INET052_ses-1_task-rest_desc-framenums_fFD.txt",264
"INET052","1",6,"rest","sub-INET052_ses-1_task-rest_desc-framenums_fFD.txt","/Volumes/illinois-las-psych-gratton/iNetworks/Nifti/derivatives/preproc_fmriprep-24.1.1/sub-INET052/ses-1/func/FD_outputs/sub-INET052_ses-1_task-rest_desc-framenums_fFD.txt",248
"INET052","1",7,"rest","sub-INET052_ses-1_task-rest_desc-framenums_fFD.txt","/Volumes/illinois-las-psych-gratton/iNetworks/Nifti/derivatives/preproc_fmriprep-24.1.1/sub-INET052/ses-1/func/FD_outputs/sub-INET052_ses-1_task-rest_desc-framenums_fFD.txt",264
"INET052","2",1,"rest","sub-INET052_ses-2_task-rest_desc-framenums_fFD.txt","/Volumes/illinois-las-psych-gratton/iNetworks/Nifti/derivatives/preproc_fmriprep-24.1.1/sub-INET052/ses-2/func/FD_outputs/sub-INET052_ses-2_task-rest_desc-framenums_fFD.txt",263
"INET052","2",2,"rest","sub-INET052_ses-2_task-rest_desc-framenums_fFD.txt","/Volumes/illinois-las-psych-gratton/iNetworks/Nifti/derivatives/preproc_fmriprep-24.1.1/sub-INET052/ses-2/func/FD_outputs/sub-INET052_ses-2_task-rest_desc-framenums_fFD.txt",249
"INET052","2",3,"rest","sub-INET052_ses-2_task-rest_desc-framenums_fFD.txt","/Volumes/illinois-las-psych-gratton/iNetworks/Nifti/derivatives/preproc_fmriprep-24.1.1/sub-INET052/ses-2/func/FD_outputs/sub-INET052_ses-2_task-rest_desc-framenums_fFD.txt",251
"INET052","2",4,"rest","sub-INET052_ses-2_task-rest_desc-framenums_fFD.txt","/Volumes/illinois-las-psych-gratton/iNetworks/Nifti/derivatives/preproc_fmriprep-24.1.1/sub-INET052/ses-2/func/FD_outputs/sub-INET052_ses-2_task-rest_desc-framenums_fFD.txt",242
"INET052","2",5,"rest","sub-INET052_ses-2_task-rest_desc-framenums_fFD.txt","/Volumes/illinois-las-psych-gratton/iNetworks/Nifti/derivatives/preproc_fmriprep-24.1.1/sub-INET052/ses-2/func/FD_outputs/sub-INET052_ses-2_task-rest_desc-framenums_fFD.txt",265
"INET052","2",6,"rest","sub-INET052_ses-2_task-rest_desc-framenums_fFD.txt","/Volumes/illinois-las-psych-gratton/iNetworks/Nifti/derivatives/preproc_fmriprep-24.1.1/sub-INET052/ses-2/func/FD_outputs/sub-INET052_ses-2_task-rest_desc-framenums_fFD.txt",263
"INET052","2",7,"rest","sub-INET052_ses-2_task-rest_desc-framenums_fFD.txt","/Volumes/illinois-las-psych-gratton/iNetworks/Nifti/derivatives/preproc_fmriprep-24.1.1/sub-INET052/ses-2/func/FD_outputs/sub-INET052_ses-2_task-rest_desc-framenums_fFD.txt",255
"INET052","3",1,"rest","sub-INET052_ses-3_task-rest_desc-framenums_fFD.txt","/Volumes/illinois-las-psych-gratton/iNetworks/Nifti/derivatives/preproc_fmriprep-24.1.1/sub-INET052/ses-3/func/FD_outputs/sub-INET052_ses-3_task-rest_desc-framenums_fFD.txt",264
"INET052","3",2,"rest","sub-INET052_ses-3_task-rest_desc-framenums_fFD.txt","/Volumes/illinois-las-psych-gratton/iNetworks/Nifti/derivatives/preproc_fmriprep-24.1.1/sub-INET052/ses-3/func/FD_outputs/sub-INET052_ses-3_task-rest_desc-framenums_fFD.txt",241
"INET052","3",3,"rest","sub-INET052_ses-3_task-rest_desc-framenums_fFD.txt","/Volumes/illinois-las-psych-gratton/iNetworks/Nifti/derivatives/preproc_fmriprep-24.1.1/sub-INET052/ses-3/func/FD_outputs/sub-INET052_ses-3_task-rest_desc-framenums_fFD.txt",238
"INET052","3",4,"rest","sub-INET052_ses-3_task-rest_desc-framenums_fFD.txt","/Volumes/illinois-las-psych-gratton/iNetworks/Nifti/derivatives/preproc_fmriprep-24.1.1/sub-INET052/ses-3/func/FD_outputs/sub-INET052_ses-3_task-rest_desc-framenums_fFD.txt",243
"INET052","3",5,"rest","sub-INET052_ses-3_task-rest_desc-framenums_fFD.txt","/Volumes/illinois-las-psych-gratton/iNetworks/Nifti/derivatives/preproc_fmriprep-24.1.1/sub-INET052/ses-3/func/FD_outputs/sub-INET052_ses-3_task-rest_desc-framenums_fFD.txt",264
"INET052","3",6,"rest","sub-INET052_ses-3_task-rest_desc-framenums_fFD.txt","/Volumes/illinois-las-psych-gratton/iNetworks/Nifti/derivatives/preproc_fmriprep-24.1.1/sub-INET052/ses-3/func/FD_outputs/sub-INET052_ses-3_task-rest_desc-framenums_fFD.txt",258
"INET052","3",7,"rest","sub-INET052_ses-3_task-rest_desc-framenums_fFD.txt","/Volumes/illinois-las-psych-gratton/iNetworks/Nifti/derivatives/preproc_fmriprep-24.1.1/sub-INET052/ses-3/func/FD_outputs/sub-INET052_ses-3_task-rest_desc-framenums_fFD.txt",247
"INET052","3",8,"rest","sub-INET052_ses-3_task-rest_desc-framenums_fFD.txt","/Volumes/illinois-las-psych-gratton/iNetworks/Nifti/derivatives/preproc_fmriprep-24.1.1/sub-INET052/ses-3/func/FD_outputs/sub-INET052_ses-3_task-rest_desc-framenums_fFD.txt",264
"INET052","4",1,"rest","sub-INET052_ses-4_task-rest_desc-framenums_fFD.txt","/Volumes/illinois-las-psych-gratton/iNetworks/Nifti/derivatives/preproc_fmriprep-24.1.1/sub-INET052/ses-4/func/FD_outputs/sub-INET052_ses-4_task-rest_desc-framenums_fFD.txt",264
"INET052","4",2,"rest","sub-INET052_ses-4_task-rest_desc-framenums_fFD.txt","/Volumes/illinois-las-psych-gratton/iNetworks/Nifti/derivatives/preproc_fmriprep-24.1.1/sub-INET052/ses-4/func/FD_outputs/sub-INET052_ses-4_task-rest_desc-framenums_fFD.txt",242
"INET052","4",3,"rest","sub-INET052_ses-4_task-rest_desc-framenums_fFD.txt","/Volumes/illinois-las-psych-gratton/iNetworks/Nifti/derivatives/preproc_fmriprep-24.1.1/sub-INET052/ses-4/func/FD_outputs/sub-INET052_ses-4_task-rest_desc-framenums_fFD.txt",252
"INET052","4",4,"rest","sub-INET052_ses-4_task-rest_desc-framenums_fFD.txt","/Volumes/illinois-las-psych-gratton/iNetworks/Nifti/derivatives/preproc_fmriprep-24.1.1/sub-INET052/ses-4/func/FD_outputs/sub-INET052_ses-4_task-rest_desc-framenums_fFD.txt",258
"INET052","4",5,"rest","sub-INET052_ses-4_task-rest_desc-framenums_fFD.txt","/Volumes/illinois-las-psych-gratton/iNetworks/Nifti/derivatives/preproc_fmriprep-24.1.1/sub-INET052/ses-4/func/FD_outputs/sub-INET052_ses-4_task-rest_desc-framenums_fFD.txt",243
"INET052","4",6,"rest","sub-INET052_ses-4_task-rest_desc-framenums_fFD.txt","/Volumes/illinois-las-psych-gratton/iNetworks/Nifti/derivatives/preproc_fmriprep-24.1.1/sub-INET052/ses-4/func/FD_outputs/sub-INET052_ses-4_task-rest_desc-framenums_fFD.txt",250
"INET052","4",7,"rest","sub-INET052_ses-4_task-rest_desc-framenums_fFD.txt","/Volumes/illinois-las-psych-gratton/iNetworks/Nifti/derivatives/preproc_fmriprep-24.1.1/sub-INET052/ses-4/func/FD_outputs/sub-INET052_ses-4_task-rest_desc-framenums_fFD.txt",263
"INET052","4",8,"rest","sub-INET052_ses-4_task-rest_desc-framenums_fFD.txt","/Volumes/illinois-las-psych-gratton/iNetworks/Nifti/derivatives/preproc_fmriprep-24.1.1/sub-INET052/ses-4/func/FD_outputs/sub-INET052_ses-4_task-rest_desc-framenums_fFD.txt",265
"INET053","1",1,"rest","sub-INET053_ses-1_task-rest_desc-framenums_fFD.txt","/Volumes/illinois-las-psych-gratton/iNetworks/Nifti/derivatives/preproc_fmriprep-24.1.1/sub-INET053/ses-1/func/FD_outputs/sub-INET053_ses-1_task-rest_desc-framenums_fFD.txt",259
"INET053","1",2,"rest","sub-INET053_ses-1_task-rest_desc-framenums_fFD.txt","/Volumes/illinois-las-psych-gratton/iNetworks/Nifti/derivatives/preproc_fmriprep-24.1.1/sub-INET053/ses-1/func/FD_outputs/sub-INET053_ses-1_task-rest_desc-framenums_fFD.txt",264
"INET053","1",3,"rest","sub-INET053_ses-1_task-rest_desc-framenums_fFD.txt","/Volumes/illinois-las-psych-gratton/iNetworks/Nifti/derivatives/preproc_fmriprep-24.1.1/sub-INET053/ses-1/func/FD_outputs/sub-INET053_ses-1_task-rest_desc-framenums_fFD.txt",260
"INET053","1",4,"rest","sub-INET053_ses-1_task-rest_desc-framenums_fFD.txt","/Volumes/illinois-las-psych-gratton/iNetworks/Nifti/derivatives/preproc_fmriprep-24.1.1/sub-INET053/ses-1/func/FD_outputs/sub-INET053_ses-1_task-rest_desc-framenums_fFD.txt",264
"INET053","1",5,"rest","sub-INET053_ses-1_task-rest_desc-framenums_fFD.txt","/Volumes/illinois-las-psych-gratton/iNetworks/Nifti/derivatives/preproc_fmriprep-24.1.1/sub-INET053/ses-1/func/FD_outputs/sub-INET053_ses-1_task-rest_desc-framenums_fFD.txt",255
"INET053","1",6,"rest","sub-INET053_ses-1_task-rest_desc-framenums_fFD.txt","/Volumes/illinois-las-psych-gratton/iNetworks/Nifti/derivatives/preproc_fmriprep-24.1.1/sub-INET053/ses-1/func/FD_outputs/sub-INET053_ses-1_task-rest_desc-framenums_fFD.txt",254
"INET053","2",1,"rest","sub-INET053_ses-2_task-rest_desc-framenums_fFD.txt","/Volumes/illinois-las-psych-gratton/iNetworks/Nifti/derivatives/preproc_fmriprep-24.1.1/sub-INET053/ses-2/func/FD_outputs/sub-INET053_ses-2_task-rest_desc-framenums_fFD.txt",264
"INET053","2",2,"rest","sub-INET053_ses-2_task-rest_desc-framenums_fFD.txt","/Volumes/illinois-las-psych-gratton/iNetworks/Nifti/derivatives/preproc_fmriprep-24.1.1/sub-INET053/ses-2/func/FD_outputs/sub-INET053_ses-2_task-rest_desc-framenums_fFD.txt",265
"INET053","2",3,"rest","sub-INET053_ses-2_task-rest_desc-framenums_fFD.txt","/Volumes/illinois-las-psych-gratton/iNetworks/Nifti/derivatives/preproc_fmriprep-24.1.1/sub-INET053/ses-2/func/FD_outputs/sub-INET053_ses-2_task-rest_desc-framenums_fFD.txt",265
"INET053","2",4,"rest","sub-INET053_ses-2_task-rest_desc-framenums_fFD.txt","/Volumes/illinois-las-psych-gratton/iNetworks/Nifti/derivatives/preproc_fmriprep-24.1.1/sub-INET053/ses-2/func/FD_outputs/sub-INET053_ses-2_task-rest_desc-framenums_fFD.txt",256
"INET053","2",5,"rest","sub-INET053_ses-2_task-rest_desc-framenums_fFD.txt","/Volumes/illinois-las-psych-gratton/iNetworks/Nifti/derivatives/preproc_fmriprep-24.1.1/sub-INET053/ses-2/func/FD_outputs/sub-INET053_ses-2_task-rest_desc-framenums_fFD.txt",251
"INET053","2",6,"rest","sub-INET053_ses-2_task-rest_desc-framenums_fFD.txt","/Volumes/illinois-las-psych-gratton/iNetworks/Nifti/derivatives/preproc_fmriprep-24.1.1/sub-INET053/ses-2/func/FD_outputs/sub-INET053_ses-2_task-rest_desc-framenums_fFD.txt",218
"INET053","2",7,"rest","sub-INET053_ses-2_task-rest_desc-framenums_fFD.txt","/Volumes/illinois-las-psych-gratton/iNetworks/Nifti/derivatives/preproc_fmriprep-24.1.1/sub-INET053/ses-2/func/FD_outputs/sub-INET053_ses-2_task-rest_desc-framenums_fFD.txt",215
"INET053","2",8,"rest","sub-INET053_ses-2_task-rest_desc-framenums_fFD.txt","/Volumes/illinois-las-psych-gratton/iNetworks/Nifti/derivatives/preproc_fmriprep-24.1.1/sub-INET053/ses-2/func/FD_outputs/sub-INET053_ses-2_task-rest_desc-framenums_fFD.txt",239
"INET053","3",1,"rest","sub-INET053_ses-3_task-rest_desc-framenums_fFD.txt","/Volumes/illinois-las-psych-gratton/iNetworks/Nifti/derivatives/preproc_fmriprep-24.1.1/sub-INET053/ses-3/func/FD_outputs/sub-INET053_ses-3_task-rest_desc-framenums_fFD.txt",263
"INET053","3",2,"rest","sub-INET053_ses-3_task-rest_desc-framenums_fFD.txt","/Volumes/illinois-las-psych-gratton/iNetworks/Nifti/derivatives/preproc_fmriprep-24.1.1/sub-INET053/ses-3/func/FD_outputs/sub-INET053_ses-3_task-rest_desc-framenums_fFD.txt",265
"INET053","3",3,"rest","sub-INET053_ses-3_task-rest_desc-framenums_fFD.txt","/Volumes/illinois-las-psych-gratton/iNetworks/Nifti/derivatives/preproc_fmriprep-24.1.1/sub-INET053/ses-3/func/FD_outputs/sub-INET053_ses-3_task-rest_desc-framenums_fFD.txt",256
"INET053","3",4,"rest","sub-INET053_ses-3_task-rest_desc-framenums_fFD.txt","/Volumes/illinois-las-psych-gratton/iNetworks/Nifti/derivatives/preproc_fmriprep-24.1.1/sub-INET053/ses-3/func/FD_outputs/sub-INET053_ses-3_task-rest_desc-framenums_fFD.txt",264
"INET053","3",5,"rest","sub-INET053_ses-3_task-rest_desc-framenums_fFD.txt","/Volumes/illinois-las-psych-gratton/iNetworks/Nifti/derivatives/preproc_fmriprep-24.1.1/sub-INET053/ses-3/func/FD_outputs/sub-INET053_ses-3_task-rest_desc-framenums_fFD.txt",264
"INET053","3",6,"rest","sub-INET053_ses-3_task-rest_desc-framenums_fFD.txt","/Volumes/illinois-las-psych-gratton/iNetworks/Nifti/derivatives/preproc_fmriprep-24.1.1/sub-INET053/ses-3/func/FD_outputs/sub-INET053_ses-3_task-rest_desc-framenums_fFD.txt",264
"INET053","3",7,"rest","sub-INET053_ses-3_task-rest_desc-framenums_fFD.txt","/Volumes/illinois-las-psych-gratton/iNetworks/Nifti/derivatives/preproc_fmriprep-24.1.1/sub-INET053/ses-3/func/FD_outputs/sub-INET053_ses-3_task-rest_desc-framenums_fFD.txt",259
"INET053","3",8,"rest","sub-INET053_ses-3_task-rest_desc-framenums_fFD.txt","/Volumes/illinois-las-psych-gratton/iNetworks/Nifti/derivatives/preproc_fmriprep-24.1.1/sub-INET053/ses-3/func/FD_outputs/sub-INET053_ses-3_task-rest_desc-framenums_fFD.txt",264
"INET053","4",1,"rest","sub-INET053_ses-4_task-rest_desc-framenums_fFD.txt","/Volumes/illinois-las-psych-gratton/iNetworks/Nifti/derivatives/preproc_fmriprep-24.1.1/sub-INET053/ses-4/func/FD_outputs/sub-INET053_ses-4_task-rest_desc-framenums_fFD.txt",263
"INET053","4",2,"rest","sub-INET053_ses-4_task-rest_desc-framenums_fFD.txt","/Volumes/illinois-las-psych-gratton/iNetworks/Nifti/derivatives/preproc_fmriprep-24.1.1/sub-INET053/ses-4/func/FD_outputs/sub-INET053_ses-4_task-rest_desc-framenums_fFD.txt",259
"INET053","4",3,"rest","sub-INET053_ses-4_task-rest_desc-framenums_fFD.txt","/Volumes/illinois-las-psych-gratton/iNetworks/Nifti/derivatives/preproc_fmriprep-24.1.1/sub-INET053/ses-4/func/FD_outputs/sub-INET053_ses-4_task-rest_desc-framenums_fFD.txt",235
"INET053","4",4,"rest","sub-INET053_ses-4_task-rest_desc-framenums_fFD.txt","/Volumes/illinois-las-psych-gratton/iNetworks/Nifti/derivatives/preproc_fmriprep-24.1.1/sub-INET053/ses-4/func/FD_outputs/sub-INET053_ses-4_task-rest_desc-framenums_fFD.txt",253
"INET053","4",5,"rest","sub-INET053_ses-4_task-rest_desc-framenums_fFD.txt","/Volumes/illinois-las-psych-gratton/iNetworks/Nifti/derivatives/preproc_fmriprep-24.1.1/sub-INET053/ses-4/func/FD_outputs/sub-INET053_ses-4_task-rest_desc-framenums_fFD.txt",256
"INET053","4",6,"rest","sub-INET053_ses-4_task-rest_desc-framenums_fFD.txt","/Volumes/illinois-las-psych-gratton/iNetworks/Nifti/derivatives/preproc_fmriprep-24.1.1/sub-INET053/ses-4/func/FD_outputs/sub-INET053_ses-4_task-rest_desc-framenums_fFD.txt",254
"INET053","4",7,"rest","sub-INET053_ses-4_task-rest_desc-framenums_fFD.txt","/Volumes/illinois-las-psych-gratton/iNetworks/Nifti/derivatives/preproc_fmriprep-24.1.1/sub-INET053/ses-4/func/FD_outputs/sub-INET053_ses-4_task-rest_desc-framenums_fFD.txt",209
"INET053","4",8,"rest","sub-INET053_ses-4_task-rest_desc-framenums_fFD.txt","/Volumes/illinois-las-psych-gratton/iNetworks/Nifti/derivatives/preproc_fmriprep-24.1.1/sub-INET053/ses-4/func/FD_outputs/sub-INET053_ses-4_task-rest_desc-framenums_fFD.txt",199
"INET055","1",1,"rest","sub-INET055_ses-1_task-rest_desc-framenums_fFD.txt","/Volumes/illinois-las-psych-gratton/iNetworks/Nifti/derivatives/preproc_fmriprep-24.1.1/sub-INET055/ses-1/func/FD_outputs/sub-INET055_ses-1_task-rest_desc-framenums_fFD.txt",264
"INET055","1",2,"rest","sub-INET055_ses-1_task-rest_desc-framenums_fFD.txt","/Volumes/illinois-las-psych-gratton/iNetworks/Nifti/derivatives/preproc_fmriprep-24.1.1/sub-INET055/ses-1/func/FD_outputs/sub-INET055_ses-1_task-rest_desc-framenums_fFD.txt",264
"INET055","1",3,"rest","sub-INET055_ses-1_task-rest_desc-framenums_fFD.txt","/Volumes/illinois-las-psych-gratton/iNetworks/Nifti/derivatives/preproc_fmriprep-24.1.1/sub-INET055/ses-1/func/FD_outputs/sub-INET055_ses-1_task-rest_desc-framenums_fFD.txt",265
"INET055","1",4,"rest","sub-INET055_ses-1_task-rest_desc-framenums_fFD.txt","/Volumes/illinois-las-psych-gratton/iNetworks/Nifti/derivatives/preproc_fmriprep-24.1.1/sub-INET055/ses-1/func/FD_outputs/sub-INET055_ses-1_task-rest_desc-framenums_fFD.txt",248
"INET055","1",5,"rest","sub-INET055_ses-1_task-rest_desc-framenums_fFD.txt","/Volumes/illinois-las-psych-gratton/iNetworks/Nifti/derivatives/preproc_fmriprep-24.1.1/sub-INET055/ses-1/func/FD_outputs/sub-INET055_ses-1_task-rest_desc-framenums_fFD.txt",258
"INET055","1",6,"rest","sub-INET055_ses-1_task-rest_desc-framenums_fFD.txt","/Volumes/illinois-las-psych-gratton/iNetworks/Nifti/derivatives/preproc_fmriprep-24.1.1/sub-INET055/ses-1/func/FD_outputs/sub-INET055_ses-1_task-rest_desc-framenums_fFD.txt",260
"INET055","1",7,"rest","sub-INET055_ses-1_task-rest_desc-framenums_fFD.txt","/Volumes/illinois-las-psych-gratton/iNetworks/Nifti/derivatives/preproc_fmriprep-24.1.1/sub-INET055/ses-1/func/FD_outputs/sub-INET055_ses-1_task-rest_desc-framenums_fFD.txt",263
"INET055","2",1,"rest","sub-INET055_ses-2_task-rest_desc-framenums_fFD.txt","/Volumes/illinois-las-psych-gratton/iNetworks/Nifti/derivatives/preproc_fmriprep-24.1.1/sub-INET055/ses-2/func/FD_outputs/sub-INET055_ses-2_task-rest_desc-framenums_fFD.txt",263
"INET055","2",2,"rest","sub-INET055_ses-2_task-rest_desc-framenums_fFD.txt","/Volumes/illinois-las-psych-gratton/iNetworks/Nifti/derivatives/preproc_fmriprep-24.1.1/sub-INET055/ses-2/func/FD_outputs/sub-INET055_ses-2_task-rest_desc-framenums_fFD.txt",265
"INET055","2",3,"rest","sub-INET055_ses-2_task-rest_desc-framenums_fFD.txt","/Volumes/illinois-las-psych-gratton/iNetworks/Nifti/derivatives/preproc_fmriprep-24.1.1/sub-INET055/ses-2/func/FD_outputs/sub-INET055_ses-2_task-rest_desc-framenums_fFD.txt",265
"INET055","2",4,"rest","sub-INET055_ses-2_task-rest_desc-framenums_fFD.txt","/Volumes/illinois-las-psych-gratton/iNetworks/Nifti/derivatives/preproc_fmriprep-24.1.1/sub-INET055/ses-2/func/FD_outputs/sub-INET055_ses-2_task-rest_desc-framenums_fFD.txt",265
"INET055","2",5,"rest","sub-INET055_ses-2_task-rest_desc-framenums_fFD.txt","/Volumes/illinois-las-psych-gratton/iNetworks/Nifti/derivatives/preproc_fmriprep-24.1.1/sub-INET055/ses-2/func/FD_outputs/sub-INET055_ses-2_task-rest_desc-framenums_fFD.txt",265
"INET055","2",6,"rest","sub-INET055_ses-2_task-rest_desc-framenums_fFD.txt","/Volumes/illinois-las-psych-gratton/iNetworks/Nifti/derivatives/preproc_fmriprep-24.1.1/sub-INET055/ses-2/func/FD_outputs/sub-INET055_ses-2_task-rest_desc-framenums_fFD.txt",265
"INET055","2",7,"rest","sub-INET055_ses-2_task-rest_desc-framenums_fFD.txt","/Volumes/illinois-las-psych-gratton/iNetworks/Nifti/derivatives/preproc_fmriprep-24.1.1/sub-INET055/ses-2/func/FD_outputs/sub-INET055_ses-2_task-rest_desc-framenums_fFD.txt",265
"INET055","3",1,"rest","sub-INET055_ses-3_task-rest_desc-framenums_fFD.txt","/Volumes/illinois-las-psych-gratton/iNetworks/Nifti/derivatives/preproc_fmriprep-24.1.1/sub-INET055/ses-3/func/FD_outputs/sub-INET055_ses-3_task-rest_desc-framenums_fFD.txt",264
"INET055","3",2,"rest","sub-INET055_ses-3_task-rest_desc-framenums_fFD.txt","/Volumes/illinois-las-psych-gratton/iNetworks/Nifti/derivatives/preproc_fmriprep-24.1.1/sub-INET055/ses-3/func/FD_outputs/sub-INET055_ses-3_task-rest_desc-framenums_fFD.txt",264
"INET055","3",3,"rest","sub-INET055_ses-3_task-rest_desc-framenums_fFD.txt","/Volumes/illinois-las-psych-gratton/iNetworks/Nifti/derivatives/preproc_fmriprep-24.1.1/sub-INET055/ses-3/func/FD_outputs/sub-INET055_ses-3_task-rest_desc-framenums_fFD.txt",264
"INET055","3",4,"rest","sub-INET055_ses-3_task-rest_desc-framenums_fFD.txt","/Volumes/illinois-las-psych-gratton/iNetworks/Nifti/derivatives/preproc_fmriprep-24.1.1/sub-INET055/ses-3/func/FD_outputs/sub-INET055_ses-3_task-rest_desc-framenums_fFD.txt",264
"INET055","3",5,"rest","sub-INET055_ses-3_task-rest_desc-framenums_fFD.txt","/Volumes/illinois-las-psych-gratton/iNetworks/Nifti/derivatives/preproc_fmriprep-24.1.1/sub-INET055/ses-3/func/FD_outputs/sub-INET055_ses-3_task-rest_desc-framenums_fFD.txt",264
"INET055","3",6,"rest","sub-INET055_ses-3_task-rest_desc-framenums_fFD.txt","/Volumes/illinois-las-psych-gratton/iNetworks/Nifti/derivatives/preproc_fmriprep-24.1.1/sub-INET055/ses-3/func/FD_outputs/sub-INET055_ses-3_task-rest_desc-framenums_fFD.txt",265
"INET055","4",1,"rest","sub-INET055_ses-4_task-rest_desc-framenums_fFD.txt","/Volumes/illinois-las-psych-gratton/iNetworks/Nifti/derivatives/preproc_fmriprep-24.1.1/sub-INET055/ses-4/func/FD_outputs/sub-INET055_ses-4_task-rest_desc-framenums_fFD.txt",264
"INET055","4",2,"rest","sub-INET055_ses-4_task-rest_desc-framenums_fFD.txt","/Volumes/illinois-las-psych-gratton/iNetworks/Nifti/derivatives/preproc_fmriprep-24.1.1/sub-INET055/ses-4/func/FD_outputs/sub-INET055_ses-4_task-rest_desc-framenums_fFD.txt",265
"INET055","4",3,"rest","sub-INET055_ses-4_task-rest_desc-framenums_fFD.txt","/Volumes/illinois-las-psych-gratton/iNetworks/Nifti/derivatives/preproc_fmriprep-24.1.1/sub-INET055/ses-4/func/FD_outputs/sub-INET055_ses-4_task-rest_desc-framenums_fFD.txt",265
"INET055","4",4,"rest","sub-INET055_ses-4_task-rest_desc-framenums_fFD.txt","/Volumes/illinois-las-psych-gratton/iNetworks/Nifti/derivatives/preproc_fmriprep-24.1.1/sub-INET055/ses-4/func/FD_outputs/sub-INET055_ses-4_task-rest_desc-framenums_fFD.txt",265
"INET055","4",5,"rest","sub-INET055_ses-4_task-rest_desc-framenums_fFD.txt","/Volumes/illinois-las-psych-gratton/iNetworks/Nifti/derivatives/preproc_fmriprep-24.1.1/sub-INET055/ses-4/func/FD_outputs/sub-INET055_ses-4_task-rest_desc-framenums_fFD.txt",264
"INET055","4",6,"rest","sub-INET055_ses-4_task-rest_desc-framenums_fFD.txt","/Volumes/illinois-las-psych-gratton/iNetworks/Nifti/derivatives/preproc_fmriprep-24.1.1/sub-INET055/ses-4/func/FD_outputs/sub-INET055_ses-4_task-rest_desc-framenums_fFD.txt",259
"INET055","4",7,"rest","sub-INET055_ses-4_task-rest_desc-framenums_fFD.txt","/Volumes/illinois-las-psych-gratton/iNetworks/Nifti/derivatives/preproc_fmriprep-24.1.1/sub-INET055/ses-4/func/FD_outputs/sub-INET055_ses-4_task-rest_desc-framenums_fFD.txt",261
"INET055","4",8,"rest","sub-INET055_ses-4_task-rest_desc-framenums_fFD.txt","/Volumes/illinois-las-psych-gratton/iNetworks/Nifti/derivatives/preproc_fmriprep-24.1.1/sub-INET055/ses-4/func/FD_outputs/sub-INET055_ses-4_task-rest_desc-framenums_fFD.txt",265
"INET056","1",1,"rest","sub-INET056_ses-1_task-rest_desc-framenums_fFD.txt","/Volumes/illinois-las-psych-gratton/iNetworks/Nifti/derivatives/preproc_fmriprep-24.1.1/sub-INET056/ses-1/func/FD_outputs/sub-INET056_ses-1_task-rest_desc-framenums_fFD.txt",265
"INET056","1",2,"rest","sub-INET056_ses-1_task-rest_desc-framenums_fFD.txt","/Volumes/illinois-las-psych-gratton/iNetworks/Nifti/derivatives/preproc_fmriprep-24.1.1/sub-INET056/ses-1/func/FD_outputs/sub-INET056_ses-1_task-rest_desc-framenums_fFD.txt",261
"INET056","1",3,"rest","sub-INET056_ses-1_task-rest_desc-framenums_fFD.txt","/Volumes/illinois-las-psych-gratton/iNetworks/Nifti/derivatives/preproc_fmriprep-24.1.1/sub-INET056/ses-1/func/FD_outputs/sub-INET056_ses-1_task-rest_desc-framenums_fFD.txt",264
"INET056","1",4,"rest","sub-INET056_ses-1_task-rest_desc-framenums_fFD.txt","/Volumes/illinois-las-psych-gratton/iNetworks/Nifti/derivatives/preproc_fmriprep-24.1.1/sub-INET056/ses-1/func/FD_outputs/sub-INET056_ses-1_task-rest_desc-framenums_fFD.txt",263
"INET056","1",5,"rest","sub-INET056_ses-1_task-rest_desc-framenums_fFD.txt","/Volumes/illinois-las-psych-gratton/iNetworks/Nifti/derivatives/preproc_fmriprep-24.1.1/sub-INET056/ses-1/func/FD_outputs/sub-INET056_ses-1_task-rest_desc-framenums_fFD.txt",265
"INET056","1",6,"rest","sub-INET056_ses-1_task-rest_desc-framenums_fFD.txt","/Volumes/illinois-las-psych-gratton/iNetworks/Nifti/derivatives/preproc_fmriprep-24.1.1/sub-INET056/ses-1/func/FD_outputs/sub-INET056_ses-1_task-rest_desc-framenums_fFD.txt",258
"INET056","1",7,"rest","sub-INET056_ses-1_task-rest_desc-framenums_fFD.txt","/Volumes/illinois-las-psych-gratton/iNetworks/Nifti/derivatives/preproc_fmriprep-24.1.1/sub-INET056/ses-1/func/FD_outputs/sub-INET056_ses-1_task-rest_desc-framenums_fFD.txt",257
"INET056","1",8,"rest","sub-INET056_ses-1_task-rest_desc-framenums_fFD.txt","/Volumes/illinois-las-psych-gratton/iNetworks/Nifti/derivatives/preproc_fmriprep-24.1.1/sub-INET056/ses-1/func/FD_outputs/sub-INET056_ses-1_task-rest_desc-framenums_fFD.txt",264
"INET056","2",1,"rest","sub-INET056_ses-2_task-rest_desc-framenums_fFD.txt","/Volumes/illinois-las-psych-gratton/iNetworks/Nifti/derivatives/preproc_fmriprep-24.1.1/sub-INET056/ses-2/func/FD_outputs/sub-INET056_ses-2_task-rest_desc-framenums_fFD.txt",263
"INET056","2",2,"rest","sub-INET056_ses-2_task-rest_desc-framenums_fFD.txt","/Volumes/illinois-las-psych-gratton/iNetworks/Nifti/derivatives/preproc_fmriprep-24.1.1/sub-INET056/ses-2/func/FD_outputs/sub-INET056_ses-2_task-rest_desc-framenums_fFD.txt",265
"INET056","2",3,"rest","sub-INET056_ses-2_task-rest_desc-framenums_fFD.txt","/Volumes/illinois-las-psych-gratton/iNetworks/Nifti/derivatives/preproc_fmriprep-24.1.1/sub-INET056/ses-2/func/FD_outputs/sub-INET056_ses-2_task-rest_desc-framenums_fFD.txt",264
"INET056","2",4,"rest","sub-INET056_ses-2_task-rest_desc-framenums_fFD.txt","/Volumes/illinois-las-psych-gratton/iNetworks/Nifti/derivatives/preproc_fmriprep-24.1.1/sub-INET056/ses-2/func/FD_outputs/sub-INET056_ses-2_task-rest_desc-framenums_fFD.txt",250
"INET056","2",5,"rest","sub-INET056_ses-2_task-rest_desc-framenums_fFD.txt","/Volumes/illinois-las-psych-gratton/iNetworks/Nifti/derivatives/preproc_fmriprep-24.1.1/sub-INET056/ses-2/func/FD_outputs/sub-INET056_ses-2_task-rest_desc-framenums_fFD.txt",217
"INET056","2",6,"rest","sub-INET056_ses-2_task-rest_desc-framenums_fFD.txt","/Volumes/illinois-las-psych-gratton/iNetworks/Nifti/derivatives/preproc_fmriprep-24.1.1/sub-INET056/ses-2/func/FD_outputs/sub-INET056_ses-2_task-rest_desc-framenums_fFD.txt",157
"INET056","2",7,"rest","sub-INET056_ses-2_task-rest_desc-framenums_fFD.txt","/Volumes/illinois-las-psych-gratton/iNetworks/Nifti/derivatives/preproc_fmriprep-24.1.1/sub-INET056/ses-2/func/FD_outputs/sub-INET056_ses-2_task-rest_desc-framenums_fFD.txt",235
"INET056","2",8,"rest","sub-INET056_ses-2_task-rest_desc-framenums_fFD.txt","/Volumes/illinois-las-psych-gratton/iNetworks/Nifti/derivatives/preproc_fmriprep-24.1.1/sub-INET056/ses-2/func/FD_outputs/sub-INET056_ses-2_task-rest_desc-framenums_fFD.txt",241
"INET056","3",1,"rest","sub-INET056_ses-3_task-rest_desc-framenums_fFD.txt","/Volumes/illinois-las-psych-gratton/iNetworks/Nifti/derivatives/preproc_fmriprep-24.1.1/sub-INET056/ses-3/func/FD_outputs/sub-INET056_ses-3_task-rest_desc-framenums_fFD.txt",264
"INET056","3",2,"rest","sub-INET056_ses-3_task-rest_desc-framenums_fFD.txt","/Volumes/illinois-las-psych-gratton/iNetworks/Nifti/derivatives/preproc_fmriprep-24.1.1/sub-INET056/ses-3/func/FD_outputs/sub-INET056_ses-3_task-rest_desc-framenums_fFD.txt",264
"INET056","3",3,"rest","sub-INET056_ses-3_task-rest_desc-framenums_fFD.txt","/Volumes/illinois-las-psych-gratton/iNetworks/Nifti/derivatives/preproc_fmriprep-24.1.1/sub-INET056/ses-3/func/FD_outputs/sub-INET056_ses-3_task-rest_desc-framenums_fFD.txt",264
"INET056","3",4,"rest","sub-INET056_ses-3_task-rest_desc-framenums_fFD.txt","/Volumes/illinois-las-psych-gratton/iNetworks/Nifti/derivatives/preproc_fmriprep-24.1.1/sub-INET056/ses-3/func/FD_outputs/sub-INET056_ses-3_task-rest_desc-framenums_fFD.txt",264
"INET056","3",5,"rest","sub-INET056_ses-3_task-rest_desc-framenums_fFD.txt","/Volumes/illinois-las-psych-gratton/iNetworks/Nifti/derivatives/preproc_fmriprep-24.1.1/sub-INET056/ses-3/func/FD_outputs/sub-INET056_ses-3_task-rest_desc-framenums_fFD.txt",264
"INET056","3",6,"rest","sub-INET056_ses-3_task-rest_desc-framenums_fFD.txt","/Volumes/illinois-las-psych-gratton/iNetworks/Nifti/derivatives/preproc_fmriprep-24.1.1/sub-INET056/ses-3/func/FD_outputs/sub-INET056_ses-3_task-rest_desc-framenums_fFD.txt",264
"INET056","3",7,"rest","sub-INET056_ses-3_task-rest_desc-framenums_fFD.txt","/Volumes/illinois-las-psych-gratton/iNetworks/Nifti/derivatives/preproc_fmriprep-24.1.1/sub-INET056/ses-3/func/FD_outputs/sub-INET056_ses-3_task-rest_desc-framenums_fFD.txt",264
"INET056","3",8,"rest","sub-INET056_ses-3_task-rest_desc-framenums_fFD.txt","/Volumes/illinois-las-psych-gratton/iNetworks/Nifti/derivatives/preproc_fmriprep-24.1.1/sub-INET056/ses-3/func/FD_outputs/sub-INET056_ses-3_task-rest_desc-framenums_fFD.txt",264
"INET056","4",1,"rest","sub-INET056_ses-4_task-rest_desc-framenums_fFD.txt","/Volumes/illinois-las-psych-gratton/iNetworks/Nifti/derivatives/preproc_fmriprep-24.1.1/sub-INET056/ses-4/func/FD_outputs/sub-INET056_ses-4_task-rest_desc-framenums_fFD.txt",265
"INET056","4",2,"rest","sub-INET056_ses-4_task-rest_desc-framenums_fFD.txt","/Volumes/illinois-las-psych-gratton/iNetworks/Nifti/derivatives/preproc_fmriprep-24.1.1/sub-INET056/ses-4/func/FD_outputs/sub-INET056_ses-4_task-rest_desc-framenums_fFD.txt",264
"INET056","4",3,"rest","sub-INET056_ses-4_task-rest_desc-framenums_fFD.txt","/Volumes/illinois-las-psych-gratton/iNetworks/Nifti/derivatives/preproc_fmriprep-24.1.1/sub-INET056/ses-4/func/FD_outputs/sub-INET056_ses-4_task-rest_desc-framenums_fFD.txt",265
"INET056","4",4,"rest","sub-INET056_ses-4_task-rest_desc-framenums_fFD.txt","/Volumes/illinois-las-psych-gratton/iNetworks/Nifti/derivatives/preproc_fmriprep-24.1.1/sub-INET056/ses-4/func/FD_outputs/sub-INET056_ses-4_task-rest_desc-framenums_fFD.txt",265
"INET056","4",5,"rest","sub-INET056_ses-4_task-rest_desc-framenums_fFD.txt","/Volumes/illinois-las-psych-gratton/iNetworks/Nifti/derivatives/preproc_fmriprep-24.1.1/sub-INET056/ses-4/func/FD_outputs/sub-INET056_ses-4_task-rest_desc-framenums_fFD.txt",264
"INET056","4",6,"rest","sub-INET056_ses-4_task-rest_desc-framenums_fFD.txt","/Volumes/illinois-las-psych-gratton/iNetworks/Nifti/derivatives/preproc_fmriprep-24.1.1/sub-INET056/ses-4/func/FD_outputs/sub-INET056_ses-4_task-rest_desc-framenums_fFD.txt",264
"INET056","4",7,"rest","sub-INET056_ses-4_task-rest_desc-framenums_fFD.txt","/Volumes/illinois-las-psych-gratton/iNetworks/Nifti/derivatives/preproc_fmriprep-24.1.1/sub-INET056/ses-4/func/FD_outputs/sub-INET056_ses-4_task-rest_desc-framenums_fFD.txt",264
"INET056","4",8,"rest","sub-INET056_ses-4_task-rest_desc-framenums_fFD.txt","/Volumes/illinois-las-psych-gratton/iNetworks/Nifti/derivatives/preproc_fmriprep-24.1.1/sub-INET056/ses-4/func/FD_outputs/sub-INET056_ses-4_task-rest_desc-framenums_fFD.txt",264
"INET057","1",1,"rest","sub-INET057_ses-1_task-rest_desc-framenums_fFD.txt","/Volumes/illinois-las-psych-gratton/iNetworks/Nifti/derivatives/preproc_fmriprep-24.1.1/sub-INET057/ses-1/func/FD_outputs/sub-INET057_ses-1_task-rest_desc-framenums_fFD.txt",264
"INET057","1",2,"rest","sub-INET057_ses-1_task-rest_desc-framenums_fFD.txt","/Volumes/illinois-las-psych-gratton/iNetworks/Nifti/derivatives/preproc_fmriprep-24.1.1/sub-INET057/ses-1/func/FD_outputs/sub-INET057_ses-1_task-rest_desc-framenums_fFD.txt",265
"INET057","1",3,"rest","sub-INET057_ses-1_task-rest_desc-framenums_fFD.txt","/Volumes/illinois-las-psych-gratton/iNetworks/Nifti/derivatives/preproc_fmriprep-24.1.1/sub-INET057/ses-1/func/FD_outputs/sub-INET057_ses-1_task-rest_desc-framenums_fFD.txt",265
"INET057","1",4,"rest","sub-INET057_ses-1_task-rest_desc-framenums_fFD.txt","/Volumes/illinois-las-psych-gratton/iNetworks/Nifti/derivatives/preproc_fmriprep-24.1.1/sub-INET057/ses-1/func/FD_outputs/sub-INET057_ses-1_task-rest_desc-framenums_fFD.txt",265
"INET057","1",5,"rest","sub-INET057_ses-1_task-rest_desc-framenums_fFD.txt","/Volumes/illinois-las-psych-gratton/iNetworks/Nifti/derivatives/preproc_fmriprep-24.1.1/sub-INET057/ses-1/func/FD_outputs/sub-INET057_ses-1_task-rest_desc-framenums_fFD.txt",263
"INET057","1",6,"rest","sub-INET057_ses-1_task-rest_desc-framenums_fFD.txt","/Volumes/illinois-las-psych-gratton/iNetworks/Nifti/derivatives/preproc_fmriprep-24.1.1/sub-INET057/ses-1/func/FD_outputs/sub-INET057_ses-1_task-rest_desc-framenums_fFD.txt",261
"INET057","1",7,"rest","sub-INET057_ses-1_task-rest_desc-framenums_fFD.txt","/Volumes/illinois-las-psych-gratton/iNetworks/Nifti/derivatives/preproc_fmriprep-24.1.1/sub-INET057/ses-1/func/FD_outputs/sub-INET057_ses-1_task-rest_desc-framenums_fFD.txt",265
"INET057","2",1,"rest","sub-INET057_ses-2_task-rest_desc-framenums_fFD.txt","/Volumes/illinois-las-psych-gratton/iNetworks/Nifti/derivatives/preproc_fmriprep-24.1.1/sub-INET057/ses-2/func/FD_outputs/sub-INET057_ses-2_task-rest_desc-framenums_fFD.txt",264
"INET057","2",2,"rest","sub-INET057_ses-2_task-rest_desc-framenums_fFD.txt","/Volumes/illinois-las-psych-gratton/iNetworks/Nifti/derivatives/preproc_fmriprep-24.1.1/sub-INET057/ses-2/func/FD_outputs/sub-INET057_ses-2_task-rest_desc-framenums_fFD.txt",265
"INET057","2",3,"rest","sub-INET057_ses-2_task-rest_desc-framenums_fFD.txt","/Volumes/illinois-las-psych-gratton/iNetworks/Nifti/derivatives/preproc_fmriprep-24.1.1/sub-INET057/ses-2/func/FD_outputs/sub-INET057_ses-2_task-rest_desc-framenums_fFD.txt",253
"INET057","2",4,"rest","sub-INET057_ses-2_task-rest_desc-framenums_fFD.txt","/Volumes/illinois-las-psych-gratton/iNetworks/Nifti/derivatives/preproc_fmriprep-24.1.1/sub-INET057/ses-2/func/FD_outputs/sub-INET057_ses-2_task-rest_desc-framenums_fFD.txt",257
"INET057","2",5,"rest","sub-INET057_ses-2_task-rest_desc-framenums_fFD.txt","/Volumes/illinois-las-psych-gratton/iNetworks/Nifti/derivatives/preproc_fmriprep-24.1.1/sub-INET057/ses-2/func/FD_outputs/sub-INET057_ses-2_task-rest_desc-framenums_fFD.txt",255
"INET057","2",6,"rest","sub-INET057_ses-2_task-rest_desc-framenums_fFD.txt","/Volumes/illinois-las-psych-gratton/iNetworks/Nifti/derivatives/preproc_fmriprep-24.1.1/sub-INET057/ses-2/func/FD_outputs/sub-INET057_ses-2_task-rest_desc-framenums_fFD.txt",262
"INET057","2",7,"rest","sub-INET057_ses-2_task-rest_desc-framenums_fFD.txt","/Volumes/illinois-las-psych-gratton/iNetworks/Nifti/derivatives/preproc_fmriprep-24.1.1/sub-INET057/ses-2/func/FD_outputs/sub-INET057_ses-2_task-rest_desc-framenums_fFD.txt",259
"INET057","3",1,"rest","sub-INET057_ses-3_task-rest_desc-framenums_fFD.txt","/Volumes/illinois-las-psych-gratton/iNetworks/Nifti/derivatives/preproc_fmriprep-24.1.1/sub-INET057/ses-3/func/FD_outputs/sub-INET057_ses-3_task-rest_desc-framenums_fFD.txt",264
"INET057","3",2,"rest","sub-INET057_ses-3_task-rest_desc-framenums_fFD.txt","/Volumes/illinois-las-psych-gratton/iNetworks/Nifti/derivatives/preproc_fmriprep-24.1.1/sub-INET057/ses-3/func/FD_outputs/sub-INET057_ses-3_task-rest_desc-framenums_fFD.txt",264
"INET057","3",3,"rest","sub-INET057_ses-3_task-rest_desc-framenums_fFD.txt","/Volumes/illinois-las-psych-gratton/iNetworks/Nifti/derivatives/preproc_fmriprep-24.1.1/sub-INET057/ses-3/func/FD_outputs/sub-INET057_ses-3_task-rest_desc-framenums_fFD.txt",264
"INET057","3",4,"rest","sub-INET057_ses-3_task-rest_desc-framenums_fFD.txt","/Volumes/illinois-las-psych-gratton/iNetworks/Nifti/derivatives/preproc_fmriprep-24.1.1/sub-INET057/ses-3/func/FD_outputs/sub-INET057_ses-3_task-rest_desc-framenums_fFD.txt",262
"INET057","3",5,"rest","sub-INET057_ses-3_task-rest_desc-framenums_fFD.txt","/Volumes/illinois-las-psych-gratton/iNetworks/Nifti/derivatives/preproc_fmriprep-24.1.1/sub-INET057/ses-3/func/FD_outputs/sub-INET057_ses-3_task-rest_desc-framenums_fFD.txt",255
"INET057","3",6,"rest","sub-INET057_ses-3_task-rest_desc-framenums_fFD.txt","/Volumes/illinois-las-psych-gratton/iNetworks/Nifti/derivatives/preproc_fmriprep-24.1.1/sub-INET057/ses-3/func/FD_outputs/sub-INET057_ses-3_task-rest_desc-framenums_fFD.txt",264
"INET057","3",7,"rest","sub-INET057_ses-3_task-rest_desc-framenums_fFD.txt","/Volumes/illinois-las-psych-gratton/iNetworks/Nifti/derivatives/preproc_fmriprep-24.1.1/sub-INET057/ses-3/func/FD_outputs/sub-INET057_ses-3_task-rest_desc-framenums_fFD.txt",262
"INET057","3",8,"rest","sub-INET057_ses-3_task-rest_desc-framenums_fFD.txt","/Volumes/illinois-las-psych-gratton/iNetworks/Nifti/derivatives/preproc_fmriprep-24.1.1/sub-INET057/ses-3/func/FD_outputs/sub-INET057_ses-3_task-rest_desc-framenums_fFD.txt",263
"INET057","4",1,"rest","sub-INET057_ses-4_task-rest_desc-framenums_fFD.txt","/Volumes/illinois-las-psych-gratton/iNetworks/Nifti/derivatives/preproc_fmriprep-24.1.1/sub-INET057/ses-4/func/FD_outputs/sub-INET057_ses-4_task-rest_desc-framenums_fFD.txt",265
"INET057","4",2,"rest","sub-INET057_ses-4_task-rest_desc-framenums_fFD.txt","/Volumes/illinois-las-psych-gratton/iNetworks/Nifti/derivatives/preproc_fmriprep-24.1.1/sub-INET057/ses-4/func/FD_outputs/sub-INET057_ses-4_task-rest_desc-framenums_fFD.txt",263
"INET057","4",3,"rest","sub-INET057_ses-4_task-rest_desc-framenums_fFD.txt","/Volumes/illinois-las-psych-gratton/iNetworks/Nifti/derivatives/preproc_fmriprep-24.1.1/sub-INET057/ses-4/func/FD_outputs/sub-INET057_ses-4_task-rest_desc-framenums_fFD.txt",265
"INET057","4",4,"rest","sub-INET057_ses-4_task-rest_desc-framenums_fFD.txt","/Volumes/illinois-las-psych-gratton/iNetworks/Nifti/derivatives/preproc_fmriprep-24.1.1/sub-INET057/ses-4/func/FD_outputs/sub-INET057_ses-4_task-rest_desc-framenums_fFD.txt",264
"INET057","4",5,"rest","sub-INET057_ses-4_task-rest_desc-framenums_fFD.txt","/Volumes/illinois-las-psych-gratton/iNetworks/Nifti/derivatives/preproc_fmriprep-24.1.1/sub-INET057/ses-4/func/FD_outputs/sub-INET057_ses-4_task-rest_desc-framenums_fFD.txt",260
"INET057","4",6,"rest","sub-INET057_ses-4_task-rest_desc-framenums_fFD.txt","/Volumes/illinois-las-psych-gratton/iNetworks/Nifti/derivatives/preproc_fmriprep-24.1.1/sub-INET057/ses-4/func/FD_outputs/sub-INET057_ses-4_task-rest_desc-framenums_fFD.txt",265
"INET057","4",7,"rest","sub-INET057_ses-4_task-rest_desc-framenums_fFD.txt","/Volumes/illinois-las-psych-gratton/iNetworks/Nifti/derivatives/preproc_fmriprep-24.1.1/sub-INET057/ses-4/func/FD_outputs/sub-INET057_ses-4_task-rest_desc-framenums_fFD.txt",261
"INET057","4",8,"rest","sub-INET057_ses-4_task-rest_desc-framenums_fFD.txt","/Volumes/illinois-las-psych-gratton/iNetworks/Nifti/derivatives/preproc_fmriprep-24.1.1/sub-INET057/ses-4/func/FD_outputs/sub-INET057_ses-4_task-rest_desc-framenums_fFD.txt",265
"INET058","1",1,"rest","sub-INET058_ses-1_task-rest_desc-framenums_fFD.txt","/Volumes/illinois-las-psych-gratton/iNetworks/Nifti/derivatives/preproc_fmriprep-24.1.1/sub-INET058/ses-1/func/FD_outputs/sub-INET058_ses-1_task-rest_desc-framenums_fFD.txt",265
"INET058","1",2,"rest","sub-INET058_ses-1_task-rest_desc-framenums_fFD.txt","/Volumes/illinois-las-psych-gratton/iNetworks/Nifti/derivatives/preproc_fmriprep-24.1.1/sub-INET058/ses-1/func/FD_outputs/sub-INET058_ses-1_task-rest_desc-framenums_fFD.txt",264
"INET058","1",3,"rest","sub-INET058_ses-1_task-rest_desc-framenums_fFD.txt","/Volumes/illinois-las-psych-gratton/iNetworks/Nifti/derivatives/preproc_fmriprep-24.1.1/sub-INET058/ses-1/func/FD_outputs/sub-INET058_ses-1_task-rest_desc-framenums_fFD.txt",264
"INET058","1",4,"rest","sub-INET058_ses-1_task-rest_desc-framenums_fFD.txt","/Volumes/illinois-las-psych-gratton/iNetworks/Nifti/derivatives/preproc_fmriprep-24.1.1/sub-INET058/ses-1/func/FD_outputs/sub-INET058_ses-1_task-rest_desc-framenums_fFD.txt",264
"INET058","1",5,"rest","sub-INET058_ses-1_task-rest_desc-framenums_fFD.txt","/Volumes/illinois-las-psych-gratton/iNetworks/Nifti/derivatives/preproc_fmriprep-24.1.1/sub-INET058/ses-1/func/FD_outputs/sub-INET058_ses-1_task-rest_desc-framenums_fFD.txt",264
"INET058","1",6,"rest","sub-INET058_ses-1_task-rest_desc-framenums_fFD.txt","/Volumes/illinois-las-psych-gratton/iNetworks/Nifti/derivatives/preproc_fmriprep-24.1.1/sub-INET058/ses-1/func/FD_outputs/sub-INET058_ses-1_task-rest_desc-framenums_fFD.txt",264
"INET058","1",7,"rest","sub-INET058_ses-1_task-rest_desc-framenums_fFD.txt","/Volumes/illinois-las-psych-gratton/iNetworks/Nifti/derivatives/preproc_fmriprep-24.1.1/sub-INET058/ses-1/func/FD_outputs/sub-INET058_ses-1_task-rest_desc-framenums_fFD.txt",265
"INET058","2",1,"rest","sub-INET058_ses-2_task-rest_desc-framenums_fFD.txt","/Volumes/illinois-las-psych-gratton/iNetworks/Nifti/derivatives/preproc_fmriprep-24.1.1/sub-INET058/ses-2/func/FD_outputs/sub-INET058_ses-2_task-rest_desc-framenums_fFD.txt",265
"INET058","2",2,"rest","sub-INET058_ses-2_task-rest_desc-framenums_fFD.txt","/Volumes/illinois-las-psych-gratton/iNetworks/Nifti/derivatives/preproc_fmriprep-24.1.1/sub-INET058/ses-2/func/FD_outputs/sub-INET058_ses-2_task-rest_desc-framenums_fFD.txt",256
"INET058","2",3,"rest","sub-INET058_ses-2_task-rest_desc-framenums_fFD.txt","/Volumes/illinois-las-psych-gratton/iNetworks/Nifti/derivatives/preproc_fmriprep-24.1.1/sub-INET058/ses-2/func/FD_outputs/sub-INET058_ses-2_task-rest_desc-framenums_fFD.txt",258
"INET058","2",4,"rest","sub-INET058_ses-2_task-rest_desc-framenums_fFD.txt","/Volumes/illinois-las-psych-gratton/iNetworks/Nifti/derivatives/preproc_fmriprep-24.1.1/sub-INET058/ses-2/func/FD_outputs/sub-INET058_ses-2_task-rest_desc-framenums_fFD.txt",260
"INET058","2",5,"rest","sub-INET058_ses-2_task-rest_desc-framenums_fFD.txt","/Volumes/illinois-las-psych-gratton/iNetworks/Nifti/derivatives/preproc_fmriprep-24.1.1/sub-INET058/ses-2/func/FD_outputs/sub-INET058_ses-2_task-rest_desc-framenums_fFD.txt",262
"INET058","2",6,"rest","sub-INET058_ses-2_task-rest_desc-framenums_fFD.txt","/Volumes/illinois-las-psych-gratton/iNetworks/Nifti/derivatives/preproc_fmriprep-24.1.1/sub-INET058/ses-2/func/FD_outputs/sub-INET058_ses-2_task-rest_desc-framenums_fFD.txt",258
"INET058","2",7,"rest","sub-INET058_ses-2_task-rest_desc-framenums_fFD.txt","/Volumes/illinois-las-psych-gratton/iNetworks/Nifti/derivatives/preproc_fmriprep-24.1.1/sub-INET058/ses-2/func/FD_outputs/sub-INET058_ses-2_task-rest_desc-framenums_fFD.txt",264
"INET058","3",1,"rest","sub-INET058_ses-3_task-rest_desc-framenums_fFD.txt","/Volumes/illinois-las-psych-gratton/iNetworks/Nifti/derivatives/preproc_fmriprep-24.1.1/sub-INET058/ses-3/func/FD_outputs/sub-INET058_ses-3_task-rest_desc-framenums_fFD.txt",265
"INET058","3",2,"rest","sub-INET058_ses-3_task-rest_desc-framenums_fFD.txt","/Volumes/illinois-las-psych-gratton/iNetworks/Nifti/derivatives/preproc_fmriprep-24.1.1/sub-INET058/ses-3/func/FD_outputs/sub-INET058_ses-3_task-rest_desc-framenums_fFD.txt",265
"INET058","3",3,"rest","sub-INET058_ses-3_task-rest_desc-framenums_fFD.txt","/Volumes/illinois-las-psych-gratton/iNetworks/Nifti/derivatives/preproc_fmriprep-24.1.1/sub-INET058/ses-3/func/FD_outputs/sub-INET058_ses-3_task-rest_desc-framenums_fFD.txt",263
"INET058","3",4,"rest","sub-INET058_ses-3_task-rest_desc-framenums_fFD.txt","/Volumes/illinois-las-psych-gratton/iNetworks/Nifti/derivatives/preproc_fmriprep-24.1.1/sub-INET058/ses-3/func/FD_outputs/sub-INET058_ses-3_task-rest_desc-framenums_fFD.txt",262
"INET058","3",5,"rest","sub-INET058_ses-3_task-rest_desc-framenums_fFD.txt","/Volumes/illinois-las-psych-gratton/iNetworks/Nifti/derivatives/preproc_fmriprep-24.1.1/sub-INET058/ses-3/func/FD_outputs/sub-INET058_ses-3_task-rest_desc-framenums_fFD.txt",264
"INET058","3",6,"rest","sub-INET058_ses-3_task-rest_desc-framenums_fFD.txt","/Volumes/illinois-las-psych-gratton/iNetworks/Nifti/derivatives/preproc_fmriprep-24.1.1/sub-INET058/ses-3/func/FD_outputs/sub-INET058_ses-3_task-rest_desc-framenums_fFD.txt",265
"INET058","3",7,"rest","sub-INET058_ses-3_task-rest_desc-framenums_fFD.txt","/Volumes/illinois-las-psych-gratton/iNetworks/Nifti/derivatives/preproc_fmriprep-24.1.1/sub-INET058/ses-3/func/FD_outputs/sub-INET058_ses-3_task-rest_desc-framenums_fFD.txt",264
"INET058","3",8,"rest","sub-INET058_ses-3_task-rest_desc-framenums_fFD.txt","/Volumes/illinois-las-psych-gratton/iNetworks/Nifti/derivatives/preproc_fmriprep-24.1.1/sub-INET058/ses-3/func/FD_outputs/sub-INET058_ses-3_task-rest_desc-framenums_fFD.txt",264
"INET058","3",9,"rest","sub-INET058_ses-3_task-rest_desc-framenums_fFD.txt","/Volumes/illinois-las-psych-gratton/iNetworks/Nifti/derivatives/preproc_fmriprep-24.1.1/sub-INET058/ses-3/func/FD_outputs/sub-INET058_ses-3_task-rest_desc-framenums_fFD.txt",264
"INET058","4",1,"rest","sub-INET058_ses-4_task-rest_desc-framenums_fFD.txt","/Volumes/illinois-las-psych-gratton/iNetworks/Nifti/derivatives/preproc_fmriprep-24.1.1/sub-INET058/ses-4/func/FD_outputs/sub-INET058_ses-4_task-rest_desc-framenums_fFD.txt",265
"INET058","4",2,"rest","sub-INET058_ses-4_task-rest_desc-framenums_fFD.txt","/Volumes/illinois-las-psych-gratton/iNetworks/Nifti/derivatives/preproc_fmriprep-24.1.1/sub-INET058/ses-4/func/FD_outputs/sub-INET058_ses-4_task-rest_desc-framenums_fFD.txt",263
"INET058","4",3,"rest","sub-INET058_ses-4_task-rest_desc-framenums_fFD.txt","/Volumes/illinois-las-psych-gratton/iNetworks/Nifti/derivatives/preproc_fmriprep-24.1.1/sub-INET058/ses-4/func/FD_outputs/sub-INET058_ses-4_task-rest_desc-framenums_fFD.txt",265
"INET058","4",4,"rest","sub-INET058_ses-4_task-rest_desc-framenums_fFD.txt","/Volumes/illinois-las-psych-gratton/iNetworks/Nifti/derivatives/preproc_fmriprep-24.1.1/sub-INET058/ses-4/func/FD_outputs/sub-INET058_ses-4_task-rest_desc-framenums_fFD.txt",264
"INET058","4",5,"rest","sub-INET058_ses-4_task-rest_desc-framenums_fFD.txt","/Volumes/illinois-las-psych-gratton/iNetworks/Nifti/derivatives/preproc_fmriprep-24.1.1/sub-INET058/ses-4/func/FD_outputs/sub-INET058_ses-4_task-rest_desc-framenums_fFD.txt",265
"INET058","4",6,"rest","sub-INET058_ses-4_task-rest_desc-framenums_fFD.txt","/Volumes/illinois-las-psych-gratton/iNetworks/Nifti/derivatives/preproc_fmriprep-24.1.1/sub-INET058/ses-4/func/FD_outputs/sub-INET058_ses-4_task-rest_desc-framenums_fFD.txt",263
"INET058","4",7,"rest","sub-INET058_ses-4_task-rest_desc-framenums_fFD.txt","/Volumes/illinois-las-psych-gratton/iNetworks/Nifti/derivatives/preproc_fmriprep-24.1.1/sub-INET058/ses-4/func/FD_outputs/sub-INET058_ses-4_task-rest_desc-framenums_fFD.txt",265
"INET058","4",8,"rest","sub-INET058_ses-4_task-rest_desc-framenums_fFD.txt","/Volumes/illinois-las-psych-gratton/iNetworks/Nifti/derivatives/preproc_fmriprep-24.1.1/sub-INET058/ses-4/func/FD_outputs/sub-INET058_ses-4_task-rest_desc-framenums_fFD.txt",265
"INET059","1",1,"rest","sub-INET059_ses-1_task-rest_desc-framenums_fFD.txt","/Volumes/illinois-las-psych-gratton/iNetworks/Nifti/derivatives/preproc_fmriprep-24.1.1/sub-INET059/ses-1/func/FD_outputs/sub-INET059_ses-1_task-rest_desc-framenums_fFD.txt",263
"INET059","1",2,"rest","sub-INET059_ses-1_task-rest_desc-framenums_fFD.txt","/Volumes/illinois-las-psych-gratton/iNetworks/Nifti/derivatives/preproc_fmriprep-24.1.1/sub-INET059/ses-1/func/FD_outputs/sub-INET059_ses-1_task-rest_desc-framenums_fFD.txt",245
"INET059","1",3,"rest","sub-INET059_ses-1_task-rest_desc-framenums_fFD.txt","/Volumes/illinois-las-psych-gratton/iNetworks/Nifti/derivatives/preproc_fmriprep-24.1.1/sub-INET059/ses-1/func/FD_outputs/sub-INET059_ses-1_task-rest_desc-framenums_fFD.txt",258
"INET059","1",4,"rest","sub-INET059_ses-1_task-rest_desc-framenums_fFD.txt","/Volumes/illinois-las-psych-gratton/iNetworks/Nifti/derivatives/preproc_fmriprep-24.1.1/sub-INET059/ses-1/func/FD_outputs/sub-INET059_ses-1_task-rest_desc-framenums_fFD.txt",263
"INET059","1",5,"rest","sub-INET059_ses-1_task-rest_desc-framenums_fFD.txt","/Volumes/illinois-las-psych-gratton/iNetworks/Nifti/derivatives/preproc_fmriprep-24.1.1/sub-INET059/ses-1/func/FD_outputs/sub-INET059_ses-1_task-rest_desc-framenums_fFD.txt",263
"INET059","1",6,"rest","sub-INET059_ses-1_task-rest_desc-framenums_fFD.txt","/Volumes/illinois-las-psych-gratton/iNetworks/Nifti/derivatives/preproc_fmriprep-24.1.1/sub-INET059/ses-1/func/FD_outputs/sub-INET059_ses-1_task-rest_desc-framenums_fFD.txt",250
"INET059","1",7,"rest","sub-INET059_ses-1_task-rest_desc-framenums_fFD.txt","/Volumes/illinois-las-psych-gratton/iNetworks/Nifti/derivatives/preproc_fmriprep-24.1.1/sub-INET059/ses-1/func/FD_outputs/sub-INET059_ses-1_task-rest_desc-framenums_fFD.txt",214
"INET059","1",8,"rest","sub-INET059_ses-1_task-rest_desc-framenums_fFD.txt","/Volumes/illinois-las-psych-gratton/iNetworks/Nifti/derivatives/preproc_fmriprep-24.1.1/sub-INET059/ses-1/func/FD_outputs/sub-INET059_ses-1_task-rest_desc-framenums_fFD.txt",263
"INET059","2",1,"rest","sub-INET059_ses-2_task-rest_desc-framenums_fFD.txt","/Volumes/illinois-las-psych-gratton/iNetworks/Nifti/derivatives/preproc_fmriprep-24.1.1/sub-INET059/ses-2/func/FD_outputs/sub-INET059_ses-2_task-rest_desc-framenums_fFD.txt",259
"INET059","2",2,"rest","sub-INET059_ses-2_task-rest_desc-framenums_fFD.txt","/Volumes/illinois-las-psych-gratton/iNetworks/Nifti/derivatives/preproc_fmriprep-24.1.1/sub-INET059/ses-2/func/FD_outputs/sub-INET059_ses-2_task-rest_desc-framenums_fFD.txt",200
"INET059","2",3,"rest","sub-INET059_ses-2_task-rest_desc-framenums_fFD.txt","/Volumes/illinois-las-psych-gratton/iNetworks/Nifti/derivatives/preproc_fmriprep-24.1.1/sub-INET059/ses-2/func/FD_outputs/sub-INET059_ses-2_task-rest_desc-framenums_fFD.txt",187
"INET059","2",4,"rest","sub-INET059_ses-2_task-rest_desc-framenums_fFD.txt","/Volumes/illinois-las-psych-gratton/iNetworks/Nifti/derivatives/preproc_fmriprep-24.1.1/sub-INET059/ses-2/func/FD_outputs/sub-INET059_ses-2_task-rest_desc-framenums_fFD.txt",211
"INET059","2",5,"rest","sub-INET059_ses-2_task-rest_desc-framenums_fFD.txt","/Volumes/illinois-las-psych-gratton/iNetworks/Nifti/derivatives/preproc_fmriprep-24.1.1/sub-INET059/ses-2/func/FD_outputs/sub-INET059_ses-2_task-rest_desc-framenums_fFD.txt",225
"INET059","2",6,"rest","sub-INET059_ses-2_task-rest_desc-framenums_fFD.txt","/Volumes/illinois-las-psych-gratton/iNetworks/Nifti/derivatives/preproc_fmriprep-24.1.1/sub-INET059/ses-2/func/FD_outputs/sub-INET059_ses-2_task-rest_desc-framenums_fFD.txt",264
"INET059","2",7,"rest","sub-INET059_ses-2_task-rest_desc-framenums_fFD.txt","/Volumes/illinois-las-psych-gratton/iNetworks/Nifti/derivatives/preproc_fmriprep-24.1.1/sub-INET059/ses-2/func/FD_outputs/sub-INET059_ses-2_task-rest_desc-framenums_fFD.txt",264
"INET059","3",1,"rest","sub-INET059_ses-3_task-rest_desc-framenums_fFD.txt","/Volumes/illinois-las-psych-gratton/iNetworks/Nifti/derivatives/preproc_fmriprep-24.1.1/sub-INET059/ses-3/func/FD_outputs/sub-INET059_ses-3_task-rest_desc-framenums_fFD.txt",262
"INET059","3",2,"rest","sub-INET059_ses-3_task-rest_desc-framenums_fFD.txt","/Volumes/illinois-las-psych-gratton/iNetworks/Nifti/derivatives/preproc_fmriprep-24.1.1/sub-INET059/ses-3/func/FD_outputs/sub-INET059_ses-3_task-rest_desc-framenums_fFD.txt",240
"INET059","3",3,"rest","sub-INET059_ses-3_task-rest_desc-framenums_fFD.txt","/Volumes/illinois-las-psych-gratton/iNetworks/Nifti/derivatives/preproc_fmriprep-24.1.1/sub-INET059/ses-3/func/FD_outputs/sub-INET059_ses-3_task-rest_desc-framenums_fFD.txt",249
"INET059","3",4,"rest","sub-INET059_ses-3_task-rest_desc-framenums_fFD.txt","/Volumes/illinois-las-psych-gratton/iNetworks/Nifti/derivatives/preproc_fmriprep-24.1.1/sub-INET059/ses-3/func/FD_outputs/sub-INET059_ses-3_task-rest_desc-framenums_fFD.txt",244
"INET059","3",5,"rest","sub-INET059_ses-3_task-rest_desc-framenums_fFD.txt","/Volumes/illinois-las-psych-gratton/iNetworks/Nifti/derivatives/preproc_fmriprep-24.1.1/sub-INET059/ses-3/func/FD_outputs/sub-INET059_ses-3_task-rest_desc-framenums_fFD.txt",237
"INET059","3",6,"rest","sub-INET059_ses-3_task-rest_desc-framenums_fFD.txt","/Volumes/illinois-las-psych-gratton/iNetworks/Nifti/derivatives/preproc_fmriprep-24.1.1/sub-INET059/ses-3/func/FD_outputs/sub-INET059_ses-3_task-rest_desc-framenums_fFD.txt",259
"INET059","3",7,"rest","sub-INET059_ses-3_task-rest_desc-framenums_fFD.txt","/Volumes/illinois-las-psych-gratton/iNetworks/Nifti/derivatives/preproc_fmriprep-24.1.1/sub-INET059/ses-3/func/FD_outputs/sub-INET059_ses-3_task-rest_desc-framenums_fFD.txt",250
"INET059","3",8,"rest","sub-INET059_ses-3_task-rest_desc-framenums_fFD.txt","/Volumes/illinois-las-psych-gratton/iNetworks/Nifti/derivatives/preproc_fmriprep-24.1.1/sub-INET059/ses-3/func/FD_outputs/sub-INET059_ses-3_task-rest_desc-framenums_fFD.txt",249
"INET059","4",1,"rest","sub-INET059_ses-4_task-rest_desc-framenums_fFD.txt","/Volumes/illinois-las-psych-gratton/iNetworks/Nifti/derivatives/preproc_fmriprep-24.1.1/sub-INET059/ses-4/func/FD_outputs/sub-INET059_ses-4_task-rest_desc-framenums_fFD.txt",262
"INET059","4",2,"rest","sub-INET059_ses-4_task-rest_desc-framenums_fFD.txt","/Volumes/illinois-las-psych-gratton/iNetworks/Nifti/derivatives/preproc_fmriprep-24.1.1/sub-INET059/ses-4/func/FD_outputs/sub-INET059_ses-4_task-rest_desc-framenums_fFD.txt",262
"INET059","4",3,"rest","sub-INET059_ses-4_task-rest_desc-framenums_fFD.txt","/Volumes/illinois-las-psych-gratton/iNetworks/Nifti/derivatives/preproc_fmriprep-24.1.1/sub-INET059/ses-4/func/FD_outputs/sub-INET059_ses-4_task-rest_desc-framenums_fFD.txt",253
"INET059","4",4,"rest","sub-INET059_ses-4_task-rest_desc-framenums_fFD.txt","/Volumes/illinois-las-psych-gratton/iNetworks/Nifti/derivatives/preproc_fmriprep-24.1.1/sub-INET059/ses-4/func/FD_outputs/sub-INET059_ses-4_task-rest_desc-framenums_fFD.txt",257
"INET059","4",5,"rest","sub-INET059_ses-4_task-rest_desc-framenums_fFD.txt","/Volumes/illinois-las-psych-gratton/iNetworks/Nifti/derivatives/preproc_fmriprep-24.1.1/sub-INET059/ses-4/func/FD_outputs/sub-INET059_ses-4_task-rest_desc-framenums_fFD.txt",264
"INET059","4",6,"rest","sub-INET059_ses-4_task-rest_desc-framenums_fFD.txt","/Volumes/illinois-las-psych-gratton/iNetworks/Nifti/derivatives/preproc_fmriprep-24.1.1/sub-INET059/ses-4/func/FD_outputs/sub-INET059_ses-4_task-rest_desc-framenums_fFD.txt",251
"INET059","4",7,"rest","sub-INET059_ses-4_task-rest_desc-framenums_fFD.txt","/Volumes/illinois-las-psych-gratton/iNetworks/Nifti/derivatives/preproc_fmriprep-24.1.1/sub-INET059/ses-4/func/FD_outputs/sub-INET059_ses-4_task-rest_desc-framenums_fFD.txt",248
"INET059","4",8,"rest","sub-INET059_ses-4_task-rest_desc-framenums_fFD.txt","/Volumes/illinois-las-psych-gratton/iNetworks/Nifti/derivatives/preproc_fmriprep-24.1.1/sub-INET059/ses-4/func/FD_outputs/sub-INET059_ses-4_task-rest_desc-framenums_fFD.txt",263
"INET059","4",9,"rest","sub-INET059_ses-4_task-rest_desc-framenums_fFD.txt","/Volumes/illinois-las-psych-gratton/iNetworks/Nifti/derivatives/preproc_fmriprep-24.1.1/sub-INET059/ses-4/func/FD_outputs/sub-INET059_ses-4_task-rest_desc-framenums_fFD.txt",256
"INET060","1",1,"rest","sub-INET060_ses-1_task-rest_desc-framenums_fFD.txt","/Volumes/illinois-las-psych-gratton/iNetworks/Nifti/derivatives/preproc_fmriprep-24.1.1/sub-INET060/ses-1/func/FD_outputs/sub-INET060_ses-1_task-rest_desc-framenums_fFD.txt",265
"INET060","1",2,"rest","sub-INET060_ses-1_task-rest_desc-framenums_fFD.txt","/Volumes/illinois-las-psych-gratton/iNetworks/Nifti/derivatives/preproc_fmriprep-24.1.1/sub-INET060/ses-1/func/FD_outputs/sub-INET060_ses-1_task-rest_desc-framenums_fFD.txt",264
"INET060","1",3,"rest","sub-INET060_ses-1_task-rest_desc-framenums_fFD.txt","/Volumes/illinois-las-psych-gratton/iNetworks/Nifti/derivatives/preproc_fmriprep-24.1.1/sub-INET060/ses-1/func/FD_outputs/sub-INET060_ses-1_task-rest_desc-framenums_fFD.txt",265
"INET060","1",4,"rest","sub-INET060_ses-1_task-rest_desc-framenums_fFD.txt","/Volumes/illinois-las-psych-gratton/iNetworks/Nifti/derivatives/preproc_fmriprep-24.1.1/sub-INET060/ses-1/func/FD_outputs/sub-INET060_ses-1_task-rest_desc-framenums_fFD.txt",265
"INET060","1",5,"rest","sub-INET060_ses-1_task-rest_desc-framenums_fFD.txt","/Volumes/illinois-las-psych-gratton/iNetworks/Nifti/derivatives/preproc_fmriprep-24.1.1/sub-INET060/ses-1/func/FD_outputs/sub-INET060_ses-1_task-rest_desc-framenums_fFD.txt",264
"INET060","1",6,"rest","sub-INET060_ses-1_task-rest_desc-framenums_fFD.txt","/Volumes/illinois-las-psych-gratton/iNetworks/Nifti/derivatives/preproc_fmriprep-24.1.1/sub-INET060/ses-1/func/FD_outputs/sub-INET060_ses-1_task-rest_desc-framenums_fFD.txt",259
"INET060","1",7,"rest","sub-INET060_ses-1_task-rest_desc-framenums_fFD.txt","/Volumes/illinois-las-psych-gratton/iNetworks/Nifti/derivatives/preproc_fmriprep-24.1.1/sub-INET060/ses-1/func/FD_outputs/sub-INET060_ses-1_task-rest_desc-framenums_fFD.txt",249
"INET060","2",1,"rest","sub-INET060_ses-2_task-rest_desc-framenums_fFD.txt","/Volumes/illinois-las-psych-gratton/iNetworks/Nifti/derivatives/preproc_fmriprep-24.1.1/sub-INET060/ses-2/func/FD_outputs/sub-INET060_ses-2_task-rest_desc-framenums_fFD.txt",264
"INET060","2",2,"rest","sub-INET060_ses-2_task-rest_desc-framenums_fFD.txt","/Volumes/illinois-las-psych-gratton/iNetworks/Nifti/derivatives/preproc_fmriprep-24.1.1/sub-INET060/ses-2/func/FD_outputs/sub-INET060_ses-2_task-rest_desc-framenums_fFD.txt",265
"INET060","2",3,"rest","sub-INET060_ses-2_task-rest_desc-framenums_fFD.txt","/Volumes/illinois-las-psych-gratton/iNetworks/Nifti/derivatives/preproc_fmriprep-24.1.1/sub-INET060/ses-2/func/FD_outputs/sub-INET060_ses-2_task-rest_desc-framenums_fFD.txt",263
"INET060","2",4,"rest","sub-INET060_ses-2_task-rest_desc-framenums_fFD.txt","/Volumes/illinois-las-psych-gratton/iNetworks/Nifti/derivatives/preproc_fmriprep-24.1.1/sub-INET060/ses-2/func/FD_outputs/sub-INET060_ses-2_task-rest_desc-framenums_fFD.txt",265
"INET060","2",5,"rest","sub-INET060_ses-2_task-rest_desc-framenums_fFD.txt","/Volumes/illinois-las-psych-gratton/iNetworks/Nifti/derivatives/preproc_fmriprep-24.1.1/sub-INET060/ses-2/func/FD_outputs/sub-INET060_ses-2_task-rest_desc-framenums_fFD.txt",264
"INET060","2",6,"rest","sub-INET060_ses-2_task-rest_desc-framenums_fFD.txt","/Volumes/illinois-las-psych-gratton/iNetworks/Nifti/derivatives/preproc_fmriprep-24.1.1/sub-INET060/ses-2/func/FD_outputs/sub-INET060_ses-2_task-rest_desc-framenums_fFD.txt",256
"INET060","2",7,"rest","sub-INET060_ses-2_task-rest_desc-framenums_fFD.txt","/Volumes/illinois-las-psych-gratton/iNetworks/Nifti/derivatives/preproc_fmriprep-24.1.1/sub-INET060/ses-2/func/FD_outputs/sub-INET060_ses-2_task-rest_desc-framenums_fFD.txt",264
"INET060","3",1,"rest","sub-INET060_ses-3_task-rest_desc-framenums_fFD.txt","/Volumes/illinois-las-psych-gratton/iNetworks/Nifti/derivatives/preproc_fmriprep-24.1.1/sub-INET060/ses-3/func/FD_outputs/sub-INET060_ses-3_task-rest_desc-framenums_fFD.txt",263
"INET060","3",2,"rest","sub-INET060_ses-3_task-rest_desc-framenums_fFD.txt","/Volumes/illinois-las-psych-gratton/iNetworks/Nifti/derivatives/preproc_fmriprep-24.1.1/sub-INET060/ses-3/func/FD_outputs/sub-INET060_ses-3_task-rest_desc-framenums_fFD.txt",265
"INET060","3",3,"rest","sub-INET060_ses-3_task-rest_desc-framenums_fFD.txt","/Volumes/illinois-las-psych-gratton/iNetworks/Nifti/derivatives/preproc_fmriprep-24.1.1/sub-INET060/ses-3/func/FD_outputs/sub-INET060_ses-3_task-rest_desc-framenums_fFD.txt",265
"INET060","3",4,"rest","sub-INET060_ses-3_task-rest_desc-framenums_fFD.txt","/Volumes/illinois-las-psych-gratton/iNetworks/Nifti/derivatives/preproc_fmriprep-24.1.1/sub-INET060/ses-3/func/FD_outputs/sub-INET060_ses-3_task-rest_desc-framenums_fFD.txt",264
"INET060","3",5,"rest","sub-INET060_ses-3_task-rest_desc-framenums_fFD.txt","/Volumes/illinois-las-psych-gratton/iNetworks/Nifti/derivatives/preproc_fmriprep-24.1.1/sub-INET060/ses-3/func/FD_outputs/sub-INET060_ses-3_task-rest_desc-framenums_fFD.txt",265
"INET060","3",6,"rest","sub-INET060_ses-3_task-rest_desc-framenums_fFD.txt","/Volumes/illinois-las-psych-gratton/iNetworks/Nifti/derivatives/preproc_fmriprep-24.1.1/sub-INET060/ses-3/func/FD_outputs/sub-INET060_ses-3_task-rest_desc-framenums_fFD.txt",265
"INET060","3",7,"rest","sub-INET060_ses-3_task-rest_desc-framenums_fFD.txt","/Volumes/illinois-las-psych-gratton/iNetworks/Nifti/derivatives/preproc_fmriprep-24.1.1/sub-INET060/ses-3/func/FD_outputs/sub-INET060_ses-3_task-rest_desc-framenums_fFD.txt",265
"INET060","3",8,"rest","sub-INET060_ses-3_task-rest_desc-framenums_fFD.txt","/Volumes/illinois-las-psych-gratton/iNetworks/Nifti/derivatives/preproc_fmriprep-24.1.1/sub-INET060/ses-3/func/FD_outputs/sub-INET060_ses-3_task-rest_desc-framenums_fFD.txt",265
"INET060","4",1,"rest","sub-INET060_ses-4_task-rest_desc-framenums_fFD.txt","/Volumes/illinois-las-psych-gratton/iNetworks/Nifti/derivatives/preproc_fmriprep-24.1.1/sub-INET060/ses-4/func/FD_outputs/sub-INET060_ses-4_task-rest_desc-framenums_fFD.txt",263
"INET060","4",2,"rest","sub-INET060_ses-4_task-rest_desc-framenums_fFD.txt","/Volumes/illinois-las-psych-gratton/iNetworks/Nifti/derivatives/preproc_fmriprep-24.1.1/sub-INET060/ses-4/func/FD_outputs/sub-INET060_ses-4_task-rest_desc-framenums_fFD.txt",265
"INET060","4",3,"rest","sub-INET060_ses-4_task-rest_desc-framenums_fFD.txt","/Volumes/illinois-las-psych-gratton/iNetworks/Nifti/derivatives/preproc_fmriprep-24.1.1/sub-INET060/ses-4/func/FD_outputs/sub-INET060_ses-4_task-rest_desc-framenums_fFD.txt",264
"INET060","4",4,"rest","sub-INET060_ses-4_task-rest_desc-framenums_fFD.txt","/Volumes/illinois-las-psych-gratton/iNetworks/Nifti/derivatives/preproc_fmriprep-24.1.1/sub-INET060/ses-4/func/FD_outputs/sub-INET060_ses-4_task-rest_desc-framenums_fFD.txt",252
"INET060","4",5,"rest","sub-INET060_ses-4_task-rest_desc-framenums_fFD.txt","/Volumes/illinois-las-psych-gratton/iNetworks/Nifti/derivatives/preproc_fmriprep-24.1.1/sub-INET060/ses-4/func/FD_outputs/sub-INET060_ses-4_task-rest_desc-framenums_fFD.txt",263
"INET060","4",6,"rest","sub-INET060_ses-4_task-rest_desc-framenums_fFD.txt","/Volumes/illinois-las-psych-gratton/iNetworks/Nifti/derivatives/preproc_fmriprep-24.1.1/sub-INET060/ses-4/func/FD_outputs/sub-INET060_ses-4_task-rest_desc-framenums_fFD.txt",264
"INET060","4",7,"rest","sub-INET060_ses-4_task-rest_desc-framenums_fFD.txt","/Volumes/illinois-las-psych-gratton/iNetworks/Nifti/derivatives/preproc_fmriprep-24.1.1/sub-INET060/ses-4/func/FD_outputs/sub-INET060_ses-4_task-rest_desc-framenums_fFD.txt",265
"INET060","4",8,"rest","sub-INET060_ses-4_task-rest_desc-framenums_fFD.txt","/Volumes/illinois-las-psych-gratton/iNetworks/Nifti/derivatives/preproc_fmriprep-24.1.1/sub-INET060/ses-4/func/FD_outputs/sub-INET060_ses-4_task-rest_desc-framenums_fFD.txt",264
"INET061","1",1,"rest","sub-INET061_ses-1_task-rest_desc-framenums_fFD.txt","/Volumes/illinois-las-psych-gratton/iNetworks/Nifti/derivatives/preproc_fmriprep-24.1.1/sub-INET061/ses-1/func/FD_outputs/sub-INET061_ses-1_task-rest_desc-framenums_fFD.txt",265
"INET061","1",2,"rest","sub-INET061_ses-1_task-rest_desc-framenums_fFD.txt","/Volumes/illinois-las-psych-gratton/iNetworks/Nifti/derivatives/preproc_fmriprep-24.1.1/sub-INET061/ses-1/func/FD_outputs/sub-INET061_ses-1_task-rest_desc-framenums_fFD.txt",264
"INET061","1",3,"rest","sub-INET061_ses-1_task-rest_desc-framenums_fFD.txt","/Volumes/illinois-las-psych-gratton/iNetworks/Nifti/derivatives/preproc_fmriprep-24.1.1/sub-INET061/ses-1/func/FD_outputs/sub-INET061_ses-1_task-rest_desc-framenums_fFD.txt",264
"INET061","1",4,"rest","sub-INET061_ses-1_task-rest_desc-framenums_fFD.txt","/Volumes/illinois-las-psych-gratton/iNetworks/Nifti/derivatives/preproc_fmriprep-24.1.1/sub-INET061/ses-1/func/FD_outputs/sub-INET061_ses-1_task-rest_desc-framenums_fFD.txt",194
"INET061","1",5,"rest","sub-INET061_ses-1_task-rest_desc-framenums_fFD.txt","/Volumes/illinois-las-psych-gratton/iNetworks/Nifti/derivatives/preproc_fmriprep-24.1.1/sub-INET061/ses-1/func/FD_outputs/sub-INET061_ses-1_task-rest_desc-framenums_fFD.txt",257
"INET061","1",6,"rest","sub-INET061_ses-1_task-rest_desc-framenums_fFD.txt","/Volumes/illinois-las-psych-gratton/iNetworks/Nifti/derivatives/preproc_fmriprep-24.1.1/sub-INET061/ses-1/func/FD_outputs/sub-INET061_ses-1_task-rest_desc-framenums_fFD.txt",264
"INET061","1",7,"rest","sub-INET061_ses-1_task-rest_desc-framenums_fFD.txt","/Volumes/illinois-las-psych-gratton/iNetworks/Nifti/derivatives/preproc_fmriprep-24.1.1/sub-INET061/ses-1/func/FD_outputs/sub-INET061_ses-1_task-rest_desc-framenums_fFD.txt",265
"INET061","2",1,"rest","sub-INET061_ses-2_task-rest_desc-framenums_fFD.txt","/Volumes/illinois-las-psych-gratton/iNetworks/Nifti/derivatives/preproc_fmriprep-24.1.1/sub-INET061/ses-2/func/FD_outputs/sub-INET061_ses-2_task-rest_desc-framenums_fFD.txt",265
"INET061","2",2,"rest","sub-INET061_ses-2_task-rest_desc-framenums_fFD.txt","/Volumes/illinois-las-psych-gratton/iNetworks/Nifti/derivatives/preproc_fmriprep-24.1.1/sub-INET061/ses-2/func/FD_outputs/sub-INET061_ses-2_task-rest_desc-framenums_fFD.txt",239
"INET061","3",1,"rest","sub-INET061_ses-3_task-rest_desc-framenums_fFD.txt","/Volumes/illinois-las-psych-gratton/iNetworks/Nifti/derivatives/preproc_fmriprep-24.1.1/sub-INET061/ses-3/func/FD_outputs/sub-INET061_ses-3_task-rest_desc-framenums_fFD.txt",265
"INET061","3",2,"rest","sub-INET061_ses-3_task-rest_desc-framenums_fFD.txt","/Volumes/illinois-las-psych-gratton/iNetworks/Nifti/derivatives/preproc_fmriprep-24.1.1/sub-INET061/ses-3/func/FD_outputs/sub-INET061_ses-3_task-rest_desc-framenums_fFD.txt",265
"INET061","3",3,"rest","sub-INET061_ses-3_task-rest_desc-framenums_fFD.txt","/Volumes/illinois-las-psych-gratton/iNetworks/Nifti/derivatives/preproc_fmriprep-24.1.1/sub-INET061/ses-3/func/FD_outputs/sub-INET061_ses-3_task-rest_desc-framenums_fFD.txt",264
"INET061","3",4,"rest","sub-INET061_ses-3_task-rest_desc-framenums_fFD.txt","/Volumes/illinois-las-psych-gratton/iNetworks/Nifti/derivatives/preproc_fmriprep-24.1.1/sub-INET061/ses-3/func/FD_outputs/sub-INET061_ses-3_task-rest_desc-framenums_fFD.txt",265
"INET061","3",5,"rest","sub-INET061_ses-3_task-rest_desc-framenums_fFD.txt","/Volumes/illinois-las-psych-gratton/iNetworks/Nifti/derivatives/preproc_fmriprep-24.1.1/sub-INET061/ses-3/func/FD_outputs/sub-INET061_ses-3_task-rest_desc-framenums_fFD.txt",264
"INET061","3",6,"rest","sub-INET061_ses-3_task-rest_desc-framenums_fFD.txt","/Volumes/illinois-las-psych-gratton/iNetworks/Nifti/derivatives/preproc_fmriprep-24.1.1/sub-INET061/ses-3/func/FD_outputs/sub-INET061_ses-3_task-rest_desc-framenums_fFD.txt",263
"INET061","4",1,"rest","sub-INET061_ses-4_task-rest_desc-framenums_fFD.txt","/Volumes/illinois-las-psych-gratton/iNetworks/Nifti/derivatives/preproc_fmriprep-24.1.1/sub-INET061/ses-4/func/FD_outputs/sub-INET061_ses-4_task-rest_desc-framenums_fFD.txt",265
"INET061","4",2,"rest","sub-INET061_ses-4_task-rest_desc-framenums_fFD.txt","/Volumes/illinois-las-psych-gratton/iNetworks/Nifti/derivatives/preproc_fmriprep-24.1.1/sub-INET061/ses-4/func/FD_outputs/sub-INET061_ses-4_task-rest_desc-framenums_fFD.txt",254
"INET061","4",3,"rest","sub-INET061_ses-4_task-rest_desc-framenums_fFD.txt","/Volumes/illinois-las-psych-gratton/iNetworks/Nifti/derivatives/preproc_fmriprep-24.1.1/sub-INET061/ses-4/func/FD_outputs/sub-INET061_ses-4_task-rest_desc-framenums_fFD.txt",260
"INET061","4",4,"rest","sub-INET061_ses-4_task-rest_desc-framenums_fFD.txt","/Volumes/illinois-las-psych-gratton/iNetworks/Nifti/derivatives/preproc_fmriprep-24.1.1/sub-INET061/ses-4/func/FD_outputs/sub-INET061_ses-4_task-rest_desc-framenums_fFD.txt",250
"INET061","4",5,"rest","sub-INET061_ses-4_task-rest_desc-framenums_fFD.txt","/Volumes/illinois-las-psych-gratton/iNetworks/Nifti/derivatives/preproc_fmriprep-24.1.1/sub-INET061/ses-4/func/FD_outputs/sub-INET061_ses-4_task-rest_desc-framenums_fFD.txt",263
"INET061","4",6,"rest","sub-INET061_ses-4_task-rest_desc-framenums_fFD.txt","/Volumes/illinois-las-psych-gratton/iNetworks/Nifti/derivatives/preproc_fmriprep-24.1.1/sub-INET061/ses-4/func/FD_outputs/sub-INET061_ses-4_task-rest_desc-framenums_fFD.txt",265
"INET061","4",7,"rest","sub-INET061_ses-4_task-rest_desc-framenums_fFD.txt","/Volumes/illinois-las-psych-gratton/iNetworks/Nifti/derivatives/preproc_fmriprep-24.1.1/sub-INET061/ses-4/func/FD_outputs/sub-INET061_ses-4_task-rest_desc-framenums_fFD.txt",265
"INET061","4",8,"rest","sub-INET061_ses-4_task-rest_desc-framenums_fFD.txt","/Volumes/illinois-las-psych-gratton/iNetworks/Nifti/derivatives/preproc_fmriprep-24.1.1/sub-INET061/ses-4/func/FD_outputs/sub-INET061_ses-4_task-rest_desc-framenums_fFD.txt",245
"INET061","5",1,"rest","sub-INET061_ses-5_task-rest_desc-framenums_fFD.txt","/Volumes/illinois-las-psych-gratton/iNetworks/Nifti/derivatives/preproc_fmriprep-24.1.1/sub-INET061/ses-5/func/FD_outputs/sub-INET061_ses-5_task-rest_desc-framenums_fFD.txt",247
"INET061","5",2,"rest","sub-INET061_ses-5_task-rest_desc-framenums_fFD.txt","/Volumes/illinois-las-psych-gratton/iNetworks/Nifti/derivatives/preproc_fmriprep-24.1.1/sub-INET061/ses-5/func/FD_outputs/sub-INET061_ses-5_task-rest_desc-framenums_fFD.txt",252
"INET061","5",3,"rest","sub-INET061_ses-5_task-rest_desc-framenums_fFD.txt","/Volumes/illinois-las-psych-gratton/iNetworks/Nifti/derivatives/preproc_fmriprep-24.1.1/sub-INET061/ses-5/func/FD_outputs/sub-INET061_ses-5_task-rest_desc-framenums_fFD.txt",214
"INET061","5",4,"rest","sub-INET061_ses-5_task-rest_desc-framenums_fFD.txt","/Volumes/illinois-las-psych-gratton/iNetworks/Nifti/derivatives/preproc_fmriprep-24.1.1/sub-INET061/ses-5/func/FD_outputs/sub-INET061_ses-5_task-rest_desc-framenums_fFD.txt",240
"INET061","5",5,"rest","sub-INET061_ses-5_task-rest_desc-framenums_fFD.txt","/Volumes/illinois-las-psych-gratton/iNetworks/Nifti/derivatives/preproc_fmriprep-24.1.1/sub-INET061/ses-5/func/FD_outputs/sub-INET061_ses-5_task-rest_desc-framenums_fFD.txt",252
"INET061","5",6,"rest","sub-INET061_ses-5_task-rest_desc-framenums_fFD.txt","/Volumes/illinois-las-psych-gratton/iNetworks/Nifti/derivatives/preproc_fmriprep-24.1.1/sub-INET061/ses-5/func/FD_outputs/sub-INET061_ses-5_task-rest_desc-framenums_fFD.txt",265
"INET061","5",7,"rest","sub-INET061_ses-5_task-rest_desc-framenums_fFD.txt","/Volumes/illinois-las-psych-gratton/iNetworks/Nifti/derivatives/preproc_fmriprep-24.1.1/sub-INET061/ses-5/func/FD_outputs/sub-INET061_ses-5_task-rest_desc-framenums_fFD.txt",262
"INET061","5",8,"rest","sub-INET061_ses-5_task-rest_desc-framenums_fFD.txt","/Volumes/illinois-las-psych-gratton/iNetworks/Nifti/derivatives/preproc_fmriprep-24.1.1/sub-INET061/ses-5/func/FD_outputs/sub-INET061_ses-5_task-rest_desc-framenums_fFD.txt",242
"INET062","1",1,"rest","sub-INET062_ses-1_task-rest_desc-framenums_fFD.txt","/Volumes/illinois-las-psych-gratton/iNetworks/Nifti/derivatives/preproc_fmriprep-24.1.1/sub-INET062/ses-1/func/FD_outputs/sub-INET062_ses-1_task-rest_desc-framenums_fFD.txt",265
"INET062","1",2,"rest","sub-INET062_ses-1_task-rest_desc-framenums_fFD.txt","/Volumes/illinois-las-psych-gratton/iNetworks/Nifti/derivatives/preproc_fmriprep-24.1.1/sub-INET062/ses-1/func/FD_outputs/sub-INET062_ses-1_task-rest_desc-framenums_fFD.txt",265
"INET062","1",3,"rest","sub-INET062_ses-1_task-rest_desc-framenums_fFD.txt","/Volumes/illinois-las-psych-gratton/iNetworks/Nifti/derivatives/preproc_fmriprep-24.1.1/sub-INET062/ses-1/func/FD_outputs/sub-INET062_ses-1_task-rest_desc-framenums_fFD.txt",264
"INET062","1",4,"rest","sub-INET062_ses-1_task-rest_desc-framenums_fFD.txt","/Volumes/illinois-las-psych-gratton/iNetworks/Nifti/derivatives/preproc_fmriprep-24.1.1/sub-INET062/ses-1/func/FD_outputs/sub-INET062_ses-1_task-rest_desc-framenums_fFD.txt",260
"INET062","1",5,"rest","sub-INET062_ses-1_task-rest_desc-framenums_fFD.txt","/Volumes/illinois-las-psych-gratton/iNetworks/Nifti/derivatives/preproc_fmriprep-24.1.1/sub-INET062/ses-1/func/FD_outputs/sub-INET062_ses-1_task-rest_desc-framenums_fFD.txt",264
"INET062","1",6,"rest","sub-INET062_ses-1_task-rest_desc-framenums_fFD.txt","/Volumes/illinois-las-psych-gratton/iNetworks/Nifti/derivatives/preproc_fmriprep-24.1.1/sub-INET062/ses-1/func/FD_outputs/sub-INET062_ses-1_task-rest_desc-framenums_fFD.txt",264
"INET062","1",7,"rest","sub-INET062_ses-1_task-rest_desc-framenums_fFD.txt","/Volumes/illinois-las-psych-gratton/iNetworks/Nifti/derivatives/preproc_fmriprep-24.1.1/sub-INET062/ses-1/func/FD_outputs/sub-INET062_ses-1_task-rest_desc-framenums_fFD.txt",263
"INET062","2",1,"rest","sub-INET062_ses-2_task-rest_desc-framenums_fFD.txt","/Volumes/illinois-las-psych-gratton/iNetworks/Nifti/derivatives/preproc_fmriprep-24.1.1/sub-INET062/ses-2/func/FD_outputs/sub-INET062_ses-2_task-rest_desc-framenums_fFD.txt",264
"INET062","2",2,"rest","sub-INET062_ses-2_task-rest_desc-framenums_fFD.txt","/Volumes/illinois-las-psych-gratton/iNetworks/Nifti/derivatives/preproc_fmriprep-24.1.1/sub-INET062/ses-2/func/FD_outputs/sub-INET062_ses-2_task-rest_desc-framenums_fFD.txt",264
"INET062","2",3,"rest","sub-INET062_ses-2_task-rest_desc-framenums_fFD.txt","/Volumes/illinois-las-psych-gratton/iNetworks/Nifti/derivatives/preproc_fmriprep-24.1.1/sub-INET062/ses-2/func/FD_outputs/sub-INET062_ses-2_task-rest_desc-framenums_fFD.txt",258
"INET062","2",4,"rest","sub-INET062_ses-2_task-rest_desc-framenums_fFD.txt","/Volumes/illinois-las-psych-gratton/iNetworks/Nifti/derivatives/preproc_fmriprep-24.1.1/sub-INET062/ses-2/func/FD_outputs/sub-INET062_ses-2_task-rest_desc-framenums_fFD.txt",262
"INET062","2",5,"rest","sub-INET062_ses-2_task-rest_desc-framenums_fFD.txt","/Volumes/illinois-las-psych-gratton/iNetworks/Nifti/derivatives/preproc_fmriprep-24.1.1/sub-INET062/ses-2/func/FD_outputs/sub-INET062_ses-2_task-rest_desc-framenums_fFD.txt",258
"INET062","2",6,"rest","sub-INET062_ses-2_task-rest_desc-framenums_fFD.txt","/Volumes/illinois-las-psych-gratton/iNetworks/Nifti/derivatives/preproc_fmriprep-24.1.1/sub-INET062/ses-2/func/FD_outputs/sub-INET062_ses-2_task-rest_desc-framenums_fFD.txt",249
"INET062","2",7,"rest","sub-INET062_ses-2_task-rest_desc-framenums_fFD.txt","/Volumes/illinois-las-psych-gratton/iNetworks/Nifti/derivatives/preproc_fmriprep-24.1.1/sub-INET062/ses-2/func/FD_outputs/sub-INET062_ses-2_task-rest_desc-framenums_fFD.txt",264
"INET062","3",1,"rest","sub-INET062_ses-3_task-rest_desc-framenums_fFD.txt","/Volumes/illinois-las-psych-gratton/iNetworks/Nifti/derivatives/preproc_fmriprep-24.1.1/sub-INET062/ses-3/func/FD_outputs/sub-INET062_ses-3_task-rest_desc-framenums_fFD.txt",263
"INET062","3",2,"rest","sub-INET062_ses-3_task-rest_desc-framenums_fFD.txt","/Volumes/illinois-las-psych-gratton/iNetworks/Nifti/derivatives/preproc_fmriprep-24.1.1/sub-INET062/ses-3/func/FD_outputs/sub-INET062_ses-3_task-rest_desc-framenums_fFD.txt",264
"INET062","3",3,"rest","sub-INET062_ses-3_task-rest_desc-framenums_fFD.txt","/Volumes/illinois-las-psych-gratton/iNetworks/Nifti/derivatives/preproc_fmriprep-24.1.1/sub-INET062/ses-3/func/FD_outputs/sub-INET062_ses-3_task-rest_desc-framenums_fFD.txt",262
"INET062","3",4,"rest","sub-INET062_ses-3_task-rest_desc-framenums_fFD.txt","/Volumes/illinois-las-psych-gratton/iNetworks/Nifti/derivatives/preproc_fmriprep-24.1.1/sub-INET062/ses-3/func/FD_outputs/sub-INET062_ses-3_task-rest_desc-framenums_fFD.txt",261
"INET062","3",5,"rest","sub-INET062_ses-3_task-rest_desc-framenums_fFD.txt","/Volumes/illinois-las-psych-gratton/iNetworks/Nifti/derivatives/preproc_fmriprep-24.1.1/sub-INET062/ses-3/func/FD_outputs/sub-INET062_ses-3_task-rest_desc-framenums_fFD.txt",65
"INET062","3",6,"rest","sub-INET062_ses-3_task-rest_desc-framenums_fFD.txt","/Volumes/illinois-las-psych-gratton/iNetworks/Nifti/derivatives/preproc_fmriprep-24.1.1/sub-INET062/ses-3/func/FD_outputs/sub-INET062_ses-3_task-rest_desc-framenums_fFD.txt",257
"INET062","3",7,"rest","sub-INET062_ses-3_task-rest_desc-framenums_fFD.txt","/Volumes/illinois-las-psych-gratton/iNetworks/Nifti/derivatives/preproc_fmriprep-24.1.1/sub-INET062/ses-3/func/FD_outputs/sub-INET062_ses-3_task-rest_desc-framenums_fFD.txt",263
"INET062","3",8,"rest","sub-INET062_ses-3_task-rest_desc-framenums_fFD.txt","/Volumes/illinois-las-psych-gratton/iNetworks/Nifti/derivatives/preproc_fmriprep-24.1.1/sub-INET062/ses-3/func/FD_outputs/sub-INET062_ses-3_task-rest_desc-framenums_fFD.txt",263
"INET062","4",1,"rest","sub-INET062_ses-4_task-rest_desc-framenums_fFD.txt","/Volumes/illinois-las-psych-gratton/iNetworks/Nifti/derivatives/preproc_fmriprep-24.1.1/sub-INET062/ses-4/func/FD_outputs/sub-INET062_ses-4_task-rest_desc-framenums_fFD.txt",262
"INET062","4",2,"rest","sub-INET062_ses-4_task-rest_desc-framenums_fFD.txt","/Volumes/illinois-las-psych-gratton/iNetworks/Nifti/derivatives/preproc_fmriprep-24.1.1/sub-INET062/ses-4/func/FD_outputs/sub-INET062_ses-4_task-rest_desc-framenums_fFD.txt",263
"INET062","4",3,"rest","sub-INET062_ses-4_task-rest_desc-framenums_fFD.txt","/Volumes/illinois-las-psych-gratton/iNetworks/Nifti/derivatives/preproc_fmriprep-24.1.1/sub-INET062/ses-4/func/FD_outputs/sub-INET062_ses-4_task-rest_desc-framenums_fFD.txt",258
"INET062","4",4,"rest","sub-INET062_ses-4_task-rest_desc-framenums_fFD.txt","/Volumes/illinois-las-psych-gratton/iNetworks/Nifti/derivatives/preproc_fmriprep-24.1.1/sub-INET062/ses-4/func/FD_outputs/sub-INET062_ses-4_task-rest_desc-framenums_fFD.txt",264
"INET062","4",5,"rest","sub-INET062_ses-4_task-rest_desc-framenums_fFD.txt","/Volumes/illinois-las-psych-gratton/iNetworks/Nifti/derivatives/preproc_fmriprep-24.1.1/sub-INET062/ses-4/func/FD_outputs/sub-INET062_ses-4_task-rest_desc-framenums_fFD.txt",257
"INET062","4",6,"rest","sub-INET062_ses-4_task-rest_desc-framenums_fFD.txt","/Volumes/illinois-las-psych-gratton/iNetworks/Nifti/derivatives/preproc_fmriprep-24.1.1/sub-INET062/ses-4/func/FD_outputs/sub-INET062_ses-4_task-rest_desc-framenums_fFD.txt",256
"INET062","4",7,"rest","sub-INET062_ses-4_task-rest_desc-framenums_fFD.txt","/Volumes/illinois-las-psych-gratton/iNetworks/Nifti/derivatives/preproc_fmriprep-24.1.1/sub-INET062/ses-4/func/FD_outputs/sub-INET062_ses-4_task-rest_desc-framenums_fFD.txt",245
"INET062","4",8,"rest","sub-INET062_ses-4_task-rest_desc-framenums_fFD.txt","/Volumes/illinois-las-psych-gratton/iNetworks/Nifti/derivatives/preproc_fmriprep-24.1.1/sub-INET062/ses-4/func/FD_outputs/sub-INET062_ses-4_task-rest_desc-framenums_fFD.txt",262
"INET063","1",1,"rest","sub-INET063_ses-1_task-rest_desc-framenums_fFD.txt","/Volumes/illinois-las-psych-gratton/iNetworks/Nifti/derivatives/preproc_fmriprep-24.1.1/sub-INET063/ses-1/func/FD_outputs/sub-INET063_ses-1_task-rest_desc-framenums_fFD.txt",265
"INET063","1",2,"rest","sub-INET063_ses-1_task-rest_desc-framenums_fFD.txt","/Volumes/illinois-las-psych-gratton/iNetworks/Nifti/derivatives/preproc_fmriprep-24.1.1/sub-INET063/ses-1/func/FD_outputs/sub-INET063_ses-1_task-rest_desc-framenums_fFD.txt",264
"INET063","1",3,"rest","sub-INET063_ses-1_task-rest_desc-framenums_fFD.txt","/Volumes/illinois-las-psych-gratton/iNetworks/Nifti/derivatives/preproc_fmriprep-24.1.1/sub-INET063/ses-1/func/FD_outputs/sub-INET063_ses-1_task-rest_desc-framenums_fFD.txt",264
"INET063","1",4,"rest","sub-INET063_ses-1_task-rest_desc-framenums_fFD.txt","/Volumes/illinois-las-psych-gratton/iNetworks/Nifti/derivatives/preproc_fmriprep-24.1.1/sub-INET063/ses-1/func/FD_outputs/sub-INET063_ses-1_task-rest_desc-framenums_fFD.txt",265
"INET063","1",5,"rest","sub-INET063_ses-1_task-rest_desc-framenums_fFD.txt","/Volumes/illinois-las-psych-gratton/iNetworks/Nifti/derivatives/preproc_fmriprep-24.1.1/sub-INET063/ses-1/func/FD_outputs/sub-INET063_ses-1_task-rest_desc-framenums_fFD.txt",263
"INET063","1",6,"rest","sub-INET063_ses-1_task-rest_desc-framenums_fFD.txt","/Volumes/illinois-las-psych-gratton/iNetworks/Nifti/derivatives/preproc_fmriprep-24.1.1/sub-INET063/ses-1/func/FD_outputs/sub-INET063_ses-1_task-rest_desc-framenums_fFD.txt",263
"INET063","1",7,"rest","sub-INET063_ses-1_task-rest_desc-framenums_fFD.txt","/Volumes/illinois-las-psych-gratton/iNetworks/Nifti/derivatives/preproc_fmriprep-24.1.1/sub-INET063/ses-1/func/FD_outputs/sub-INET063_ses-1_task-rest_desc-framenums_fFD.txt",264
"INET063","2",1,"rest","sub-INET063_ses-2_task-rest_desc-framenums_fFD.txt","/Volumes/illinois-las-psych-gratton/iNetworks/Nifti/derivatives/preproc_fmriprep-24.1.1/sub-INET063/ses-2/func/FD_outputs/sub-INET063_ses-2_task-rest_desc-framenums_fFD.txt",265
"INET063","2",2,"rest","sub-INET063_ses-2_task-rest_desc-framenums_fFD.txt","/Volumes/illinois-las-psych-gratton/iNetworks/Nifti/derivatives/preproc_fmriprep-24.1.1/sub-INET063/ses-2/func/FD_outputs/sub-INET063_ses-2_task-rest_desc-framenums_fFD.txt",263
"INET063","2",3,"rest","sub-INET063_ses-2_task-rest_desc-framenums_fFD.txt","/Volumes/illinois-las-psych-gratton/iNetworks/Nifti/derivatives/preproc_fmriprep-24.1.1/sub-INET063/ses-2/func/FD_outputs/sub-INET063_ses-2_task-rest_desc-framenums_fFD.txt",251
"INET063","2",4,"rest","sub-INET063_ses-2_task-rest_desc-framenums_fFD.txt","/Volumes/illinois-las-psych-gratton/iNetworks/Nifti/derivatives/preproc_fmriprep-24.1.1/sub-INET063/ses-2/func/FD_outputs/sub-INET063_ses-2_task-rest_desc-framenums_fFD.txt",255
"INET063","2",5,"rest","sub-INET063_ses-2_task-rest_desc-framenums_fFD.txt","/Volumes/illinois-las-psych-gratton/iNetworks/Nifti/derivatives/preproc_fmriprep-24.1.1/sub-INET063/ses-2/func/FD_outputs/sub-INET063_ses-2_task-rest_desc-framenums_fFD.txt",263
"INET063","2",6,"rest","sub-INET063_ses-2_task-rest_desc-framenums_fFD.txt","/Volumes/illinois-las-psych-gratton/iNetworks/Nifti/derivatives/preproc_fmriprep-24.1.1/sub-INET063/ses-2/func/FD_outputs/sub-INET063_ses-2_task-rest_desc-framenums_fFD.txt",264
"INET063","2",7,"rest","sub-INET063_ses-2_task-rest_desc-framenums_fFD.txt","/Volumes/illinois-las-psych-gratton/iNetworks/Nifti/derivatives/preproc_fmriprep-24.1.1/sub-INET063/ses-2/func/FD_outputs/sub-INET063_ses-2_task-rest_desc-framenums_fFD.txt",255
"INET063","2",8,"rest","sub-INET063_ses-2_task-rest_desc-framenums_fFD.txt","/Volumes/illinois-las-psych-gratton/iNetworks/Nifti/derivatives/preproc_fmriprep-24.1.1/sub-INET063/ses-2/func/FD_outputs/sub-INET063_ses-2_task-rest_desc-framenums_fFD.txt",264
"INET063","3",1,"rest","sub-INET063_ses-3_task-rest_desc-framenums_fFD.txt","/Volumes/illinois-las-psych-gratton/iNetworks/Nifti/derivatives/preproc_fmriprep-24.1.1/sub-INET063/ses-3/func/FD_outputs/sub-INET063_ses-3_task-rest_desc-framenums_fFD.txt",265
"INET063","3",2,"rest","sub-INET063_ses-3_task-rest_desc-framenums_fFD.txt","/Volumes/illinois-las-psych-gratton/iNetworks/Nifti/derivatives/preproc_fmriprep-24.1.1/sub-INET063/ses-3/func/FD_outputs/sub-INET063_ses-3_task-rest_desc-framenums_fFD.txt",263
"INET063","3",3,"rest","sub-INET063_ses-3_task-rest_desc-framenums_fFD.txt","/Volumes/illinois-las-psych-gratton/iNetworks/Nifti/derivatives/preproc_fmriprep-24.1.1/sub-INET063/ses-3/func/FD_outputs/sub-INET063_ses-3_task-rest_desc-framenums_fFD.txt",264
"INET063","3",4,"rest","sub-INET063_ses-3_task-rest_desc-framenums_fFD.txt","/Volumes/illinois-las-psych-gratton/iNetworks/Nifti/derivatives/preproc_fmriprep-24.1.1/sub-INET063/ses-3/func/FD_outputs/sub-INET063_ses-3_task-rest_desc-framenums_fFD.txt",249
"INET063","3",5,"rest","sub-INET063_ses-3_task-rest_desc-framenums_fFD.txt","/Volumes/illinois-las-psych-gratton/iNetworks/Nifti/derivatives/preproc_fmriprep-24.1.1/sub-INET063/ses-3/func/FD_outputs/sub-INET063_ses-3_task-rest_desc-framenums_fFD.txt",263
"INET063","3",6,"rest","sub-INET063_ses-3_task-rest_desc-framenums_fFD.txt","/Volumes/illinois-las-psych-gratton/iNetworks/Nifti/derivatives/preproc_fmriprep-24.1.1/sub-INET063/ses-3/func/FD_outputs/sub-INET063_ses-3_task-rest_desc-framenums_fFD.txt",260
"INET063","3",7,"rest","sub-INET063_ses-3_task-rest_desc-framenums_fFD.txt","/Volumes/illinois-las-psych-gratton/iNetworks/Nifti/derivatives/preproc_fmriprep-24.1.1/sub-INET063/ses-3/func/FD_outputs/sub-INET063_ses-3_task-rest_desc-framenums_fFD.txt",265
"INET063","3",8,"rest","sub-INET063_ses-3_task-rest_desc-framenums_fFD.txt","/Volumes/illinois-las-psych-gratton/iNetworks/Nifti/derivatives/preproc_fmriprep-24.1.1/sub-INET063/ses-3/func/FD_outputs/sub-INET063_ses-3_task-rest_desc-framenums_fFD.txt",247
"INET063","3",9,"rest","sub-INET063_ses-3_task-rest_desc-framenums_fFD.txt","/Volumes/illinois-las-psych-gratton/iNetworks/Nifti/derivatives/preproc_fmriprep-24.1.1/sub-INET063/ses-3/func/FD_outputs/sub-INET063_ses-3_task-rest_desc-framenums_fFD.txt",265
"INET063","4",1,"rest","sub-INET063_ses-4_task-rest_desc-framenums_fFD.txt","/Volumes/illinois-las-psych-gratton/iNetworks/Nifti/derivatives/preproc_fmriprep-24.1.1/sub-INET063/ses-4/func/FD_outputs/sub-INET063_ses-4_task-rest_desc-framenums_fFD.txt",256
"INET063","4",2,"rest","sub-INET063_ses-4_task-rest_desc-framenums_fFD.txt","/Volumes/illinois-las-psych-gratton/iNetworks/Nifti/derivatives/preproc_fmriprep-24.1.1/sub-INET063/ses-4/func/FD_outputs/sub-INET063_ses-4_task-rest_desc-framenums_fFD.txt",265
"INET063","4",3,"rest","sub-INET063_ses-4_task-rest_desc-framenums_fFD.txt","/Volumes/illinois-las-psych-gratton/iNetworks/Nifti/derivatives/preproc_fmriprep-24.1.1/sub-INET063/ses-4/func/FD_outputs/sub-INET063_ses-4_task-rest_desc-framenums_fFD.txt",265
"INET063","4",4,"rest","sub-INET063_ses-4_task-rest_desc-framenums_fFD.txt","/Volumes/illinois-las-psych-gratton/iNetworks/Nifti/derivatives/preproc_fmriprep-24.1.1/sub-INET063/ses-4/func/FD_outputs/sub-INET063_ses-4_task-rest_desc-framenums_fFD.txt",264
"INET063","4",5,"rest","sub-INET063_ses-4_task-rest_desc-framenums_fFD.txt","/Volumes/illinois-las-psych-gratton/iNetworks/Nifti/derivatives/preproc_fmriprep-24.1.1/sub-INET063/ses-4/func/FD_outputs/sub-INET063_ses-4_task-rest_desc-framenums_fFD.txt",265
"INET063","4",6,"rest","sub-INET063_ses-4_task-rest_desc-framenums_fFD.txt","/Volumes/illinois-las-psych-gratton/iNetworks/Nifti/derivatives/preproc_fmriprep-24.1.1/sub-INET063/ses-4/func/FD_outputs/sub-INET063_ses-4_task-rest_desc-framenums_fFD.txt",265
"INET063","4",7,"rest","sub-INET063_ses-4_task-rest_desc-framenums_fFD.txt","/Volumes/illinois-las-psych-gratton/iNetworks/Nifti/derivatives/preproc_fmriprep-24.1.1/sub-INET063/ses-4/func/FD_outputs/sub-INET063_ses-4_task-rest_desc-framenums_fFD.txt",265
"INET063","4",8,"rest","sub-INET063_ses-4_task-rest_desc-framenums_fFD.txt","/Volumes/illinois-las-psych-gratton/iNetworks/Nifti/derivatives/preproc_fmriprep-24.1.1/sub-INET063/ses-4/func/FD_outputs/sub-INET063_ses-4_task-rest_desc-framenums_fFD.txt",264
"INET063","4",9,"rest","sub-INET063_ses-4_task-rest_desc-framenums_fFD.txt","/Volumes/illinois-las-psych-gratton/iNetworks/Nifti/derivatives/preproc_fmriprep-24.1.1/sub-INET063/ses-4/func/FD_outputs/sub-INET063_ses-4_task-rest_desc-framenums_fFD.txt",265
"INET065","1",1,"rest","sub-INET065_ses-1_task-rest_desc-framenums_fFD.txt","/Volumes/illinois-las-psych-gratton/iNetworks/Nifti/derivatives/preproc_fmriprep-24.1.1/sub-INET065/ses-1/func/FD_outputs/sub-INET065_ses-1_task-rest_desc-framenums_fFD.txt",263
"INET065","1",2,"rest","sub-INET065_ses-1_task-rest_desc-framenums_fFD.txt","/Volumes/illinois-las-psych-gratton/iNetworks/Nifti/derivatives/preproc_fmriprep-24.1.1/sub-INET065/ses-1/func/FD_outputs/sub-INET065_ses-1_task-rest_desc-framenums_fFD.txt",258
"INET065","1",3,"rest","sub-INET065_ses-1_task-rest_desc-framenums_fFD.txt","/Volumes/illinois-las-psych-gratton/iNetworks/Nifti/derivatives/preproc_fmriprep-24.1.1/sub-INET065/ses-1/func/FD_outputs/sub-INET065_ses-1_task-rest_desc-framenums_fFD.txt",201
"INET065","1",4,"rest","sub-INET065_ses-1_task-rest_desc-framenums_fFD.txt","/Volumes/illinois-las-psych-gratton/iNetworks/Nifti/derivatives/preproc_fmriprep-24.1.1/sub-INET065/ses-1/func/FD_outputs/sub-INET065_ses-1_task-rest_desc-framenums_fFD.txt",237
"INET065","1",5,"rest","sub-INET065_ses-1_task-rest_desc-framenums_fFD.txt","/Volumes/illinois-las-psych-gratton/iNetworks/Nifti/derivatives/preproc_fmriprep-24.1.1/sub-INET065/ses-1/func/FD_outputs/sub-INET065_ses-1_task-rest_desc-framenums_fFD.txt",244
"INET065","1",6,"rest","sub-INET065_ses-1_task-rest_desc-framenums_fFD.txt","/Volumes/illinois-las-psych-gratton/iNetworks/Nifti/derivatives/preproc_fmriprep-24.1.1/sub-INET065/ses-1/func/FD_outputs/sub-INET065_ses-1_task-rest_desc-framenums_fFD.txt",203
"INET065","1",7,"rest","sub-INET065_ses-1_task-rest_desc-framenums_fFD.txt","/Volumes/illinois-las-psych-gratton/iNetworks/Nifti/derivatives/preproc_fmriprep-24.1.1/sub-INET065/ses-1/func/FD_outputs/sub-INET065_ses-1_task-rest_desc-framenums_fFD.txt",188
"INET065","2",1,"rest","sub-INET065_ses-2_task-rest_desc-framenums_fFD.txt","/Volumes/illinois-las-psych-gratton/iNetworks/Nifti/derivatives/preproc_fmriprep-24.1.1/sub-INET065/ses-2/func/FD_outputs/sub-INET065_ses-2_task-rest_desc-framenums_fFD.txt",263
"INET065","2",2,"rest","sub-INET065_ses-2_task-rest_desc-framenums_fFD.txt","/Volumes/illinois-las-psych-gratton/iNetworks/Nifti/derivatives/preproc_fmriprep-24.1.1/sub-INET065/ses-2/func/FD_outputs/sub-INET065_ses-2_task-rest_desc-framenums_fFD.txt",198
"INET065","2",3,"rest","sub-INET065_ses-2_task-rest_desc-framenums_fFD.txt","/Volumes/illinois-las-psych-gratton/iNetworks/Nifti/derivatives/preproc_fmriprep-24.1.1/sub-INET065/ses-2/func/FD_outputs/sub-INET065_ses-2_task-rest_desc-framenums_fFD.txt",125
"INET065","2",4,"rest","sub-INET065_ses-2_task-rest_desc-framenums_fFD.txt","/Volumes/illinois-las-psych-gratton/iNetworks/Nifti/derivatives/preproc_fmriprep-24.1.1/sub-INET065/ses-2/func/FD_outputs/sub-INET065_ses-2_task-rest_desc-framenums_fFD.txt",144
"INET065","2",5,"rest","sub-INET065_ses-2_task-rest_desc-framenums_fFD.txt","/Volumes/illinois-las-psych-gratton/iNetworks/Nifti/derivatives/preproc_fmriprep-24.1.1/sub-INET065/ses-2/func/FD_outputs/sub-INET065_ses-2_task-rest_desc-framenums_fFD.txt",228
"INET065","2",6,"rest","sub-INET065_ses-2_task-rest_desc-framenums_fFD.txt","/Volumes/illinois-las-psych-gratton/iNetworks/Nifti/derivatives/preproc_fmriprep-24.1.1/sub-INET065/ses-2/func/FD_outputs/sub-INET065_ses-2_task-rest_desc-framenums_fFD.txt",241
"INET065","2",7,"rest","sub-INET065_ses-2_task-rest_desc-framenums_fFD.txt","/Volumes/illinois-las-psych-gratton/iNetworks/Nifti/derivatives/preproc_fmriprep-24.1.1/sub-INET065/ses-2/func/FD_outputs/sub-INET065_ses-2_task-rest_desc-framenums_fFD.txt",223
"INET065","3",1,"rest","sub-INET065_ses-3_task-rest_desc-framenums_fFD.txt","/Volumes/illinois-las-psych-gratton/iNetworks/Nifti/derivatives/preproc_fmriprep-24.1.1/sub-INET065/ses-3/func/FD_outputs/sub-INET065_ses-3_task-rest_desc-framenums_fFD.txt",264
"INET065","3",2,"rest","sub-INET065_ses-3_task-rest_desc-framenums_fFD.txt","/Volumes/illinois-las-psych-gratton/iNetworks/Nifti/derivatives/preproc_fmriprep-24.1.1/sub-INET065/ses-3/func/FD_outputs/sub-INET065_ses-3_task-rest_desc-framenums_fFD.txt",260
"INET065","3",3,"rest","sub-INET065_ses-3_task-rest_desc-framenums_fFD.txt","/Volumes/illinois-las-psych-gratton/iNetworks/Nifti/derivatives/preproc_fmriprep-24.1.1/sub-INET065/ses-3/func/FD_outputs/sub-INET065_ses-3_task-rest_desc-framenums_fFD.txt",242
"INET065","3",4,"rest","sub-INET065_ses-3_task-rest_desc-framenums_fFD.txt","/Volumes/illinois-las-psych-gratton/iNetworks/Nifti/derivatives/preproc_fmriprep-24.1.1/sub-INET065/ses-3/func/FD_outputs/sub-INET065_ses-3_task-rest_desc-framenums_fFD.txt",252
"INET065","3",5,"rest","sub-INET065_ses-3_task-rest_desc-framenums_fFD.txt","/Volumes/illinois-las-psych-gratton/iNetworks/Nifti/derivatives/preproc_fmriprep-24.1.1/sub-INET065/ses-3/func/FD_outputs/sub-INET065_ses-3_task-rest_desc-framenums_fFD.txt",217
"INET065","3",6,"rest","sub-INET065_ses-3_task-rest_desc-framenums_fFD.txt","/Volumes/illinois-las-psych-gratton/iNetworks/Nifti/derivatives/preproc_fmriprep-24.1.1/sub-INET065/ses-3/func/FD_outputs/sub-INET065_ses-3_task-rest_desc-framenums_fFD.txt",237
"INET065","3",7,"rest","sub-INET065_ses-3_task-rest_desc-framenums_fFD.txt","/Volumes/illinois-las-psych-gratton/iNetworks/Nifti/derivatives/preproc_fmriprep-24.1.1/sub-INET065/ses-3/func/FD_outputs/sub-INET065_ses-3_task-rest_desc-framenums_fFD.txt",258
"INET065","3",8,"rest","sub-INET065_ses-3_task-rest_desc-framenums_fFD.txt","/Volumes/illinois-las-psych-gratton/iNetworks/Nifti/derivatives/preproc_fmriprep-24.1.1/sub-INET065/ses-3/func/FD_outputs/sub-INET065_ses-3_task-rest_desc-framenums_fFD.txt",260
"INET065","4",1,"rest","sub-INET065_ses-4_task-rest_desc-framenums_fFD.txt","/Volumes/illinois-las-psych-gratton/iNetworks/Nifti/derivatives/preproc_fmriprep-24.1.1/sub-INET065/ses-4/func/FD_outputs/sub-INET065_ses-4_task-rest_desc-framenums_fFD.txt",249
"INET065","4",2,"rest","sub-INET065_ses-4_task-rest_desc-framenums_fFD.txt","/Volumes/illinois-las-psych-gratton/iNetworks/Nifti/derivatives/preproc_fmriprep-24.1.1/sub-INET065/ses-4/func/FD_outputs/sub-INET065_ses-4_task-rest_desc-framenums_fFD.txt",237
"INET065","4",3,"rest","sub-INET065_ses-4_task-rest_desc-framenums_fFD.txt","/Volumes/illinois-las-psych-gratton/iNetworks/Nifti/derivatives/preproc_fmriprep-24.1.1/sub-INET065/ses-4/func/FD_outputs/sub-INET065_ses-4_task-rest_desc-framenums_fFD.txt",259
"INET065","4",4,"rest","sub-INET065_ses-4_task-rest_desc-framenums_fFD.txt","/Volumes/illinois-las-psych-gratton/iNetworks/Nifti/derivatives/preproc_fmriprep-24.1.1/sub-INET065/ses-4/func/FD_outputs/sub-INET065_ses-4_task-rest_desc-framenums_fFD.txt",244
"INET065","4",5,"rest","sub-INET065_ses-4_task-rest_desc-framenums_fFD.txt","/Volumes/illinois-las-psych-gratton/iNetworks/Nifti/derivatives/preproc_fmriprep-24.1.1/sub-INET065/ses-4/func/FD_outputs/sub-INET065_ses-4_task-rest_desc-framenums_fFD.txt",218
"INET065","4",6,"rest","sub-INET065_ses-4_task-rest_desc-framenums_fFD.txt","/Volumes/illinois-las-psych-gratton/iNetworks/Nifti/derivatives/preproc_fmriprep-24.1.1/sub-INET065/ses-4/func/FD_outputs/sub-INET065_ses-4_task-rest_desc-framenums_fFD.txt",265
"INET065","4",7,"rest","sub-INET065_ses-4_task-rest_desc-framenums_fFD.txt","/Volumes/illinois-las-psych-gratton/iNetworks/Nifti/derivatives/preproc_fmriprep-24.1.1/sub-INET065/ses-4/func/FD_outputs/sub-INET065_ses-4_task-rest_desc-framenums_fFD.txt",265
"INET065","4",8,"rest","sub-INET065_ses-4_task-rest_desc-framenums_fFD.txt","/Volumes/illinois-las-psych-gratton/iNetworks/Nifti/derivatives/preproc_fmriprep-24.1.1/sub-INET065/ses-4/func/FD_outputs/sub-INET065_ses-4_task-rest_desc-framenums_fFD.txt",243
"INET065","4",9,"rest","sub-INET065_ses-4_task-rest_desc-framenums_fFD.txt","/Volumes/illinois-las-psych-gratton/iNetworks/Nifti/derivatives/preproc_fmriprep-24.1.1/sub-INET065/ses-4/func/FD_outputs/sub-INET065_ses-4_task-rest_desc-framenums_fFD.txt",264
"INET067","1",1,"rest","sub-INET067_ses-1_task-rest_desc-framenums_fFD.txt","/Volumes/illinois-las-psych-gratton/iNetworks/Nifti/derivatives/preproc_fmriprep-24.1.1/sub-INET067/ses-1/func/FD_outputs/sub-INET067_ses-1_task-rest_desc-framenums_fFD.txt",225
"INET067","1",2,"rest","sub-INET067_ses-1_task-rest_desc-framenums_fFD.txt","/Volumes/illinois-las-psych-gratton/iNetworks/Nifti/derivatives/preproc_fmriprep-24.1.1/sub-INET067/ses-1/func/FD_outputs/sub-INET067_ses-1_task-rest_desc-framenums_fFD.txt",256
"INET067","1",3,"rest","sub-INET067_ses-1_task-rest_desc-framenums_fFD.txt","/Volumes/illinois-las-psych-gratton/iNetworks/Nifti/derivatives/preproc_fmriprep-24.1.1/sub-INET067/ses-1/func/FD_outputs/sub-INET067_ses-1_task-rest_desc-framenums_fFD.txt",217
"INET067","1",4,"rest","sub-INET067_ses-1_task-rest_desc-framenums_fFD.txt","/Volumes/illinois-las-psych-gratton/iNetworks/Nifti/derivatives/preproc_fmriprep-24.1.1/sub-INET067/ses-1/func/FD_outputs/sub-INET067_ses-1_task-rest_desc-framenums_fFD.txt",264
"INET067","1",5,"rest","sub-INET067_ses-1_task-rest_desc-framenums_fFD.txt","/Volumes/illinois-las-psych-gratton/iNetworks/Nifti/derivatives/preproc_fmriprep-24.1.1/sub-INET067/ses-1/func/FD_outputs/sub-INET067_ses-1_task-rest_desc-framenums_fFD.txt",264
"INET067","1",6,"rest","sub-INET067_ses-1_task-rest_desc-framenums_fFD.txt","/Volumes/illinois-las-psych-gratton/iNetworks/Nifti/derivatives/preproc_fmriprep-24.1.1/sub-INET067/ses-1/func/FD_outputs/sub-INET067_ses-1_task-rest_desc-framenums_fFD.txt",265
"INET067","1",7,"rest","sub-INET067_ses-1_task-rest_desc-framenums_fFD.txt","/Volumes/illinois-las-psych-gratton/iNetworks/Nifti/derivatives/preproc_fmriprep-24.1.1/sub-INET067/ses-1/func/FD_outputs/sub-INET067_ses-1_task-rest_desc-framenums_fFD.txt",265
"INET067","2",1,"rest","sub-INET067_ses-2_task-rest_desc-framenums_fFD.txt","/Volumes/illinois-las-psych-gratton/iNetworks/Nifti/derivatives/preproc_fmriprep-24.1.1/sub-INET067/ses-2/func/FD_outputs/sub-INET067_ses-2_task-rest_desc-framenums_fFD.txt",265
"INET067","2",2,"rest","sub-INET067_ses-2_task-rest_desc-framenums_fFD.txt","/Volumes/illinois-las-psych-gratton/iNetworks/Nifti/derivatives/preproc_fmriprep-24.1.1/sub-INET067/ses-2/func/FD_outputs/sub-INET067_ses-2_task-rest_desc-framenums_fFD.txt",264
"INET067","2",3,"rest","sub-INET067_ses-2_task-rest_desc-framenums_fFD.txt","/Volumes/illinois-las-psych-gratton/iNetworks/Nifti/derivatives/preproc_fmriprep-24.1.1/sub-INET067/ses-2/func/FD_outputs/sub-INET067_ses-2_task-rest_desc-framenums_fFD.txt",246
"INET067","2",4,"rest","sub-INET067_ses-2_task-rest_desc-framenums_fFD.txt","/Volumes/illinois-las-psych-gratton/iNetworks/Nifti/derivatives/preproc_fmriprep-24.1.1/sub-INET067/ses-2/func/FD_outputs/sub-INET067_ses-2_task-rest_desc-framenums_fFD.txt",251
"INET067","2",5,"rest","sub-INET067_ses-2_task-rest_desc-framenums_fFD.txt","/Volumes/illinois-las-psych-gratton/iNetworks/Nifti/derivatives/preproc_fmriprep-24.1.1/sub-INET067/ses-2/func/FD_outputs/sub-INET067_ses-2_task-rest_desc-framenums_fFD.txt",258
"INET067","2",6,"rest","sub-INET067_ses-2_task-rest_desc-framenums_fFD.txt","/Volumes/illinois-las-psych-gratton/iNetworks/Nifti/derivatives/preproc_fmriprep-24.1.1/sub-INET067/ses-2/func/FD_outputs/sub-INET067_ses-2_task-rest_desc-framenums_fFD.txt",253
"INET067","2",7,"rest","sub-INET067_ses-2_task-rest_desc-framenums_fFD.txt","/Volumes/illinois-las-psych-gratton/iNetworks/Nifti/derivatives/preproc_fmriprep-24.1.1/sub-INET067/ses-2/func/FD_outputs/sub-INET067_ses-2_task-rest_desc-framenums_fFD.txt",264
"INET067","3",1,"rest","sub-INET067_ses-3_task-rest_desc-framenums_fFD.txt","/Volumes/illinois-las-psych-gratton/iNetworks/Nifti/derivatives/preproc_fmriprep-24.1.1/sub-INET067/ses-3/func/FD_outputs/sub-INET067_ses-3_task-rest_desc-framenums_fFD.txt",264
"INET067","3",2,"rest","sub-INET067_ses-3_task-rest_desc-framenums_fFD.txt","/Volumes/illinois-las-psych-gratton/iNetworks/Nifti/derivatives/preproc_fmriprep-24.1.1/sub-INET067/ses-3/func/FD_outputs/sub-INET067_ses-3_task-rest_desc-framenums_fFD.txt",265
"INET067","3",3,"rest","sub-INET067_ses-3_task-rest_desc-framenums_fFD.txt","/Volumes/illinois-las-psych-gratton/iNetworks/Nifti/derivatives/preproc_fmriprep-24.1.1/sub-INET067/ses-3/func/FD_outputs/sub-INET067_ses-3_task-rest_desc-framenums_fFD.txt",262
"INET067","3",4,"rest","sub-INET067_ses-3_task-rest_desc-framenums_fFD.txt","/Volumes/illinois-las-psych-gratton/iNetworks/Nifti/derivatives/preproc_fmriprep-24.1.1/sub-INET067/ses-3/func/FD_outputs/sub-INET067_ses-3_task-rest_desc-framenums_fFD.txt",185
"INET067","3",5,"rest","sub-INET067_ses-3_task-rest_desc-framenums_fFD.txt","/Volumes/illinois-las-psych-gratton/iNetworks/Nifti/derivatives/preproc_fmriprep-24.1.1/sub-INET067/ses-3/func/FD_outputs/sub-INET067_ses-3_task-rest_desc-framenums_fFD.txt",263
"INET067","3",6,"rest","sub-INET067_ses-3_task-rest_desc-framenums_fFD.txt","/Volumes/illinois-las-psych-gratton/iNetworks/Nifti/derivatives/preproc_fmriprep-24.1.1/sub-INET067/ses-3/func/FD_outputs/sub-INET067_ses-3_task-rest_desc-framenums_fFD.txt",256
"INET067","3",7,"rest","sub-INET067_ses-3_task-rest_desc-framenums_fFD.txt","/Volumes/illinois-las-psych-gratton/iNetworks/Nifti/derivatives/preproc_fmriprep-24.1.1/sub-INET067/ses-3/func/FD_outputs/sub-INET067_ses-3_task-rest_desc-framenums_fFD.txt",264
"INET067","3",8,"rest","sub-INET067_ses-3_task-rest_desc-framenums_fFD.txt","/Volumes/illinois-las-psych-gratton/iNetworks/Nifti/derivatives/preproc_fmriprep-24.1.1/sub-INET067/ses-3/func/FD_outputs/sub-INET067_ses-3_task-rest_desc-framenums_fFD.txt",262
"INET067","4",1,"rest","sub-INET067_ses-4_task-rest_desc-framenums_fFD.txt","/Volumes/illinois-las-psych-gratton/iNetworks/Nifti/derivatives/preproc_fmriprep-24.1.1/sub-INET067/ses-4/func/FD_outputs/sub-INET067_ses-4_task-rest_desc-framenums_fFD.txt",264
"INET067","4",2,"rest","sub-INET067_ses-4_task-rest_desc-framenums_fFD.txt","/Volumes/illinois-las-psych-gratton/iNetworks/Nifti/derivatives/preproc_fmriprep-24.1.1/sub-INET067/ses-4/func/FD_outputs/sub-INET067_ses-4_task-rest_desc-framenums_fFD.txt",264
"INET067","4",3,"rest","sub-INET067_ses-4_task-rest_desc-framenums_fFD.txt","/Volumes/illinois-las-psych-gratton/iNetworks/Nifti/derivatives/preproc_fmriprep-24.1.1/sub-INET067/ses-4/func/FD_outputs/sub-INET067_ses-4_task-rest_desc-framenums_fFD.txt",265
"INET067","4",4,"rest","sub-INET067_ses-4_task-rest_desc-framenums_fFD.txt","/Volumes/illinois-las-psych-gratton/iNetworks/Nifti/derivatives/preproc_fmriprep-24.1.1/sub-INET067/ses-4/func/FD_outputs/sub-INET067_ses-4_task-rest_desc-framenums_fFD.txt",264
"INET067","4",5,"rest","sub-INET067_ses-4_task-rest_desc-framenums_fFD.txt","/Volumes/illinois-las-psych-gratton/iNetworks/Nifti/derivatives/preproc_fmriprep-24.1.1/sub-INET067/ses-4/func/FD_outputs/sub-INET067_ses-4_task-rest_desc-framenums_fFD.txt",262
"INET067","4",6,"rest","sub-INET067_ses-4_task-rest_desc-framenums_fFD.txt","/Volumes/illinois-las-psych-gratton/iNetworks/Nifti/derivatives/preproc_fmriprep-24.1.1/sub-INET067/ses-4/func/FD_outputs/sub-INET067_ses-4_task-rest_desc-framenums_fFD.txt",263
"INET067","4",7,"rest","sub-INET067_ses-4_task-rest_desc-framenums_fFD.txt","/Volumes/illinois-las-psych-gratton/iNetworks/Nifti/derivatives/preproc_fmriprep-24.1.1/sub-INET067/ses-4/func/FD_outputs/sub-INET067_ses-4_task-rest_desc-framenums_fFD.txt",259
"INET067","4",8,"rest","sub-INET067_ses-4_task-rest_desc-framenums_fFD.txt","/Volumes/illinois-las-psych-gratton/iNetworks/Nifti/derivatives/preproc_fmriprep-24.1.1/sub-INET067/ses-4/func/FD_outputs/sub-INET067_ses-4_task-rest_desc-framenums_fFD.txt",265
"INET068","1",1,"rest","sub-INET068_ses-1_task-rest_desc-framenums_fFD.txt","/Volumes/illinois-las-psych-gratton/iNetworks/Nifti/derivatives/preproc_fmriprep-24.1.1/sub-INET068/ses-1/func/FD_outputs/sub-INET068_ses-1_task-rest_desc-framenums_fFD.txt",265
"INET068","1",2,"rest","sub-INET068_ses-1_task-rest_desc-framenums_fFD.txt","/Volumes/illinois-las-psych-gratton/iNetworks/Nifti/derivatives/preproc_fmriprep-24.1.1/sub-INET068/ses-1/func/FD_outputs/sub-INET068_ses-1_task-rest_desc-framenums_fFD.txt",264
"INET068","1",3,"rest","sub-INET068_ses-1_task-rest_desc-framenums_fFD.txt","/Volumes/illinois-las-psych-gratton/iNetworks/Nifti/derivatives/preproc_fmriprep-24.1.1/sub-INET068/ses-1/func/FD_outputs/sub-INET068_ses-1_task-rest_desc-framenums_fFD.txt",264
"INET068","1",4,"rest","sub-INET068_ses-1_task-rest_desc-framenums_fFD.txt","/Volumes/illinois-las-psych-gratton/iNetworks/Nifti/derivatives/preproc_fmriprep-24.1.1/sub-INET068/ses-1/func/FD_outputs/sub-INET068_ses-1_task-rest_desc-framenums_fFD.txt",262
"INET068","1",5,"rest","sub-INET068_ses-1_task-rest_desc-framenums_fFD.txt","/Volumes/illinois-las-psych-gratton/iNetworks/Nifti/derivatives/preproc_fmriprep-24.1.1/sub-INET068/ses-1/func/FD_outputs/sub-INET068_ses-1_task-rest_desc-framenums_fFD.txt",265
"INET068","1",6,"rest","sub-INET068_ses-1_task-rest_desc-framenums_fFD.txt","/Volumes/illinois-las-psych-gratton/iNetworks/Nifti/derivatives/preproc_fmriprep-24.1.1/sub-INET068/ses-1/func/FD_outputs/sub-INET068_ses-1_task-rest_desc-framenums_fFD.txt",263
"INET068","1",7,"rest","sub-INET068_ses-1_task-rest_desc-framenums_fFD.txt","/Volumes/illinois-las-psych-gratton/iNetworks/Nifti/derivatives/preproc_fmriprep-24.1.1/sub-INET068/ses-1/func/FD_outputs/sub-INET068_ses-1_task-rest_desc-framenums_fFD.txt",254
"INET068","2",1,"rest","sub-INET068_ses-2_task-rest_desc-framenums_fFD.txt","/Volumes/illinois-las-psych-gratton/iNetworks/Nifti/derivatives/preproc_fmriprep-24.1.1/sub-INET068/ses-2/func/FD_outputs/sub-INET068_ses-2_task-rest_desc-framenums_fFD.txt",262
"INET068","2",2,"rest","sub-INET068_ses-2_task-rest_desc-framenums_fFD.txt","/Volumes/illinois-las-psych-gratton/iNetworks/Nifti/derivatives/preproc_fmriprep-24.1.1/sub-INET068/ses-2/func/FD_outputs/sub-INET068_ses-2_task-rest_desc-framenums_fFD.txt",262
"INET068","2",3,"rest","sub-INET068_ses-2_task-rest_desc-framenums_fFD.txt","/Volumes/illinois-las-psych-gratton/iNetworks/Nifti/derivatives/preproc_fmriprep-24.1.1/sub-INET068/ses-2/func/FD_outputs/sub-INET068_ses-2_task-rest_desc-framenums_fFD.txt",261
"INET068","2",4,"rest","sub-INET068_ses-2_task-rest_desc-framenums_fFD.txt","/Volumes/illinois-las-psych-gratton/iNetworks/Nifti/derivatives/preproc_fmriprep-24.1.1/sub-INET068/ses-2/func/FD_outputs/sub-INET068_ses-2_task-rest_desc-framenums_fFD.txt",261
"INET068","2",5,"rest","sub-INET068_ses-2_task-rest_desc-framenums_fFD.txt","/Volumes/illinois-las-psych-gratton/iNetworks/Nifti/derivatives/preproc_fmriprep-24.1.1/sub-INET068/ses-2/func/FD_outputs/sub-INET068_ses-2_task-rest_desc-framenums_fFD.txt",264
"INET068","2",6,"rest","sub-INET068_ses-2_task-rest_desc-framenums_fFD.txt","/Volumes/illinois-las-psych-gratton/iNetworks/Nifti/derivatives/preproc_fmriprep-24.1.1/sub-INET068/ses-2/func/FD_outputs/sub-INET068_ses-2_task-rest_desc-framenums_fFD.txt",256
"INET068","2",7,"rest","sub-INET068_ses-2_task-rest_desc-framenums_fFD.txt","/Volumes/illinois-las-psych-gratton/iNetworks/Nifti/derivatives/preproc_fmriprep-24.1.1/sub-INET068/ses-2/func/FD_outputs/sub-INET068_ses-2_task-rest_desc-framenums_fFD.txt",265
"INET068","3",1,"rest","sub-INET068_ses-3_task-rest_desc-framenums_fFD.txt","/Volumes/illinois-las-psych-gratton/iNetworks/Nifti/derivatives/preproc_fmriprep-24.1.1/sub-INET068/ses-3/func/FD_outputs/sub-INET068_ses-3_task-rest_desc-framenums_fFD.txt",262
"INET068","3",2,"rest","sub-INET068_ses-3_task-rest_desc-framenums_fFD.txt","/Volumes/illinois-las-psych-gratton/iNetworks/Nifti/derivatives/preproc_fmriprep-24.1.1/sub-INET068/ses-3/func/FD_outputs/sub-INET068_ses-3_task-rest_desc-framenums_fFD.txt",265
"INET068","3",3,"rest","sub-INET068_ses-3_task-rest_desc-framenums_fFD.txt","/Volumes/illinois-las-psych-gratton/iNetworks/Nifti/derivatives/preproc_fmriprep-24.1.1/sub-INET068/ses-3/func/FD_outputs/sub-INET068_ses-3_task-rest_desc-framenums_fFD.txt",264
"INET068","3",4,"rest","sub-INET068_ses-3_task-rest_desc-framenums_fFD.txt","/Volumes/illinois-las-psych-gratton/iNetworks/Nifti/derivatives/preproc_fmriprep-24.1.1/sub-INET068/ses-3/func/FD_outputs/sub-INET068_ses-3_task-rest_desc-framenums_fFD.txt",264
"INET068","3",5,"rest","sub-INET068_ses-3_task-rest_desc-framenums_fFD.txt","/Volumes/illinois-las-psych-gratton/iNetworks/Nifti/derivatives/preproc_fmriprep-24.1.1/sub-INET068/ses-3/func/FD_outputs/sub-INET068_ses-3_task-rest_desc-framenums_fFD.txt",263
"INET068","3",6,"rest","sub-INET068_ses-3_task-rest_desc-framenums_fFD.txt","/Volumes/illinois-las-psych-gratton/iNetworks/Nifti/derivatives/preproc_fmriprep-24.1.1/sub-INET068/ses-3/func/FD_outputs/sub-INET068_ses-3_task-rest_desc-framenums_fFD.txt",264
"INET068","3",7,"rest","sub-INET068_ses-3_task-rest_desc-framenums_fFD.txt","/Volumes/illinois-las-psych-gratton/iNetworks/Nifti/derivatives/preproc_fmriprep-24.1.1/sub-INET068/ses-3/func/FD_outputs/sub-INET068_ses-3_task-rest_desc-framenums_fFD.txt",264
"INET068","3",8,"rest","sub-INET068_ses-3_task-rest_desc-framenums_fFD.txt","/Volumes/illinois-las-psych-gratton/iNetworks/Nifti/derivatives/preproc_fmriprep-24.1.1/sub-INET068/ses-3/func/FD_outputs/sub-INET068_ses-3_task-rest_desc-framenums_fFD.txt",264
"INET068","3",9,"rest","sub-INET068_ses-3_task-rest_desc-framenums_fFD.txt","/Volumes/illinois-las-psych-gratton/iNetworks/Nifti/derivatives/preproc_fmriprep-24.1.1/sub-INET068/ses-3/func/FD_outputs/sub-INET068_ses-3_task-rest_desc-framenums_fFD.txt",265
"INET068","4",1,"rest","sub-INET068_ses-4_task-rest_desc-framenums_fFD.txt","/Volumes/illinois-las-psych-gratton/iNetworks/Nifti/derivatives/preproc_fmriprep-24.1.1/sub-INET068/ses-4/func/FD_outputs/sub-INET068_ses-4_task-rest_desc-framenums_fFD.txt",256
"INET068","4",2,"rest","sub-INET068_ses-4_task-rest_desc-framenums_fFD.txt","/Volumes/illinois-las-psych-gratton/iNetworks/Nifti/derivatives/preproc_fmriprep-24.1.1/sub-INET068/ses-4/func/FD_outputs/sub-INET068_ses-4_task-rest_desc-framenums_fFD.txt",262
"INET068","4",3,"rest","sub-INET068_ses-4_task-rest_desc-framenums_fFD.txt","/Volumes/illinois-las-psych-gratton/iNetworks/Nifti/derivatives/preproc_fmriprep-24.1.1/sub-INET068/ses-4/func/FD_outputs/sub-INET068_ses-4_task-rest_desc-framenums_fFD.txt",255
"INET068","4",4,"rest","sub-INET068_ses-4_task-rest_desc-framenums_fFD.txt","/Volumes/illinois-las-psych-gratton/iNetworks/Nifti/derivatives/preproc_fmriprep-24.1.1/sub-INET068/ses-4/func/FD_outputs/sub-INET068_ses-4_task-rest_desc-framenums_fFD.txt",260
"INET068","4",5,"rest","sub-INET068_ses-4_task-rest_desc-framenums_fFD.txt","/Volumes/illinois-las-psych-gratton/iNetworks/Nifti/derivatives/preproc_fmriprep-24.1.1/sub-INET068/ses-4/func/FD_outputs/sub-INET068_ses-4_task-rest_desc-framenums_fFD.txt",264
"INET068","4",6,"rest","sub-INET068_ses-4_task-rest_desc-framenums_fFD.txt","/Volumes/illinois-las-psych-gratton/iNetworks/Nifti/derivatives/preproc_fmriprep-24.1.1/sub-INET068/ses-4/func/FD_outputs/sub-INET068_ses-4_task-rest_desc-framenums_fFD.txt",264
"INET068","4",7,"rest","sub-INET068_ses-4_task-rest_desc-framenums_fFD.txt","/Volumes/illinois-las-psych-gratton/iNetworks/Nifti/derivatives/preproc_fmriprep-24.1.1/sub-INET068/ses-4/func/FD_outputs/sub-INET068_ses-4_task-rest_desc-framenums_fFD.txt",264
"INET068","4",8,"rest","sub-INET068_ses-4_task-rest_desc-framenums_fFD.txt","/Volumes/illinois-las-psych-gratton/iNetworks/Nifti/derivatives/preproc_fmriprep-24.1.1/sub-INET068/ses-4/func/FD_outputs/sub-INET068_ses-4_task-rest_desc-framenums_fFD.txt",261
"INET068","4",9,"rest","sub-INET068_ses-4_task-rest_desc-framenums_fFD.txt","/Volumes/illinois-las-psych-gratton/iNetworks/Nifti/derivatives/preproc_fmriprep-24.1.1/sub-INET068/ses-4/func/FD_outputs/sub-INET068_ses-4_task-rest_desc-framenums_fFD.txt",265
"INET069","1",1,"rest","sub-INET069_ses-1_task-rest_desc-framenums_fFD.txt","/Volumes/illinois-las-psych-gratton/iNetworks/Nifti/derivatives/preproc_fmriprep-24.1.1/sub-INET069/ses-1/func/FD_outputs/sub-INET069_ses-1_task-rest_desc-framenums_fFD.txt",265
"INET069","1",2,"rest","sub-INET069_ses-1_task-rest_desc-framenums_fFD.txt","/Volumes/illinois-las-psych-gratton/iNetworks/Nifti/derivatives/preproc_fmriprep-24.1.1/sub-INET069/ses-1/func/FD_outputs/sub-INET069_ses-1_task-rest_desc-framenums_fFD.txt",244
"INET069","1",3,"rest","sub-INET069_ses-1_task-rest_desc-framenums_fFD.txt","/Volumes/illinois-las-psych-gratton/iNetworks/Nifti/derivatives/preproc_fmriprep-24.1.1/sub-INET069/ses-1/func/FD_outputs/sub-INET069_ses-1_task-rest_desc-framenums_fFD.txt",253
"INET069","1",4,"rest","sub-INET069_ses-1_task-rest_desc-framenums_fFD.txt","/Volumes/illinois-las-psych-gratton/iNetworks/Nifti/derivatives/preproc_fmriprep-24.1.1/sub-INET069/ses-1/func/FD_outputs/sub-INET069_ses-1_task-rest_desc-framenums_fFD.txt",260
"INET069","1",5,"rest","sub-INET069_ses-1_task-rest_desc-framenums_fFD.txt","/Volumes/illinois-las-psych-gratton/iNetworks/Nifti/derivatives/preproc_fmriprep-24.1.1/sub-INET069/ses-1/func/FD_outputs/sub-INET069_ses-1_task-rest_desc-framenums_fFD.txt",253
"INET069","1",6,"rest","sub-INET069_ses-1_task-rest_desc-framenums_fFD.txt","/Volumes/illinois-las-psych-gratton/iNetworks/Nifti/derivatives/preproc_fmriprep-24.1.1/sub-INET069/ses-1/func/FD_outputs/sub-INET069_ses-1_task-rest_desc-framenums_fFD.txt",251
"INET069","1",7,"rest","sub-INET069_ses-1_task-rest_desc-framenums_fFD.txt","/Volumes/illinois-las-psych-gratton/iNetworks/Nifti/derivatives/preproc_fmriprep-24.1.1/sub-INET069/ses-1/func/FD_outputs/sub-INET069_ses-1_task-rest_desc-framenums_fFD.txt",241
"INET069","1",8,"rest","sub-INET069_ses-1_task-rest_desc-framenums_fFD.txt","/Volumes/illinois-las-psych-gratton/iNetworks/Nifti/derivatives/preproc_fmriprep-24.1.1/sub-INET069/ses-1/func/FD_outputs/sub-INET069_ses-1_task-rest_desc-framenums_fFD.txt",247
"INET069","2",1,"rest","sub-INET069_ses-2_task-rest_desc-framenums_fFD.txt","/Volumes/illinois-las-psych-gratton/iNetworks/Nifti/derivatives/preproc_fmriprep-24.1.1/sub-INET069/ses-2/func/FD_outputs/sub-INET069_ses-2_task-rest_desc-framenums_fFD.txt",262
"INET069","2",2,"rest","sub-INET069_ses-2_task-rest_desc-framenums_fFD.txt","/Volumes/illinois-las-psych-gratton/iNetworks/Nifti/derivatives/preproc_fmriprep-24.1.1/sub-INET069/ses-2/func/FD_outputs/sub-INET069_ses-2_task-rest_desc-framenums_fFD.txt",260
"INET069","2",3,"rest","sub-INET069_ses-2_task-rest_desc-framenums_fFD.txt","/Volumes/illinois-las-psych-gratton/iNetworks/Nifti/derivatives/preproc_fmriprep-24.1.1/sub-INET069/ses-2/func/FD_outputs/sub-INET069_ses-2_task-rest_desc-framenums_fFD.txt",241
"INET069","2",4,"rest","sub-INET069_ses-2_task-rest_desc-framenums_fFD.txt","/Volumes/illinois-las-psych-gratton/iNetworks/Nifti/derivatives/preproc_fmriprep-24.1.1/sub-INET069/ses-2/func/FD_outputs/sub-INET069_ses-2_task-rest_desc-framenums_fFD.txt",264
"INET069","2",5,"rest","sub-INET069_ses-2_task-rest_desc-framenums_fFD.txt","/Volumes/illinois-las-psych-gratton/iNetworks/Nifti/derivatives/preproc_fmriprep-24.1.1/sub-INET069/ses-2/func/FD_outputs/sub-INET069_ses-2_task-rest_desc-framenums_fFD.txt",242
"INET069","2",6,"rest","sub-INET069_ses-2_task-rest_desc-framenums_fFD.txt","/Volumes/illinois-las-psych-gratton/iNetworks/Nifti/derivatives/preproc_fmriprep-24.1.1/sub-INET069/ses-2/func/FD_outputs/sub-INET069_ses-2_task-rest_desc-framenums_fFD.txt",264
"INET069","2",7,"rest","sub-INET069_ses-2_task-rest_desc-framenums_fFD.txt","/Volumes/illinois-las-psych-gratton/iNetworks/Nifti/derivatives/preproc_fmriprep-24.1.1/sub-INET069/ses-2/func/FD_outputs/sub-INET069_ses-2_task-rest_desc-framenums_fFD.txt",249
"INET069","3",1,"rest","sub-INET069_ses-3_task-rest_desc-framenums_fFD.txt","/Volumes/illinois-las-psych-gratton/iNetworks/Nifti/derivatives/preproc_fmriprep-24.1.1/sub-INET069/ses-3/func/FD_outputs/sub-INET069_ses-3_task-rest_desc-framenums_fFD.txt",265
"INET069","3",2,"rest","sub-INET069_ses-3_task-rest_desc-framenums_fFD.txt","/Volumes/illinois-las-psych-gratton/iNetworks/Nifti/derivatives/preproc_fmriprep-24.1.1/sub-INET069/ses-3/func/FD_outputs/sub-INET069_ses-3_task-rest_desc-framenums_fFD.txt",265
"INET069","3",3,"rest","sub-INET069_ses-3_task-rest_desc-framenums_fFD.txt","/Volumes/illinois-las-psych-gratton/iNetworks/Nifti/derivatives/preproc_fmriprep-24.1.1/sub-INET069/ses-3/func/FD_outputs/sub-INET069_ses-3_task-rest_desc-framenums_fFD.txt",258
"INET069","3",4,"rest","sub-INET069_ses-3_task-rest_desc-framenums_fFD.txt","/Volumes/illinois-las-psych-gratton/iNetworks/Nifti/derivatives/preproc_fmriprep-24.1.1/sub-INET069/ses-3/func/FD_outputs/sub-INET069_ses-3_task-rest_desc-framenums_fFD.txt",260
"INET069","3",5,"rest","sub-INET069_ses-3_task-rest_desc-framenums_fFD.txt","/Volumes/illinois-las-psych-gratton/iNetworks/Nifti/derivatives/preproc_fmriprep-24.1.1/sub-INET069/ses-3/func/FD_outputs/sub-INET069_ses-3_task-rest_desc-framenums_fFD.txt",247
"INET069","3",6,"rest","sub-INET069_ses-3_task-rest_desc-framenums_fFD.txt","/Volumes/illinois-las-psych-gratton/iNetworks/Nifti/derivatives/preproc_fmriprep-24.1.1/sub-INET069/ses-3/func/FD_outputs/sub-INET069_ses-3_task-rest_desc-framenums_fFD.txt",190
"INET069","3",7,"rest","sub-INET069_ses-3_task-rest_desc-framenums_fFD.txt","/Volumes/illinois-las-psych-gratton/iNetworks/Nifti/derivatives/preproc_fmriprep-24.1.1/sub-INET069/ses-3/func/FD_outputs/sub-INET069_ses-3_task-rest_desc-framenums_fFD.txt",253
"INET069","3",8,"rest","sub-INET069_ses-3_task-rest_desc-framenums_fFD.txt","/Volumes/illinois-las-psych-gratton/iNetworks/Nifti/derivatives/preproc_fmriprep-24.1.1/sub-INET069/ses-3/func/FD_outputs/sub-INET069_ses-3_task-rest_desc-framenums_fFD.txt",250
"INET069","3",9,"rest","sub-INET069_ses-3_task-rest_desc-framenums_fFD.txt","/Volumes/illinois-las-psych-gratton/iNetworks/Nifti/derivatives/preproc_fmriprep-24.1.1/sub-INET069/ses-3/func/FD_outputs/sub-INET069_ses-3_task-rest_desc-framenums_fFD.txt",263
"INET069","4",1,"rest","sub-INET069_ses-4_task-rest_desc-framenums_fFD.txt","/Volumes/illinois-las-psych-gratton/iNetworks/Nifti/derivatives/preproc_fmriprep-24.1.1/sub-INET069/ses-4/func/FD_outputs/sub-INET069_ses-4_task-rest_desc-framenums_fFD.txt",265
"INET069","4",2,"rest","sub-INET069_ses-4_task-rest_desc-framenums_fFD.txt","/Volumes/illinois-las-psych-gratton/iNetworks/Nifti/derivatives/preproc_fmriprep-24.1.1/sub-INET069/ses-4/func/FD_outputs/sub-INET069_ses-4_task-rest_desc-framenums_fFD.txt",262
"INET069","4",3,"rest","sub-INET069_ses-4_task-rest_desc-framenums_fFD.txt","/Volumes/illinois-las-psych-gratton/iNetworks/Nifti/derivatives/preproc_fmriprep-24.1.1/sub-INET069/ses-4/func/FD_outputs/sub-INET069_ses-4_task-rest_desc-framenums_fFD.txt",209
"INET069","4",4,"rest","sub-INET069_ses-4_task-rest_desc-framenums_fFD.txt","/Volumes/illinois-las-psych-gratton/iNetworks/Nifti/derivatives/preproc_fmriprep-24.1.1/sub-INET069/ses-4/func/FD_outputs/sub-INET069_ses-4_task-rest_desc-framenums_fFD.txt",234
"INET069","4",5,"rest","sub-INET069_ses-4_task-rest_desc-framenums_fFD.txt","/Volumes/illinois-las-psych-gratton/iNetworks/Nifti/derivatives/preproc_fmriprep-24.1.1/sub-INET069/ses-4/func/FD_outputs/sub-INET069_ses-4_task-rest_desc-framenums_fFD.txt",221
"INET069","4",6,"rest","sub-INET069_ses-4_task-rest_desc-framenums_fFD.txt","/Volumes/illinois-las-psych-gratton/iNetworks/Nifti/derivatives/preproc_fmriprep-24.1.1/sub-INET069/ses-4/func/FD_outputs/sub-INET069_ses-4_task-rest_desc-framenums_fFD.txt",257
"INET069","4",7,"rest","sub-INET069_ses-4_task-rest_desc-framenums_fFD.txt","/Volumes/illinois-las-psych-gratton/iNetworks/Nifti/derivatives/preproc_fmriprep-24.1.1/sub-INET069/ses-4/func/FD_outputs/sub-INET069_ses-4_task-rest_desc-framenums_fFD.txt",237
"INET069","4",8,"rest","sub-INET069_ses-4_task-rest_desc-framenums_fFD.txt","/Volumes/illinois-las-psych-gratton/iNetworks/Nifti/derivatives/preproc_fmriprep-24.1.1/sub-INET069/ses-4/func/FD_outputs/sub-INET069_ses-4_task-rest_desc-framenums_fFD.txt",253
"INET069","4",9,"rest","sub-INET069_ses-4_task-rest_desc-framenums_fFD.txt","/Volumes/illinois-las-psych-gratton/iNetworks/Nifti/derivatives/preproc_fmriprep-24.1.1/sub-INET069/ses-4/func/FD_outputs/sub-INET069_ses-4_task-rest_desc-framenums_fFD.txt",264
"INET070","1",1,"rest","sub-INET070_ses-1_task-rest_desc-framenums_fFD.txt","/Volumes/illinois-las-psych-gratton/iNetworks/Nifti/derivatives/preproc_fmriprep-24.1.1/sub-INET070/ses-1/func/FD_outputs/sub-INET070_ses-1_task-rest_desc-framenums_fFD.txt",263
"INET070","1",2,"rest","sub-INET070_ses-1_task-rest_desc-framenums_fFD.txt","/Volumes/illinois-las-psych-gratton/iNetworks/Nifti/derivatives/preproc_fmriprep-24.1.1/sub-INET070/ses-1/func/FD_outputs/sub-INET070_ses-1_task-rest_desc-framenums_fFD.txt",264
"INET070","1",3,"rest","sub-INET070_ses-1_task-rest_desc-framenums_fFD.txt","/Volumes/illinois-las-psych-gratton/iNetworks/Nifti/derivatives/preproc_fmriprep-24.1.1/sub-INET070/ses-1/func/FD_outputs/sub-INET070_ses-1_task-rest_desc-framenums_fFD.txt",265
"INET070","1",4,"rest","sub-INET070_ses-1_task-rest_desc-framenums_fFD.txt","/Volumes/illinois-las-psych-gratton/iNetworks/Nifti/derivatives/preproc_fmriprep-24.1.1/sub-INET070/ses-1/func/FD_outputs/sub-INET070_ses-1_task-rest_desc-framenums_fFD.txt",264
"INET070","1",5,"rest","sub-INET070_ses-1_task-rest_desc-framenums_fFD.txt","/Volumes/illinois-las-psych-gratton/iNetworks/Nifti/derivatives/preproc_fmriprep-24.1.1/sub-INET070/ses-1/func/FD_outputs/sub-INET070_ses-1_task-rest_desc-framenums_fFD.txt",264
"INET070","1",6,"rest","sub-INET070_ses-1_task-rest_desc-framenums_fFD.txt","/Volumes/illinois-las-psych-gratton/iNetworks/Nifti/derivatives/preproc_fmriprep-24.1.1/sub-INET070/ses-1/func/FD_outputs/sub-INET070_ses-1_task-rest_desc-framenums_fFD.txt",264
"INET070","1",7,"rest","sub-INET070_ses-1_task-rest_desc-framenums_fFD.txt","/Volumes/illinois-las-psych-gratton/iNetworks/Nifti/derivatives/preproc_fmriprep-24.1.1/sub-INET070/ses-1/func/FD_outputs/sub-INET070_ses-1_task-rest_desc-framenums_fFD.txt",263
"INET070","1",8,"rest","sub-INET070_ses-1_task-rest_desc-framenums_fFD.txt","/Volumes/illinois-las-psych-gratton/iNetworks/Nifti/derivatives/preproc_fmriprep-24.1.1/sub-INET070/ses-1/func/FD_outputs/sub-INET070_ses-1_task-rest_desc-framenums_fFD.txt",264
"INET070","2",1,"rest","sub-INET070_ses-2_task-rest_desc-framenums_fFD.txt","/Volumes/illinois-las-psych-gratton/iNetworks/Nifti/derivatives/preproc_fmriprep-24.1.1/sub-INET070/ses-2/func/FD_outputs/sub-INET070_ses-2_task-rest_desc-framenums_fFD.txt",264
"INET070","2",2,"rest","sub-INET070_ses-2_task-rest_desc-framenums_fFD.txt","/Volumes/illinois-las-psych-gratton/iNetworks/Nifti/derivatives/preproc_fmriprep-24.1.1/sub-INET070/ses-2/func/FD_outputs/sub-INET070_ses-2_task-rest_desc-framenums_fFD.txt",265
"INET070","2",3,"rest","sub-INET070_ses-2_task-rest_desc-framenums_fFD.txt","/Volumes/illinois-las-psych-gratton/iNetworks/Nifti/derivatives/preproc_fmriprep-24.1.1/sub-INET070/ses-2/func/FD_outputs/sub-INET070_ses-2_task-rest_desc-framenums_fFD.txt",260
"INET070","2",4,"rest","sub-INET070_ses-2_task-rest_desc-framenums_fFD.txt","/Volumes/illinois-las-psych-gratton/iNetworks/Nifti/derivatives/preproc_fmriprep-24.1.1/sub-INET070/ses-2/func/FD_outputs/sub-INET070_ses-2_task-rest_desc-framenums_fFD.txt",265
"INET070","2",5,"rest","sub-INET070_ses-2_task-rest_desc-framenums_fFD.txt","/Volumes/illinois-las-psych-gratton/iNetworks/Nifti/derivatives/preproc_fmriprep-24.1.1/sub-INET070/ses-2/func/FD_outputs/sub-INET070_ses-2_task-rest_desc-framenums_fFD.txt",262
"INET070","2",6,"rest","sub-INET070_ses-2_task-rest_desc-framenums_fFD.txt","/Volumes/illinois-las-psych-gratton/iNetworks/Nifti/derivatives/preproc_fmriprep-24.1.1/sub-INET070/ses-2/func/FD_outputs/sub-INET070_ses-2_task-rest_desc-framenums_fFD.txt",265
"INET070","2",7,"rest","sub-INET070_ses-2_task-rest_desc-framenums_fFD.txt","/Volumes/illinois-las-psych-gratton/iNetworks/Nifti/derivatives/preproc_fmriprep-24.1.1/sub-INET070/ses-2/func/FD_outputs/sub-INET070_ses-2_task-rest_desc-framenums_fFD.txt",263
"INET070","3",1,"rest","sub-INET070_ses-3_task-rest_desc-framenums_fFD.txt","/Volumes/illinois-las-psych-gratton/iNetworks/Nifti/derivatives/preproc_fmriprep-24.1.1/sub-INET070/ses-3/func/FD_outputs/sub-INET070_ses-3_task-rest_desc-framenums_fFD.txt",265
"INET070","3",2,"rest","sub-INET070_ses-3_task-rest_desc-framenums_fFD.txt","/Volumes/illinois-las-psych-gratton/iNetworks/Nifti/derivatives/preproc_fmriprep-24.1.1/sub-INET070/ses-3/func/FD_outputs/sub-INET070_ses-3_task-rest_desc-framenums_fFD.txt",265
"INET070","3",3,"rest","sub-INET070_ses-3_task-rest_desc-framenums_fFD.txt","/Volumes/illinois-las-psych-gratton/iNetworks/Nifti/derivatives/preproc_fmriprep-24.1.1/sub-INET070/ses-3/func/FD_outputs/sub-INET070_ses-3_task-rest_desc-framenums_fFD.txt",263
"INET070","3",4,"rest","sub-INET070_ses-3_task-rest_desc-framenums_fFD.txt","/Volumes/illinois-las-psych-gratton/iNetworks/Nifti/derivatives/preproc_fmriprep-24.1.1/sub-INET070/ses-3/func/FD_outputs/sub-INET070_ses-3_task-rest_desc-framenums_fFD.txt",264
"INET070","3",5,"rest","sub-INET070_ses-3_task-rest_desc-framenums_fFD.txt","/Volumes/illinois-las-psych-gratton/iNetworks/Nifti/derivatives/preproc_fmriprep-24.1.1/sub-INET070/ses-3/func/FD_outputs/sub-INET070_ses-3_task-rest_desc-framenums_fFD.txt",255
"INET070","3",6,"rest","sub-INET070_ses-3_task-rest_desc-framenums_fFD.txt","/Volumes/illinois-las-psych-gratton/iNetworks/Nifti/derivatives/preproc_fmriprep-24.1.1/sub-INET070/ses-3/func/FD_outputs/sub-INET070_ses-3_task-rest_desc-framenums_fFD.txt",264
"INET070","3",7,"rest","sub-INET070_ses-3_task-rest_desc-framenums_fFD.txt","/Volumes/illinois-las-psych-gratton/iNetworks/Nifti/derivatives/preproc_fmriprep-24.1.1/sub-INET070/ses-3/func/FD_outputs/sub-INET070_ses-3_task-rest_desc-framenums_fFD.txt",265
"INET070","3",8,"rest","sub-INET070_ses-3_task-rest_desc-framenums_fFD.txt","/Volumes/illinois-las-psych-gratton/iNetworks/Nifti/derivatives/preproc_fmriprep-24.1.1/sub-INET070/ses-3/func/FD_outputs/sub-INET070_ses-3_task-rest_desc-framenums_fFD.txt",265
"INET070","4",1,"rest","sub-INET070_ses-4_task-rest_desc-framenums_fFD.txt","/Volumes/illinois-las-psych-gratton/iNetworks/Nifti/derivatives/preproc_fmriprep-24.1.1/sub-INET070/ses-4/func/FD_outputs/sub-INET070_ses-4_task-rest_desc-framenums_fFD.txt",265
"INET070","4",2,"rest","sub-INET070_ses-4_task-rest_desc-framenums_fFD.txt","/Volumes/illinois-las-psych-gratton/iNetworks/Nifti/derivatives/preproc_fmriprep-24.1.1/sub-INET070/ses-4/func/FD_outputs/sub-INET070_ses-4_task-rest_desc-framenums_fFD.txt",259
"INET070","4",3,"rest","sub-INET070_ses-4_task-rest_desc-framenums_fFD.txt","/Volumes/illinois-las-psych-gratton/iNetworks/Nifti/derivatives/preproc_fmriprep-24.1.1/sub-INET070/ses-4/func/FD_outputs/sub-INET070_ses-4_task-rest_desc-framenums_fFD.txt",264
"INET070","4",4,"rest","sub-INET070_ses-4_task-rest_desc-framenums_fFD.txt","/Volumes/illinois-las-psych-gratton/iNetworks/Nifti/derivatives/preproc_fmriprep-24.1.1/sub-INET070/ses-4/func/FD_outputs/sub-INET070_ses-4_task-rest_desc-framenums_fFD.txt",257
"INET070","4",5,"rest","sub-INET070_ses-4_task-rest_desc-framenums_fFD.txt","/Volumes/illinois-las-psych-gratton/iNetworks/Nifti/derivatives/preproc_fmriprep-24.1.1/sub-INET070/ses-4/func/FD_outputs/sub-INET070_ses-4_task-rest_desc-framenums_fFD.txt",257
"INET070","4",6,"rest","sub-INET070_ses-4_task-rest_desc-framenums_fFD.txt","/Volumes/illinois-las-psych-gratton/iNetworks/Nifti/derivatives/preproc_fmriprep-24.1.1/sub-INET070/ses-4/func/FD_outputs/sub-INET070_ses-4_task-rest_desc-framenums_fFD.txt",262
"INET070","4",7,"rest","sub-INET070_ses-4_task-rest_desc-framenums_fFD.txt","/Volumes/illinois-las-psych-gratton/iNetworks/Nifti/derivatives/preproc_fmriprep-24.1.1/sub-INET070/ses-4/func/FD_outputs/sub-INET070_ses-4_task-rest_desc-framenums_fFD.txt",248
"INET070","4",8,"rest","sub-INET070_ses-4_task-rest_desc-framenums_fFD.txt","/Volumes/illinois-las-psych-gratton/iNetworks/Nifti/derivatives/preproc_fmriprep-24.1.1/sub-INET070/ses-4/func/FD_outputs/sub-INET070_ses-4_task-rest_desc-framenums_fFD.txt",260
"INET071","1",1,"rest","sub-INET071_ses-1_task-rest_desc-framenums_fFD.txt","/Volumes/illinois-las-psych-gratton/iNetworks/Nifti/derivatives/preproc_fmriprep-24.1.1/sub-INET071/ses-1/func/FD_outputs/sub-INET071_ses-1_task-rest_desc-framenums_fFD.txt",264
"INET071","1",2,"rest","sub-INET071_ses-1_task-rest_desc-framenums_fFD.txt","/Volumes/illinois-las-psych-gratton/iNetworks/Nifti/derivatives/preproc_fmriprep-24.1.1/sub-INET071/ses-1/func/FD_outputs/sub-INET071_ses-1_task-rest_desc-framenums_fFD.txt",258
"INET071","1",3,"rest","sub-INET071_ses-1_task-rest_desc-framenums_fFD.txt","/Volumes/illinois-las-psych-gratton/iNetworks/Nifti/derivatives/preproc_fmriprep-24.1.1/sub-INET071/ses-1/func/FD_outputs/sub-INET071_ses-1_task-rest_desc-framenums_fFD.txt",264
"INET071","1",4,"rest","sub-INET071_ses-1_task-rest_desc-framenums_fFD.txt","/Volumes/illinois-las-psych-gratton/iNetworks/Nifti/derivatives/preproc_fmriprep-24.1.1/sub-INET071/ses-1/func/FD_outputs/sub-INET071_ses-1_task-rest_desc-framenums_fFD.txt",265
"INET071","1",5,"rest","sub-INET071_ses-1_task-rest_desc-framenums_fFD.txt","/Volumes/illinois-las-psych-gratton/iNetworks/Nifti/derivatives/preproc_fmriprep-24.1.1/sub-INET071/ses-1/func/FD_outputs/sub-INET071_ses-1_task-rest_desc-framenums_fFD.txt",264
"INET071","1",6,"rest","sub-INET071_ses-1_task-rest_desc-framenums_fFD.txt","/Volumes/illinois-las-psych-gratton/iNetworks/Nifti/derivatives/preproc_fmriprep-24.1.1/sub-INET071/ses-1/func/FD_outputs/sub-INET071_ses-1_task-rest_desc-framenums_fFD.txt",259
"INET071","1",7,"rest","sub-INET071_ses-1_task-rest_desc-framenums_fFD.txt","/Volumes/illinois-las-psych-gratton/iNetworks/Nifti/derivatives/preproc_fmriprep-24.1.1/sub-INET071/ses-1/func/FD_outputs/sub-INET071_ses-1_task-rest_desc-framenums_fFD.txt",262
"INET071","2",1,"rest","sub-INET071_ses-2_task-rest_desc-framenums_fFD.txt","/Volumes/illinois-las-psych-gratton/iNetworks/Nifti/derivatives/preproc_fmriprep-24.1.1/sub-INET071/ses-2/func/FD_outputs/sub-INET071_ses-2_task-rest_desc-framenums_fFD.txt",263
"INET071","2",2,"rest","sub-INET071_ses-2_task-rest_desc-framenums_fFD.txt","/Volumes/illinois-las-psych-gratton/iNetworks/Nifti/derivatives/preproc_fmriprep-24.1.1/sub-INET071/ses-2/func/FD_outputs/sub-INET071_ses-2_task-rest_desc-framenums_fFD.txt",253
"INET071","2",3,"rest","sub-INET071_ses-2_task-rest_desc-framenums_fFD.txt","/Volumes/illinois-las-psych-gratton/iNetworks/Nifti/derivatives/preproc_fmriprep-24.1.1/sub-INET071/ses-2/func/FD_outputs/sub-INET071_ses-2_task-rest_desc-framenums_fFD.txt",265
"INET071","2",4,"rest","sub-INET071_ses-2_task-rest_desc-framenums_fFD.txt","/Volumes/illinois-las-psych-gratton/iNetworks/Nifti/derivatives/preproc_fmriprep-24.1.1/sub-INET071/ses-2/func/FD_outputs/sub-INET071_ses-2_task-rest_desc-framenums_fFD.txt",264
"INET071","2",5,"rest","sub-INET071_ses-2_task-rest_desc-framenums_fFD.txt","/Volumes/illinois-las-psych-gratton/iNetworks/Nifti/derivatives/preproc_fmriprep-24.1.1/sub-INET071/ses-2/func/FD_outputs/sub-INET071_ses-2_task-rest_desc-framenums_fFD.txt",264
"INET071","2",6,"rest","sub-INET071_ses-2_task-rest_desc-framenums_fFD.txt","/Volumes/illinois-las-psych-gratton/iNetworks/Nifti/derivatives/preproc_fmriprep-24.1.1/sub-INET071/ses-2/func/FD_outputs/sub-INET071_ses-2_task-rest_desc-framenums_fFD.txt",264
"INET071","2",7,"rest","sub-INET071_ses-2_task-rest_desc-framenums_fFD.txt","/Volumes/illinois-las-psych-gratton/iNetworks/Nifti/derivatives/preproc_fmriprep-24.1.1/sub-INET071/ses-2/func/FD_outputs/sub-INET071_ses-2_task-rest_desc-framenums_fFD.txt",265
"INET071","3",1,"rest","sub-INET071_ses-3_task-rest_desc-framenums_fFD.txt","/Volumes/illinois-las-psych-gratton/iNetworks/Nifti/derivatives/preproc_fmriprep-24.1.1/sub-INET071/ses-3/func/FD_outputs/sub-INET071_ses-3_task-rest_desc-framenums_fFD.txt",265
"INET071","3",2,"rest","sub-INET071_ses-3_task-rest_desc-framenums_fFD.txt","/Volumes/illinois-las-psych-gratton/iNetworks/Nifti/derivatives/preproc_fmriprep-24.1.1/sub-INET071/ses-3/func/FD_outputs/sub-INET071_ses-3_task-rest_desc-framenums_fFD.txt",263
"INET071","3",3,"rest","sub-INET071_ses-3_task-rest_desc-framenums_fFD.txt","/Volumes/illinois-las-psych-gratton/iNetworks/Nifti/derivatives/preproc_fmriprep-24.1.1/sub-INET071/ses-3/func/FD_outputs/sub-INET071_ses-3_task-rest_desc-framenums_fFD.txt",265
"INET071","3",4,"rest","sub-INET071_ses-3_task-rest_desc-framenums_fFD.txt","/Volumes/illinois-las-psych-gratton/iNetworks/Nifti/derivatives/preproc_fmriprep-24.1.1/sub-INET071/ses-3/func/FD_outputs/sub-INET071_ses-3_task-rest_desc-framenums_fFD.txt",262
"INET071","3",5,"rest","sub-INET071_ses-3_task-rest_desc-framenums_fFD.txt","/Volumes/illinois-las-psych-gratton/iNetworks/Nifti/derivatives/preproc_fmriprep-24.1.1/sub-INET071/ses-3/func/FD_outputs/sub-INET071_ses-3_task-rest_desc-framenums_fFD.txt",265
"INET071","3",6,"rest","sub-INET071_ses-3_task-rest_desc-framenums_fFD.txt","/Volumes/illinois-las-psych-gratton/iNetworks/Nifti/derivatives/preproc_fmriprep-24.1.1/sub-INET071/ses-3/func/FD_outputs/sub-INET071_ses-3_task-rest_desc-framenums_fFD.txt",264
"INET071","3",7,"rest","sub-INET071_ses-3_task-rest_desc-framenums_fFD.txt","/Volumes/illinois-las-psych-gratton/iNetworks/Nifti/derivatives/preproc_fmriprep-24.1.1/sub-INET071/ses-3/func/FD_outputs/sub-INET071_ses-3_task-rest_desc-framenums_fFD.txt",264
"INET071","3",8,"rest","sub-INET071_ses-3_task-rest_desc-framenums_fFD.txt","/Volumes/illinois-las-psych-gratton/iNetworks/Nifti/derivatives/preproc_fmriprep-24.1.1/sub-INET071/ses-3/func/FD_outputs/sub-INET071_ses-3_task-rest_desc-framenums_fFD.txt",264
"INET071","4",1,"rest","sub-INET071_ses-4_task-rest_desc-framenums_fFD.txt","/Volumes/illinois-las-psych-gratton/iNetworks/Nifti/derivatives/preproc_fmriprep-24.1.1/sub-INET071/ses-4/func/FD_outputs/sub-INET071_ses-4_task-rest_desc-framenums_fFD.txt",265
"INET071","4",2,"rest","sub-INET071_ses-4_task-rest_desc-framenums_fFD.txt","/Volumes/illinois-las-psych-gratton/iNetworks/Nifti/derivatives/preproc_fmriprep-24.1.1/sub-INET071/ses-4/func/FD_outputs/sub-INET071_ses-4_task-rest_desc-framenums_fFD.txt",263
"INET071","4",3,"rest","sub-INET071_ses-4_task-rest_desc-framenums_fFD.txt","/Volumes/illinois-las-psych-gratton/iNetworks/Nifti/derivatives/preproc_fmriprep-24.1.1/sub-INET071/ses-4/func/FD_outputs/sub-INET071_ses-4_task-rest_desc-framenums_fFD.txt",246
"INET071","4",4,"rest","sub-INET071_ses-4_task-rest_desc-framenums_fFD.txt","/Volumes/illinois-las-psych-gratton/iNetworks/Nifti/derivatives/preproc_fmriprep-24.1.1/sub-INET071/ses-4/func/FD_outputs/sub-INET071_ses-4_task-rest_desc-framenums_fFD.txt",264
"INET071","4",5,"rest","sub-INET071_ses-4_task-rest_desc-framenums_fFD.txt","/Volumes/illinois-las-psych-gratton/iNetworks/Nifti/derivatives/preproc_fmriprep-24.1.1/sub-INET071/ses-4/func/FD_outputs/sub-INET071_ses-4_task-rest_desc-framenums_fFD.txt",265
"INET071","4",6,"rest","sub-INET071_ses-4_task-rest_desc-framenums_fFD.txt","/Volumes/illinois-las-psych-gratton/iNetworks/Nifti/derivatives/preproc_fmriprep-24.1.1/sub-INET071/ses-4/func/FD_outputs/sub-INET071_ses-4_task-rest_desc-framenums_fFD.txt",264
"INET071","4",7,"rest","sub-INET071_ses-4_task-rest_desc-framenums_fFD.txt","/Volumes/illinois-las-psych-gratton/iNetworks/Nifti/derivatives/preproc_fmriprep-24.1.1/sub-INET071/ses-4/func/FD_outputs/sub-INET071_ses-4_task-rest_desc-framenums_fFD.txt",260
"INET071","4",8,"rest","sub-INET071_ses-4_task-rest_desc-framenums_fFD.txt","/Volumes/illinois-las-psych-gratton/iNetworks/Nifti/derivatives/preproc_fmriprep-24.1.1/sub-INET071/ses-4/func/FD_outputs/sub-INET071_ses-4_task-rest_desc-framenums_fFD.txt",265
"INET072","1",1,"rest","sub-INET072_ses-1_task-rest_desc-framenums_fFD.txt","/Volumes/illinois-las-psych-gratton/iNetworks/Nifti/derivatives/preproc_fmriprep-24.1.1/sub-INET072/ses-1/func/FD_outputs/sub-INET072_ses-1_task-rest_desc-framenums_fFD.txt",265
"INET072","1",2,"rest","sub-INET072_ses-1_task-rest_desc-framenums_fFD.txt","/Volumes/illinois-las-psych-gratton/iNetworks/Nifti/derivatives/preproc_fmriprep-24.1.1/sub-INET072/ses-1/func/FD_outputs/sub-INET072_ses-1_task-rest_desc-framenums_fFD.txt",235
"INET072","1",3,"rest","sub-INET072_ses-1_task-rest_desc-framenums_fFD.txt","/Volumes/illinois-las-psych-gratton/iNetworks/Nifti/derivatives/preproc_fmriprep-24.1.1/sub-INET072/ses-1/func/FD_outputs/sub-INET072_ses-1_task-rest_desc-framenums_fFD.txt",262
"INET072","1",4,"rest","sub-INET072_ses-1_task-rest_desc-framenums_fFD.txt","/Volumes/illinois-las-psych-gratton/iNetworks/Nifti/derivatives/preproc_fmriprep-24.1.1/sub-INET072/ses-1/func/FD_outputs/sub-INET072_ses-1_task-rest_desc-framenums_fFD.txt",260
"INET072","1",5,"rest","sub-INET072_ses-1_task-rest_desc-framenums_fFD.txt","/Volumes/illinois-las-psych-gratton/iNetworks/Nifti/derivatives/preproc_fmriprep-24.1.1/sub-INET072/ses-1/func/FD_outputs/sub-INET072_ses-1_task-rest_desc-framenums_fFD.txt",243
"INET072","1",6,"rest","sub-INET072_ses-1_task-rest_desc-framenums_fFD.txt","/Volumes/illinois-las-psych-gratton/iNetworks/Nifti/derivatives/preproc_fmriprep-24.1.1/sub-INET072/ses-1/func/FD_outputs/sub-INET072_ses-1_task-rest_desc-framenums_fFD.txt",258
"INET072","1",7,"rest","sub-INET072_ses-1_task-rest_desc-framenums_fFD.txt","/Volumes/illinois-las-psych-gratton/iNetworks/Nifti/derivatives/preproc_fmriprep-24.1.1/sub-INET072/ses-1/func/FD_outputs/sub-INET072_ses-1_task-rest_desc-framenums_fFD.txt",225
"INET072","2",1,"rest","sub-INET072_ses-2_task-rest_desc-framenums_fFD.txt","/Volumes/illinois-las-psych-gratton/iNetworks/Nifti/derivatives/preproc_fmriprep-24.1.1/sub-INET072/ses-2/func/FD_outputs/sub-INET072_ses-2_task-rest_desc-framenums_fFD.txt",255
"INET072","2",2,"rest","sub-INET072_ses-2_task-rest_desc-framenums_fFD.txt","/Volumes/illinois-las-psych-gratton/iNetworks/Nifti/derivatives/preproc_fmriprep-24.1.1/sub-INET072/ses-2/func/FD_outputs/sub-INET072_ses-2_task-rest_desc-framenums_fFD.txt",247
"INET072","2",3,"rest","sub-INET072_ses-2_task-rest_desc-framenums_fFD.txt","/Volumes/illinois-las-psych-gratton/iNetworks/Nifti/derivatives/preproc_fmriprep-24.1.1/sub-INET072/ses-2/func/FD_outputs/sub-INET072_ses-2_task-rest_desc-framenums_fFD.txt",251
"INET072","2",4,"rest","sub-INET072_ses-2_task-rest_desc-framenums_fFD.txt","/Volumes/illinois-las-psych-gratton/iNetworks/Nifti/derivatives/preproc_fmriprep-24.1.1/sub-INET072/ses-2/func/FD_outputs/sub-INET072_ses-2_task-rest_desc-framenums_fFD.txt",262
"INET072","2",5,"rest","sub-INET072_ses-2_task-rest_desc-framenums_fFD.txt","/Volumes/illinois-las-psych-gratton/iNetworks/Nifti/derivatives/preproc_fmriprep-24.1.1/sub-INET072/ses-2/func/FD_outputs/sub-INET072_ses-2_task-rest_desc-framenums_fFD.txt",236
"INET072","2",6,"rest","sub-INET072_ses-2_task-rest_desc-framenums_fFD.txt","/Volumes/illinois-las-psych-gratton/iNetworks/Nifti/derivatives/preproc_fmriprep-24.1.1/sub-INET072/ses-2/func/FD_outputs/sub-INET072_ses-2_task-rest_desc-framenums_fFD.txt",251
"INET072","2",7,"rest","sub-INET072_ses-2_task-rest_desc-framenums_fFD.txt","/Volumes/illinois-las-psych-gratton/iNetworks/Nifti/derivatives/preproc_fmriprep-24.1.1/sub-INET072/ses-2/func/FD_outputs/sub-INET072_ses-2_task-rest_desc-framenums_fFD.txt",216
"INET072","3",1,"rest","sub-INET072_ses-3_task-rest_desc-framenums_fFD.txt","/Volumes/illinois-las-psych-gratton/iNetworks/Nifti/derivatives/preproc_fmriprep-24.1.1/sub-INET072/ses-3/func/FD_outputs/sub-INET072_ses-3_task-rest_desc-framenums_fFD.txt",262
"INET072","3",2,"rest","sub-INET072_ses-3_task-rest_desc-framenums_fFD.txt","/Volumes/illinois-las-psych-gratton/iNetworks/Nifti/derivatives/preproc_fmriprep-24.1.1/sub-INET072/ses-3/func/FD_outputs/sub-INET072_ses-3_task-rest_desc-framenums_fFD.txt",265
"INET072","3",3,"rest","sub-INET072_ses-3_task-rest_desc-framenums_fFD.txt","/Volumes/illinois-las-psych-gratton/iNetworks/Nifti/derivatives/preproc_fmriprep-24.1.1/sub-INET072/ses-3/func/FD_outputs/sub-INET072_ses-3_task-rest_desc-framenums_fFD.txt",250
"INET072","3",4,"rest","sub-INET072_ses-3_task-rest_desc-framenums_fFD.txt","/Volumes/illinois-las-psych-gratton/iNetworks/Nifti/derivatives/preproc_fmriprep-24.1.1/sub-INET072/ses-3/func/FD_outputs/sub-INET072_ses-3_task-rest_desc-framenums_fFD.txt",262
"INET072","3",5,"rest","sub-INET072_ses-3_task-rest_desc-framenums_fFD.txt","/Volumes/illinois-las-psych-gratton/iNetworks/Nifti/derivatives/preproc_fmriprep-24.1.1/sub-INET072/ses-3/func/FD_outputs/sub-INET072_ses-3_task-rest_desc-framenums_fFD.txt",242
"INET072","3",6,"rest","sub-INET072_ses-3_task-rest_desc-framenums_fFD.txt","/Volumes/illinois-las-psych-gratton/iNetworks/Nifti/derivatives/preproc_fmriprep-24.1.1/sub-INET072/ses-3/func/FD_outputs/sub-INET072_ses-3_task-rest_desc-framenums_fFD.txt",242
"INET072","3",7,"rest","sub-INET072_ses-3_task-rest_desc-framenums_fFD.txt","/Volumes/illinois-las-psych-gratton/iNetworks/Nifti/derivatives/preproc_fmriprep-24.1.1/sub-INET072/ses-3/func/FD_outputs/sub-INET072_ses-3_task-rest_desc-framenums_fFD.txt",217
"INET072","3",8,"rest","sub-INET072_ses-3_task-rest_desc-framenums_fFD.txt","/Volumes/illinois-las-psych-gratton/iNetworks/Nifti/derivatives/preproc_fmriprep-24.1.1/sub-INET072/ses-3/func/FD_outputs/sub-INET072_ses-3_task-rest_desc-framenums_fFD.txt",260
"INET072","4",1,"rest","sub-INET072_ses-4_task-rest_desc-framenums_fFD.txt","/Volumes/illinois-las-psych-gratton/iNetworks/Nifti/derivatives/preproc_fmriprep-24.1.1/sub-INET072/ses-4/func/FD_outputs/sub-INET072_ses-4_task-rest_desc-framenums_fFD.txt",264
"INET072","4",2,"rest","sub-INET072_ses-4_task-rest_desc-framenums_fFD.txt","/Volumes/illinois-las-psych-gratton/iNetworks/Nifti/derivatives/preproc_fmriprep-24.1.1/sub-INET072/ses-4/func/FD_outputs/sub-INET072_ses-4_task-rest_desc-framenums_fFD.txt",240
"INET072","4",3,"rest","sub-INET072_ses-4_task-rest_desc-framenums_fFD.txt","/Volumes/illinois-las-psych-gratton/iNetworks/Nifti/derivatives/preproc_fmriprep-24.1.1/sub-INET072/ses-4/func/FD_outputs/sub-INET072_ses-4_task-rest_desc-framenums_fFD.txt",248
"INET072","4",4,"rest","sub-INET072_ses-4_task-rest_desc-framenums_fFD.txt","/Volumes/illinois-las-psych-gratton/iNetworks/Nifti/derivatives/preproc_fmriprep-24.1.1/sub-INET072/ses-4/func/FD_outputs/sub-INET072_ses-4_task-rest_desc-framenums_fFD.txt",246
"INET072","4",5,"rest","sub-INET072_ses-4_task-rest_desc-framenums_fFD.txt","/Volumes/illinois-las-psych-gratton/iNetworks/Nifti/derivatives/preproc_fmriprep-24.1.1/sub-INET072/ses-4/func/FD_outputs/sub-INET072_ses-4_task-rest_desc-framenums_fFD.txt",239
"INET072","4",6,"rest","sub-INET072_ses-4_task-rest_desc-framenums_fFD.txt","/Volumes/illinois-las-psych-gratton/iNetworks/Nifti/derivatives/preproc_fmriprep-24.1.1/sub-INET072/ses-4/func/FD_outputs/sub-INET072_ses-4_task-rest_desc-framenums_fFD.txt",230
"INET072","4",7,"rest","sub-INET072_ses-4_task-rest_desc-framenums_fFD.txt","/Volumes/illinois-las-psych-gratton/iNetworks/Nifti/derivatives/preproc_fmriprep-24.1.1/sub-INET072/ses-4/func/FD_outputs/sub-INET072_ses-4_task-rest_desc-framenums_fFD.txt",227
"INET072","4",8,"rest","sub-INET072_ses-4_task-rest_desc-framenums_fFD.txt","/Volumes/illinois-las-psych-gratton/iNetworks/Nifti/derivatives/preproc_fmriprep-24.1.1/sub-INET072/ses-4/func/FD_outputs/sub-INET072_ses-4_task-rest_desc-framenums_fFD.txt",253
"INET073","1",1,"rest","sub-INET073_ses-1_task-rest_desc-framenums_fFD.txt","/Volumes/illinois-las-psych-gratton/iNetworks/Nifti/derivatives/preproc_fmriprep-24.1.1/sub-INET073/ses-1/func/FD_outputs/sub-INET073_ses-1_task-rest_desc-framenums_fFD.txt",263
"INET073","1",2,"rest","sub-INET073_ses-1_task-rest_desc-framenums_fFD.txt","/Volumes/illinois-las-psych-gratton/iNetworks/Nifti/derivatives/preproc_fmriprep-24.1.1/sub-INET073/ses-1/func/FD_outputs/sub-INET073_ses-1_task-rest_desc-framenums_fFD.txt",264
"INET073","1",3,"rest","sub-INET073_ses-1_task-rest_desc-framenums_fFD.txt","/Volumes/illinois-las-psych-gratton/iNetworks/Nifti/derivatives/preproc_fmriprep-24.1.1/sub-INET073/ses-1/func/FD_outputs/sub-INET073_ses-1_task-rest_desc-framenums_fFD.txt",264
"INET073","1",4,"rest","sub-INET073_ses-1_task-rest_desc-framenums_fFD.txt","/Volumes/illinois-las-psych-gratton/iNetworks/Nifti/derivatives/preproc_fmriprep-24.1.1/sub-INET073/ses-1/func/FD_outputs/sub-INET073_ses-1_task-rest_desc-framenums_fFD.txt",265
"INET073","1",5,"rest","sub-INET073_ses-1_task-rest_desc-framenums_fFD.txt","/Volumes/illinois-las-psych-gratton/iNetworks/Nifti/derivatives/preproc_fmriprep-24.1.1/sub-INET073/ses-1/func/FD_outputs/sub-INET073_ses-1_task-rest_desc-framenums_fFD.txt",265
"INET073","1",6,"rest","sub-INET073_ses-1_task-rest_desc-framenums_fFD.txt","/Volumes/illinois-las-psych-gratton/iNetworks/Nifti/derivatives/preproc_fmriprep-24.1.1/sub-INET073/ses-1/func/FD_outputs/sub-INET073_ses-1_task-rest_desc-framenums_fFD.txt",264
"INET073","1",7,"rest","sub-INET073_ses-1_task-rest_desc-framenums_fFD.txt","/Volumes/illinois-las-psych-gratton/iNetworks/Nifti/derivatives/preproc_fmriprep-24.1.1/sub-INET073/ses-1/func/FD_outputs/sub-INET073_ses-1_task-rest_desc-framenums_fFD.txt",265
"INET073","2",1,"rest","sub-INET073_ses-2_task-rest_desc-framenums_fFD.txt","/Volumes/illinois-las-psych-gratton/iNetworks/Nifti/derivatives/preproc_fmriprep-24.1.1/sub-INET073/ses-2/func/FD_outputs/sub-INET073_ses-2_task-rest_desc-framenums_fFD.txt",263
"INET073","2",2,"rest","sub-INET073_ses-2_task-rest_desc-framenums_fFD.txt","/Volumes/illinois-las-psych-gratton/iNetworks/Nifti/derivatives/preproc_fmriprep-24.1.1/sub-INET073/ses-2/func/FD_outputs/sub-INET073_ses-2_task-rest_desc-framenums_fFD.txt",262
"INET073","2",3,"rest","sub-INET073_ses-2_task-rest_desc-framenums_fFD.txt","/Volumes/illinois-las-psych-gratton/iNetworks/Nifti/derivatives/preproc_fmriprep-24.1.1/sub-INET073/ses-2/func/FD_outputs/sub-INET073_ses-2_task-rest_desc-framenums_fFD.txt",265
"INET073","2",4,"rest","sub-INET073_ses-2_task-rest_desc-framenums_fFD.txt","/Volumes/illinois-las-psych-gratton/iNetworks/Nifti/derivatives/preproc_fmriprep-24.1.1/sub-INET073/ses-2/func/FD_outputs/sub-INET073_ses-2_task-rest_desc-framenums_fFD.txt",265
"INET073","2",5,"rest","sub-INET073_ses-2_task-rest_desc-framenums_fFD.txt","/Volumes/illinois-las-psych-gratton/iNetworks/Nifti/derivatives/preproc_fmriprep-24.1.1/sub-INET073/ses-2/func/FD_outputs/sub-INET073_ses-2_task-rest_desc-framenums_fFD.txt",263
"INET073","2",6,"rest","sub-INET073_ses-2_task-rest_desc-framenums_fFD.txt","/Volumes/illinois-las-psych-gratton/iNetworks/Nifti/derivatives/preproc_fmriprep-24.1.1/sub-INET073/ses-2/func/FD_outputs/sub-INET073_ses-2_task-rest_desc-framenums_fFD.txt",264
"INET073","2",7,"rest","sub-INET073_ses-2_task-rest_desc-framenums_fFD.txt","/Volumes/illinois-las-psych-gratton/iNetworks/Nifti/derivatives/preproc_fmriprep-24.1.1/sub-INET073/ses-2/func/FD_outputs/sub-INET073_ses-2_task-rest_desc-framenums_fFD.txt",264
"INET073","3",1,"rest","sub-INET073_ses-3_task-rest_desc-framenums_fFD.txt","/Volumes/illinois-las-psych-gratton/iNetworks/Nifti/derivatives/preproc_fmriprep-24.1.1/sub-INET073/ses-3/func/FD_outputs/sub-INET073_ses-3_task-rest_desc-framenums_fFD.txt",263
"INET073","3",2,"rest","sub-INET073_ses-3_task-rest_desc-framenums_fFD.txt","/Volumes/illinois-las-psych-gratton/iNetworks/Nifti/derivatives/preproc_fmriprep-24.1.1/sub-INET073/ses-3/func/FD_outputs/sub-INET073_ses-3_task-rest_desc-framenums_fFD.txt",261
"INET073","3",3,"rest","sub-INET073_ses-3_task-rest_desc-framenums_fFD.txt","/Volumes/illinois-las-psych-gratton/iNetworks/Nifti/derivatives/preproc_fmriprep-24.1.1/sub-INET073/ses-3/func/FD_outputs/sub-INET073_ses-3_task-rest_desc-framenums_fFD.txt",263
"INET073","3",4,"rest","sub-INET073_ses-3_task-rest_desc-framenums_fFD.txt","/Volumes/illinois-las-psych-gratton/iNetworks/Nifti/derivatives/preproc_fmriprep-24.1.1/sub-INET073/ses-3/func/FD_outputs/sub-INET073_ses-3_task-rest_desc-framenums_fFD.txt",258
"INET073","3",5,"rest","sub-INET073_ses-3_task-rest_desc-framenums_fFD.txt","/Volumes/illinois-las-psych-gratton/iNetworks/Nifti/derivatives/preproc_fmriprep-24.1.1/sub-INET073/ses-3/func/FD_outputs/sub-INET073_ses-3_task-rest_desc-framenums_fFD.txt",263
"INET073","3",6,"rest","sub-INET073_ses-3_task-rest_desc-framenums_fFD.txt","/Volumes/illinois-las-psych-gratton/iNetworks/Nifti/derivatives/preproc_fmriprep-24.1.1/sub-INET073/ses-3/func/FD_outputs/sub-INET073_ses-3_task-rest_desc-framenums_fFD.txt",262
"INET073","3",7,"rest","sub-INET073_ses-3_task-rest_desc-framenums_fFD.txt","/Volumes/illinois-las-psych-gratton/iNetworks/Nifti/derivatives/preproc_fmriprep-24.1.1/sub-INET073/ses-3/func/FD_outputs/sub-INET073_ses-3_task-rest_desc-framenums_fFD.txt",262
"INET073","3",8,"rest","sub-INET073_ses-3_task-rest_desc-framenums_fFD.txt","/Volumes/illinois-las-psych-gratton/iNetworks/Nifti/derivatives/preproc_fmriprep-24.1.1/sub-INET073/ses-3/func/FD_outputs/sub-INET073_ses-3_task-rest_desc-framenums_fFD.txt",257
"INET073","4",1,"rest","sub-INET073_ses-4_task-rest_desc-framenums_fFD.txt","/Volumes/illinois-las-psych-gratton/iNetworks/Nifti/derivatives/preproc_fmriprep-24.1.1/sub-INET073/ses-4/func/FD_outputs/sub-INET073_ses-4_task-rest_desc-framenums_fFD.txt",262
"INET073","4",2,"rest","sub-INET073_ses-4_task-rest_desc-framenums_fFD.txt","/Volumes/illinois-las-psych-gratton/iNetworks/Nifti/derivatives/preproc_fmriprep-24.1.1/sub-INET073/ses-4/func/FD_outputs/sub-INET073_ses-4_task-rest_desc-framenums_fFD.txt",264
"INET073","4",3,"rest","sub-INET073_ses-4_task-rest_desc-framenums_fFD.txt","/Volumes/illinois-las-psych-gratton/iNetworks/Nifti/derivatives/preproc_fmriprep-24.1.1/sub-INET073/ses-4/func/FD_outputs/sub-INET073_ses-4_task-rest_desc-framenums_fFD.txt",264
"INET073","4",4,"rest","sub-INET073_ses-4_task-rest_desc-framenums_fFD.txt","/Volumes/illinois-las-psych-gratton/iNetworks/Nifti/derivatives/preproc_fmriprep-24.1.1/sub-INET073/ses-4/func/FD_outputs/sub-INET073_ses-4_task-rest_desc-framenums_fFD.txt",264
"INET073","4",5,"rest","sub-INET073_ses-4_task-rest_desc-framenums_fFD.txt","/Volumes/illinois-las-psych-gratton/iNetworks/Nifti/derivatives/preproc_fmriprep-24.1.1/sub-INET073/ses-4/func/FD_outputs/sub-INET073_ses-4_task-rest_desc-framenums_fFD.txt",260
"INET073","4",6,"rest","sub-INET073_ses-4_task-rest_desc-framenums_fFD.txt","/Volumes/illinois-las-psych-gratton/iNetworks/Nifti/derivatives/preproc_fmriprep-24.1.1/sub-INET073/ses-4/func/FD_outputs/sub-INET073_ses-4_task-rest_desc-framenums_fFD.txt",258
"INET073","4",7,"rest","sub-INET073_ses-4_task-rest_desc-framenums_fFD.txt","/Volumes/illinois-las-psych-gratton/iNetworks/Nifti/derivatives/preproc_fmriprep-24.1.1/sub-INET073/ses-4/func/FD_outputs/sub-INET073_ses-4_task-rest_desc-framenums_fFD.txt",262
"INET073","4",8,"rest","sub-INET073_ses-4_task-rest_desc-framenums_fFD.txt","/Volumes/illinois-las-psych-gratton/iNetworks/Nifti/derivatives/preproc_fmriprep-24.1.1/sub-INET073/ses-4/func/FD_outputs/sub-INET073_ses-4_task-rest_desc-framenums_fFD.txt",260
"INET074","1",1,"rest","sub-INET074_ses-1_task-rest_desc-framenums_fFD.txt","/Volumes/illinois-las-psych-gratton/iNetworks/Nifti/derivatives/preproc_fmriprep-24.1.1/sub-INET074/ses-1/func/FD_outputs/sub-INET074_ses-1_task-rest_desc-framenums_fFD.txt",235
"INET074","1",2,"rest","sub-INET074_ses-1_task-rest_desc-framenums_fFD.txt","/Volumes/illinois-las-psych-gratton/iNetworks/Nifti/derivatives/preproc_fmriprep-24.1.1/sub-INET074/ses-1/func/FD_outputs/sub-INET074_ses-1_task-rest_desc-framenums_fFD.txt",249
"INET074","1",3,"rest","sub-INET074_ses-1_task-rest_desc-framenums_fFD.txt","/Volumes/illinois-las-psych-gratton/iNetworks/Nifti/derivatives/preproc_fmriprep-24.1.1/sub-INET074/ses-1/func/FD_outputs/sub-INET074_ses-1_task-rest_desc-framenums_fFD.txt",220
"INET074","1",4,"rest","sub-INET074_ses-1_task-rest_desc-framenums_fFD.txt","/Volumes/illinois-las-psych-gratton/iNetworks/Nifti/derivatives/preproc_fmriprep-24.1.1/sub-INET074/ses-1/func/FD_outputs/sub-INET074_ses-1_task-rest_desc-framenums_fFD.txt",216
"INET074","1",5,"rest","sub-INET074_ses-1_task-rest_desc-framenums_fFD.txt","/Volumes/illinois-las-psych-gratton/iNetworks/Nifti/derivatives/preproc_fmriprep-24.1.1/sub-INET074/ses-1/func/FD_outputs/sub-INET074_ses-1_task-rest_desc-framenums_fFD.txt",198
"INET074","1",6,"rest","sub-INET074_ses-1_task-rest_desc-framenums_fFD.txt","/Volumes/illinois-las-psych-gratton/iNetworks/Nifti/derivatives/preproc_fmriprep-24.1.1/sub-INET074/ses-1/func/FD_outputs/sub-INET074_ses-1_task-rest_desc-framenums_fFD.txt",240
"INET074","1",7,"rest","sub-INET074_ses-1_task-rest_desc-framenums_fFD.txt","/Volumes/illinois-las-psych-gratton/iNetworks/Nifti/derivatives/preproc_fmriprep-24.1.1/sub-INET074/ses-1/func/FD_outputs/sub-INET074_ses-1_task-rest_desc-framenums_fFD.txt",254
"INET074","2",1,"rest","sub-INET074_ses-2_task-rest_desc-framenums_fFD.txt","/Volumes/illinois-las-psych-gratton/iNetworks/Nifti/derivatives/preproc_fmriprep-24.1.1/sub-INET074/ses-2/func/FD_outputs/sub-INET074_ses-2_task-rest_desc-framenums_fFD.txt",245
"INET074","2",2,"rest","sub-INET074_ses-2_task-rest_desc-framenums_fFD.txt","/Volumes/illinois-las-psych-gratton/iNetworks/Nifti/derivatives/preproc_fmriprep-24.1.1/sub-INET074/ses-2/func/FD_outputs/sub-INET074_ses-2_task-rest_desc-framenums_fFD.txt",245
"INET074","2",3,"rest","sub-INET074_ses-2_task-rest_desc-framenums_fFD.txt","/Volumes/illinois-las-psych-gratton/iNetworks/Nifti/derivatives/preproc_fmriprep-24.1.1/sub-INET074/ses-2/func/FD_outputs/sub-INET074_ses-2_task-rest_desc-framenums_fFD.txt",249
"INET074","2",4,"rest","sub-INET074_ses-2_task-rest_desc-framenums_fFD.txt","/Volumes/illinois-las-psych-gratton/iNetworks/Nifti/derivatives/preproc_fmriprep-24.1.1/sub-INET074/ses-2/func/FD_outputs/sub-INET074_ses-2_task-rest_desc-framenums_fFD.txt",224
"INET074","2",5,"rest","sub-INET074_ses-2_task-rest_desc-framenums_fFD.txt","/Volumes/illinois-las-psych-gratton/iNetworks/Nifti/derivatives/preproc_fmriprep-24.1.1/sub-INET074/ses-2/func/FD_outputs/sub-INET074_ses-2_task-rest_desc-framenums_fFD.txt",221
"INET074","2",6,"rest","sub-INET074_ses-2_task-rest_desc-framenums_fFD.txt","/Volumes/illinois-las-psych-gratton/iNetworks/Nifti/derivatives/preproc_fmriprep-24.1.1/sub-INET074/ses-2/func/FD_outputs/sub-INET074_ses-2_task-rest_desc-framenums_fFD.txt",224
"INET074","2",7,"rest","sub-INET074_ses-2_task-rest_desc-framenums_fFD.txt","/Volumes/illinois-las-psych-gratton/iNetworks/Nifti/derivatives/preproc_fmriprep-24.1.1/sub-INET074/ses-2/func/FD_outputs/sub-INET074_ses-2_task-rest_desc-framenums_fFD.txt",218
"INET074","3",1,"rest","sub-INET074_ses-3_task-rest_desc-framenums_fFD.txt","/Volumes/illinois-las-psych-gratton/iNetworks/Nifti/derivatives/preproc_fmriprep-24.1.1/sub-INET074/ses-3/func/FD_outputs/sub-INET074_ses-3_task-rest_desc-framenums_fFD.txt",224
"INET074","3",2,"rest","sub-INET074_ses-3_task-rest_desc-framenums_fFD.txt","/Volumes/illinois-las-psych-gratton/iNetworks/Nifti/derivatives/preproc_fmriprep-24.1.1/sub-INET074/ses-3/func/FD_outputs/sub-INET074_ses-3_task-rest_desc-framenums_fFD.txt",205
"INET074","3",3,"rest","sub-INET074_ses-3_task-rest_desc-framenums_fFD.txt","/Volumes/illinois-las-psych-gratton/iNetworks/Nifti/derivatives/preproc_fmriprep-24.1.1/sub-INET074/ses-3/func/FD_outputs/sub-INET074_ses-3_task-rest_desc-framenums_fFD.txt",263
"INET074","3",4,"rest","sub-INET074_ses-3_task-rest_desc-framenums_fFD.txt","/Volumes/illinois-las-psych-gratton/iNetworks/Nifti/derivatives/preproc_fmriprep-24.1.1/sub-INET074/ses-3/func/FD_outputs/sub-INET074_ses-3_task-rest_desc-framenums_fFD.txt",247
"INET074","3",5,"rest","sub-INET074_ses-3_task-rest_desc-framenums_fFD.txt","/Volumes/illinois-las-psych-gratton/iNetworks/Nifti/derivatives/preproc_fmriprep-24.1.1/sub-INET074/ses-3/func/FD_outputs/sub-INET074_ses-3_task-rest_desc-framenums_fFD.txt",263
"INET074","3",6,"rest","sub-INET074_ses-3_task-rest_desc-framenums_fFD.txt","/Volumes/illinois-las-psych-gratton/iNetworks/Nifti/derivatives/preproc_fmriprep-24.1.1/sub-INET074/ses-3/func/FD_outputs/sub-INET074_ses-3_task-rest_desc-framenums_fFD.txt",254
"INET074","3",7,"rest","sub-INET074_ses-3_task-rest_desc-framenums_fFD.txt","/Volumes/illinois-las-psych-gratton/iNetworks/Nifti/derivatives/preproc_fmriprep-24.1.1/sub-INET074/ses-3/func/FD_outputs/sub-INET074_ses-3_task-rest_desc-framenums_fFD.txt",244
"INET074","3",8,"rest","sub-INET074_ses-3_task-rest_desc-framenums_fFD.txt","/Volumes/illinois-las-psych-gratton/iNetworks/Nifti/derivatives/preproc_fmriprep-24.1.1/sub-INET074/ses-3/func/FD_outputs/sub-INET074_ses-3_task-rest_desc-framenums_fFD.txt",260
"INET074","4",1,"rest","sub-INET074_ses-4_task-rest_desc-framenums_fFD.txt","/Volumes/illinois-las-psych-gratton/iNetworks/Nifti/derivatives/preproc_fmriprep-24.1.1/sub-INET074/ses-4/func/FD_outputs/sub-INET074_ses-4_task-rest_desc-framenums_fFD.txt",262
"INET074","4",2,"rest","sub-INET074_ses-4_task-rest_desc-framenums_fFD.txt","/Volumes/illinois-las-psych-gratton/iNetworks/Nifti/derivatives/preproc_fmriprep-24.1.1/sub-INET074/ses-4/func/FD_outputs/sub-INET074_ses-4_task-rest_desc-framenums_fFD.txt",264
"INET074","4",3,"rest","sub-INET074_ses-4_task-rest_desc-framenums_fFD.txt","/Volumes/illinois-las-psych-gratton/iNetworks/Nifti/derivatives/preproc_fmriprep-24.1.1/sub-INET074/ses-4/func/FD_outputs/sub-INET074_ses-4_task-rest_desc-framenums_fFD.txt",203
"INET074","4",4,"rest","sub-INET074_ses-4_task-rest_desc-framenums_fFD.txt","/Volumes/illinois-las-psych-gratton/iNetworks/Nifti/derivatives/preproc_fmriprep-24.1.1/sub-INET074/ses-4/func/FD_outputs/sub-INET074_ses-4_task-rest_desc-framenums_fFD.txt",218
"INET074","4",5,"rest","sub-INET074_ses-4_task-rest_desc-framenums_fFD.txt","/Volumes/illinois-las-psych-gratton/iNetworks/Nifti/derivatives/preproc_fmriprep-24.1.1/sub-INET074/ses-4/func/FD_outputs/sub-INET074_ses-4_task-rest_desc-framenums_fFD.txt",258
"INET074","4",6,"rest","sub-INET074_ses-4_task-rest_desc-framenums_fFD.txt","/Volumes/illinois-las-psych-gratton/iNetworks/Nifti/derivatives/preproc_fmriprep-24.1.1/sub-INET074/ses-4/func/FD_outputs/sub-INET074_ses-4_task-rest_desc-framenums_fFD.txt",252
"INET074","4",7,"rest","sub-INET074_ses-4_task-rest_desc-framenums_fFD.txt","/Volumes/illinois-las-psych-gratton/iNetworks/Nifti/derivatives/preproc_fmriprep-24.1.1/sub-INET074/ses-4/func/FD_outputs/sub-INET074_ses-4_task-rest_desc-framenums_fFD.txt",260
"INET074","4",8,"rest","sub-INET074_ses-4_task-rest_desc-framenums_fFD.txt","/Volumes/illinois-las-psych-gratton/iNetworks/Nifti/derivatives/preproc_fmriprep-24.1.1/sub-INET074/ses-4/func/FD_outputs/sub-INET074_ses-4_task-rest_desc-framenums_fFD.txt",240
"INET075","1",1,"rest","sub-INET075_ses-1_task-rest_desc-framenums_fFD.txt","/Volumes/illinois-las-psych-gratton/iNetworks/Nifti/derivatives/preproc_fmriprep-24.1.1/sub-INET075/ses-1/func/FD_outputs/sub-INET075_ses-1_task-rest_desc-framenums_fFD.txt",264
"INET075","1",2,"rest","sub-INET075_ses-1_task-rest_desc-framenums_fFD.txt","/Volumes/illinois-las-psych-gratton/iNetworks/Nifti/derivatives/preproc_fmriprep-24.1.1/sub-INET075/ses-1/func/FD_outputs/sub-INET075_ses-1_task-rest_desc-framenums_fFD.txt",264
"INET075","1",3,"rest","sub-INET075_ses-1_task-rest_desc-framenums_fFD.txt","/Volumes/illinois-las-psych-gratton/iNetworks/Nifti/derivatives/preproc_fmriprep-24.1.1/sub-INET075/ses-1/func/FD_outputs/sub-INET075_ses-1_task-rest_desc-framenums_fFD.txt",260
"INET075","1",4,"rest","sub-INET075_ses-1_task-rest_desc-framenums_fFD.txt","/Volumes/illinois-las-psych-gratton/iNetworks/Nifti/derivatives/preproc_fmriprep-24.1.1/sub-INET075/ses-1/func/FD_outputs/sub-INET075_ses-1_task-rest_desc-framenums_fFD.txt",249
"INET075","1",5,"rest","sub-INET075_ses-1_task-rest_desc-framenums_fFD.txt","/Volumes/illinois-las-psych-gratton/iNetworks/Nifti/derivatives/preproc_fmriprep-24.1.1/sub-INET075/ses-1/func/FD_outputs/sub-INET075_ses-1_task-rest_desc-framenums_fFD.txt",232
"INET075","1",6,"rest","sub-INET075_ses-1_task-rest_desc-framenums_fFD.txt","/Volumes/illinois-las-psych-gratton/iNetworks/Nifti/derivatives/preproc_fmriprep-24.1.1/sub-INET075/ses-1/func/FD_outputs/sub-INET075_ses-1_task-rest_desc-framenums_fFD.txt",201
"INET075","1",7,"rest","sub-INET075_ses-1_task-rest_desc-framenums_fFD.txt","/Volumes/illinois-las-psych-gratton/iNetworks/Nifti/derivatives/preproc_fmriprep-24.1.1/sub-INET075/ses-1/func/FD_outputs/sub-INET075_ses-1_task-rest_desc-framenums_fFD.txt",225
"INET075","2",1,"rest","sub-INET075_ses-2_task-rest_desc-framenums_fFD.txt","/Volumes/illinois-las-psych-gratton/iNetworks/Nifti/derivatives/preproc_fmriprep-24.1.1/sub-INET075/ses-2/func/FD_outputs/sub-INET075_ses-2_task-rest_desc-framenums_fFD.txt",264
"INET075","2",2,"rest","sub-INET075_ses-2_task-rest_desc-framenums_fFD.txt","/Volumes/illinois-las-psych-gratton/iNetworks/Nifti/derivatives/preproc_fmriprep-24.1.1/sub-INET075/ses-2/func/FD_outputs/sub-INET075_ses-2_task-rest_desc-framenums_fFD.txt",251
"INET075","2",3,"rest","sub-INET075_ses-2_task-rest_desc-framenums_fFD.txt","/Volumes/illinois-las-psych-gratton/iNetworks/Nifti/derivatives/preproc_fmriprep-24.1.1/sub-INET075/ses-2/func/FD_outputs/sub-INET075_ses-2_task-rest_desc-framenums_fFD.txt",206
"INET075","2",4,"rest","sub-INET075_ses-2_task-rest_desc-framenums_fFD.txt","/Volumes/illinois-las-psych-gratton/iNetworks/Nifti/derivatives/preproc_fmriprep-24.1.1/sub-INET075/ses-2/func/FD_outputs/sub-INET075_ses-2_task-rest_desc-framenums_fFD.txt",255
"INET075","2",5,"rest","sub-INET075_ses-2_task-rest_desc-framenums_fFD.txt","/Volumes/illinois-las-psych-gratton/iNetworks/Nifti/derivatives/preproc_fmriprep-24.1.1/sub-INET075/ses-2/func/FD_outputs/sub-INET075_ses-2_task-rest_desc-framenums_fFD.txt",189
"INET075","2",6,"rest","sub-INET075_ses-2_task-rest_desc-framenums_fFD.txt","/Volumes/illinois-las-psych-gratton/iNetworks/Nifti/derivatives/preproc_fmriprep-24.1.1/sub-INET075/ses-2/func/FD_outputs/sub-INET075_ses-2_task-rest_desc-framenums_fFD.txt",188
"INET075","2",7,"rest","sub-INET075_ses-2_task-rest_desc-framenums_fFD.txt","/Volumes/illinois-las-psych-gratton/iNetworks/Nifti/derivatives/preproc_fmriprep-24.1.1/sub-INET075/ses-2/func/FD_outputs/sub-INET075_ses-2_task-rest_desc-framenums_fFD.txt",156
"INET075","3",1,"rest","sub-INET075_ses-3_task-rest_desc-framenums_fFD.txt","/Volumes/illinois-las-psych-gratton/iNetworks/Nifti/derivatives/preproc_fmriprep-24.1.1/sub-INET075/ses-3/func/FD_outputs/sub-INET075_ses-3_task-rest_desc-framenums_fFD.txt",264
"INET075","3",2,"rest","sub-INET075_ses-3_task-rest_desc-framenums_fFD.txt","/Volumes/illinois-las-psych-gratton/iNetworks/Nifti/derivatives/preproc_fmriprep-24.1.1/sub-INET075/ses-3/func/FD_outputs/sub-INET075_ses-3_task-rest_desc-framenums_fFD.txt",264
"INET075","3",3,"rest","sub-INET075_ses-3_task-rest_desc-framenums_fFD.txt","/Volumes/illinois-las-psych-gratton/iNetworks/Nifti/derivatives/preproc_fmriprep-24.1.1/sub-INET075/ses-3/func/FD_outputs/sub-INET075_ses-3_task-rest_desc-framenums_fFD.txt",265
"INET075","3",4,"rest","sub-INET075_ses-3_task-rest_desc-framenums_fFD.txt","/Volumes/illinois-las-psych-gratton/iNetworks/Nifti/derivatives/preproc_fmriprep-24.1.1/sub-INET075/ses-3/func/FD_outputs/sub-INET075_ses-3_task-rest_desc-framenums_fFD.txt",216
"INET075","3",5,"rest","sub-INET075_ses-3_task-rest_desc-framenums_fFD.txt","/Volumes/illinois-las-psych-gratton/iNetworks/Nifti/derivatives/preproc_fmriprep-24.1.1/sub-INET075/ses-3/func/FD_outputs/sub-INET075_ses-3_task-rest_desc-framenums_fFD.txt",260
"INET075","3",6,"rest","sub-INET075_ses-3_task-rest_desc-framenums_fFD.txt","/Volumes/illinois-las-psych-gratton/iNetworks/Nifti/derivatives/preproc_fmriprep-24.1.1/sub-INET075/ses-3/func/FD_outputs/sub-INET075_ses-3_task-rest_desc-framenums_fFD.txt",214
"INET075","3",7,"rest","sub-INET075_ses-3_task-rest_desc-framenums_fFD.txt","/Volumes/illinois-las-psych-gratton/iNetworks/Nifti/derivatives/preproc_fmriprep-24.1.1/sub-INET075/ses-3/func/FD_outputs/sub-INET075_ses-3_task-rest_desc-framenums_fFD.txt",257
"INET075","3",8,"rest","sub-INET075_ses-3_task-rest_desc-framenums_fFD.txt","/Volumes/illinois-las-psych-gratton/iNetworks/Nifti/derivatives/preproc_fmriprep-24.1.1/sub-INET075/ses-3/func/FD_outputs/sub-INET075_ses-3_task-rest_desc-framenums_fFD.txt",248
"INET075","4",1,"rest","sub-INET075_ses-4_task-rest_desc-framenums_fFD.txt","/Volumes/illinois-las-psych-gratton/iNetworks/Nifti/derivatives/preproc_fmriprep-24.1.1/sub-INET075/ses-4/func/FD_outputs/sub-INET075_ses-4_task-rest_desc-framenums_fFD.txt",265
"INET075","4",2,"rest","sub-INET075_ses-4_task-rest_desc-framenums_fFD.txt","/Volumes/illinois-las-psych-gratton/iNetworks/Nifti/derivatives/preproc_fmriprep-24.1.1/sub-INET075/ses-4/func/FD_outputs/sub-INET075_ses-4_task-rest_desc-framenums_fFD.txt",265
"INET075","4",3,"rest","sub-INET075_ses-4_task-rest_desc-framenums_fFD.txt","/Volumes/illinois-las-psych-gratton/iNetworks/Nifti/derivatives/preproc_fmriprep-24.1.1/sub-INET075/ses-4/func/FD_outputs/sub-INET075_ses-4_task-rest_desc-framenums_fFD.txt",233
"INET075","4",4,"rest","sub-INET075_ses-4_task-rest_desc-framenums_fFD.txt","/Volumes/illinois-las-psych-gratton/iNetworks/Nifti/derivatives/preproc_fmriprep-24.1.1/sub-INET075/ses-4/func/FD_outputs/sub-INET075_ses-4_task-rest_desc-framenums_fFD.txt",218
"INET075","4",5,"rest","sub-INET075_ses-4_task-rest_desc-framenums_fFD.txt","/Volumes/illinois-las-psych-gratton/iNetworks/Nifti/derivatives/preproc_fmriprep-24.1.1/sub-INET075/ses-4/func/FD_outputs/sub-INET075_ses-4_task-rest_desc-framenums_fFD.txt",255
"INET075","4",6,"rest","sub-INET075_ses-4_task-rest_desc-framenums_fFD.txt","/Volumes/illinois-las-psych-gratton/iNetworks/Nifti/derivatives/preproc_fmriprep-24.1.1/sub-INET075/ses-4/func/FD_outputs/sub-INET075_ses-4_task-rest_desc-framenums_fFD.txt",242
"INET075","4",7,"rest","sub-INET075_ses-4_task-rest_desc-framenums_fFD.txt","/Volumes/illinois-las-psych-gratton/iNetworks/Nifti/derivatives/preproc_fmriprep-24.1.1/sub-INET075/ses-4/func/FD_outputs/sub-INET075_ses-4_task-rest_desc-framenums_fFD.txt",183
"INET075","4",8,"rest","sub-INET075_ses-4_task-rest_desc-framenums_fFD.txt","/Volumes/illinois-las-psych-gratton/iNetworks/Nifti/derivatives/preproc_fmriprep-24.1.1/sub-INET075/ses-4/func/FD_outputs/sub-INET075_ses-4_task-rest_desc-framenums_fFD.txt",245
"INET077","1",1,"rest","sub-INET077_ses-1_task-rest_desc-framenums_fFD.txt","/Volumes/illinois-las-psych-gratton/iNetworks/Nifti/derivatives/preproc_fmriprep-24.1.1/sub-INET077/ses-1/func/FD_outputs/sub-INET077_ses-1_task-rest_desc-framenums_fFD.txt",264
"INET077","1",2,"rest","sub-INET077_ses-1_task-rest_desc-framenums_fFD.txt","/Volumes/illinois-las-psych-gratton/iNetworks/Nifti/derivatives/preproc_fmriprep-24.1.1/sub-INET077/ses-1/func/FD_outputs/sub-INET077_ses-1_task-rest_desc-framenums_fFD.txt",249
"INET077","1",3,"rest","sub-INET077_ses-1_task-rest_desc-framenums_fFD.txt","/Volumes/illinois-las-psych-gratton/iNetworks/Nifti/derivatives/preproc_fmriprep-24.1.1/sub-INET077/ses-1/func/FD_outputs/sub-INET077_ses-1_task-rest_desc-framenums_fFD.txt",251
"INET077","1",4,"rest","sub-INET077_ses-1_task-rest_desc-framenums_fFD.txt","/Volumes/illinois-las-psych-gratton/iNetworks/Nifti/derivatives/preproc_fmriprep-24.1.1/sub-INET077/ses-1/func/FD_outputs/sub-INET077_ses-1_task-rest_desc-framenums_fFD.txt",240
"INET077","1",5,"rest","sub-INET077_ses-1_task-rest_desc-framenums_fFD.txt","/Volumes/illinois-las-psych-gratton/iNetworks/Nifti/derivatives/preproc_fmriprep-24.1.1/sub-INET077/ses-1/func/FD_outputs/sub-INET077_ses-1_task-rest_desc-framenums_fFD.txt",220
"INET077","1",6,"rest","sub-INET077_ses-1_task-rest_desc-framenums_fFD.txt","/Volumes/illinois-las-psych-gratton/iNetworks/Nifti/derivatives/preproc_fmriprep-24.1.1/sub-INET077/ses-1/func/FD_outputs/sub-INET077_ses-1_task-rest_desc-framenums_fFD.txt",153
"INET077","1",7,"rest","sub-INET077_ses-1_task-rest_desc-framenums_fFD.txt","/Volumes/illinois-las-psych-gratton/iNetworks/Nifti/derivatives/preproc_fmriprep-24.1.1/sub-INET077/ses-1/func/FD_outputs/sub-INET077_ses-1_task-rest_desc-framenums_fFD.txt",163
"INET077","2",1,"rest","sub-INET077_ses-2_task-rest_desc-framenums_fFD.txt","/Volumes/illinois-las-psych-gratton/iNetworks/Nifti/derivatives/preproc_fmriprep-24.1.1/sub-INET077/ses-2/func/FD_outputs/sub-INET077_ses-2_task-rest_desc-framenums_fFD.txt",221
"INET077","2",2,"rest","sub-INET077_ses-2_task-rest_desc-framenums_fFD.txt","/Volumes/illinois-las-psych-gratton/iNetworks/Nifti/derivatives/preproc_fmriprep-24.1.1/sub-INET077/ses-2/func/FD_outputs/sub-INET077_ses-2_task-rest_desc-framenums_fFD.txt",201
"INET077","2",3,"rest","sub-INET077_ses-2_task-rest_desc-framenums_fFD.txt","/Volumes/illinois-las-psych-gratton/iNetworks/Nifti/derivatives/preproc_fmriprep-24.1.1/sub-INET077/ses-2/func/FD_outputs/sub-INET077_ses-2_task-rest_desc-framenums_fFD.txt",172
"INET077","2",4,"rest","sub-INET077_ses-2_task-rest_desc-framenums_fFD.txt","/Volumes/illinois-las-psych-gratton/iNetworks/Nifti/derivatives/preproc_fmriprep-24.1.1/sub-INET077/ses-2/func/FD_outputs/sub-INET077_ses-2_task-rest_desc-framenums_fFD.txt",203
"INET077","2",5,"rest","sub-INET077_ses-2_task-rest_desc-framenums_fFD.txt","/Volumes/illinois-las-psych-gratton/iNetworks/Nifti/derivatives/preproc_fmriprep-24.1.1/sub-INET077/ses-2/func/FD_outputs/sub-INET077_ses-2_task-rest_desc-framenums_fFD.txt",218
"INET077","2",6,"rest","sub-INET077_ses-2_task-rest_desc-framenums_fFD.txt","/Volumes/illinois-las-psych-gratton/iNetworks/Nifti/derivatives/preproc_fmriprep-24.1.1/sub-INET077/ses-2/func/FD_outputs/sub-INET077_ses-2_task-rest_desc-framenums_fFD.txt",239
"INET077","2",7,"rest","sub-INET077_ses-2_task-rest_desc-framenums_fFD.txt","/Volumes/illinois-las-psych-gratton/iNetworks/Nifti/derivatives/preproc_fmriprep-24.1.1/sub-INET077/ses-2/func/FD_outputs/sub-INET077_ses-2_task-rest_desc-framenums_fFD.txt",257
"INET077","3",1,"rest","sub-INET077_ses-3_task-rest_desc-framenums_fFD.txt","/Volumes/illinois-las-psych-gratton/iNetworks/Nifti/derivatives/preproc_fmriprep-24.1.1/sub-INET077/ses-3/func/FD_outputs/sub-INET077_ses-3_task-rest_desc-framenums_fFD.txt",175
"INET077","3",2,"rest","sub-INET077_ses-3_task-rest_desc-framenums_fFD.txt","/Volumes/illinois-las-psych-gratton/iNetworks/Nifti/derivatives/preproc_fmriprep-24.1.1/sub-INET077/ses-3/func/FD_outputs/sub-INET077_ses-3_task-rest_desc-framenums_fFD.txt",214
"INET077","3",3,"rest","sub-INET077_ses-3_task-rest_desc-framenums_fFD.txt","/Volumes/illinois-las-psych-gratton/iNetworks/Nifti/derivatives/preproc_fmriprep-24.1.1/sub-INET077/ses-3/func/FD_outputs/sub-INET077_ses-3_task-rest_desc-framenums_fFD.txt",225
"INET077","3",4,"rest","sub-INET077_ses-3_task-rest_desc-framenums_fFD.txt","/Volumes/illinois-las-psych-gratton/iNetworks/Nifti/derivatives/preproc_fmriprep-24.1.1/sub-INET077/ses-3/func/FD_outputs/sub-INET077_ses-3_task-rest_desc-framenums_fFD.txt",265
"INET077","3",5,"rest","sub-INET077_ses-3_task-rest_desc-framenums_fFD.txt","/Volumes/illinois-las-psych-gratton/iNetworks/Nifti/derivatives/preproc_fmriprep-24.1.1/sub-INET077/ses-3/func/FD_outputs/sub-INET077_ses-3_task-rest_desc-framenums_fFD.txt",261
"INET077","3",6,"rest","sub-INET077_ses-3_task-rest_desc-framenums_fFD.txt","/Volumes/illinois-las-psych-gratton/iNetworks/Nifti/derivatives/preproc_fmriprep-24.1.1/sub-INET077/ses-3/func/FD_outputs/sub-INET077_ses-3_task-rest_desc-framenums_fFD.txt",248
"INET077","4",1,"rest","sub-INET077_ses-4_task-rest_desc-framenums_fFD.txt","/Volumes/illinois-las-psych-gratton/iNetworks/Nifti/derivatives/preproc_fmriprep-24.1.1/sub-INET077/ses-4/func/FD_outputs/sub-INET077_ses-4_task-rest_desc-framenums_fFD.txt",236
"INET077","4",2,"rest","sub-INET077_ses-4_task-rest_desc-framenums_fFD.txt","/Volumes/illinois-las-psych-gratton/iNetworks/Nifti/derivatives/preproc_fmriprep-24.1.1/sub-INET077/ses-4/func/FD_outputs/sub-INET077_ses-4_task-rest_desc-framenums_fFD.txt",260
"INET077","4",3,"rest","sub-INET077_ses-4_task-rest_desc-framenums_fFD.txt","/Volumes/illinois-las-psych-gratton/iNetworks/Nifti/derivatives/preproc_fmriprep-24.1.1/sub-INET077/ses-4/func/FD_outputs/sub-INET077_ses-4_task-rest_desc-framenums_fFD.txt",233
"INET077","4",4,"rest","sub-INET077_ses-4_task-rest_desc-framenums_fFD.txt","/Volumes/illinois-las-psych-gratton/iNetworks/Nifti/derivatives/preproc_fmriprep-24.1.1/sub-INET077/ses-4/func/FD_outputs/sub-INET077_ses-4_task-rest_desc-framenums_fFD.txt",216
"INET077","4",5,"rest","sub-INET077_ses-4_task-rest_desc-framenums_fFD.txt","/Volumes/illinois-las-psych-gratton/iNetworks/Nifti/derivatives/preproc_fmriprep-24.1.1/sub-INET077/ses-4/func/FD_outputs/sub-INET077_ses-4_task-rest_desc-framenums_fFD.txt",264
"INET077","4",6,"rest","sub-INET077_ses-4_task-rest_desc-framenums_fFD.txt","/Volumes/illinois-las-psych-gratton/iNetworks/Nifti/derivatives/preproc_fmriprep-24.1.1/sub-INET077/ses-4/func/FD_outputs/sub-INET077_ses-4_task-rest_desc-framenums_fFD.txt",265
"INET077","4",7,"rest","sub-INET077_ses-4_task-rest_desc-framenums_fFD.txt","/Volumes/illinois-las-psych-gratton/iNetworks/Nifti/derivatives/preproc_fmriprep-24.1.1/sub-INET077/ses-4/func/FD_outputs/sub-INET077_ses-4_task-rest_desc-framenums_fFD.txt",264
"INET077","4",8,"rest","sub-INET077_ses-4_task-rest_desc-framenums_fFD.txt","/Volumes/illinois-las-psych-gratton/iNetworks/Nifti/derivatives/preproc_fmriprep-24.1.1/sub-INET077/ses-4/func/FD_outputs/sub-INET077_ses-4_task-rest_desc-framenums_fFD.txt",258
"INET078","1",1,"rest","sub-INET078_ses-1_task-rest_desc-framenums_fFD.txt","/Volumes/illinois-las-psych-gratton/iNetworks/Nifti/derivatives/preproc_fmriprep-24.1.1/sub-INET078/ses-1/func/FD_outputs/sub-INET078_ses-1_task-rest_desc-framenums_fFD.txt",264
"INET078","1",2,"rest","sub-INET078_ses-1_task-rest_desc-framenums_fFD.txt","/Volumes/illinois-las-psych-gratton/iNetworks/Nifti/derivatives/preproc_fmriprep-24.1.1/sub-INET078/ses-1/func/FD_outputs/sub-INET078_ses-1_task-rest_desc-framenums_fFD.txt",265
"INET078","1",3,"rest","sub-INET078_ses-1_task-rest_desc-framenums_fFD.txt","/Volumes/illinois-las-psych-gratton/iNetworks/Nifti/derivatives/preproc_fmriprep-24.1.1/sub-INET078/ses-1/func/FD_outputs/sub-INET078_ses-1_task-rest_desc-framenums_fFD.txt",265
"INET078","1",4,"rest","sub-INET078_ses-1_task-rest_desc-framenums_fFD.txt","/Volumes/illinois-las-psych-gratton/iNetworks/Nifti/derivatives/preproc_fmriprep-24.1.1/sub-INET078/ses-1/func/FD_outputs/sub-INET078_ses-1_task-rest_desc-framenums_fFD.txt",262
"INET078","1",5,"rest","sub-INET078_ses-1_task-rest_desc-framenums_fFD.txt","/Volumes/illinois-las-psych-gratton/iNetworks/Nifti/derivatives/preproc_fmriprep-24.1.1/sub-INET078/ses-1/func/FD_outputs/sub-INET078_ses-1_task-rest_desc-framenums_fFD.txt",265
"INET078","1",6,"rest","sub-INET078_ses-1_task-rest_desc-framenums_fFD.txt","/Volumes/illinois-las-psych-gratton/iNetworks/Nifti/derivatives/preproc_fmriprep-24.1.1/sub-INET078/ses-1/func/FD_outputs/sub-INET078_ses-1_task-rest_desc-framenums_fFD.txt",265
"INET078","1",7,"rest","sub-INET078_ses-1_task-rest_desc-framenums_fFD.txt","/Volumes/illinois-las-psych-gratton/iNetworks/Nifti/derivatives/preproc_fmriprep-24.1.1/sub-INET078/ses-1/func/FD_outputs/sub-INET078_ses-1_task-rest_desc-framenums_fFD.txt",258
"INET078","1",8,"rest","sub-INET078_ses-1_task-rest_desc-framenums_fFD.txt","/Volumes/illinois-las-psych-gratton/iNetworks/Nifti/derivatives/preproc_fmriprep-24.1.1/sub-INET078/ses-1/func/FD_outputs/sub-INET078_ses-1_task-rest_desc-framenums_fFD.txt",260
"INET078","2",1,"rest","sub-INET078_ses-2_task-rest_desc-framenums_fFD.txt","/Volumes/illinois-las-psych-gratton/iNetworks/Nifti/derivatives/preproc_fmriprep-24.1.1/sub-INET078/ses-2/func/FD_outputs/sub-INET078_ses-2_task-rest_desc-framenums_fFD.txt",265
"INET078","2",2,"rest","sub-INET078_ses-2_task-rest_desc-framenums_fFD.txt","/Volumes/illinois-las-psych-gratton/iNetworks/Nifti/derivatives/preproc_fmriprep-24.1.1/sub-INET078/ses-2/func/FD_outputs/sub-INET078_ses-2_task-rest_desc-framenums_fFD.txt",264
"INET078","2",3,"rest","sub-INET078_ses-2_task-rest_desc-framenums_fFD.txt","/Volumes/illinois-las-psych-gratton/iNetworks/Nifti/derivatives/preproc_fmriprep-24.1.1/sub-INET078/ses-2/func/FD_outputs/sub-INET078_ses-2_task-rest_desc-framenums_fFD.txt",264
"INET078","2",4,"rest","sub-INET078_ses-2_task-rest_desc-framenums_fFD.txt","/Volumes/illinois-las-psych-gratton/iNetworks/Nifti/derivatives/preproc_fmriprep-24.1.1/sub-INET078/ses-2/func/FD_outputs/sub-INET078_ses-2_task-rest_desc-framenums_fFD.txt",256
"INET078","2",5,"rest","sub-INET078_ses-2_task-rest_desc-framenums_fFD.txt","/Volumes/illinois-las-psych-gratton/iNetworks/Nifti/derivatives/preproc_fmriprep-24.1.1/sub-INET078/ses-2/func/FD_outputs/sub-INET078_ses-2_task-rest_desc-framenums_fFD.txt",265
"INET078","3",1,"rest","sub-INET078_ses-3_task-rest_desc-framenums_fFD.txt","/Volumes/illinois-las-psych-gratton/iNetworks/Nifti/derivatives/preproc_fmriprep-24.1.1/sub-INET078/ses-3/func/FD_outputs/sub-INET078_ses-3_task-rest_desc-framenums_fFD.txt",264
"INET078","3",2,"rest","sub-INET078_ses-3_task-rest_desc-framenums_fFD.txt","/Volumes/illinois-las-psych-gratton/iNetworks/Nifti/derivatives/preproc_fmriprep-24.1.1/sub-INET078/ses-3/func/FD_outputs/sub-INET078_ses-3_task-rest_desc-framenums_fFD.txt",264
"INET078","3",3,"rest","sub-INET078_ses-3_task-rest_desc-framenums_fFD.txt","/Volumes/illinois-las-psych-gratton/iNetworks/Nifti/derivatives/preproc_fmriprep-24.1.1/sub-INET078/ses-3/func/FD_outputs/sub-INET078_ses-3_task-rest_desc-framenums_fFD.txt",264
"INET078","3",4,"rest","sub-INET078_ses-3_task-rest_desc-framenums_fFD.txt","/Volumes/illinois-las-psych-gratton/iNetworks/Nifti/derivatives/preproc_fmriprep-24.1.1/sub-INET078/ses-3/func/FD_outputs/sub-INET078_ses-3_task-rest_desc-framenums_fFD.txt",263
"INET078","3",5,"rest","sub-INET078_ses-3_task-rest_desc-framenums_fFD.txt","/Volumes/illinois-las-psych-gratton/iNetworks/Nifti/derivatives/preproc_fmriprep-24.1.1/sub-INET078/ses-3/func/FD_outputs/sub-INET078_ses-3_task-rest_desc-framenums_fFD.txt",265
"INET078","3",6,"rest","sub-INET078_ses-3_task-rest_desc-framenums_fFD.txt","/Volumes/illinois-las-psych-gratton/iNetworks/Nifti/derivatives/preproc_fmriprep-24.1.1/sub-INET078/ses-3/func/FD_outputs/sub-INET078_ses-3_task-rest_desc-framenums_fFD.txt",262
"INET078","4",1,"rest","sub-INET078_ses-4_task-rest_desc-framenums_fFD.txt","/Volumes/illinois-las-psych-gratton/iNetworks/Nifti/derivatives/preproc_fmriprep-24.1.1/sub-INET078/ses-4/func/FD_outputs/sub-INET078_ses-4_task-rest_desc-framenums_fFD.txt",265
"INET078","4",2,"rest","sub-INET078_ses-4_task-rest_desc-framenums_fFD.txt","/Volumes/illinois-las-psych-gratton/iNetworks/Nifti/derivatives/preproc_fmriprep-24.1.1/sub-INET078/ses-4/func/FD_outputs/sub-INET078_ses-4_task-rest_desc-framenums_fFD.txt",264
"INET078","4",3,"rest","sub-INET078_ses-4_task-rest_desc-framenums_fFD.txt","/Volumes/illinois-las-psych-gratton/iNetworks/Nifti/derivatives/preproc_fmriprep-24.1.1/sub-INET078/ses-4/func/FD_outputs/sub-INET078_ses-4_task-rest_desc-framenums_fFD.txt",256
"INET078","4",4,"rest","sub-INET078_ses-4_task-rest_desc-framenums_fFD.txt","/Volumes/illinois-las-psych-gratton/iNetworks/Nifti/derivatives/preproc_fmriprep-24.1.1/sub-INET078/ses-4/func/FD_outputs/sub-INET078_ses-4_task-rest_desc-framenums_fFD.txt",248
"INET078","4",5,"rest","sub-INET078_ses-4_task-rest_desc-framenums_fFD.txt","/Volumes/illinois-las-psych-gratton/iNetworks/Nifti/derivatives/preproc_fmriprep-24.1.1/sub-INET078/ses-4/func/FD_outputs/sub-INET078_ses-4_task-rest_desc-framenums_fFD.txt",261
"INET080","1",1,"rest","sub-INET080_ses-1_task-rest_desc-framenums_fFD.txt","/Volumes/illinois-las-psych-gratton/iNetworks/Nifti/derivatives/preproc_fmriprep-24.1.1/sub-INET080/ses-1/func/FD_outputs/sub-INET080_ses-1_task-rest_desc-framenums_fFD.txt",254
"INET080","1",2,"rest","sub-INET080_ses-1_task-rest_desc-framenums_fFD.txt","/Volumes/illinois-las-psych-gratton/iNetworks/Nifti/derivatives/preproc_fmriprep-24.1.1/sub-INET080/ses-1/func/FD_outputs/sub-INET080_ses-1_task-rest_desc-framenums_fFD.txt",265
"INET080","2",1,"rest","sub-INET080_ses-2_task-rest_desc-framenums_fFD.txt","/Volumes/illinois-las-psych-gratton/iNetworks/Nifti/derivatives/preproc_fmriprep-24.1.1/sub-INET080/ses-2/func/FD_outputs/sub-INET080_ses-2_task-rest_desc-framenums_fFD.txt",259
"INET080","2",2,"rest","sub-INET080_ses-2_task-rest_desc-framenums_fFD.txt","/Volumes/illinois-las-psych-gratton/iNetworks/Nifti/derivatives/preproc_fmriprep-24.1.1/sub-INET080/ses-2/func/FD_outputs/sub-INET080_ses-2_task-rest_desc-framenums_fFD.txt",263
"INET080","2",3,"rest","sub-INET080_ses-2_task-rest_desc-framenums_fFD.txt","/Volumes/illinois-las-psych-gratton/iNetworks/Nifti/derivatives/preproc_fmriprep-24.1.1/sub-INET080/ses-2/func/FD_outputs/sub-INET080_ses-2_task-rest_desc-framenums_fFD.txt",246
"INET080","2",4,"rest","sub-INET080_ses-2_task-rest_desc-framenums_fFD.txt","/Volumes/illinois-las-psych-gratton/iNetworks/Nifti/derivatives/preproc_fmriprep-24.1.1/sub-INET080/ses-2/func/FD_outputs/sub-INET080_ses-2_task-rest_desc-framenums_fFD.txt",256
"INET080","2",5,"rest","sub-INET080_ses-2_task-rest_desc-framenums_fFD.txt","/Volumes/illinois-las-psych-gratton/iNetworks/Nifti/derivatives/preproc_fmriprep-24.1.1/sub-INET080/ses-2/func/FD_outputs/sub-INET080_ses-2_task-rest_desc-framenums_fFD.txt",224
"INET080","2",6,"rest","sub-INET080_ses-2_task-rest_desc-framenums_fFD.txt","/Volumes/illinois-las-psych-gratton/iNetworks/Nifti/derivatives/preproc_fmriprep-24.1.1/sub-INET080/ses-2/func/FD_outputs/sub-INET080_ses-2_task-rest_desc-framenums_fFD.txt",244
"INET080","2",7,"rest","sub-INET080_ses-2_task-rest_desc-framenums_fFD.txt","/Volumes/illinois-las-psych-gratton/iNetworks/Nifti/derivatives/preproc_fmriprep-24.1.1/sub-INET080/ses-2/func/FD_outputs/sub-INET080_ses-2_task-rest_desc-framenums_fFD.txt",218
"INET080","3",1,"rest","sub-INET080_ses-3_task-rest_desc-framenums_fFD.txt","/Volumes/illinois-las-psych-gratton/iNetworks/Nifti/derivatives/preproc_fmriprep-24.1.1/sub-INET080/ses-3/func/FD_outputs/sub-INET080_ses-3_task-rest_desc-framenums_fFD.txt",230
"INET080","3",2,"rest","sub-INET080_ses-3_task-rest_desc-framenums_fFD.txt","/Volumes/illinois-las-psych-gratton/iNetworks/Nifti/derivatives/preproc_fmriprep-24.1.1/sub-INET080/ses-3/func/FD_outputs/sub-INET080_ses-3_task-rest_desc-framenums_fFD.txt",222
"INET080","3",3,"rest","sub-INET080_ses-3_task-rest_desc-framenums_fFD.txt","/Volumes/illinois-las-psych-gratton/iNetworks/Nifti/derivatives/preproc_fmriprep-24.1.1/sub-INET080/ses-3/func/FD_outputs/sub-INET080_ses-3_task-rest_desc-framenums_fFD.txt",243
"INET080","3",4,"rest","sub-INET080_ses-3_task-rest_desc-framenums_fFD.txt","/Volumes/illinois-las-psych-gratton/iNetworks/Nifti/derivatives/preproc_fmriprep-24.1.1/sub-INET080/ses-3/func/FD_outputs/sub-INET080_ses-3_task-rest_desc-framenums_fFD.txt",240
"INET080","3",5,"rest","sub-INET080_ses-3_task-rest_desc-framenums_fFD.txt","/Volumes/illinois-las-psych-gratton/iNetworks/Nifti/derivatives/preproc_fmriprep-24.1.1/sub-INET080/ses-3/func/FD_outputs/sub-INET080_ses-3_task-rest_desc-framenums_fFD.txt",243
"INET080","3",6,"rest","sub-INET080_ses-3_task-rest_desc-framenums_fFD.txt","/Volumes/illinois-las-psych-gratton/iNetworks/Nifti/derivatives/preproc_fmriprep-24.1.1/sub-INET080/ses-3/func/FD_outputs/sub-INET080_ses-3_task-rest_desc-framenums_fFD.txt",263
"INET080","4",1,"rest","sub-INET080_ses-4_task-rest_desc-framenums_fFD.txt","/Volumes/illinois-las-psych-gratton/iNetworks/Nifti/derivatives/preproc_fmriprep-24.1.1/sub-INET080/ses-4/func/FD_outputs/sub-INET080_ses-4_task-rest_desc-framenums_fFD.txt",230
"INET080","4",2,"rest","sub-INET080_ses-4_task-rest_desc-framenums_fFD.txt","/Volumes/illinois-las-psych-gratton/iNetworks/Nifti/derivatives/preproc_fmriprep-24.1.1/sub-INET080/ses-4/func/FD_outputs/sub-INET080_ses-4_task-rest_desc-framenums_fFD.txt",222
"INET080","4",3,"rest","sub-INET080_ses-4_task-rest_desc-framenums_fFD.txt","/Volumes/illinois-las-psych-gratton/iNetworks/Nifti/derivatives/preproc_fmriprep-24.1.1/sub-INET080/ses-4/func/FD_outputs/sub-INET080_ses-4_task-rest_desc-framenums_fFD.txt",243
"INET080","4",4,"rest","sub-INET080_ses-4_task-rest_desc-framenums_fFD.txt","/Volumes/illinois-las-psych-gratton/iNetworks/Nifti/derivatives/preproc_fmriprep-24.1.1/sub-INET080/ses-4/func/FD_outputs/sub-INET080_ses-4_task-rest_desc-framenums_fFD.txt",240
"INET080","4",5,"rest","sub-INET080_ses-4_task-rest_desc-framenums_fFD.txt","/Volumes/illinois-las-psych-gratton/iNetworks/Nifti/derivatives/preproc_fmriprep-24.1.1/sub-INET080/ses-4/func/FD_outputs/sub-INET080_ses-4_task-rest_desc-framenums_fFD.txt",243
"INET080","4",6,"rest","sub-INET080_ses-4_task-rest_desc-framenums_fFD.txt","/Volumes/illinois-las-psych-gratton/iNetworks/Nifti/derivatives/preproc_fmriprep-24.1.1/sub-INET080/ses-4/func/FD_outputs/sub-INET080_ses-4_task-rest_desc-framenums_fFD.txt",263
"INET083","1",1,"rest","sub-INET083_ses-1_task-rest_desc-framenums_fFD.txt","/Volumes/illinois-las-psych-gratton/iNetworks/Nifti/derivatives/preproc_fmriprep-24.1.1/sub-INET083/ses-1/func/FD_outputs/sub-INET083_ses-1_task-rest_desc-framenums_fFD.txt",263
"INET083","1",2,"rest","sub-INET083_ses-1_task-rest_desc-framenums_fFD.txt","/Volumes/illinois-las-psych-gratton/iNetworks/Nifti/derivatives/preproc_fmriprep-24.1.1/sub-INET083/ses-1/func/FD_outputs/sub-INET083_ses-1_task-rest_desc-framenums_fFD.txt",262
"INET083","1",3,"rest","sub-INET083_ses-1_task-rest_desc-framenums_fFD.txt","/Volumes/illinois-las-psych-gratton/iNetworks/Nifti/derivatives/preproc_fmriprep-24.1.1/sub-INET083/ses-1/func/FD_outputs/sub-INET083_ses-1_task-rest_desc-framenums_fFD.txt",232
"INET083","1",4,"rest","sub-INET083_ses-1_task-rest_desc-framenums_fFD.txt","/Volumes/illinois-las-psych-gratton/iNetworks/Nifti/derivatives/preproc_fmriprep-24.1.1/sub-INET083/ses-1/func/FD_outputs/sub-INET083_ses-1_task-rest_desc-framenums_fFD.txt",242
"INET083","1",5,"rest","sub-INET083_ses-1_task-rest_desc-framenums_fFD.txt","/Volumes/illinois-las-psych-gratton/iNetworks/Nifti/derivatives/preproc_fmriprep-24.1.1/sub-INET083/ses-1/func/FD_outputs/sub-INET083_ses-1_task-rest_desc-framenums_fFD.txt",263
"INET083","1",6,"rest","sub-INET083_ses-1_task-rest_desc-framenums_fFD.txt","/Volumes/illinois-las-psych-gratton/iNetworks/Nifti/derivatives/preproc_fmriprep-24.1.1/sub-INET083/ses-1/func/FD_outputs/sub-INET083_ses-1_task-rest_desc-framenums_fFD.txt",263
"INET083","1",7,"rest","sub-INET083_ses-1_task-rest_desc-framenums_fFD.txt","/Volumes/illinois-las-psych-gratton/iNetworks/Nifti/derivatives/preproc_fmriprep-24.1.1/sub-INET083/ses-1/func/FD_outputs/sub-INET083_ses-1_task-rest_desc-framenums_fFD.txt",262
"INET083","2",1,"rest","sub-INET083_ses-2_task-rest_desc-framenums_fFD.txt","/Volumes/illinois-las-psych-gratton/iNetworks/Nifti/derivatives/preproc_fmriprep-24.1.1/sub-INET083/ses-2/func/FD_outputs/sub-INET083_ses-2_task-rest_desc-framenums_fFD.txt",265
"INET083","2",2,"rest","sub-INET083_ses-2_task-rest_desc-framenums_fFD.txt","/Volumes/illinois-las-psych-gratton/iNetworks/Nifti/derivatives/preproc_fmriprep-24.1.1/sub-INET083/ses-2/func/FD_outputs/sub-INET083_ses-2_task-rest_desc-framenums_fFD.txt",254
"INET083","2",3,"rest","sub-INET083_ses-2_task-rest_desc-framenums_fFD.txt","/Volumes/illinois-las-psych-gratton/iNetworks/Nifti/derivatives/preproc_fmriprep-24.1.1/sub-INET083/ses-2/func/FD_outputs/sub-INET083_ses-2_task-rest_desc-framenums_fFD.txt",258
"INET083","2",4,"rest","sub-INET083_ses-2_task-rest_desc-framenums_fFD.txt","/Volumes/illinois-las-psych-gratton/iNetworks/Nifti/derivatives/preproc_fmriprep-24.1.1/sub-INET083/ses-2/func/FD_outputs/sub-INET083_ses-2_task-rest_desc-framenums_fFD.txt",252
"INET083","2",5,"rest","sub-INET083_ses-2_task-rest_desc-framenums_fFD.txt","/Volumes/illinois-las-psych-gratton/iNetworks/Nifti/derivatives/preproc_fmriprep-24.1.1/sub-INET083/ses-2/func/FD_outputs/sub-INET083_ses-2_task-rest_desc-framenums_fFD.txt",254
"INET083","2",6,"rest","sub-INET083_ses-2_task-rest_desc-framenums_fFD.txt","/Volumes/illinois-las-psych-gratton/iNetworks/Nifti/derivatives/preproc_fmriprep-24.1.1/sub-INET083/ses-2/func/FD_outputs/sub-INET083_ses-2_task-rest_desc-framenums_fFD.txt",265
"INET083","2",7,"rest","sub-INET083_ses-2_task-rest_desc-framenums_fFD.txt","/Volumes/illinois-las-psych-gratton/iNetworks/Nifti/derivatives/preproc_fmriprep-24.1.1/sub-INET083/ses-2/func/FD_outputs/sub-INET083_ses-2_task-rest_desc-framenums_fFD.txt",264
"INET083","3",1,"rest","sub-INET083_ses-3_task-rest_desc-framenums_fFD.txt","/Volumes/illinois-las-psych-gratton/iNetworks/Nifti/derivatives/preproc_fmriprep-24.1.1/sub-INET083/ses-3/func/FD_outputs/sub-INET083_ses-3_task-rest_desc-framenums_fFD.txt",265
"INET083","3",2,"rest","sub-INET083_ses-3_task-rest_desc-framenums_fFD.txt","/Volumes/illinois-las-psych-gratton/iNetworks/Nifti/derivatives/preproc_fmriprep-24.1.1/sub-INET083/ses-3/func/FD_outputs/sub-INET083_ses-3_task-rest_desc-framenums_fFD.txt",264
"INET083","3",3,"rest","sub-INET083_ses-3_task-rest_desc-framenums_fFD.txt","/Volumes/illinois-las-psych-gratton/iNetworks/Nifti/derivatives/preproc_fmriprep-24.1.1/sub-INET083/ses-3/func/FD_outputs/sub-INET083_ses-3_task-rest_desc-framenums_fFD.txt",263
"INET083","3",4,"rest","sub-INET083_ses-3_task-rest_desc-framenums_fFD.txt","/Volumes/illinois-las-psych-gratton/iNetworks/Nifti/derivatives/preproc_fmriprep-24.1.1/sub-INET083/ses-3/func/FD_outputs/sub-INET083_ses-3_task-rest_desc-framenums_fFD.txt",264
"INET083","3",5,"rest","sub-INET083_ses-3_task-rest_desc-framenums_fFD.txt","/Volumes/illinois-las-psych-gratton/iNetworks/Nifti/derivatives/preproc_fmriprep-24.1.1/sub-INET083/ses-3/func/FD_outputs/sub-INET083_ses-3_task-rest_desc-framenums_fFD.txt",244
"INET083","3",6,"rest","sub-INET083_ses-3_task-rest_desc-framenums_fFD.txt","/Volumes/illinois-las-psych-gratton/iNetworks/Nifti/derivatives/preproc_fmriprep-24.1.1/sub-INET083/ses-3/func/FD_outputs/sub-INET083_ses-3_task-rest_desc-framenums_fFD.txt",258
"INET083","3",7,"rest","sub-INET083_ses-3_task-rest_desc-framenums_fFD.txt","/Volumes/illinois-las-psych-gratton/iNetworks/Nifti/derivatives/preproc_fmriprep-24.1.1/sub-INET083/ses-3/func/FD_outputs/sub-INET083_ses-3_task-rest_desc-framenums_fFD.txt",261
"INET083","4",1,"rest","sub-INET083_ses-4_task-rest_desc-framenums_fFD.txt","/Volumes/illinois-las-psych-gratton/iNetworks/Nifti/derivatives/preproc_fmriprep-24.1.1/sub-INET083/ses-4/func/FD_outputs/sub-INET083_ses-4_task-rest_desc-framenums_fFD.txt",264
"INET083","4",2,"rest","sub-INET083_ses-4_task-rest_desc-framenums_fFD.txt","/Volumes/illinois-las-psych-gratton/iNetworks/Nifti/derivatives/preproc_fmriprep-24.1.1/sub-INET083/ses-4/func/FD_outputs/sub-INET083_ses-4_task-rest_desc-framenums_fFD.txt",263
"INET083","4",3,"rest","sub-INET083_ses-4_task-rest_desc-framenums_fFD.txt","/Volumes/illinois-las-psych-gratton/iNetworks/Nifti/derivatives/preproc_fmriprep-24.1.1/sub-INET083/ses-4/func/FD_outputs/sub-INET083_ses-4_task-rest_desc-framenums_fFD.txt",261
"INET083","4",4,"rest","sub-INET083_ses-4_task-rest_desc-framenums_fFD.txt","/Volumes/illinois-las-psych-gratton/iNetworks/Nifti/derivatives/preproc_fmriprep-24.1.1/sub-INET083/ses-4/func/FD_outputs/sub-INET083_ses-4_task-rest_desc-framenums_fFD.txt",252
"INET083","4",5,"rest","sub-INET083_ses-4_task-rest_desc-framenums_fFD.txt","/Volumes/illinois-las-psych-gratton/iNetworks/Nifti/derivatives/preproc_fmriprep-24.1.1/sub-INET083/ses-4/func/FD_outputs/sub-INET083_ses-4_task-rest_desc-framenums_fFD.txt",264
"INET083","4",6,"rest","sub-INET083_ses-4_task-rest_desc-framenums_fFD.txt","/Volumes/illinois-las-psych-gratton/iNetworks/Nifti/derivatives/preproc_fmriprep-24.1.1/sub-INET083/ses-4/func/FD_outputs/sub-INET083_ses-4_task-rest_desc-framenums_fFD.txt",245
"INET083","4",7,"rest","sub-INET083_ses-4_task-rest_desc-framenums_fFD.txt","/Volumes/illinois-las-psych-gratton/iNetworks/Nifti/derivatives/preproc_fmriprep-24.1.1/sub-INET083/ses-4/func/FD_outputs/sub-INET083_ses-4_task-rest_desc-framenums_fFD.txt",257
"INET083","4",8,"rest","sub-INET083_ses-4_task-rest_desc-framenums_fFD.txt","/Volumes/illinois-las-psych-gratton/iNetworks/Nifti/derivatives/preproc_fmriprep-24.1.1/sub-INET083/ses-4/func/FD_outputs/sub-INET083_ses-4_task-rest_desc-framenums_fFD.txt",263
"INET084","1",1,"rest","sub-INET084_ses-1_task-rest_desc-framenums_fFD.txt","/Volumes/illinois-las-psych-gratton/iNetworks/Nifti/derivatives/preproc_fmriprep-24.1.1/sub-INET084/ses-1/func/FD_outputs/sub-INET084_ses-1_task-rest_desc-framenums_fFD.txt",265
"INET084","1",2,"rest","sub-INET084_ses-1_task-rest_desc-framenums_fFD.txt","/Volumes/illinois-las-psych-gratton/iNetworks/Nifti/derivatives/preproc_fmriprep-24.1.1/sub-INET084/ses-1/func/FD_outputs/sub-INET084_ses-1_task-rest_desc-framenums_fFD.txt",213
"INET084","1",3,"rest","sub-INET084_ses-1_task-rest_desc-framenums_fFD.txt","/Volumes/illinois-las-psych-gratton/iNetworks/Nifti/derivatives/preproc_fmriprep-24.1.1/sub-INET084/ses-1/func/FD_outputs/sub-INET084_ses-1_task-rest_desc-framenums_fFD.txt",195
"INET084","1",4,"rest","sub-INET084_ses-1_task-rest_desc-framenums_fFD.txt","/Volumes/illinois-las-psych-gratton/iNetworks/Nifti/derivatives/preproc_fmriprep-24.1.1/sub-INET084/ses-1/func/FD_outputs/sub-INET084_ses-1_task-rest_desc-framenums_fFD.txt",220
"INET084","1",5,"rest","sub-INET084_ses-1_task-rest_desc-framenums_fFD.txt","/Volumes/illinois-las-psych-gratton/iNetworks/Nifti/derivatives/preproc_fmriprep-24.1.1/sub-INET084/ses-1/func/FD_outputs/sub-INET084_ses-1_task-rest_desc-framenums_fFD.txt",148
"INET084","2",1,"rest","sub-INET084_ses-2_task-rest_desc-framenums_fFD.txt","/Volumes/illinois-las-psych-gratton/iNetworks/Nifti/derivatives/preproc_fmriprep-24.1.1/sub-INET084/ses-2/func/FD_outputs/sub-INET084_ses-2_task-rest_desc-framenums_fFD.txt",244
"INET084","2",2,"rest","sub-INET084_ses-2_task-rest_desc-framenums_fFD.txt","/Volumes/illinois-las-psych-gratton/iNetworks/Nifti/derivatives/preproc_fmriprep-24.1.1/sub-INET084/ses-2/func/FD_outputs/sub-INET084_ses-2_task-rest_desc-framenums_fFD.txt",259
"INET084","2",3,"rest","sub-INET084_ses-2_task-rest_desc-framenums_fFD.txt","/Volumes/illinois-las-psych-gratton/iNetworks/Nifti/derivatives/preproc_fmriprep-24.1.1/sub-INET084/ses-2/func/FD_outputs/sub-INET084_ses-2_task-rest_desc-framenums_fFD.txt",264
"INET084","2",4,"rest","sub-INET084_ses-2_task-rest_desc-framenums_fFD.txt","/Volumes/illinois-las-psych-gratton/iNetworks/Nifti/derivatives/preproc_fmriprep-24.1.1/sub-INET084/ses-2/func/FD_outputs/sub-INET084_ses-2_task-rest_desc-framenums_fFD.txt",259
"INET084","2",5,"rest","sub-INET084_ses-2_task-rest_desc-framenums_fFD.txt","/Volumes/illinois-las-psych-gratton/iNetworks/Nifti/derivatives/preproc_fmriprep-24.1.1/sub-INET084/ses-2/func/FD_outputs/sub-INET084_ses-2_task-rest_desc-framenums_fFD.txt",227
"INET084","2",6,"rest","sub-INET084_ses-2_task-rest_desc-framenums_fFD.txt","/Volumes/illinois-las-psych-gratton/iNetworks/Nifti/derivatives/preproc_fmriprep-24.1.1/sub-INET084/ses-2/func/FD_outputs/sub-INET084_ses-2_task-rest_desc-framenums_fFD.txt",186
"INET084","2",7,"rest","sub-INET084_ses-2_task-rest_desc-framenums_fFD.txt","/Volumes/illinois-las-psych-gratton/iNetworks/Nifti/derivatives/preproc_fmriprep-24.1.1/sub-INET084/ses-2/func/FD_outputs/sub-INET084_ses-2_task-rest_desc-framenums_fFD.txt",195
"INET084","3",1,"rest","sub-INET084_ses-3_task-rest_desc-framenums_fFD.txt","/Volumes/illinois-las-psych-gratton/iNetworks/Nifti/derivatives/preproc_fmriprep-24.1.1/sub-INET084/ses-3/func/FD_outputs/sub-INET084_ses-3_task-rest_desc-framenums_fFD.txt",264
"INET084","3",2,"rest","sub-INET084_ses-3_task-rest_desc-framenums_fFD.txt","/Volumes/illinois-las-psych-gratton/iNetworks/Nifti/derivatives/preproc_fmriprep-24.1.1/sub-INET084/ses-3/func/FD_outputs/sub-INET084_ses-3_task-rest_desc-framenums_fFD.txt",248
"INET084","3",3,"rest","sub-INET084_ses-3_task-rest_desc-framenums_fFD.txt","/Volumes/illinois-las-psych-gratton/iNetworks/Nifti/derivatives/preproc_fmriprep-24.1.1/sub-INET084/ses-3/func/FD_outputs/sub-INET084_ses-3_task-rest_desc-framenums_fFD.txt",212
"INET084","3",4,"rest","sub-INET084_ses-3_task-rest_desc-framenums_fFD.txt","/Volumes/illinois-las-psych-gratton/iNetworks/Nifti/derivatives/preproc_fmriprep-24.1.1/sub-INET084/ses-3/func/FD_outputs/sub-INET084_ses-3_task-rest_desc-framenums_fFD.txt",237
"INET084","3",5,"rest","sub-INET084_ses-3_task-rest_desc-framenums_fFD.txt","/Volumes/illinois-las-psych-gratton/iNetworks/Nifti/derivatives/preproc_fmriprep-24.1.1/sub-INET084/ses-3/func/FD_outputs/sub-INET084_ses-3_task-rest_desc-framenums_fFD.txt",212
"INET084","3",6,"rest","sub-INET084_ses-3_task-rest_desc-framenums_fFD.txt","/Volumes/illinois-las-psych-gratton/iNetworks/Nifti/derivatives/preproc_fmriprep-24.1.1/sub-INET084/ses-3/func/FD_outputs/sub-INET084_ses-3_task-rest_desc-framenums_fFD.txt",151
"INET084","3",7,"rest","sub-INET084_ses-3_task-rest_desc-framenums_fFD.txt","/Volumes/illinois-las-psych-gratton/iNetworks/Nifti/derivatives/preproc_fmriprep-24.1.1/sub-INET084/ses-3/func/FD_outputs/sub-INET084_ses-3_task-rest_desc-framenums_fFD.txt",81
"INET084","4",1,"rest","sub-INET084_ses-4_task-rest_desc-framenums_fFD.txt","/Volumes/illinois-las-psych-gratton/iNetworks/Nifti/derivatives/preproc_fmriprep-24.1.1/sub-INET084/ses-4/func/FD_outputs/sub-INET084_ses-4_task-rest_desc-framenums_fFD.txt",244
"INET084","4",2,"rest","sub-INET084_ses-4_task-rest_desc-framenums_fFD.txt","/Volumes/illinois-las-psych-gratton/iNetworks/Nifti/derivatives/preproc_fmriprep-24.1.1/sub-INET084/ses-4/func/FD_outputs/sub-INET084_ses-4_task-rest_desc-framenums_fFD.txt",264
"INET084","4",3,"rest","sub-INET084_ses-4_task-rest_desc-framenums_fFD.txt","/Volumes/illinois-las-psych-gratton/iNetworks/Nifti/derivatives/preproc_fmriprep-24.1.1/sub-INET084/ses-4/func/FD_outputs/sub-INET084_ses-4_task-rest_desc-framenums_fFD.txt",265
"INET084","4",4,"rest","sub-INET084_ses-4_task-rest_desc-framenums_fFD.txt","/Volumes/illinois-las-psych-gratton/iNetworks/Nifti/derivatives/preproc_fmriprep-24.1.1/sub-INET084/ses-4/func/FD_outputs/sub-INET084_ses-4_task-rest_desc-framenums_fFD.txt",261
"INET084","4",5,"rest","sub-INET084_ses-4_task-rest_desc-framenums_fFD.txt","/Volumes/illinois-las-psych-gratton/iNetworks/Nifti/derivatives/preproc_fmriprep-24.1.1/sub-INET084/ses-4/func/FD_outputs/sub-INET084_ses-4_task-rest_desc-framenums_fFD.txt",246
"INET084","4",6,"rest","sub-INET084_ses-4_task-rest_desc-framenums_fFD.txt","/Volumes/illinois-las-psych-gratton/iNetworks/Nifti/derivatives/preproc_fmriprep-24.1.1/sub-INET084/ses-4/func/FD_outputs/sub-INET084_ses-4_task-rest_desc-framenums_fFD.txt",217
"INET084","4",7,"rest","sub-INET084_ses-4_task-rest_desc-framenums_fFD.txt","/Volumes/illinois-las-psych-gratton/iNetworks/Nifti/derivatives/preproc_fmriprep-24.1.1/sub-INET084/ses-4/func/FD_outputs/sub-INET084_ses-4_task-rest_desc-framenums_fFD.txt",206
"INET085","1",1,"rest","sub-INET085_ses-1_task-rest_desc-framenums_fFD.txt","/Volumes/illinois-las-psych-gratton/iNetworks/Nifti/derivatives/preproc_fmriprep-24.1.1/sub-INET085/ses-1/func/FD_outputs/sub-INET085_ses-1_task-rest_desc-framenums_fFD.txt",264
"INET085","1",2,"rest","sub-INET085_ses-1_task-rest_desc-framenums_fFD.txt","/Volumes/illinois-las-psych-gratton/iNetworks/Nifti/derivatives/preproc_fmriprep-24.1.1/sub-INET085/ses-1/func/FD_outputs/sub-INET085_ses-1_task-rest_desc-framenums_fFD.txt",263
"INET085","1",3,"rest","sub-INET085_ses-1_task-rest_desc-framenums_fFD.txt","/Volumes/illinois-las-psych-gratton/iNetworks/Nifti/derivatives/preproc_fmriprep-24.1.1/sub-INET085/ses-1/func/FD_outputs/sub-INET085_ses-1_task-rest_desc-framenums_fFD.txt",144
"INET085","1",4,"rest","sub-INET085_ses-1_task-rest_desc-framenums_fFD.txt","/Volumes/illinois-las-psych-gratton/iNetworks/Nifti/derivatives/preproc_fmriprep-24.1.1/sub-INET085/ses-1/func/FD_outputs/sub-INET085_ses-1_task-rest_desc-framenums_fFD.txt",202
"INET085","1",5,"rest","sub-INET085_ses-1_task-rest_desc-framenums_fFD.txt","/Volumes/illinois-las-psych-gratton/iNetworks/Nifti/derivatives/preproc_fmriprep-24.1.1/sub-INET085/ses-1/func/FD_outputs/sub-INET085_ses-1_task-rest_desc-framenums_fFD.txt",262
"INET085","1",6,"rest","sub-INET085_ses-1_task-rest_desc-framenums_fFD.txt","/Volumes/illinois-las-psych-gratton/iNetworks/Nifti/derivatives/preproc_fmriprep-24.1.1/sub-INET085/ses-1/func/FD_outputs/sub-INET085_ses-1_task-rest_desc-framenums_fFD.txt",257
"INET085","1",7,"rest","sub-INET085_ses-1_task-rest_desc-framenums_fFD.txt","/Volumes/illinois-las-psych-gratton/iNetworks/Nifti/derivatives/preproc_fmriprep-24.1.1/sub-INET085/ses-1/func/FD_outputs/sub-INET085_ses-1_task-rest_desc-framenums_fFD.txt",261
"INET085","2",1,"rest","sub-INET085_ses-2_task-rest_desc-framenums_fFD.txt","/Volumes/illinois-las-psych-gratton/iNetworks/Nifti/derivatives/preproc_fmriprep-24.1.1/sub-INET085/ses-2/func/FD_outputs/sub-INET085_ses-2_task-rest_desc-framenums_fFD.txt",265
"INET085","2",2,"rest","sub-INET085_ses-2_task-rest_desc-framenums_fFD.txt","/Volumes/illinois-las-psych-gratton/iNetworks/Nifti/derivatives/preproc_fmriprep-24.1.1/sub-INET085/ses-2/func/FD_outputs/sub-INET085_ses-2_task-rest_desc-framenums_fFD.txt",252
"INET085","2",3,"rest","sub-INET085_ses-2_task-rest_desc-framenums_fFD.txt","/Volumes/illinois-las-psych-gratton/iNetworks/Nifti/derivatives/preproc_fmriprep-24.1.1/sub-INET085/ses-2/func/FD_outputs/sub-INET085_ses-2_task-rest_desc-framenums_fFD.txt",246
"INET085","2",4,"rest","sub-INET085_ses-2_task-rest_desc-framenums_fFD.txt","/Volumes/illinois-las-psych-gratton/iNetworks/Nifti/derivatives/preproc_fmriprep-24.1.1/sub-INET085/ses-2/func/FD_outputs/sub-INET085_ses-2_task-rest_desc-framenums_fFD.txt",234
"INET085","2",5,"rest","sub-INET085_ses-2_task-rest_desc-framenums_fFD.txt","/Volumes/illinois-las-psych-gratton/iNetworks/Nifti/derivatives/preproc_fmriprep-24.1.1/sub-INET085/ses-2/func/FD_outputs/sub-INET085_ses-2_task-rest_desc-framenums_fFD.txt",264
"INET085","2",6,"rest","sub-INET085_ses-2_task-rest_desc-framenums_fFD.txt","/Volumes/illinois-las-psych-gratton/iNetworks/Nifti/derivatives/preproc_fmriprep-24.1.1/sub-INET085/ses-2/func/FD_outputs/sub-INET085_ses-2_task-rest_desc-framenums_fFD.txt",265
"INET085","2",7,"rest","sub-INET085_ses-2_task-rest_desc-framenums_fFD.txt","/Volumes/illinois-las-psych-gratton/iNetworks/Nifti/derivatives/preproc_fmriprep-24.1.1/sub-INET085/ses-2/func/FD_outputs/sub-INET085_ses-2_task-rest_desc-framenums_fFD.txt",263
"INET085","3",1,"rest","sub-INET085_ses-3_task-rest_desc-framenums_fFD.txt","/Volumes/illinois-las-psych-gratton/iNetworks/Nifti/derivatives/preproc_fmriprep-24.1.1/sub-INET085/ses-3/func/FD_outputs/sub-INET085_ses-3_task-rest_desc-framenums_fFD.txt",263
"INET085","3",2,"rest","sub-INET085_ses-3_task-rest_desc-framenums_fFD.txt","/Volumes/illinois-las-psych-gratton/iNetworks/Nifti/derivatives/preproc_fmriprep-24.1.1/sub-INET085/ses-3/func/FD_outputs/sub-INET085_ses-3_task-rest_desc-framenums_fFD.txt",220
"INET085","3",3,"rest","sub-INET085_ses-3_task-rest_desc-framenums_fFD.txt","/Volumes/illinois-las-psych-gratton/iNetworks/Nifti/derivatives/preproc_fmriprep-24.1.1/sub-INET085/ses-3/func/FD_outputs/sub-INET085_ses-3_task-rest_desc-framenums_fFD.txt",139
"INET085","3",4,"rest","sub-INET085_ses-3_task-rest_desc-framenums_fFD.txt","/Volumes/illinois-las-psych-gratton/iNetworks/Nifti/derivatives/preproc_fmriprep-24.1.1/sub-INET085/ses-3/func/FD_outputs/sub-INET085_ses-3_task-rest_desc-framenums_fFD.txt",103
"INET085","3",5,"rest","sub-INET085_ses-3_task-rest_desc-framenums_fFD.txt","/Volumes/illinois-las-psych-gratton/iNetworks/Nifti/derivatives/preproc_fmriprep-24.1.1/sub-INET085/ses-3/func/FD_outputs/sub-INET085_ses-3_task-rest_desc-framenums_fFD.txt",148
"INET085","3",6,"rest","sub-INET085_ses-3_task-rest_desc-framenums_fFD.txt","/Volumes/illinois-las-psych-gratton/iNetworks/Nifti/derivatives/preproc_fmriprep-24.1.1/sub-INET085/ses-3/func/FD_outputs/sub-INET085_ses-3_task-rest_desc-framenums_fFD.txt",173
"INET085","3",7,"rest","sub-INET085_ses-3_task-rest_desc-framenums_fFD.txt","/Volumes/illinois-las-psych-gratton/iNetworks/Nifti/derivatives/preproc_fmriprep-24.1.1/sub-INET085/ses-3/func/FD_outputs/sub-INET085_ses-3_task-rest_desc-framenums_fFD.txt",125
"INET085","3",8,"rest","sub-INET085_ses-3_task-rest_desc-framenums_fFD.txt","/Volumes/illinois-las-psych-gratton/iNetworks/Nifti/derivatives/preproc_fmriprep-24.1.1/sub-INET085/ses-3/func/FD_outputs/sub-INET085_ses-3_task-rest_desc-framenums_fFD.txt",108
"INET085","4",1,"rest","sub-INET085_ses-4_task-rest_desc-framenums_fFD.txt","/Volumes/illinois-las-psych-gratton/iNetworks/Nifti/derivatives/preproc_fmriprep-24.1.1/sub-INET085/ses-4/func/FD_outputs/sub-INET085_ses-4_task-rest_desc-framenums_fFD.txt",264
"INET085","4",2,"rest","sub-INET085_ses-4_task-rest_desc-framenums_fFD.txt","/Volumes/illinois-las-psych-gratton/iNetworks/Nifti/derivatives/preproc_fmriprep-24.1.1/sub-INET085/ses-4/func/FD_outputs/sub-INET085_ses-4_task-rest_desc-framenums_fFD.txt",263
"INET085","4",3,"rest","sub-INET085_ses-4_task-rest_desc-framenums_fFD.txt","/Volumes/illinois-las-psych-gratton/iNetworks/Nifti/derivatives/preproc_fmriprep-24.1.1/sub-INET085/ses-4/func/FD_outputs/sub-INET085_ses-4_task-rest_desc-framenums_fFD.txt",264
"INET085","4",4,"rest","sub-INET085_ses-4_task-rest_desc-framenums_fFD.txt","/Volumes/illinois-las-psych-gratton/iNetworks/Nifti/derivatives/preproc_fmriprep-24.1.1/sub-INET085/ses-4/func/FD_outputs/sub-INET085_ses-4_task-rest_desc-framenums_fFD.txt",264
"INET085","4",5,"rest","sub-INET085_ses-4_task-rest_desc-framenums_fFD.txt","/Volumes/illinois-las-psych-gratton/iNetworks/Nifti/derivatives/preproc_fmriprep-24.1.1/sub-INET085/ses-4/func/FD_outputs/sub-INET085_ses-4_task-rest_desc-framenums_fFD.txt",264
"INET085","4",6,"rest","sub-INET085_ses-4_task-rest_desc-framenums_fFD.txt","/Volumes/illinois-las-psych-gratton/iNetworks/Nifti/derivatives/preproc_fmriprep-24.1.1/sub-INET085/ses-4/func/FD_outputs/sub-INET085_ses-4_task-rest_desc-framenums_fFD.txt",264
"INET086","1",1,"rest","sub-INET086_ses-1_task-rest_desc-framenums_fFD.txt","/Volumes/illinois-las-psych-gratton/iNetworks/Nifti/derivatives/preproc_fmriprep-24.1.1/sub-INET086/ses-1/func/FD_outputs/sub-INET086_ses-1_task-rest_desc-framenums_fFD.txt",263
"INET086","1",2,"rest","sub-INET086_ses-1_task-rest_desc-framenums_fFD.txt","/Volumes/illinois-las-psych-gratton/iNetworks/Nifti/derivatives/preproc_fmriprep-24.1.1/sub-INET086/ses-1/func/FD_outputs/sub-INET086_ses-1_task-rest_desc-framenums_fFD.txt",264
"INET086","1",3,"rest","sub-INET086_ses-1_task-rest_desc-framenums_fFD.txt","/Volumes/illinois-las-psych-gratton/iNetworks/Nifti/derivatives/preproc_fmriprep-24.1.1/sub-INET086/ses-1/func/FD_outputs/sub-INET086_ses-1_task-rest_desc-framenums_fFD.txt",263
"INET086","1",4,"rest","sub-INET086_ses-1_task-rest_desc-framenums_fFD.txt","/Volumes/illinois-las-psych-gratton/iNetworks/Nifti/derivatives/preproc_fmriprep-24.1.1/sub-INET086/ses-1/func/FD_outputs/sub-INET086_ses-1_task-rest_desc-framenums_fFD.txt",264
"INET086","1",5,"rest","sub-INET086_ses-1_task-rest_desc-framenums_fFD.txt","/Volumes/illinois-las-psych-gratton/iNetworks/Nifti/derivatives/preproc_fmriprep-24.1.1/sub-INET086/ses-1/func/FD_outputs/sub-INET086_ses-1_task-rest_desc-framenums_fFD.txt",263
"INET086","1",6,"rest","sub-INET086_ses-1_task-rest_desc-framenums_fFD.txt","/Volumes/illinois-las-psych-gratton/iNetworks/Nifti/derivatives/preproc_fmriprep-24.1.1/sub-INET086/ses-1/func/FD_outputs/sub-INET086_ses-1_task-rest_desc-framenums_fFD.txt",257
"INET086","1",7,"rest","sub-INET086_ses-1_task-rest_desc-framenums_fFD.txt","/Volumes/illinois-las-psych-gratton/iNetworks/Nifti/derivatives/preproc_fmriprep-24.1.1/sub-INET086/ses-1/func/FD_outputs/sub-INET086_ses-1_task-rest_desc-framenums_fFD.txt",264
"INET086","2",1,"rest","sub-INET086_ses-2_task-rest_desc-framenums_fFD.txt","/Volumes/illinois-las-psych-gratton/iNetworks/Nifti/derivatives/preproc_fmriprep-24.1.1/sub-INET086/ses-2/func/FD_outputs/sub-INET086_ses-2_task-rest_desc-framenums_fFD.txt",265
"INET086","2",2,"rest","sub-INET086_ses-2_task-rest_desc-framenums_fFD.txt","/Volumes/illinois-las-psych-gratton/iNetworks/Nifti/derivatives/preproc_fmriprep-24.1.1/sub-INET086/ses-2/func/FD_outputs/sub-INET086_ses-2_task-rest_desc-framenums_fFD.txt",265
"INET086","2",3,"rest","sub-INET086_ses-2_task-rest_desc-framenums_fFD.txt","/Volumes/illinois-las-psych-gratton/iNetworks/Nifti/derivatives/preproc_fmriprep-24.1.1/sub-INET086/ses-2/func/FD_outputs/sub-INET086_ses-2_task-rest_desc-framenums_fFD.txt",264
"INET086","2",4,"rest","sub-INET086_ses-2_task-rest_desc-framenums_fFD.txt","/Volumes/illinois-las-psych-gratton/iNetworks/Nifti/derivatives/preproc_fmriprep-24.1.1/sub-INET086/ses-2/func/FD_outputs/sub-INET086_ses-2_task-rest_desc-framenums_fFD.txt",264
"INET086","2",5,"rest","sub-INET086_ses-2_task-rest_desc-framenums_fFD.txt","/Volumes/illinois-las-psych-gratton/iNetworks/Nifti/derivatives/preproc_fmriprep-24.1.1/sub-INET086/ses-2/func/FD_outputs/sub-INET086_ses-2_task-rest_desc-framenums_fFD.txt",264
"INET086","2",6,"rest","sub-INET086_ses-2_task-rest_desc-framenums_fFD.txt","/Volumes/illinois-las-psych-gratton/iNetworks/Nifti/derivatives/preproc_fmriprep-24.1.1/sub-INET086/ses-2/func/FD_outputs/sub-INET086_ses-2_task-rest_desc-framenums_fFD.txt",257
"INET086","2",7,"rest","sub-INET086_ses-2_task-rest_desc-framenums_fFD.txt","/Volumes/illinois-las-psych-gratton/iNetworks/Nifti/derivatives/preproc_fmriprep-24.1.1/sub-INET086/ses-2/func/FD_outputs/sub-INET086_ses-2_task-rest_desc-framenums_fFD.txt",264
"INET086","3",1,"rest","sub-INET086_ses-3_task-rest_desc-framenums_fFD.txt","/Volumes/illinois-las-psych-gratton/iNetworks/Nifti/derivatives/preproc_fmriprep-24.1.1/sub-INET086/ses-3/func/FD_outputs/sub-INET086_ses-3_task-rest_desc-framenums_fFD.txt",261
"INET086","3",2,"rest","sub-INET086_ses-3_task-rest_desc-framenums_fFD.txt","/Volumes/illinois-las-psych-gratton/iNetworks/Nifti/derivatives/preproc_fmriprep-24.1.1/sub-INET086/ses-3/func/FD_outputs/sub-INET086_ses-3_task-rest_desc-framenums_fFD.txt",263
"INET086","3",3,"rest","sub-INET086_ses-3_task-rest_desc-framenums_fFD.txt","/Volumes/illinois-las-psych-gratton/iNetworks/Nifti/derivatives/preproc_fmriprep-24.1.1/sub-INET086/ses-3/func/FD_outputs/sub-INET086_ses-3_task-rest_desc-framenums_fFD.txt",265
"INET086","3",4,"rest","sub-INET086_ses-3_task-rest_desc-framenums_fFD.txt","/Volumes/illinois-las-psych-gratton/iNetworks/Nifti/derivatives/preproc_fmriprep-24.1.1/sub-INET086/ses-3/func/FD_outputs/sub-INET086_ses-3_task-rest_desc-framenums_fFD.txt",262
"INET086","3",5,"rest","sub-INET086_ses-3_task-rest_desc-framenums_fFD.txt","/Volumes/illinois-las-psych-gratton/iNetworks/Nifti/derivatives/preproc_fmriprep-24.1.1/sub-INET086/ses-3/func/FD_outputs/sub-INET086_ses-3_task-rest_desc-framenums_fFD.txt",261
"INET086","3",6,"rest","sub-INET086_ses-3_task-rest_desc-framenums_fFD.txt","/Volumes/illinois-las-psych-gratton/iNetworks/Nifti/derivatives/preproc_fmriprep-24.1.1/sub-INET086/ses-3/func/FD_outputs/sub-INET086_ses-3_task-rest_desc-framenums_fFD.txt",261
"INET086","4",1,"rest","sub-INET086_ses-4_task-rest_desc-framenums_fFD.txt","/Volumes/illinois-las-psych-gratton/iNetworks/Nifti/derivatives/preproc_fmriprep-24.1.1/sub-INET086/ses-4/func/FD_outputs/sub-INET086_ses-4_task-rest_desc-framenums_fFD.txt",259
"INET086","4",2,"rest","sub-INET086_ses-4_task-rest_desc-framenums_fFD.txt","/Volumes/illinois-las-psych-gratton/iNetworks/Nifti/derivatives/preproc_fmriprep-24.1.1/sub-INET086/ses-4/func/FD_outputs/sub-INET086_ses-4_task-rest_desc-framenums_fFD.txt",262
"INET086","4",3,"rest","sub-INET086_ses-4_task-rest_desc-framenums_fFD.txt","/Volumes/illinois-las-psych-gratton/iNetworks/Nifti/derivatives/preproc_fmriprep-24.1.1/sub-INET086/ses-4/func/FD_outputs/sub-INET086_ses-4_task-rest_desc-framenums_fFD.txt",265
"INET086","4",4,"rest","sub-INET086_ses-4_task-rest_desc-framenums_fFD.txt","/Volumes/illinois-las-psych-gratton/iNetworks/Nifti/derivatives/preproc_fmriprep-24.1.1/sub-INET086/ses-4/func/FD_outputs/sub-INET086_ses-4_task-rest_desc-framenums_fFD.txt",265
"INET086","4",5,"rest","sub-INET086_ses-4_task-rest_desc-framenums_fFD.txt","/Volumes/illinois-las-psych-gratton/iNetworks/Nifti/derivatives/preproc_fmriprep-24.1.1/sub-INET086/ses-4/func/FD_outputs/sub-INET086_ses-4_task-rest_desc-framenums_fFD.txt",264
"INET086","4",6,"rest","sub-INET086_ses-4_task-rest_desc-framenums_fFD.txt","/Volumes/illinois-las-psych-gratton/iNetworks/Nifti/derivatives/preproc_fmriprep-24.1.1/sub-INET086/ses-4/func/FD_outputs/sub-INET086_ses-4_task-rest_desc-framenums_fFD.txt",264
"INET086","4",7,"rest","sub-INET086_ses-4_task-rest_desc-framenums_fFD.txt","/Volumes/illinois-las-psych-gratton/iNetworks/Nifti/derivatives/preproc_fmriprep-24.1.1/sub-INET086/ses-4/func/FD_outputs/sub-INET086_ses-4_task-rest_desc-framenums_fFD.txt",264
"INET087","1",1,"rest","sub-INET087_ses-1_task-rest_desc-framenums_fFD.txt","/Volumes/illinois-las-psych-gratton/iNetworks/Nifti/derivatives/preproc_fmriprep-24.1.1/sub-INET087/ses-1/func/FD_outputs/sub-INET087_ses-1_task-rest_desc-framenums_fFD.txt",264
"INET087","1",2,"rest","sub-INET087_ses-1_task-rest_desc-framenums_fFD.txt","/Volumes/illinois-las-psych-gratton/iNetworks/Nifti/derivatives/preproc_fmriprep-24.1.1/sub-INET087/ses-1/func/FD_outputs/sub-INET087_ses-1_task-rest_desc-framenums_fFD.txt",263
"INET087","1",3,"rest","sub-INET087_ses-1_task-rest_desc-framenums_fFD.txt","/Volumes/illinois-las-psych-gratton/iNetworks/Nifti/derivatives/preproc_fmriprep-24.1.1/sub-INET087/ses-1/func/FD_outputs/sub-INET087_ses-1_task-rest_desc-framenums_fFD.txt",264
"INET087","1",4,"rest","sub-INET087_ses-1_task-rest_desc-framenums_fFD.txt","/Volumes/illinois-las-psych-gratton/iNetworks/Nifti/derivatives/preproc_fmriprep-24.1.1/sub-INET087/ses-1/func/FD_outputs/sub-INET087_ses-1_task-rest_desc-framenums_fFD.txt",260
"INET087","1",5,"rest","sub-INET087_ses-1_task-rest_desc-framenums_fFD.txt","/Volumes/illinois-las-psych-gratton/iNetworks/Nifti/derivatives/preproc_fmriprep-24.1.1/sub-INET087/ses-1/func/FD_outputs/sub-INET087_ses-1_task-rest_desc-framenums_fFD.txt",221
"INET087","1",6,"rest","sub-INET087_ses-1_task-rest_desc-framenums_fFD.txt","/Volumes/illinois-las-psych-gratton/iNetworks/Nifti/derivatives/preproc_fmriprep-24.1.1/sub-INET087/ses-1/func/FD_outputs/sub-INET087_ses-1_task-rest_desc-framenums_fFD.txt",251
"INET087","1",7,"rest","sub-INET087_ses-1_task-rest_desc-framenums_fFD.txt","/Volumes/illinois-las-psych-gratton/iNetworks/Nifti/derivatives/preproc_fmriprep-24.1.1/sub-INET087/ses-1/func/FD_outputs/sub-INET087_ses-1_task-rest_desc-framenums_fFD.txt",244
"INET087","2",1,"rest","sub-INET087_ses-2_task-rest_desc-framenums_fFD.txt","/Volumes/illinois-las-psych-gratton/iNetworks/Nifti/derivatives/preproc_fmriprep-24.1.1/sub-INET087/ses-2/func/FD_outputs/sub-INET087_ses-2_task-rest_desc-framenums_fFD.txt",260
"INET087","2",2,"rest","sub-INET087_ses-2_task-rest_desc-framenums_fFD.txt","/Volumes/illinois-las-psych-gratton/iNetworks/Nifti/derivatives/preproc_fmriprep-24.1.1/sub-INET087/ses-2/func/FD_outputs/sub-INET087_ses-2_task-rest_desc-framenums_fFD.txt",264
"INET087","2",3,"rest","sub-INET087_ses-2_task-rest_desc-framenums_fFD.txt","/Volumes/illinois-las-psych-gratton/iNetworks/Nifti/derivatives/preproc_fmriprep-24.1.1/sub-INET087/ses-2/func/FD_outputs/sub-INET087_ses-2_task-rest_desc-framenums_fFD.txt",262
"INET087","2",4,"rest","sub-INET087_ses-2_task-rest_desc-framenums_fFD.txt","/Volumes/illinois-las-psych-gratton/iNetworks/Nifti/derivatives/preproc_fmriprep-24.1.1/sub-INET087/ses-2/func/FD_outputs/sub-INET087_ses-2_task-rest_desc-framenums_fFD.txt",244
"INET087","2",5,"rest","sub-INET087_ses-2_task-rest_desc-framenums_fFD.txt","/Volumes/illinois-las-psych-gratton/iNetworks/Nifti/derivatives/preproc_fmriprep-24.1.1/sub-INET087/ses-2/func/FD_outputs/sub-INET087_ses-2_task-rest_desc-framenums_fFD.txt",260
"INET087","2",6,"rest","sub-INET087_ses-2_task-rest_desc-framenums_fFD.txt","/Volumes/illinois-las-psych-gratton/iNetworks/Nifti/derivatives/preproc_fmriprep-24.1.1/sub-INET087/ses-2/func/FD_outputs/sub-INET087_ses-2_task-rest_desc-framenums_fFD.txt",232
"INET087","2",7,"rest","sub-INET087_ses-2_task-rest_desc-framenums_fFD.txt","/Volumes/illinois-las-psych-gratton/iNetworks/Nifti/derivatives/preproc_fmriprep-24.1.1/sub-INET087/ses-2/func/FD_outputs/sub-INET087_ses-2_task-rest_desc-framenums_fFD.txt",255
"INET087","3",1,"rest","sub-INET087_ses-3_task-rest_desc-framenums_fFD.txt","/Volumes/illinois-las-psych-gratton/iNetworks/Nifti/derivatives/preproc_fmriprep-24.1.1/sub-INET087/ses-3/func/FD_outputs/sub-INET087_ses-3_task-rest_desc-framenums_fFD.txt",263
"INET087","3",2,"rest","sub-INET087_ses-3_task-rest_desc-framenums_fFD.txt","/Volumes/illinois-las-psych-gratton/iNetworks/Nifti/derivatives/preproc_fmriprep-24.1.1/sub-INET087/ses-3/func/FD_outputs/sub-INET087_ses-3_task-rest_desc-framenums_fFD.txt",259
"INET087","3",3,"rest","sub-INET087_ses-3_task-rest_desc-framenums_fFD.txt","/Volumes/illinois-las-psych-gratton/iNetworks/Nifti/derivatives/preproc_fmriprep-24.1.1/sub-INET087/ses-3/func/FD_outputs/sub-INET087_ses-3_task-rest_desc-framenums_fFD.txt",264
"INET087","3",4,"rest","sub-INET087_ses-3_task-rest_desc-framenums_fFD.txt","/Volumes/illinois-las-psych-gratton/iNetworks/Nifti/derivatives/preproc_fmriprep-24.1.1/sub-INET087/ses-3/func/FD_outputs/sub-INET087_ses-3_task-rest_desc-framenums_fFD.txt",253
"INET087","3",5,"rest","sub-INET087_ses-3_task-rest_desc-framenums_fFD.txt","/Volumes/illinois-las-psych-gratton/iNetworks/Nifti/derivatives/preproc_fmriprep-24.1.1/sub-INET087/ses-3/func/FD_outputs/sub-INET087_ses-3_task-rest_desc-framenums_fFD.txt",241
"INET087","3",6,"rest","sub-INET087_ses-3_task-rest_desc-framenums_fFD.txt","/Volumes/illinois-las-psych-gratton/iNetworks/Nifti/derivatives/preproc_fmriprep-24.1.1/sub-INET087/ses-3/func/FD_outputs/sub-INET087_ses-3_task-rest_desc-framenums_fFD.txt",263
"INET087","3",7,"rest","sub-INET087_ses-3_task-rest_desc-framenums_fFD.txt","/Volumes/illinois-las-psych-gratton/iNetworks/Nifti/derivatives/preproc_fmriprep-24.1.1/sub-INET087/ses-3/func/FD_outputs/sub-INET087_ses-3_task-rest_desc-framenums_fFD.txt",248
"INET087","4",1,"rest","sub-INET087_ses-4_task-rest_desc-framenums_fFD.txt","/Volumes/illinois-las-psych-gratton/iNetworks/Nifti/derivatives/preproc_fmriprep-24.1.1/sub-INET087/ses-4/func/FD_outputs/sub-INET087_ses-4_task-rest_desc-framenums_fFD.txt",261
"INET087","4",2,"rest","sub-INET087_ses-4_task-rest_desc-framenums_fFD.txt","/Volumes/illinois-las-psych-gratton/iNetworks/Nifti/derivatives/preproc_fmriprep-24.1.1/sub-INET087/ses-4/func/FD_outputs/sub-INET087_ses-4_task-rest_desc-framenums_fFD.txt",234
"INET087","4",3,"rest","sub-INET087_ses-4_task-rest_desc-framenums_fFD.txt","/Volumes/illinois-las-psych-gratton/iNetworks/Nifti/derivatives/preproc_fmriprep-24.1.1/sub-INET087/ses-4/func/FD_outputs/sub-INET087_ses-4_task-rest_desc-framenums_fFD.txt",261
"INET087","4",4,"rest","sub-INET087_ses-4_task-rest_desc-framenums_fFD.txt","/Volumes/illinois-las-psych-gratton/iNetworks/Nifti/derivatives/preproc_fmriprep-24.1.1/sub-INET087/ses-4/func/FD_outputs/sub-INET087_ses-4_task-rest_desc-framenums_fFD.txt",262
"INET087","4",5,"rest","sub-INET087_ses-4_task-rest_desc-framenums_fFD.txt","/Volumes/illinois-las-psych-gratton/iNetworks/Nifti/derivatives/preproc_fmriprep-24.1.1/sub-INET087/ses-4/func/FD_outputs/sub-INET087_ses-4_task-rest_desc-framenums_fFD.txt",259
"INET087","4",6,"rest","sub-INET087_ses-4_task-rest_desc-framenums_fFD.txt","/Volumes/illinois-las-psych-gratton/iNetworks/Nifti/derivatives/preproc_fmriprep-24.1.1/sub-INET087/ses-4/func/FD_outputs/sub-INET087_ses-4_task-rest_desc-framenums_fFD.txt",245
"INET087","4",7,"rest","sub-INET087_ses-4_task-rest_desc-framenums_fFD.txt","/Volumes/illinois-las-psych-gratton/iNetworks/Nifti/derivatives/preproc_fmriprep-24.1.1/sub-INET087/ses-4/func/FD_outputs/sub-INET087_ses-4_task-rest_desc-framenums_fFD.txt",250
"INET088","1",1,"rest","sub-INET088_ses-1_task-rest_desc-framenums_fFD.txt","/Volumes/illinois-las-psych-gratton/iNetworks/Nifti/derivatives/preproc_fmriprep-24.1.1/sub-INET088/ses-1/func/FD_outputs/sub-INET088_ses-1_task-rest_desc-framenums_fFD.txt",264
"INET088","1",2,"rest","sub-INET088_ses-1_task-rest_desc-framenums_fFD.txt","/Volumes/illinois-las-psych-gratton/iNetworks/Nifti/derivatives/preproc_fmriprep-24.1.1/sub-INET088/ses-1/func/FD_outputs/sub-INET088_ses-1_task-rest_desc-framenums_fFD.txt",264
"INET088","1",3,"rest","sub-INET088_ses-1_task-rest_desc-framenums_fFD.txt","/Volumes/illinois-las-psych-gratton/iNetworks/Nifti/derivatives/preproc_fmriprep-24.1.1/sub-INET088/ses-1/func/FD_outputs/sub-INET088_ses-1_task-rest_desc-framenums_fFD.txt",264
"INET088","1",4,"rest","sub-INET088_ses-1_task-rest_desc-framenums_fFD.txt","/Volumes/illinois-las-psych-gratton/iNetworks/Nifti/derivatives/preproc_fmriprep-24.1.1/sub-INET088/ses-1/func/FD_outputs/sub-INET088_ses-1_task-rest_desc-framenums_fFD.txt",262
"INET088","1",5,"rest","sub-INET088_ses-1_task-rest_desc-framenums_fFD.txt","/Volumes/illinois-las-psych-gratton/iNetworks/Nifti/derivatives/preproc_fmriprep-24.1.1/sub-INET088/ses-1/func/FD_outputs/sub-INET088_ses-1_task-rest_desc-framenums_fFD.txt",265
"INET088","1",6,"rest","sub-INET088_ses-1_task-rest_desc-framenums_fFD.txt","/Volumes/illinois-las-psych-gratton/iNetworks/Nifti/derivatives/preproc_fmriprep-24.1.1/sub-INET088/ses-1/func/FD_outputs/sub-INET088_ses-1_task-rest_desc-framenums_fFD.txt",264
"INET088","2",1,"rest","sub-INET088_ses-2_task-rest_desc-framenums_fFD.txt","/Volumes/illinois-las-psych-gratton/iNetworks/Nifti/derivatives/preproc_fmriprep-24.1.1/sub-INET088/ses-2/func/FD_outputs/sub-INET088_ses-2_task-rest_desc-framenums_fFD.txt",264
"INET088","2",2,"rest","sub-INET088_ses-2_task-rest_desc-framenums_fFD.txt","/Volumes/illinois-las-psych-gratton/iNetworks/Nifti/derivatives/preproc_fmriprep-24.1.1/sub-INET088/ses-2/func/FD_outputs/sub-INET088_ses-2_task-rest_desc-framenums_fFD.txt",264
"INET088","2",3,"rest","sub-INET088_ses-2_task-rest_desc-framenums_fFD.txt","/Volumes/illinois-las-psych-gratton/iNetworks/Nifti/derivatives/preproc_fmriprep-24.1.1/sub-INET088/ses-2/func/FD_outputs/sub-INET088_ses-2_task-rest_desc-framenums_fFD.txt",263
"INET088","2",4,"rest","sub-INET088_ses-2_task-rest_desc-framenums_fFD.txt","/Volumes/illinois-las-psych-gratton/iNetworks/Nifti/derivatives/preproc_fmriprep-24.1.1/sub-INET088/ses-2/func/FD_outputs/sub-INET088_ses-2_task-rest_desc-framenums_fFD.txt",246
"INET088","2",5,"rest","sub-INET088_ses-2_task-rest_desc-framenums_fFD.txt","/Volumes/illinois-las-psych-gratton/iNetworks/Nifti/derivatives/preproc_fmriprep-24.1.1/sub-INET088/ses-2/func/FD_outputs/sub-INET088_ses-2_task-rest_desc-framenums_fFD.txt",260
"INET088","2",6,"rest","sub-INET088_ses-2_task-rest_desc-framenums_fFD.txt","/Volumes/illinois-las-psych-gratton/iNetworks/Nifti/derivatives/preproc_fmriprep-24.1.1/sub-INET088/ses-2/func/FD_outputs/sub-INET088_ses-2_task-rest_desc-framenums_fFD.txt",264
"INET088","2",7,"rest","sub-INET088_ses-2_task-rest_desc-framenums_fFD.txt","/Volumes/illinois-las-psych-gratton/iNetworks/Nifti/derivatives/preproc_fmriprep-24.1.1/sub-INET088/ses-2/func/FD_outputs/sub-INET088_ses-2_task-rest_desc-framenums_fFD.txt",264
"INET088","3",1,"rest","sub-INET088_ses-3_task-rest_desc-framenums_fFD.txt","/Volumes/illinois-las-psych-gratton/iNetworks/Nifti/derivatives/preproc_fmriprep-24.1.1/sub-INET088/ses-3/func/FD_outputs/sub-INET088_ses-3_task-rest_desc-framenums_fFD.txt",265
"INET088","3",2,"rest","sub-INET088_ses-3_task-rest_desc-framenums_fFD.txt","/Volumes/illinois-las-psych-gratton/iNetworks/Nifti/derivatives/preproc_fmriprep-24.1.1/sub-INET088/ses-3/func/FD_outputs/sub-INET088_ses-3_task-rest_desc-framenums_fFD.txt",265
"INET088","3",3,"rest","sub-INET088_ses-3_task-rest_desc-framenums_fFD.txt","/Volumes/illinois-las-psych-gratton/iNetworks/Nifti/derivatives/preproc_fmriprep-24.1.1/sub-INET088/ses-3/func/FD_outputs/sub-INET088_ses-3_task-rest_desc-framenums_fFD.txt",257
"INET088","3",4,"rest","sub-INET088_ses-3_task-rest_desc-framenums_fFD.txt","/Volumes/illinois-las-psych-gratton/iNetworks/Nifti/derivatives/preproc_fmriprep-24.1.1/sub-INET088/ses-3/func/FD_outputs/sub-INET088_ses-3_task-rest_desc-framenums_fFD.txt",256
"INET088","3",5,"rest","sub-INET088_ses-3_task-rest_desc-framenums_fFD.txt","/Volumes/illinois-las-psych-gratton/iNetworks/Nifti/derivatives/preproc_fmriprep-24.1.1/sub-INET088/ses-3/func/FD_outputs/sub-INET088_ses-3_task-rest_desc-framenums_fFD.txt",263
"INET088","3",6,"rest","sub-INET088_ses-3_task-rest_desc-framenums_fFD.txt","/Volumes/illinois-las-psych-gratton/iNetworks/Nifti/derivatives/preproc_fmriprep-24.1.1/sub-INET088/ses-3/func/FD_outputs/sub-INET088_ses-3_task-rest_desc-framenums_fFD.txt",264
"INET088","3",7,"rest","sub-INET088_ses-3_task-rest_desc-framenums_fFD.txt","/Volumes/illinois-las-psych-gratton/iNetworks/Nifti/derivatives/preproc_fmriprep-24.1.1/sub-INET088/ses-3/func/FD_outputs/sub-INET088_ses-3_task-rest_desc-framenums_fFD.txt",265
"INET088","4",1,"rest","sub-INET088_ses-4_task-rest_desc-framenums_fFD.txt","/Volumes/illinois-las-psych-gratton/iNetworks/Nifti/derivatives/preproc_fmriprep-24.1.1/sub-INET088/ses-4/func/FD_outputs/sub-INET088_ses-4_task-rest_desc-framenums_fFD.txt",265
"INET088","4",2,"rest","sub-INET088_ses-4_task-rest_desc-framenums_fFD.txt","/Volumes/illinois-las-psych-gratton/iNetworks/Nifti/derivatives/preproc_fmriprep-24.1.1/sub-INET088/ses-4/func/FD_outputs/sub-INET088_ses-4_task-rest_desc-framenums_fFD.txt",265
"INET088","4",3,"rest","sub-INET088_ses-4_task-rest_desc-framenums_fFD.txt","/Volumes/illinois-las-psych-gratton/iNetworks/Nifti/derivatives/preproc_fmriprep-24.1.1/sub-INET088/ses-4/func/FD_outputs/sub-INET088_ses-4_task-rest_desc-framenums_fFD.txt",257
"INET088","4",4,"rest","sub-INET088_ses-4_task-rest_desc-framenums_fFD.txt","/Volumes/illinois-las-psych-gratton/iNetworks/Nifti/derivatives/preproc_fmriprep-24.1.1/sub-INET088/ses-4/func/FD_outputs/sub-INET088_ses-4_task-rest_desc-framenums_fFD.txt",254
"INET088","4",5,"rest","sub-INET088_ses-4_task-rest_desc-framenums_fFD.txt","/Volumes/illinois-las-psych-gratton/iNetworks/Nifti/derivatives/preproc_fmriprep-24.1.1/sub-INET088/ses-4/func/FD_outputs/sub-INET088_ses-4_task-rest_desc-framenums_fFD.txt",262
"INET088","4",6,"rest","sub-INET088_ses-4_task-rest_desc-framenums_fFD.txt","/Volumes/illinois-las-psych-gratton/iNetworks/Nifti/derivatives/preproc_fmriprep-24.1.1/sub-INET088/ses-4/func/FD_outputs/sub-INET088_ses-4_task-rest_desc-framenums_fFD.txt",257
"INET091","1",1,"rest","sub-INET091_ses-1_task-rest_desc-framenums_fFD.txt","/Volumes/illinois-las-psych-gratton/iNetworks/Nifti/derivatives/preproc_fmriprep-24.1.1/sub-INET091/ses-1/func/FD_outputs/sub-INET091_ses-1_task-rest_desc-framenums_fFD.txt",222
"INET091","1",2,"rest","sub-INET091_ses-1_task-rest_desc-framenums_fFD.txt","/Volumes/illinois-las-psych-gratton/iNetworks/Nifti/derivatives/preproc_fmriprep-24.1.1/sub-INET091/ses-1/func/FD_outputs/sub-INET091_ses-1_task-rest_desc-framenums_fFD.txt",148
"INET091","1",3,"rest","sub-INET091_ses-1_task-rest_desc-framenums_fFD.txt","/Volumes/illinois-las-psych-gratton/iNetworks/Nifti/derivatives/preproc_fmriprep-24.1.1/sub-INET091/ses-1/func/FD_outputs/sub-INET091_ses-1_task-rest_desc-framenums_fFD.txt",234
"INET091","1",4,"rest","sub-INET091_ses-1_task-rest_desc-framenums_fFD.txt","/Volumes/illinois-las-psych-gratton/iNetworks/Nifti/derivatives/preproc_fmriprep-24.1.1/sub-INET091/ses-1/func/FD_outputs/sub-INET091_ses-1_task-rest_desc-framenums_fFD.txt",220
"INET091","1",5,"rest","sub-INET091_ses-1_task-rest_desc-framenums_fFD.txt","/Volumes/illinois-las-psych-gratton/iNetworks/Nifti/derivatives/preproc_fmriprep-24.1.1/sub-INET091/ses-1/func/FD_outputs/sub-INET091_ses-1_task-rest_desc-framenums_fFD.txt",252
"INET091","1",6,"rest","sub-INET091_ses-1_task-rest_desc-framenums_fFD.txt","/Volumes/illinois-las-psych-gratton/iNetworks/Nifti/derivatives/preproc_fmriprep-24.1.1/sub-INET091/ses-1/func/FD_outputs/sub-INET091_ses-1_task-rest_desc-framenums_fFD.txt",173
"INET091","1",7,"rest","sub-INET091_ses-1_task-rest_desc-framenums_fFD.txt","/Volumes/illinois-las-psych-gratton/iNetworks/Nifti/derivatives/preproc_fmriprep-24.1.1/sub-INET091/ses-1/func/FD_outputs/sub-INET091_ses-1_task-rest_desc-framenums_fFD.txt",202
"INET091","2",1,"rest","sub-INET091_ses-2_task-rest_desc-framenums_fFD.txt","/Volumes/illinois-las-psych-gratton/iNetworks/Nifti/derivatives/preproc_fmriprep-24.1.1/sub-INET091/ses-2/func/FD_outputs/sub-INET091_ses-2_task-rest_desc-framenums_fFD.txt",262
"INET091","2",2,"rest","sub-INET091_ses-2_task-rest_desc-framenums_fFD.txt","/Volumes/illinois-las-psych-gratton/iNetworks/Nifti/derivatives/preproc_fmriprep-24.1.1/sub-INET091/ses-2/func/FD_outputs/sub-INET091_ses-2_task-rest_desc-framenums_fFD.txt",262
"INET091","2",3,"rest","sub-INET091_ses-2_task-rest_desc-framenums_fFD.txt","/Volumes/illinois-las-psych-gratton/iNetworks/Nifti/derivatives/preproc_fmriprep-24.1.1/sub-INET091/ses-2/func/FD_outputs/sub-INET091_ses-2_task-rest_desc-framenums_fFD.txt",173
"INET091","2",4,"rest","sub-INET091_ses-2_task-rest_desc-framenums_fFD.txt","/Volumes/illinois-las-psych-gratton/iNetworks/Nifti/derivatives/preproc_fmriprep-24.1.1/sub-INET091/ses-2/func/FD_outputs/sub-INET091_ses-2_task-rest_desc-framenums_fFD.txt",249
"INET091","2",5,"rest","sub-INET091_ses-2_task-rest_desc-framenums_fFD.txt","/Volumes/illinois-las-psych-gratton/iNetworks/Nifti/derivatives/preproc_fmriprep-24.1.1/sub-INET091/ses-2/func/FD_outputs/sub-INET091_ses-2_task-rest_desc-framenums_fFD.txt",237
"INET091","2",6,"rest","sub-INET091_ses-2_task-rest_desc-framenums_fFD.txt","/Volumes/illinois-las-psych-gratton/iNetworks/Nifti/derivatives/preproc_fmriprep-24.1.1/sub-INET091/ses-2/func/FD_outputs/sub-INET091_ses-2_task-rest_desc-framenums_fFD.txt",142
"INET091","2",7,"rest","sub-INET091_ses-2_task-rest_desc-framenums_fFD.txt","/Volumes/illinois-las-psych-gratton/iNetworks/Nifti/derivatives/preproc_fmriprep-24.1.1/sub-INET091/ses-2/func/FD_outputs/sub-INET091_ses-2_task-rest_desc-framenums_fFD.txt",185
"INET091","3",1,"rest","sub-INET091_ses-3_task-rest_desc-framenums_fFD.txt","/Volumes/illinois-las-psych-gratton/iNetworks/Nifti/derivatives/preproc_fmriprep-24.1.1/sub-INET091/ses-3/func/FD_outputs/sub-INET091_ses-3_task-rest_desc-framenums_fFD.txt",263
"INET091","3",2,"rest","sub-INET091_ses-3_task-rest_desc-framenums_fFD.txt","/Volumes/illinois-las-psych-gratton/iNetworks/Nifti/derivatives/preproc_fmriprep-24.1.1/sub-INET091/ses-3/func/FD_outputs/sub-INET091_ses-3_task-rest_desc-framenums_fFD.txt",244
"INET091","3",3,"rest","sub-INET091_ses-3_task-rest_desc-framenums_fFD.txt","/Volumes/illinois-las-psych-gratton/iNetworks/Nifti/derivatives/preproc_fmriprep-24.1.1/sub-INET091/ses-3/func/FD_outputs/sub-INET091_ses-3_task-rest_desc-framenums_fFD.txt",251
"INET091","3",4,"rest","sub-INET091_ses-3_task-rest_desc-framenums_fFD.txt","/Volumes/illinois-las-psych-gratton/iNetworks/Nifti/derivatives/preproc_fmriprep-24.1.1/sub-INET091/ses-3/func/FD_outputs/sub-INET091_ses-3_task-rest_desc-framenums_fFD.txt",252
"INET091","3",5,"rest","sub-INET091_ses-3_task-rest_desc-framenums_fFD.txt","/Volumes/illinois-las-psych-gratton/iNetworks/Nifti/derivatives/preproc_fmriprep-24.1.1/sub-INET091/ses-3/func/FD_outputs/sub-INET091_ses-3_task-rest_desc-framenums_fFD.txt",245
"INET091","3",6,"rest","sub-INET091_ses-3_task-rest_desc-framenums_fFD.txt","/Volumes/illinois-las-psych-gratton/iNetworks/Nifti/derivatives/preproc_fmriprep-24.1.1/sub-INET091/ses-3/func/FD_outputs/sub-INET091_ses-3_task-rest_desc-framenums_fFD.txt",260
"INET091","3",7,"rest","sub-INET091_ses-3_task-rest_desc-framenums_fFD.txt","/Volumes/illinois-las-psych-gratton/iNetworks/Nifti/derivatives/preproc_fmriprep-24.1.1/sub-INET091/ses-3/func/FD_outputs/sub-INET091_ses-3_task-rest_desc-framenums_fFD.txt",243
"INET091","4",1,"rest","sub-INET091_ses-4_task-rest_desc-framenums_fFD.txt","/Volumes/illinois-las-psych-gratton/iNetworks/Nifti/derivatives/preproc_fmriprep-24.1.1/sub-INET091/ses-4/func/FD_outputs/sub-INET091_ses-4_task-rest_desc-framenums_fFD.txt",253
"INET091","4",2,"rest","sub-INET091_ses-4_task-rest_desc-framenums_fFD.txt","/Volumes/illinois-las-psych-gratton/iNetworks/Nifti/derivatives/preproc_fmriprep-24.1.1/sub-INET091/ses-4/func/FD_outputs/sub-INET091_ses-4_task-rest_desc-framenums_fFD.txt",240
"INET091","4",3,"rest","sub-INET091_ses-4_task-rest_desc-framenums_fFD.txt","/Volumes/illinois-las-psych-gratton/iNetworks/Nifti/derivatives/preproc_fmriprep-24.1.1/sub-INET091/ses-4/func/FD_outputs/sub-INET091_ses-4_task-rest_desc-framenums_fFD.txt",164
"INET091","4",4,"rest","sub-INET091_ses-4_task-rest_desc-framenums_fFD.txt","/Volumes/illinois-las-psych-gratton/iNetworks/Nifti/derivatives/preproc_fmriprep-24.1.1/sub-INET091/ses-4/func/FD_outputs/sub-INET091_ses-4_task-rest_desc-framenums_fFD.txt",194
"INET091","4",5,"rest","sub-INET091_ses-4_task-rest_desc-framenums_fFD.txt","/Volumes/illinois-las-psych-gratton/iNetworks/Nifti/derivatives/preproc_fmriprep-24.1.1/sub-INET091/ses-4/func/FD_outputs/sub-INET091_ses-4_task-rest_desc-framenums_fFD.txt",265
"INET091","4",6,"rest","sub-INET091_ses-4_task-rest_desc-framenums_fFD.txt","/Volumes/illinois-las-psych-gratton/iNetworks/Nifti/derivatives/preproc_fmriprep-24.1.1/sub-INET091/ses-4/func/FD_outputs/sub-INET091_ses-4_task-rest_desc-framenums_fFD.txt",233
"INET091","4",7,"rest","sub-INET091_ses-4_task-rest_desc-framenums_fFD.txt","/Volumes/illinois-las-psych-gratton/iNetworks/Nifti/derivatives/preproc_fmriprep-24.1.1/sub-INET091/ses-4/func/FD_outputs/sub-INET091_ses-4_task-rest_desc-framenums_fFD.txt",247
"INET093","1",1,"rest","sub-INET093_ses-1_task-rest_desc-framenums_fFD.txt","/Volumes/illinois-las-psych-gratton/iNetworks/Nifti/derivatives/preproc_fmriprep-24.1.1/sub-INET093/ses-1/func/FD_outputs/sub-INET093_ses-1_task-rest_desc-framenums_fFD.txt",265
"INET093","1",2,"rest","sub-INET093_ses-1_task-rest_desc-framenums_fFD.txt","/Volumes/illinois-las-psych-gratton/iNetworks/Nifti/derivatives/preproc_fmriprep-24.1.1/sub-INET093/ses-1/func/FD_outputs/sub-INET093_ses-1_task-rest_desc-framenums_fFD.txt",263
"INET093","1",3,"rest","sub-INET093_ses-1_task-rest_desc-framenums_fFD.txt","/Volumes/illinois-las-psych-gratton/iNetworks/Nifti/derivatives/preproc_fmriprep-24.1.1/sub-INET093/ses-1/func/FD_outputs/sub-INET093_ses-1_task-rest_desc-framenums_fFD.txt",264
"INET093","1",4,"rest","sub-INET093_ses-1_task-rest_desc-framenums_fFD.txt","/Volumes/illinois-las-psych-gratton/iNetworks/Nifti/derivatives/preproc_fmriprep-24.1.1/sub-INET093/ses-1/func/FD_outputs/sub-INET093_ses-1_task-rest_desc-framenums_fFD.txt",264
"INET093","1",5,"rest","sub-INET093_ses-1_task-rest_desc-framenums_fFD.txt","/Volumes/illinois-las-psych-gratton/iNetworks/Nifti/derivatives/preproc_fmriprep-24.1.1/sub-INET093/ses-1/func/FD_outputs/sub-INET093_ses-1_task-rest_desc-framenums_fFD.txt",265
"INET093","1",6,"rest","sub-INET093_ses-1_task-rest_desc-framenums_fFD.txt","/Volumes/illinois-las-psych-gratton/iNetworks/Nifti/derivatives/preproc_fmriprep-24.1.1/sub-INET093/ses-1/func/FD_outputs/sub-INET093_ses-1_task-rest_desc-framenums_fFD.txt",265
"INET093","1",7,"rest","sub-INET093_ses-1_task-rest_desc-framenums_fFD.txt","/Volumes/illinois-las-psych-gratton/iNetworks/Nifti/derivatives/preproc_fmriprep-24.1.1/sub-INET093/ses-1/func/FD_outputs/sub-INET093_ses-1_task-rest_desc-framenums_fFD.txt",265
"INET093","1",8,"rest","sub-INET093_ses-1_task-rest_desc-framenums_fFD.txt","/Volumes/illinois-las-psych-gratton/iNetworks/Nifti/derivatives/preproc_fmriprep-24.1.1/sub-INET093/ses-1/func/FD_outputs/sub-INET093_ses-1_task-rest_desc-framenums_fFD.txt",265
"INET093","2",1,"rest","sub-INET093_ses-2_task-rest_desc-framenums_fFD.txt","/Volumes/illinois-las-psych-gratton/iNetworks/Nifti/derivatives/preproc_fmriprep-24.1.1/sub-INET093/ses-2/func/FD_outputs/sub-INET093_ses-2_task-rest_desc-framenums_fFD.txt",264
"INET093","2",2,"rest","sub-INET093_ses-2_task-rest_desc-framenums_fFD.txt","/Volumes/illinois-las-psych-gratton/iNetworks/Nifti/derivatives/preproc_fmriprep-24.1.1/sub-INET093/ses-2/func/FD_outputs/sub-INET093_ses-2_task-rest_desc-framenums_fFD.txt",264
"INET093","2",3,"rest","sub-INET093_ses-2_task-rest_desc-framenums_fFD.txt","/Volumes/illinois-las-psych-gratton/iNetworks/Nifti/derivatives/preproc_fmriprep-24.1.1/sub-INET093/ses-2/func/FD_outputs/sub-INET093_ses-2_task-rest_desc-framenums_fFD.txt",265
"INET093","2",4,"rest","sub-INET093_ses-2_task-rest_desc-framenums_fFD.txt","/Volumes/illinois-las-psych-gratton/iNetworks/Nifti/derivatives/preproc_fmriprep-24.1.1/sub-INET093/ses-2/func/FD_outputs/sub-INET093_ses-2_task-rest_desc-framenums_fFD.txt",259
"INET093","2",5,"rest","sub-INET093_ses-2_task-rest_desc-framenums_fFD.txt","/Volumes/illinois-las-psych-gratton/iNetworks/Nifti/derivatives/preproc_fmriprep-24.1.1/sub-INET093/ses-2/func/FD_outputs/sub-INET093_ses-2_task-rest_desc-framenums_fFD.txt",265
"INET093","2",6,"rest","sub-INET093_ses-2_task-rest_desc-framenums_fFD.txt","/Volumes/illinois-las-psych-gratton/iNetworks/Nifti/derivatives/preproc_fmriprep-24.1.1/sub-INET093/ses-2/func/FD_outputs/sub-INET093_ses-2_task-rest_desc-framenums_fFD.txt",265
"INET093","2",7,"rest","sub-INET093_ses-2_task-rest_desc-framenums_fFD.txt","/Volumes/illinois-las-psych-gratton/iNetworks/Nifti/derivatives/preproc_fmriprep-24.1.1/sub-INET093/ses-2/func/FD_outputs/sub-INET093_ses-2_task-rest_desc-framenums_fFD.txt",265
"INET093","2",8,"rest","sub-INET093_ses-2_task-rest_desc-framenums_fFD.txt","/Volumes/illinois-las-psych-gratton/iNetworks/Nifti/derivatives/preproc_fmriprep-24.1.1/sub-INET093/ses-2/func/FD_outputs/sub-INET093_ses-2_task-rest_desc-framenums_fFD.txt",263
"INET093","3",1,"rest","sub-INET093_ses-3_task-rest_desc-framenums_fFD.txt","/Volumes/illinois-las-psych-gratton/iNetworks/Nifti/derivatives/preproc_fmriprep-24.1.1/sub-INET093/ses-3/func/FD_outputs/sub-INET093_ses-3_task-rest_desc-framenums_fFD.txt",264
"INET093","3",2,"rest","sub-INET093_ses-3_task-rest_desc-framenums_fFD.txt","/Volumes/illinois-las-psych-gratton/iNetworks/Nifti/derivatives/preproc_fmriprep-24.1.1/sub-INET093/ses-3/func/FD_outputs/sub-INET093_ses-3_task-rest_desc-framenums_fFD.txt",264
"INET093","3",3,"rest","sub-INET093_ses-3_task-rest_desc-framenums_fFD.txt","/Volumes/illinois-las-psych-gratton/iNetworks/Nifti/derivatives/preproc_fmriprep-24.1.1/sub-INET093/ses-3/func/FD_outputs/sub-INET093_ses-3_task-rest_desc-framenums_fFD.txt",263
"INET093","3",4,"rest","sub-INET093_ses-3_task-rest_desc-framenums_fFD.txt","/Volumes/illinois-las-psych-gratton/iNetworks/Nifti/derivatives/preproc_fmriprep-24.1.1/sub-INET093/ses-3/func/FD_outputs/sub-INET093_ses-3_task-rest_desc-framenums_fFD.txt",259
"INET093","3",5,"rest","sub-INET093_ses-3_task-rest_desc-framenums_fFD.txt","/Volumes/illinois-las-psych-gratton/iNetworks/Nifti/derivatives/preproc_fmriprep-24.1.1/sub-INET093/ses-3/func/FD_outputs/sub-INET093_ses-3_task-rest_desc-framenums_fFD.txt",264
"INET093","3",6,"rest","sub-INET093_ses-3_task-rest_desc-framenums_fFD.txt","/Volumes/illinois-las-psych-gratton/iNetworks/Nifti/derivatives/preproc_fmriprep-24.1.1/sub-INET093/ses-3/func/FD_outputs/sub-INET093_ses-3_task-rest_desc-framenums_fFD.txt",264
"INET093","3",7,"rest","sub-INET093_ses-3_task-rest_desc-framenums_fFD.txt","/Volumes/illinois-las-psych-gratton/iNetworks/Nifti/derivatives/preproc_fmriprep-24.1.1/sub-INET093/ses-3/func/FD_outputs/sub-INET093_ses-3_task-rest_desc-framenums_fFD.txt",263
"INET093","4",1,"rest","sub-INET093_ses-4_task-rest_desc-framenums_fFD.txt","/Volumes/illinois-las-psych-gratton/iNetworks/Nifti/derivatives/preproc_fmriprep-24.1.1/sub-INET093/ses-4/func/FD_outputs/sub-INET093_ses-4_task-rest_desc-framenums_fFD.txt",264
"INET093","4",2,"rest","sub-INET093_ses-4_task-rest_desc-framenums_fFD.txt","/Volumes/illinois-las-psych-gratton/iNetworks/Nifti/derivatives/preproc_fmriprep-24.1.1/sub-INET093/ses-4/func/FD_outputs/sub-INET093_ses-4_task-rest_desc-framenums_fFD.txt",264
"INET093","4",3,"rest","sub-INET093_ses-4_task-rest_desc-framenums_fFD.txt","/Volumes/illinois-las-psych-gratton/iNetworks/Nifti/derivatives/preproc_fmriprep-24.1.1/sub-INET093/ses-4/func/FD_outputs/sub-INET093_ses-4_task-rest_desc-framenums_fFD.txt",256
"INET093","4",4,"rest","sub-INET093_ses-4_task-rest_desc-framenums_fFD.txt","/Volumes/illinois-las-psych-gratton/iNetworks/Nifti/derivatives/preproc_fmriprep-24.1.1/sub-INET093/ses-4/func/FD_outputs/sub-INET093_ses-4_task-rest_desc-framenums_fFD.txt",262
"INET093","4",5,"rest","sub-INET093_ses-4_task-rest_desc-framenums_fFD.txt","/Volumes/illinois-las-psych-gratton/iNetworks/Nifti/derivatives/preproc_fmriprep-24.1.1/sub-INET093/ses-4/func/FD_outputs/sub-INET093_ses-4_task-rest_desc-framenums_fFD.txt",260
"INET093","4",6,"rest","sub-INET093_ses-4_task-rest_desc-framenums_fFD.txt","/Volumes/illinois-las-psych-gratton/iNetworks/Nifti/derivatives/preproc_fmriprep-24.1.1/sub-INET093/ses-4/func/FD_outputs/sub-INET093_ses-4_task-rest_desc-framenums_fFD.txt",263
"INET093","4",7,"rest","sub-INET093_ses-4_task-rest_desc-framenums_fFD.txt","/Volumes/illinois-las-psych-gratton/iNetworks/Nifti/derivatives/preproc_fmriprep-24.1.1/sub-INET093/ses-4/func/FD_outputs/sub-INET093_ses-4_task-rest_desc-framenums_fFD.txt",262
"INET093","4",8,"rest","sub-INET093_ses-4_task-rest_desc-framenums_fFD.txt","/Volumes/illinois-las-psych-gratton/iNetworks/Nifti/derivatives/preproc_fmriprep-24.1.1/sub-INET093/ses-4/func/FD_outputs/sub-INET093_ses-4_task-rest_desc-framenums_fFD.txt",262
"INET094","1",1,"rest","sub-INET094_ses-1_task-rest_desc-framenums_fFD.txt","/Volumes/illinois-las-psych-gratton/iNetworks/Nifti/derivatives/preproc_fmriprep-24.1.1/sub-INET094/ses-1/func/FD_outputs/sub-INET094_ses-1_task-rest_desc-framenums_fFD.txt",264
"INET094","1",2,"rest","sub-INET094_ses-1_task-rest_desc-framenums_fFD.txt","/Volumes/illinois-las-psych-gratton/iNetworks/Nifti/derivatives/preproc_fmriprep-24.1.1/sub-INET094/ses-1/func/FD_outputs/sub-INET094_ses-1_task-rest_desc-framenums_fFD.txt",264
"INET094","1",3,"rest","sub-INET094_ses-1_task-rest_desc-framenums_fFD.txt","/Volumes/illinois-las-psych-gratton/iNetworks/Nifti/derivatives/preproc_fmriprep-24.1.1/sub-INET094/ses-1/func/FD_outputs/sub-INET094_ses-1_task-rest_desc-framenums_fFD.txt",264
"INET094","1",4,"rest","sub-INET094_ses-1_task-rest_desc-framenums_fFD.txt","/Volumes/illinois-las-psych-gratton/iNetworks/Nifti/derivatives/preproc_fmriprep-24.1.1/sub-INET094/ses-1/func/FD_outputs/sub-INET094_ses-1_task-rest_desc-framenums_fFD.txt",263
"INET094","1",5,"rest","sub-INET094_ses-1_task-rest_desc-framenums_fFD.txt","/Volumes/illinois-las-psych-gratton/iNetworks/Nifti/derivatives/preproc_fmriprep-24.1.1/sub-INET094/ses-1/func/FD_outputs/sub-INET094_ses-1_task-rest_desc-framenums_fFD.txt",263
"INET094","1",6,"rest","sub-INET094_ses-1_task-rest_desc-framenums_fFD.txt","/Volumes/illinois-las-psych-gratton/iNetworks/Nifti/derivatives/preproc_fmriprep-24.1.1/sub-INET094/ses-1/func/FD_outputs/sub-INET094_ses-1_task-rest_desc-framenums_fFD.txt",262
"INET094","2",1,"rest","sub-INET094_ses-2_task-rest_desc-framenums_fFD.txt","/Volumes/illinois-las-psych-gratton/iNetworks/Nifti/derivatives/preproc_fmriprep-24.1.1/sub-INET094/ses-2/func/FD_outputs/sub-INET094_ses-2_task-rest_desc-framenums_fFD.txt",257
"INET094","2",2,"rest","sub-INET094_ses-2_task-rest_desc-framenums_fFD.txt","/Volumes/illinois-las-psych-gratton/iNetworks/Nifti/derivatives/preproc_fmriprep-24.1.1/sub-INET094/ses-2/func/FD_outputs/sub-INET094_ses-2_task-rest_desc-framenums_fFD.txt",265
"INET094","2",3,"rest","sub-INET094_ses-2_task-rest_desc-framenums_fFD.txt","/Volumes/illinois-las-psych-gratton/iNetworks/Nifti/derivatives/preproc_fmriprep-24.1.1/sub-INET094/ses-2/func/FD_outputs/sub-INET094_ses-2_task-rest_desc-framenums_fFD.txt",264
"INET094","2",4,"rest","sub-INET094_ses-2_task-rest_desc-framenums_fFD.txt","/Volumes/illinois-las-psych-gratton/iNetworks/Nifti/derivatives/preproc_fmriprep-24.1.1/sub-INET094/ses-2/func/FD_outputs/sub-INET094_ses-2_task-rest_desc-framenums_fFD.txt",257
"INET094","2",5,"rest","sub-INET094_ses-2_task-rest_desc-framenums_fFD.txt","/Volumes/illinois-las-psych-gratton/iNetworks/Nifti/derivatives/preproc_fmriprep-24.1.1/sub-INET094/ses-2/func/FD_outputs/sub-INET094_ses-2_task-rest_desc-framenums_fFD.txt",255
"INET094","2",6,"rest","sub-INET094_ses-2_task-rest_desc-framenums_fFD.txt","/Volumes/illinois-las-psych-gratton/iNetworks/Nifti/derivatives/preproc_fmriprep-24.1.1/sub-INET094/ses-2/func/FD_outputs/sub-INET094_ses-2_task-rest_desc-framenums_fFD.txt",253
"INET094","3",1,"rest","sub-INET094_ses-3_task-rest_desc-framenums_fFD.txt","/Volumes/illinois-las-psych-gratton/iNetworks/Nifti/derivatives/preproc_fmriprep-24.1.1/sub-INET094/ses-3/func/FD_outputs/sub-INET094_ses-3_task-rest_desc-framenums_fFD.txt",259
"INET094","3",2,"rest","sub-INET094_ses-3_task-rest_desc-framenums_fFD.txt","/Volumes/illinois-las-psych-gratton/iNetworks/Nifti/derivatives/preproc_fmriprep-24.1.1/sub-INET094/ses-3/func/FD_outputs/sub-INET094_ses-3_task-rest_desc-framenums_fFD.txt",264
"INET094","3",3,"rest","sub-INET094_ses-3_task-rest_desc-framenums_fFD.txt","/Volumes/illinois-las-psych-gratton/iNetworks/Nifti/derivatives/preproc_fmriprep-24.1.1/sub-INET094/ses-3/func/FD_outputs/sub-INET094_ses-3_task-rest_desc-framenums_fFD.txt",258
"INET094","3",4,"rest","sub-INET094_ses-3_task-rest_desc-framenums_fFD.txt","/Volumes/illinois-las-psych-gratton/iNetworks/Nifti/derivatives/preproc_fmriprep-24.1.1/sub-INET094/ses-3/func/FD_outputs/sub-INET094_ses-3_task-rest_desc-framenums_fFD.txt",265
"INET094","3",5,"rest","sub-INET094_ses-3_task-rest_desc-framenums_fFD.txt","/Volumes/illinois-las-psych-gratton/iNetworks/Nifti/derivatives/preproc_fmriprep-24.1.1/sub-INET094/ses-3/func/FD_outputs/sub-INET094_ses-3_task-rest_desc-framenums_fFD.txt",228
"INET094","3",6,"rest","sub-INET094_ses-3_task-rest_desc-framenums_fFD.txt","/Volumes/illinois-las-psych-gratton/iNetworks/Nifti/derivatives/preproc_fmriprep-24.1.1/sub-INET094/ses-3/func/FD_outputs/sub-INET094_ses-3_task-rest_desc-framenums_fFD.txt",236
"INET094","3",7,"rest","sub-INET094_ses-3_task-rest_desc-framenums_fFD.txt","/Volumes/illinois-las-psych-gratton/iNetworks/Nifti/derivatives/preproc_fmriprep-24.1.1/sub-INET094/ses-3/func/FD_outputs/sub-INET094_ses-3_task-rest_desc-framenums_fFD.txt",257
"INET094","4",1,"rest","sub-INET094_ses-4_task-rest_desc-framenums_fFD.txt","/Volumes/illinois-las-psych-gratton/iNetworks/Nifti/derivatives/preproc_fmriprep-24.1.1/sub-INET094/ses-4/func/FD_outputs/sub-INET094_ses-4_task-rest_desc-framenums_fFD.txt",263
"INET094","4",2,"rest","sub-INET094_ses-4_task-rest_desc-framenums_fFD.txt","/Volumes/illinois-las-psych-gratton/iNetworks/Nifti/derivatives/preproc_fmriprep-24.1.1/sub-INET094/ses-4/func/FD_outputs/sub-INET094_ses-4_task-rest_desc-framenums_fFD.txt",263
"INET094","4",3,"rest","sub-INET094_ses-4_task-rest_desc-framenums_fFD.txt","/Volumes/illinois-las-psych-gratton/iNetworks/Nifti/derivatives/preproc_fmriprep-24.1.1/sub-INET094/ses-4/func/FD_outputs/sub-INET094_ses-4_task-rest_desc-framenums_fFD.txt",263
"INET094","4",4,"rest","sub-INET094_ses-4_task-rest_desc-framenums_fFD.txt","/Volumes/illinois-las-psych-gratton/iNetworks/Nifti/derivatives/preproc_fmriprep-24.1.1/sub-INET094/ses-4/func/FD_outputs/sub-INET094_ses-4_task-rest_desc-framenums_fFD.txt",263
"INET094","4",5,"rest","sub-INET094_ses-4_task-rest_desc-framenums_fFD.txt","/Volumes/illinois-las-psych-gratton/iNetworks/Nifti/derivatives/preproc_fmriprep-24.1.1/sub-INET094/ses-4/func/FD_outputs/sub-INET094_ses-4_task-rest_desc-framenums_fFD.txt",260
"INET094","4",6,"rest","sub-INET094_ses-4_task-rest_desc-framenums_fFD.txt","/Volumes/illinois-las-psych-gratton/iNetworks/Nifti/derivatives/preproc_fmriprep-24.1.1/sub-INET094/ses-4/func/FD_outputs/sub-INET094_ses-4_task-rest_desc-framenums_fFD.txt",265
"INET094","4",7,"rest","sub-INET094_ses-4_task-rest_desc-framenums_fFD.txt","/Volumes/illinois-las-psych-gratton/iNetworks/Nifti/derivatives/preproc_fmriprep-24.1.1/sub-INET094/ses-4/func/FD_outputs/sub-INET094_ses-4_task-rest_desc-framenums_fFD.txt",264
"INET095","1",1,"rest","sub-INET095_ses-1_task-rest_desc-framenums_fFD.txt","/Volumes/illinois-las-psych-gratton/iNetworks/Nifti/derivatives/preproc_fmriprep-24.1.1/sub-INET095/ses-1/func/FD_outputs/sub-INET095_ses-1_task-rest_desc-framenums_fFD.txt",259
"INET095","1",2,"rest","sub-INET095_ses-1_task-rest_desc-framenums_fFD.txt","/Volumes/illinois-las-psych-gratton/iNetworks/Nifti/derivatives/preproc_fmriprep-24.1.1/sub-INET095/ses-1/func/FD_outputs/sub-INET095_ses-1_task-rest_desc-framenums_fFD.txt",259
"INET095","1",3,"rest","sub-INET095_ses-1_task-rest_desc-framenums_fFD.txt","/Volumes/illinois-las-psych-gratton/iNetworks/Nifti/derivatives/preproc_fmriprep-24.1.1/sub-INET095/ses-1/func/FD_outputs/sub-INET095_ses-1_task-rest_desc-framenums_fFD.txt",263
"INET095","1",4,"rest","sub-INET095_ses-1_task-rest_desc-framenums_fFD.txt","/Volumes/illinois-las-psych-gratton/iNetworks/Nifti/derivatives/preproc_fmriprep-24.1.1/sub-INET095/ses-1/func/FD_outputs/sub-INET095_ses-1_task-rest_desc-framenums_fFD.txt",240
"INET095","1",5,"rest","sub-INET095_ses-1_task-rest_desc-framenums_fFD.txt","/Volumes/illinois-las-psych-gratton/iNetworks/Nifti/derivatives/preproc_fmriprep-24.1.1/sub-INET095/ses-1/func/FD_outputs/sub-INET095_ses-1_task-rest_desc-framenums_fFD.txt",252
"INET095","1",6,"rest","sub-INET095_ses-1_task-rest_desc-framenums_fFD.txt","/Volumes/illinois-las-psych-gratton/iNetworks/Nifti/derivatives/preproc_fmriprep-24.1.1/sub-INET095/ses-1/func/FD_outputs/sub-INET095_ses-1_task-rest_desc-framenums_fFD.txt",258
"INET095","2",1,"rest","sub-INET095_ses-2_task-rest_desc-framenums_fFD.txt","/Volumes/illinois-las-psych-gratton/iNetworks/Nifti/derivatives/preproc_fmriprep-24.1.1/sub-INET095/ses-2/func/FD_outputs/sub-INET095_ses-2_task-rest_desc-framenums_fFD.txt",265
"INET095","2",2,"rest","sub-INET095_ses-2_task-rest_desc-framenums_fFD.txt","/Volumes/illinois-las-psych-gratton/iNetworks/Nifti/derivatives/preproc_fmriprep-24.1.1/sub-INET095/ses-2/func/FD_outputs/sub-INET095_ses-2_task-rest_desc-framenums_fFD.txt",257
"INET095","2",3,"rest","sub-INET095_ses-2_task-rest_desc-framenums_fFD.txt","/Volumes/illinois-las-psych-gratton/iNetworks/Nifti/derivatives/preproc_fmriprep-24.1.1/sub-INET095/ses-2/func/FD_outputs/sub-INET095_ses-2_task-rest_desc-framenums_fFD.txt",247
"INET095","2",4,"rest","sub-INET095_ses-2_task-rest_desc-framenums_fFD.txt","/Volumes/illinois-las-psych-gratton/iNetworks/Nifti/derivatives/preproc_fmriprep-24.1.1/sub-INET095/ses-2/func/FD_outputs/sub-INET095_ses-2_task-rest_desc-framenums_fFD.txt",235
"INET095","2",5,"rest","sub-INET095_ses-2_task-rest_desc-framenums_fFD.txt","/Volumes/illinois-las-psych-gratton/iNetworks/Nifti/derivatives/preproc_fmriprep-24.1.1/sub-INET095/ses-2/func/FD_outputs/sub-INET095_ses-2_task-rest_desc-framenums_fFD.txt",263
"INET095","2",6,"rest","sub-INET095_ses-2_task-rest_desc-framenums_fFD.txt","/Volumes/illinois-las-psych-gratton/iNetworks/Nifti/derivatives/preproc_fmriprep-24.1.1/sub-INET095/ses-2/func/FD_outputs/sub-INET095_ses-2_task-rest_desc-framenums_fFD.txt",258
"INET095","2",7,"rest","sub-INET095_ses-2_task-rest_desc-framenums_fFD.txt","/Volumes/illinois-las-psych-gratton/iNetworks/Nifti/derivatives/preproc_fmriprep-24.1.1/sub-INET095/ses-2/func/FD_outputs/sub-INET095_ses-2_task-rest_desc-framenums_fFD.txt",254
"INET095","3",1,"rest","sub-INET095_ses-3_task-rest_desc-framenums_fFD.txt","/Volumes/illinois-las-psych-gratton/iNetworks/Nifti/derivatives/preproc_fmriprep-24.1.1/sub-INET095/ses-3/func/FD_outputs/sub-INET095_ses-3_task-rest_desc-framenums_fFD.txt",261
"INET095","3",2,"rest","sub-INET095_ses-3_task-rest_desc-framenums_fFD.txt","/Volumes/illinois-las-psych-gratton/iNetworks/Nifti/derivatives/preproc_fmriprep-24.1.1/sub-INET095/ses-3/func/FD_outputs/sub-INET095_ses-3_task-rest_desc-framenums_fFD.txt",250
"INET095","3",3,"rest","sub-INET095_ses-3_task-rest_desc-framenums_fFD.txt","/Volumes/illinois-las-psych-gratton/iNetworks/Nifti/derivatives/preproc_fmriprep-24.1.1/sub-INET095/ses-3/func/FD_outputs/sub-INET095_ses-3_task-rest_desc-framenums_fFD.txt",252
"INET095","3",4,"rest","sub-INET095_ses-3_task-rest_desc-framenums_fFD.txt","/Volumes/illinois-las-psych-gratton/iNetworks/Nifti/derivatives/preproc_fmriprep-24.1.1/sub-INET095/ses-3/func/FD_outputs/sub-INET095_ses-3_task-rest_desc-framenums_fFD.txt",257
"INET095","3",5,"rest","sub-INET095_ses-3_task-rest_desc-framenums_fFD.txt","/Volumes/illinois-las-psych-gratton/iNetworks/Nifti/derivatives/preproc_fmriprep-24.1.1/sub-INET095/ses-3/func/FD_outputs/sub-INET095_ses-3_task-rest_desc-framenums_fFD.txt",265
"INET095","3",6,"rest","sub-INET095_ses-3_task-rest_desc-framenums_fFD.txt","/Volumes/illinois-las-psych-gratton/iNetworks/Nifti/derivatives/preproc_fmriprep-24.1.1/sub-INET095/ses-3/func/FD_outputs/sub-INET095_ses-3_task-rest_desc-framenums_fFD.txt",257
"INET095","3",7,"rest","sub-INET095_ses-3_task-rest_desc-framenums_fFD.txt","/Volumes/illinois-las-psych-gratton/iNetworks/Nifti/derivatives/preproc_fmriprep-24.1.1/sub-INET095/ses-3/func/FD_outputs/sub-INET095_ses-3_task-rest_desc-framenums_fFD.txt",260
"INET095","4",1,"rest","sub-INET095_ses-4_task-rest_desc-framenums_fFD.txt","/Volumes/illinois-las-psych-gratton/iNetworks/Nifti/derivatives/preproc_fmriprep-24.1.1/sub-INET095/ses-4/func/FD_outputs/sub-INET095_ses-4_task-rest_desc-framenums_fFD.txt",265
"INET095","4",2,"rest","sub-INET095_ses-4_task-rest_desc-framenums_fFD.txt","/Volumes/illinois-las-psych-gratton/iNetworks/Nifti/derivatives/preproc_fmriprep-24.1.1/sub-INET095/ses-4/func/FD_outputs/sub-INET095_ses-4_task-rest_desc-framenums_fFD.txt",247
"INET095","4",3,"rest","sub-INET095_ses-4_task-rest_desc-framenums_fFD.txt","/Volumes/illinois-las-psych-gratton/iNetworks/Nifti/derivatives/preproc_fmriprep-24.1.1/sub-INET095/ses-4/func/FD_outputs/sub-INET095_ses-4_task-rest_desc-framenums_fFD.txt",214
"INET095","4",4,"rest","sub-INET095_ses-4_task-rest_desc-framenums_fFD.txt","/Volumes/illinois-las-psych-gratton/iNetworks/Nifti/derivatives/preproc_fmriprep-24.1.1/sub-INET095/ses-4/func/FD_outputs/sub-INET095_ses-4_task-rest_desc-framenums_fFD.txt",198
"INET095","4",5,"rest","sub-INET095_ses-4_task-rest_desc-framenums_fFD.txt","/Volumes/illinois-las-psych-gratton/iNetworks/Nifti/derivatives/preproc_fmriprep-24.1.1/sub-INET095/ses-4/func/FD_outputs/sub-INET095_ses-4_task-rest_desc-framenums_fFD.txt",226
"INET095","4",6,"rest","sub-INET095_ses-4_task-rest_desc-framenums_fFD.txt","/Volumes/illinois-las-psych-gratton/iNetworks/Nifti/derivatives/preproc_fmriprep-24.1.1/sub-INET095/ses-4/func/FD_outputs/sub-INET095_ses-4_task-rest_desc-framenums_fFD.txt",202
"INET095","4",7,"rest","sub-INET095_ses-4_task-rest_desc-framenums_fFD.txt","/Volumes/illinois-las-psych-gratton/iNetworks/Nifti/derivatives/preproc_fmriprep-24.1.1/sub-INET095/ses-4/func/FD_outputs/sub-INET095_ses-4_task-rest_desc-framenums_fFD.txt",241
"INET096","1",1,"rest","sub-INET096_ses-1_task-rest_desc-framenums_fFD.txt","/Volumes/illinois-las-psych-gratton/iNetworks/Nifti/derivatives/preproc_fmriprep-24.1.1/sub-INET096/ses-1/func/FD_outputs/sub-INET096_ses-1_task-rest_desc-framenums_fFD.txt",251
"INET096","1",2,"rest","sub-INET096_ses-1_task-rest_desc-framenums_fFD.txt","/Volumes/illinois-las-psych-gratton/iNetworks/Nifti/derivatives/preproc_fmriprep-24.1.1/sub-INET096/ses-1/func/FD_outputs/sub-INET096_ses-1_task-rest_desc-framenums_fFD.txt",259
"INET096","1",3,"rest","sub-INET096_ses-1_task-rest_desc-framenums_fFD.txt","/Volumes/illinois-las-psych-gratton/iNetworks/Nifti/derivatives/preproc_fmriprep-24.1.1/sub-INET096/ses-1/func/FD_outputs/sub-INET096_ses-1_task-rest_desc-framenums_fFD.txt",221
"INET096","1",4,"rest","sub-INET096_ses-1_task-rest_desc-framenums_fFD.txt","/Volumes/illinois-las-psych-gratton/iNetworks/Nifti/derivatives/preproc_fmriprep-24.1.1/sub-INET096/ses-1/func/FD_outputs/sub-INET096_ses-1_task-rest_desc-framenums_fFD.txt",228
"INET096","1",5,"rest","sub-INET096_ses-1_task-rest_desc-framenums_fFD.txt","/Volumes/illinois-las-psych-gratton/iNetworks/Nifti/derivatives/preproc_fmriprep-24.1.1/sub-INET096/ses-1/func/FD_outputs/sub-INET096_ses-1_task-rest_desc-framenums_fFD.txt",256
"INET096","1",6,"rest","sub-INET096_ses-1_task-rest_desc-framenums_fFD.txt","/Volumes/illinois-las-psych-gratton/iNetworks/Nifti/derivatives/preproc_fmriprep-24.1.1/sub-INET096/ses-1/func/FD_outputs/sub-INET096_ses-1_task-rest_desc-framenums_fFD.txt",260
"INET096","2",1,"rest","sub-INET096_ses-2_task-rest_desc-framenums_fFD.txt","/Volumes/illinois-las-psych-gratton/iNetworks/Nifti/derivatives/preproc_fmriprep-24.1.1/sub-INET096/ses-2/func/FD_outputs/sub-INET096_ses-2_task-rest_desc-framenums_fFD.txt",263
"INET096","2",2,"rest","sub-INET096_ses-2_task-rest_desc-framenums_fFD.txt","/Volumes/illinois-las-psych-gratton/iNetworks/Nifti/derivatives/preproc_fmriprep-24.1.1/sub-INET096/ses-2/func/FD_outputs/sub-INET096_ses-2_task-rest_desc-framenums_fFD.txt",246
"INET096","2",3,"rest","sub-INET096_ses-2_task-rest_desc-framenums_fFD.txt","/Volumes/illinois-las-psych-gratton/iNetworks/Nifti/derivatives/preproc_fmriprep-24.1.1/sub-INET096/ses-2/func/FD_outputs/sub-INET096_ses-2_task-rest_desc-framenums_fFD.txt",228
"INET096","2",4,"rest","sub-INET096_ses-2_task-rest_desc-framenums_fFD.txt","/Volumes/illinois-las-psych-gratton/iNetworks/Nifti/derivatives/preproc_fmriprep-24.1.1/sub-INET096/ses-2/func/FD_outputs/sub-INET096_ses-2_task-rest_desc-framenums_fFD.txt",262
"INET096","2",5,"rest","sub-INET096_ses-2_task-rest_desc-framenums_fFD.txt","/Volumes/illinois-las-psych-gratton/iNetworks/Nifti/derivatives/preproc_fmriprep-24.1.1/sub-INET096/ses-2/func/FD_outputs/sub-INET096_ses-2_task-rest_desc-framenums_fFD.txt",265
"INET096","2",6,"rest","sub-INET096_ses-2_task-rest_desc-framenums_fFD.txt","/Volumes/illinois-las-psych-gratton/iNetworks/Nifti/derivatives/preproc_fmriprep-24.1.1/sub-INET096/ses-2/func/FD_outputs/sub-INET096_ses-2_task-rest_desc-framenums_fFD.txt",241
"INET096","3",1,"rest","sub-INET096_ses-3_task-rest_desc-framenums_fFD.txt","/Volumes/illinois-las-psych-gratton/iNetworks/Nifti/derivatives/preproc_fmriprep-24.1.1/sub-INET096/ses-3/func/FD_outputs/sub-INET096_ses-3_task-rest_desc-framenums_fFD.txt",250
"INET096","3",2,"rest","sub-INET096_ses-3_task-rest_desc-framenums_fFD.txt","/Volumes/illinois-las-psych-gratton/iNetworks/Nifti/derivatives/preproc_fmriprep-24.1.1/sub-INET096/ses-3/func/FD_outputs/sub-INET096_ses-3_task-rest_desc-framenums_fFD.txt",218
"INET096","3",3,"rest","sub-INET096_ses-3_task-rest_desc-framenums_fFD.txt","/Volumes/illinois-las-psych-gratton/iNetworks/Nifti/derivatives/preproc_fmriprep-24.1.1/sub-INET096/ses-3/func/FD_outputs/sub-INET096_ses-3_task-rest_desc-framenums_fFD.txt",211
"INET096","3",4,"rest","sub-INET096_ses-3_task-rest_desc-framenums_fFD.txt","/Volumes/illinois-las-psych-gratton/iNetworks/Nifti/derivatives/preproc_fmriprep-24.1.1/sub-INET096/ses-3/func/FD_outputs/sub-INET096_ses-3_task-rest_desc-framenums_fFD.txt",227
"INET096","3",5,"rest","sub-INET096_ses-3_task-rest_desc-framenums_fFD.txt","/Volumes/illinois-las-psych-gratton/iNetworks/Nifti/derivatives/preproc_fmriprep-24.1.1/sub-INET096/ses-3/func/FD_outputs/sub-INET096_ses-3_task-rest_desc-framenums_fFD.txt",222
"INET096","3",6,"rest","sub-INET096_ses-3_task-rest_desc-framenums_fFD.txt","/Volumes/illinois-las-psych-gratton/iNetworks/Nifti/derivatives/preproc_fmriprep-24.1.1/sub-INET096/ses-3/func/FD_outputs/sub-INET096_ses-3_task-rest_desc-framenums_fFD.txt",220
"INET096","3",7,"rest","sub-INET096_ses-3_task-rest_desc-framenums_fFD.txt","/Volumes/illinois-las-psych-gratton/iNetworks/Nifti/derivatives/preproc_fmriprep-24.1.1/sub-INET096/ses-3/func/FD_outputs/sub-INET096_ses-3_task-rest_desc-framenums_fFD.txt",184
"INET096","4",1,"rest","sub-INET096_ses-4_task-rest_desc-framenums_fFD.txt","/Volumes/illinois-las-psych-gratton/iNetworks/Nifti/derivatives/preproc_fmriprep-24.1.1/sub-INET096/ses-4/func/FD_outputs/sub-INET096_ses-4_task-rest_desc-framenums_fFD.txt",264
"INET096","4",2,"rest","sub-INET096_ses-4_task-rest_desc-framenums_fFD.txt","/Volumes/illinois-las-psych-gratton/iNetworks/Nifti/derivatives/preproc_fmriprep-24.1.1/sub-INET096/ses-4/func/FD_outputs/sub-INET096_ses-4_task-rest_desc-framenums_fFD.txt",249
"INET096","4",3,"rest","sub-INET096_ses-4_task-rest_desc-framenums_fFD.txt","/Volumes/illinois-las-psych-gratton/iNetworks/Nifti/derivatives/preproc_fmriprep-24.1.1/sub-INET096/ses-4/func/FD_outputs/sub-INET096_ses-4_task-rest_desc-framenums_fFD.txt",212
"INET096","4",4,"rest","sub-INET096_ses-4_task-rest_desc-framenums_fFD.txt","/Volumes/illinois-las-psych-gratton/iNetworks/Nifti/derivatives/preproc_fmriprep-24.1.1/sub-INET096/ses-4/func/FD_outputs/sub-INET096_ses-4_task-rest_desc-framenums_fFD.txt",254
"INET096","4",5,"rest","sub-INET096_ses-4_task-rest_desc-framenums_fFD.txt","/Volumes/illinois-las-psych-gratton/iNetworks/Nifti/derivatives/preproc_fmriprep-24.1.1/sub-INET096/ses-4/func/FD_outputs/sub-INET096_ses-4_task-rest_desc-framenums_fFD.txt",263
"INET096","4",6,"rest","sub-INET096_ses-4_task-rest_desc-framenums_fFD.txt","/Volumes/illinois-las-psych-gratton/iNetworks/Nifti/derivatives/preproc_fmriprep-24.1.1/sub-INET096/ses-4/func/FD_outputs/sub-INET096_ses-4_task-rest_desc-framenums_fFD.txt",258
"INET096","4",7,"rest","sub-INET096_ses-4_task-rest_desc-framenums_fFD.txt","/Volumes/illinois-las-psych-gratton/iNetworks/Nifti/derivatives/preproc_fmriprep-24.1.1/sub-INET096/ses-4/func/FD_outputs/sub-INET096_ses-4_task-rest_desc-framenums_fFD.txt",263
"INET096","4",8,"rest","sub-INET096_ses-4_task-rest_desc-framenums_fFD.txt","/Volumes/illinois-las-psych-gratton/iNetworks/Nifti/derivatives/preproc_fmriprep-24.1.1/sub-INET096/ses-4/func/FD_outputs/sub-INET096_ses-4_task-rest_desc-framenums_fFD.txt",258
"INET097","1",1,"rest","sub-INET097_ses-1_task-rest_desc-framenums_fFD.txt","/Volumes/illinois-las-psych-gratton/iNetworks/Nifti/derivatives/preproc_fmriprep-24.1.1/sub-INET097/ses-1/func/FD_outputs/sub-INET097_ses-1_task-rest_desc-framenums_fFD.txt",264
"INET097","1",2,"rest","sub-INET097_ses-1_task-rest_desc-framenums_fFD.txt","/Volumes/illinois-las-psych-gratton/iNetworks/Nifti/derivatives/preproc_fmriprep-24.1.1/sub-INET097/ses-1/func/FD_outputs/sub-INET097_ses-1_task-rest_desc-framenums_fFD.txt",263
"INET097","1",3,"rest","sub-INET097_ses-1_task-rest_desc-framenums_fFD.txt","/Volumes/illinois-las-psych-gratton/iNetworks/Nifti/derivatives/preproc_fmriprep-24.1.1/sub-INET097/ses-1/func/FD_outputs/sub-INET097_ses-1_task-rest_desc-framenums_fFD.txt",264
"INET097","1",4,"rest","sub-INET097_ses-1_task-rest_desc-framenums_fFD.txt","/Volumes/illinois-las-psych-gratton/iNetworks/Nifti/derivatives/preproc_fmriprep-24.1.1/sub-INET097/ses-1/func/FD_outputs/sub-INET097_ses-1_task-rest_desc-framenums_fFD.txt",255
"INET097","1",5,"rest","sub-INET097_ses-1_task-rest_desc-framenums_fFD.txt","/Volumes/illinois-las-psych-gratton/iNetworks/Nifti/derivatives/preproc_fmriprep-24.1.1/sub-INET097/ses-1/func/FD_outputs/sub-INET097_ses-1_task-rest_desc-framenums_fFD.txt",263
"INET097","1",6,"rest","sub-INET097_ses-1_task-rest_desc-framenums_fFD.txt","/Volumes/illinois-las-psych-gratton/iNetworks/Nifti/derivatives/preproc_fmriprep-24.1.1/sub-INET097/ses-1/func/FD_outputs/sub-INET097_ses-1_task-rest_desc-framenums_fFD.txt",259
"INET097","1",7,"rest","sub-INET097_ses-1_task-rest_desc-framenums_fFD.txt","/Volumes/illinois-las-psych-gratton/iNetworks/Nifti/derivatives/preproc_fmriprep-24.1.1/sub-INET097/ses-1/func/FD_outputs/sub-INET097_ses-1_task-rest_desc-framenums_fFD.txt",261
"INET097","2",1,"rest","sub-INET097_ses-2_task-rest_desc-framenums_fFD.txt","/Volumes/illinois-las-psych-gratton/iNetworks/Nifti/derivatives/preproc_fmriprep-24.1.1/sub-INET097/ses-2/func/FD_outputs/sub-INET097_ses-2_task-rest_desc-framenums_fFD.txt",263
"INET097","2",2,"rest","sub-INET097_ses-2_task-rest_desc-framenums_fFD.txt","/Volumes/illinois-las-psych-gratton/iNetworks/Nifti/derivatives/preproc_fmriprep-24.1.1/sub-INET097/ses-2/func/FD_outputs/sub-INET097_ses-2_task-rest_desc-framenums_fFD.txt",262
"INET097","2",3,"rest","sub-INET097_ses-2_task-rest_desc-framenums_fFD.txt","/Volumes/illinois-las-psych-gratton/iNetworks/Nifti/derivatives/preproc_fmriprep-24.1.1/sub-INET097/ses-2/func/FD_outputs/sub-INET097_ses-2_task-rest_desc-framenums_fFD.txt",259
"INET097","2",4,"rest","sub-INET097_ses-2_task-rest_desc-framenums_fFD.txt","/Volumes/illinois-las-psych-gratton/iNetworks/Nifti/derivatives/preproc_fmriprep-24.1.1/sub-INET097/ses-2/func/FD_outputs/sub-INET097_ses-2_task-rest_desc-framenums_fFD.txt",264
"INET097","2",5,"rest","sub-INET097_ses-2_task-rest_desc-framenums_fFD.txt","/Volumes/illinois-las-psych-gratton/iNetworks/Nifti/derivatives/preproc_fmriprep-24.1.1/sub-INET097/ses-2/func/FD_outputs/sub-INET097_ses-2_task-rest_desc-framenums_fFD.txt",257
"INET097","2",6,"rest","sub-INET097_ses-2_task-rest_desc-framenums_fFD.txt","/Volumes/illinois-las-psych-gratton/iNetworks/Nifti/derivatives/preproc_fmriprep-24.1.1/sub-INET097/ses-2/func/FD_outputs/sub-INET097_ses-2_task-rest_desc-framenums_fFD.txt",257
"INET097","2",7,"rest","sub-INET097_ses-2_task-rest_desc-framenums_fFD.txt","/Volumes/illinois-las-psych-gratton/iNetworks/Nifti/derivatives/preproc_fmriprep-24.1.1/sub-INET097/ses-2/func/FD_outputs/sub-INET097_ses-2_task-rest_desc-framenums_fFD.txt",263
"INET097","3",1,"rest","sub-INET097_ses-3_task-rest_desc-framenums_fFD.txt","/Volumes/illinois-las-psych-gratton/iNetworks/Nifti/derivatives/preproc_fmriprep-24.1.1/sub-INET097/ses-3/func/FD_outputs/sub-INET097_ses-3_task-rest_desc-framenums_fFD.txt",263
"INET097","3",2,"rest","sub-INET097_ses-3_task-rest_desc-framenums_fFD.txt","/Volumes/illinois-las-psych-gratton/iNetworks/Nifti/derivatives/preproc_fmriprep-24.1.1/sub-INET097/ses-3/func/FD_outputs/sub-INET097_ses-3_task-rest_desc-framenums_fFD.txt",263
"INET097","3",3,"rest","sub-INET097_ses-3_task-rest_desc-framenums_fFD.txt","/Volumes/illinois-las-psych-gratton/iNetworks/Nifti/derivatives/preproc_fmriprep-24.1.1/sub-INET097/ses-3/func/FD_outputs/sub-INET097_ses-3_task-rest_desc-framenums_fFD.txt",263
"INET097","3",4,"rest","sub-INET097_ses-3_task-rest_desc-framenums_fFD.txt","/Volumes/illinois-las-psych-gratton/iNetworks/Nifti/derivatives/preproc_fmriprep-24.1.1/sub-INET097/ses-3/func/FD_outputs/sub-INET097_ses-3_task-rest_desc-framenums_fFD.txt",262
"INET097","3",5,"rest","sub-INET097_ses-3_task-rest_desc-framenums_fFD.txt","/Volumes/illinois-las-psych-gratton/iNetworks/Nifti/derivatives/preproc_fmriprep-24.1.1/sub-INET097/ses-3/func/FD_outputs/sub-INET097_ses-3_task-rest_desc-framenums_fFD.txt",246
"INET097","3",6,"rest","sub-INET097_ses-3_task-rest_desc-framenums_fFD.txt","/Volumes/illinois-las-psych-gratton/iNetworks/Nifti/derivatives/preproc_fmriprep-24.1.1/sub-INET097/ses-3/func/FD_outputs/sub-INET097_ses-3_task-rest_desc-framenums_fFD.txt",241
"INET097","3",7,"rest","sub-INET097_ses-3_task-rest_desc-framenums_fFD.txt","/Volumes/illinois-las-psych-gratton/iNetworks/Nifti/derivatives/preproc_fmriprep-24.1.1/sub-INET097/ses-3/func/FD_outputs/sub-INET097_ses-3_task-rest_desc-framenums_fFD.txt",255
"INET097","4",1,"rest","sub-INET097_ses-4_task-rest_desc-framenums_fFD.txt","/Volumes/illinois-las-psych-gratton/iNetworks/Nifti/derivatives/preproc_fmriprep-24.1.1/sub-INET097/ses-4/func/FD_outputs/sub-INET097_ses-4_task-rest_desc-framenums_fFD.txt",262
"INET097","4",2,"rest","sub-INET097_ses-4_task-rest_desc-framenums_fFD.txt","/Volumes/illinois-las-psych-gratton/iNetworks/Nifti/derivatives/preproc_fmriprep-24.1.1/sub-INET097/ses-4/func/FD_outputs/sub-INET097_ses-4_task-rest_desc-framenums_fFD.txt",262
"INET097","4",3,"rest","sub-INET097_ses-4_task-rest_desc-framenums_fFD.txt","/Volumes/illinois-las-psych-gratton/iNetworks/Nifti/derivatives/preproc_fmriprep-24.1.1/sub-INET097/ses-4/func/FD_outputs/sub-INET097_ses-4_task-rest_desc-framenums_fFD.txt",228
"INET097","4",4,"rest","sub-INET097_ses-4_task-rest_desc-framenums_fFD.txt","/Volumes/illinois-las-psych-gratton/iNetworks/Nifti/derivatives/preproc_fmriprep-24.1.1/sub-INET097/ses-4/func/FD_outputs/sub-INET097_ses-4_task-rest_desc-framenums_fFD.txt",240
"INET097","4",5,"rest","sub-INET097_ses-4_task-rest_desc-framenums_fFD.txt","/Volumes/illinois-las-psych-gratton/iNetworks/Nifti/derivatives/preproc_fmriprep-24.1.1/sub-INET097/ses-4/func/FD_outputs/sub-INET097_ses-4_task-rest_desc-framenums_fFD.txt",264
"INET097","4",6,"rest","sub-INET097_ses-4_task-rest_desc-framenums_fFD.txt","/Volumes/illinois-las-psych-gratton/iNetworks/Nifti/derivatives/preproc_fmriprep-24.1.1/sub-INET097/ses-4/func/FD_outputs/sub-INET097_ses-4_task-rest_desc-framenums_fFD.txt",264
"INET097","4",7,"rest","sub-INET097_ses-4_task-rest_desc-framenums_fFD.txt","/Volumes/illinois-las-psych-gratton/iNetworks/Nifti/derivatives/preproc_fmriprep-24.1.1/sub-INET097/ses-4/func/FD_outputs/sub-INET097_ses-4_task-rest_desc-framenums_fFD.txt",264
"INET098","1",1,"rest","sub-INET098_ses-1_task-rest_desc-framenums_fFD.txt","/Volumes/illinois-las-psych-gratton/iNetworks/Nifti/derivatives/preproc_fmriprep-24.1.1/sub-INET098/ses-1/func/FD_outputs/sub-INET098_ses-1_task-rest_desc-framenums_fFD.txt",261
"INET098","1",2,"rest","sub-INET098_ses-1_task-rest_desc-framenums_fFD.txt","/Volumes/illinois-las-psych-gratton/iNetworks/Nifti/derivatives/preproc_fmriprep-24.1.1/sub-INET098/ses-1/func/FD_outputs/sub-INET098_ses-1_task-rest_desc-framenums_fFD.txt",257
"INET098","1",3,"rest","sub-INET098_ses-1_task-rest_desc-framenums_fFD.txt","/Volumes/illinois-las-psych-gratton/iNetworks/Nifti/derivatives/preproc_fmriprep-24.1.1/sub-INET098/ses-1/func/FD_outputs/sub-INET098_ses-1_task-rest_desc-framenums_fFD.txt",259
"INET098","1",4,"rest","sub-INET098_ses-1_task-rest_desc-framenums_fFD.txt","/Volumes/illinois-las-psych-gratton/iNetworks/Nifti/derivatives/preproc_fmriprep-24.1.1/sub-INET098/ses-1/func/FD_outputs/sub-INET098_ses-1_task-rest_desc-framenums_fFD.txt",211
"INET098","1",5,"rest","sub-INET098_ses-1_task-rest_desc-framenums_fFD.txt","/Volumes/illinois-las-psych-gratton/iNetworks/Nifti/derivatives/preproc_fmriprep-24.1.1/sub-INET098/ses-1/func/FD_outputs/sub-INET098_ses-1_task-rest_desc-framenums_fFD.txt",229
"INET098","1",6,"rest","sub-INET098_ses-1_task-rest_desc-framenums_fFD.txt","/Volumes/illinois-las-psych-gratton/iNetworks/Nifti/derivatives/preproc_fmriprep-24.1.1/sub-INET098/ses-1/func/FD_outputs/sub-INET098_ses-1_task-rest_desc-framenums_fFD.txt",225
"INET098","1",7,"rest","sub-INET098_ses-1_task-rest_desc-framenums_fFD.txt","/Volumes/illinois-las-psych-gratton/iNetworks/Nifti/derivatives/preproc_fmriprep-24.1.1/sub-INET098/ses-1/func/FD_outputs/sub-INET098_ses-1_task-rest_desc-framenums_fFD.txt",173
"INET098","2",1,"rest","sub-INET098_ses-2_task-rest_desc-framenums_fFD.txt","/Volumes/illinois-las-psych-gratton/iNetworks/Nifti/derivatives/preproc_fmriprep-24.1.1/sub-INET098/ses-2/func/FD_outputs/sub-INET098_ses-2_task-rest_desc-framenums_fFD.txt",264
"INET098","2",2,"rest","sub-INET098_ses-2_task-rest_desc-framenums_fFD.txt","/Volumes/illinois-las-psych-gratton/iNetworks/Nifti/derivatives/preproc_fmriprep-24.1.1/sub-INET098/ses-2/func/FD_outputs/sub-INET098_ses-2_task-rest_desc-framenums_fFD.txt",262
"INET098","2",3,"rest","sub-INET098_ses-2_task-rest_desc-framenums_fFD.txt","/Volumes/illinois-las-psych-gratton/iNetworks/Nifti/derivatives/preproc_fmriprep-24.1.1/sub-INET098/ses-2/func/FD_outputs/sub-INET098_ses-2_task-rest_desc-framenums_fFD.txt",264
"INET098","2",4,"rest","sub-INET098_ses-2_task-rest_desc-framenums_fFD.txt","/Volumes/illinois-las-psych-gratton/iNetworks/Nifti/derivatives/preproc_fmriprep-24.1.1/sub-INET098/ses-2/func/FD_outputs/sub-INET098_ses-2_task-rest_desc-framenums_fFD.txt",240
"INET098","2",5,"rest","sub-INET098_ses-2_task-rest_desc-framenums_fFD.txt","/Volumes/illinois-las-psych-gratton/iNetworks/Nifti/derivatives/preproc_fmriprep-24.1.1/sub-INET098/ses-2/func/FD_outputs/sub-INET098_ses-2_task-rest_desc-framenums_fFD.txt",227
"INET098","2",6,"rest","sub-INET098_ses-2_task-rest_desc-framenums_fFD.txt","/Volumes/illinois-las-psych-gratton/iNetworks/Nifti/derivatives/preproc_fmriprep-24.1.1/sub-INET098/ses-2/func/FD_outputs/sub-INET098_ses-2_task-rest_desc-framenums_fFD.txt",239
"INET098","2",7,"rest","sub-INET098_ses-2_task-rest_desc-framenums_fFD.txt","/Volumes/illinois-las-psych-gratton/iNetworks/Nifti/derivatives/preproc_fmriprep-24.1.1/sub-INET098/ses-2/func/FD_outputs/sub-INET098_ses-2_task-rest_desc-framenums_fFD.txt",212
"INET098","3",1,"rest","sub-INET098_ses-3_task-rest_desc-framenums_fFD.txt","/Volumes/illinois-las-psych-gratton/iNetworks/Nifti/derivatives/preproc_fmriprep-24.1.1/sub-INET098/ses-3/func/FD_outputs/sub-INET098_ses-3_task-rest_desc-framenums_fFD.txt",246
"INET098","3",2,"rest","sub-INET098_ses-3_task-rest_desc-framenums_fFD.txt","/Volumes/illinois-las-psych-gratton/iNetworks/Nifti/derivatives/preproc_fmriprep-24.1.1/sub-INET098/ses-3/func/FD_outputs/sub-INET098_ses-3_task-rest_desc-framenums_fFD.txt",242
"INET098","3",3,"rest","sub-INET098_ses-3_task-rest_desc-framenums_fFD.txt","/Volumes/illinois-las-psych-gratton/iNetworks/Nifti/derivatives/preproc_fmriprep-24.1.1/sub-INET098/ses-3/func/FD_outputs/sub-INET098_ses-3_task-rest_desc-framenums_fFD.txt",245
"INET098","3",4,"rest","sub-INET098_ses-3_task-rest_desc-framenums_fFD.txt","/Volumes/illinois-las-psych-gratton/iNetworks/Nifti/derivatives/preproc_fmriprep-24.1.1/sub-INET098/ses-3/func/FD_outputs/sub-INET098_ses-3_task-rest_desc-framenums_fFD.txt",256
"INET098","3",5,"rest","sub-INET098_ses-3_task-rest_desc-framenums_fFD.txt","/Volumes/illinois-las-psych-gratton/iNetworks/Nifti/derivatives/preproc_fmriprep-24.1.1/sub-INET098/ses-3/func/FD_outputs/sub-INET098_ses-3_task-rest_desc-framenums_fFD.txt",209
"INET098","3",6,"rest","sub-INET098_ses-3_task-rest_desc-framenums_fFD.txt","/Volumes/illinois-las-psych-gratton/iNetworks/Nifti/derivatives/preproc_fmriprep-24.1.1/sub-INET098/ses-3/func/FD_outputs/sub-INET098_ses-3_task-rest_desc-framenums_fFD.txt",228
"INET098","3",7,"rest","sub-INET098_ses-3_task-rest_desc-framenums_fFD.txt","/Volumes/illinois-las-psych-gratton/iNetworks/Nifti/derivatives/preproc_fmriprep-24.1.1/sub-INET098/ses-3/func/FD_outputs/sub-INET098_ses-3_task-rest_desc-framenums_fFD.txt",142
"INET098","4",1,"rest","sub-INET098_ses-4_task-rest_desc-framenums_fFD.txt","/Volumes/illinois-las-psych-gratton/iNetworks/Nifti/derivatives/preproc_fmriprep-24.1.1/sub-INET098/ses-4/func/FD_outputs/sub-INET098_ses-4_task-rest_desc-framenums_fFD.txt",264
"INET098","4",2,"rest","sub-INET098_ses-4_task-rest_desc-framenums_fFD.txt","/Volumes/illinois-las-psych-gratton/iNetworks/Nifti/derivatives/preproc_fmriprep-24.1.1/sub-INET098/ses-4/func/FD_outputs/sub-INET098_ses-4_task-rest_desc-framenums_fFD.txt",258
"INET098","4",3,"rest","sub-INET098_ses-4_task-rest_desc-framenums_fFD.txt","/Volumes/illinois-las-psych-gratton/iNetworks/Nifti/derivatives/preproc_fmriprep-24.1.1/sub-INET098/ses-4/func/FD_outputs/sub-INET098_ses-4_task-rest_desc-framenums_fFD.txt",264
"INET098","4",4,"rest","sub-INET098_ses-4_task-rest_desc-framenums_fFD.txt","/Volumes/illinois-las-psych-gratton/iNetworks/Nifti/derivatives/preproc_fmriprep-24.1.1/sub-INET098/ses-4/func/FD_outputs/sub-INET098_ses-4_task-rest_desc-framenums_fFD.txt",261
"INET098","4",5,"rest","sub-INET098_ses-4_task-rest_desc-framenums_fFD.txt","/Volumes/illinois-las-psych-gratton/iNetworks/Nifti/derivatives/preproc_fmriprep-24.1.1/sub-INET098/ses-4/func/FD_outputs/sub-INET098_ses-4_task-rest_desc-framenums_fFD.txt",200
"INET098","4",6,"rest","sub-INET098_ses-4_task-rest_desc-framenums_fFD.txt","/Volumes/illinois-las-psych-gratton/iNetworks/Nifti/derivatives/preproc_fmriprep-24.1.1/sub-INET098/ses-4/func/FD_outputs/sub-INET098_ses-4_task-rest_desc-framenums_fFD.txt",74
"INET098","4",7,"rest","sub-INET098_ses-4_task-rest_desc-framenums_fFD.txt","/Volumes/illinois-las-psych-gratton/iNetworks/Nifti/derivatives/preproc_fmriprep-24.1.1/sub-INET098/ses-4/func/FD_outputs/sub-INET098_ses-4_task-rest_desc-framenums_fFD.txt",224
"INET099","1",1,"rest","sub-INET099_ses-1_task-rest_desc-framenums_fFD.txt","/Volumes/illinois-las-psych-gratton/iNetworks/Nifti/derivatives/preproc_fmriprep-24.1.1/sub-INET099/ses-1/func/FD_outputs/sub-INET099_ses-1_task-rest_desc-framenums_fFD.txt",254
"INET099","1",2,"rest","sub-INET099_ses-1_task-rest_desc-framenums_fFD.txt","/Volumes/illinois-las-psych-gratton/iNetworks/Nifti/derivatives/preproc_fmriprep-24.1.1/sub-INET099/ses-1/func/FD_outputs/sub-INET099_ses-1_task-rest_desc-framenums_fFD.txt",245
"INET099","1",3,"rest","sub-INET099_ses-1_task-rest_desc-framenums_fFD.txt","/Volumes/illinois-las-psych-gratton/iNetworks/Nifti/derivatives/preproc_fmriprep-24.1.1/sub-INET099/ses-1/func/FD_outputs/sub-INET099_ses-1_task-rest_desc-framenums_fFD.txt",158
"INET099","1",4,"rest","sub-INET099_ses-1_task-rest_desc-framenums_fFD.txt","/Volumes/illinois-las-psych-gratton/iNetworks/Nifti/derivatives/preproc_fmriprep-24.1.1/sub-INET099/ses-1/func/FD_outputs/sub-INET099_ses-1_task-rest_desc-framenums_fFD.txt",87
"INET099","1",5,"rest","sub-INET099_ses-1_task-rest_desc-framenums_fFD.txt","/Volumes/illinois-las-psych-gratton/iNetworks/Nifti/derivatives/preproc_fmriprep-24.1.1/sub-INET099/ses-1/func/FD_outputs/sub-INET099_ses-1_task-rest_desc-framenums_fFD.txt",149
"INET099","1",6,"rest","sub-INET099_ses-1_task-rest_desc-framenums_fFD.txt","/Volumes/illinois-las-psych-gratton/iNetworks/Nifti/derivatives/preproc_fmriprep-24.1.1/sub-INET099/ses-1/func/FD_outputs/sub-INET099_ses-1_task-rest_desc-framenums_fFD.txt",174
"INET099","1",7,"rest","sub-INET099_ses-1_task-rest_desc-framenums_fFD.txt","/Volumes/illinois-las-psych-gratton/iNetworks/Nifti/derivatives/preproc_fmriprep-24.1.1/sub-INET099/ses-1/func/FD_outputs/sub-INET099_ses-1_task-rest_desc-framenums_fFD.txt",244
"INET099","2",1,"rest","sub-INET099_ses-2_task-rest_desc-framenums_fFD.txt","/Volumes/illinois-las-psych-gratton/iNetworks/Nifti/derivatives/preproc_fmriprep-24.1.1/sub-INET099/ses-2/func/FD_outputs/sub-INET099_ses-2_task-rest_desc-framenums_fFD.txt",257
"INET099","2",2,"rest","sub-INET099_ses-2_task-rest_desc-framenums_fFD.txt","/Volumes/illinois-las-psych-gratton/iNetworks/Nifti/derivatives/preproc_fmriprep-24.1.1/sub-INET099/ses-2/func/FD_outputs/sub-INET099_ses-2_task-rest_desc-framenums_fFD.txt",222
"INET099","2",3,"rest","sub-INET099_ses-2_task-rest_desc-framenums_fFD.txt","/Volumes/illinois-las-psych-gratton/iNetworks/Nifti/derivatives/preproc_fmriprep-24.1.1/sub-INET099/ses-2/func/FD_outputs/sub-INET099_ses-2_task-rest_desc-framenums_fFD.txt",256
"INET099","2",4,"rest","sub-INET099_ses-2_task-rest_desc-framenums_fFD.txt","/Volumes/illinois-las-psych-gratton/iNetworks/Nifti/derivatives/preproc_fmriprep-24.1.1/sub-INET099/ses-2/func/FD_outputs/sub-INET099_ses-2_task-rest_desc-framenums_fFD.txt",211
"INET099","2",5,"rest","sub-INET099_ses-2_task-rest_desc-framenums_fFD.txt","/Volumes/illinois-las-psych-gratton/iNetworks/Nifti/derivatives/preproc_fmriprep-24.1.1/sub-INET099/ses-2/func/FD_outputs/sub-INET099_ses-2_task-rest_desc-framenums_fFD.txt",224
"INET099","2",6,"rest","sub-INET099_ses-2_task-rest_desc-framenums_fFD.txt","/Volumes/illinois-las-psych-gratton/iNetworks/Nifti/derivatives/preproc_fmriprep-24.1.1/sub-INET099/ses-2/func/FD_outputs/sub-INET099_ses-2_task-rest_desc-framenums_fFD.txt",239
"INET099","2",7,"rest","sub-INET099_ses-2_task-rest_desc-framenums_fFD.txt","/Volumes/illinois-las-psych-gratton/iNetworks/Nifti/derivatives/preproc_fmriprep-24.1.1/sub-INET099/ses-2/func/FD_outputs/sub-INET099_ses-2_task-rest_desc-framenums_fFD.txt",150
"INET099","3",1,"rest","sub-INET099_ses-3_task-rest_desc-framenums_fFD.txt","/Volumes/illinois-las-psych-gratton/iNetworks/Nifti/derivatives/preproc_fmriprep-24.1.1/sub-INET099/ses-3/func/FD_outputs/sub-INET099_ses-3_task-rest_desc-framenums_fFD.txt",262
"INET099","3",2,"rest","sub-INET099_ses-3_task-rest_desc-framenums_fFD.txt","/Volumes/illinois-las-psych-gratton/iNetworks/Nifti/derivatives/preproc_fmriprep-24.1.1/sub-INET099/ses-3/func/FD_outputs/sub-INET099_ses-3_task-rest_desc-framenums_fFD.txt",255
"INET099","3",3,"rest","sub-INET099_ses-3_task-rest_desc-framenums_fFD.txt","/Volumes/illinois-las-psych-gratton/iNetworks/Nifti/derivatives/preproc_fmriprep-24.1.1/sub-INET099/ses-3/func/FD_outputs/sub-INET099_ses-3_task-rest_desc-framenums_fFD.txt",240
"INET099","3",4,"rest","sub-INET099_ses-3_task-rest_desc-framenums_fFD.txt","/Volumes/illinois-las-psych-gratton/iNetworks/Nifti/derivatives/preproc_fmriprep-24.1.1/sub-INET099/ses-3/func/FD_outputs/sub-INET099_ses-3_task-rest_desc-framenums_fFD.txt",248
"INET099","3",5,"rest","sub-INET099_ses-3_task-rest_desc-framenums_fFD.txt","/Volumes/illinois-las-psych-gratton/iNetworks/Nifti/derivatives/preproc_fmriprep-24.1.1/sub-INET099/ses-3/func/FD_outputs/sub-INET099_ses-3_task-rest_desc-framenums_fFD.txt",212
"INET099","3",6,"rest","sub-INET099_ses-3_task-rest_desc-framenums_fFD.txt","/Volumes/illinois-las-psych-gratton/iNetworks/Nifti/derivatives/preproc_fmriprep-24.1.1/sub-INET099/ses-3/func/FD_outputs/sub-INET099_ses-3_task-rest_desc-framenums_fFD.txt",197
"INET099","3",7,"rest","sub-INET099_ses-3_task-rest_desc-framenums_fFD.txt","/Volumes/illinois-las-psych-gratton/iNetworks/Nifti/derivatives/preproc_fmriprep-24.1.1/sub-INET099/ses-3/func/FD_outputs/sub-INET099_ses-3_task-rest_desc-framenums_fFD.txt",215
"INET099","3",8,"rest","sub-INET099_ses-3_task-rest_desc-framenums_fFD.txt","/Volumes/illinois-las-psych-gratton/iNetworks/Nifti/derivatives/preproc_fmriprep-24.1.1/sub-INET099/ses-3/func/FD_outputs/sub-INET099_ses-3_task-rest_desc-framenums_fFD.txt",249
"INET099","4",1,"rest","sub-INET099_ses-4_task-rest_desc-framenums_fFD.txt","/Volumes/illinois-las-psych-gratton/iNetworks/Nifti/derivatives/preproc_fmriprep-24.1.1/sub-INET099/ses-4/func/FD_outputs/sub-INET099_ses-4_task-rest_desc-framenums_fFD.txt",261
"INET099","4",2,"rest","sub-INET099_ses-4_task-rest_desc-framenums_fFD.txt","/Volumes/illinois-las-psych-gratton/iNetworks/Nifti/derivatives/preproc_fmriprep-24.1.1/sub-INET099/ses-4/func/FD_outputs/sub-INET099_ses-4_task-rest_desc-framenums_fFD.txt",232
"INET099","4",3,"rest","sub-INET099_ses-4_task-rest_desc-framenums_fFD.txt","/Volumes/illinois-las-psych-gratton/iNetworks/Nifti/derivatives/preproc_fmriprep-24.1.1/sub-INET099/ses-4/func/FD_outputs/sub-INET099_ses-4_task-rest_desc-framenums_fFD.txt",257
"INET099","4",4,"rest","sub-INET099_ses-4_task-rest_desc-framenums_fFD.txt","/Volumes/illinois-las-psych-gratton/iNetworks/Nifti/derivatives/preproc_fmriprep-24.1.1/sub-INET099/ses-4/func/FD_outputs/sub-INET099_ses-4_task-rest_desc-framenums_fFD.txt",254
"INET099","4",5,"rest","sub-INET099_ses-4_task-rest_desc-framenums_fFD.txt","/Volumes/illinois-las-psych-gratton/iNetworks/Nifti/derivatives/preproc_fmriprep-24.1.1/sub-INET099/ses-4/func/FD_outputs/sub-INET099_ses-4_task-rest_desc-framenums_fFD.txt",241
"INET099","4",6,"rest","sub-INET099_ses-4_task-rest_desc-framenums_fFD.txt","/Volumes/illinois-las-psych-gratton/iNetworks/Nifti/derivatives/preproc_fmriprep-24.1.1/sub-INET099/ses-4/func/FD_outputs/sub-INET099_ses-4_task-rest_desc-framenums_fFD.txt",207
"INET099","4",7,"rest","sub-INET099_ses-4_task-rest_desc-framenums_fFD.txt","/Volumes/illinois-las-psych-gratton/iNetworks/Nifti/derivatives/preproc_fmriprep-24.1.1/sub-INET099/ses-4/func/FD_outputs/sub-INET099_ses-4_task-rest_desc-framenums_fFD.txt",207
"INET101","1",1,"rest","sub-INET101_ses-1_task-rest_desc-framenums_fFD.txt","/Volumes/illinois-las-psych-gratton/iNetworks/Nifti/derivatives/preproc_fmriprep-24.1.1/sub-INET101/ses-1/func/FD_outputs/sub-INET101_ses-1_task-rest_desc-framenums_fFD.txt",264
"INET101","1",2,"rest","sub-INET101_ses-1_task-rest_desc-framenums_fFD.txt","/Volumes/illinois-las-psych-gratton/iNetworks/Nifti/derivatives/preproc_fmriprep-24.1.1/sub-INET101/ses-1/func/FD_outputs/sub-INET101_ses-1_task-rest_desc-framenums_fFD.txt",264
"INET101","1",3,"rest","sub-INET101_ses-1_task-rest_desc-framenums_fFD.txt","/Volumes/illinois-las-psych-gratton/iNetworks/Nifti/derivatives/preproc_fmriprep-24.1.1/sub-INET101/ses-1/func/FD_outputs/sub-INET101_ses-1_task-rest_desc-framenums_fFD.txt",247
"INET101","1",4,"rest","sub-INET101_ses-1_task-rest_desc-framenums_fFD.txt","/Volumes/illinois-las-psych-gratton/iNetworks/Nifti/derivatives/preproc_fmriprep-24.1.1/sub-INET101/ses-1/func/FD_outputs/sub-INET101_ses-1_task-rest_desc-framenums_fFD.txt",263
"INET101","1",5,"rest","sub-INET101_ses-1_task-rest_desc-framenums_fFD.txt","/Volumes/illinois-las-psych-gratton/iNetworks/Nifti/derivatives/preproc_fmriprep-24.1.1/sub-INET101/ses-1/func/FD_outputs/sub-INET101_ses-1_task-rest_desc-framenums_fFD.txt",263
"INET101","1",6,"rest","sub-INET101_ses-1_task-rest_desc-framenums_fFD.txt","/Volumes/illinois-las-psych-gratton/iNetworks/Nifti/derivatives/preproc_fmriprep-24.1.1/sub-INET101/ses-1/func/FD_outputs/sub-INET101_ses-1_task-rest_desc-framenums_fFD.txt",264
"INET101","1",7,"rest","sub-INET101_ses-1_task-rest_desc-framenums_fFD.txt","/Volumes/illinois-las-psych-gratton/iNetworks/Nifti/derivatives/preproc_fmriprep-24.1.1/sub-INET101/ses-1/func/FD_outputs/sub-INET101_ses-1_task-rest_desc-framenums_fFD.txt",265
"INET101","2",1,"rest","sub-INET101_ses-2_task-rest_desc-framenums_fFD.txt","/Volumes/illinois-las-psych-gratton/iNetworks/Nifti/derivatives/preproc_fmriprep-24.1.1/sub-INET101/ses-2/func/FD_outputs/sub-INET101_ses-2_task-rest_desc-framenums_fFD.txt",265
"INET101","2",2,"rest","sub-INET101_ses-2_task-rest_desc-framenums_fFD.txt","/Volumes/illinois-las-psych-gratton/iNetworks/Nifti/derivatives/preproc_fmriprep-24.1.1/sub-INET101/ses-2/func/FD_outputs/sub-INET101_ses-2_task-rest_desc-framenums_fFD.txt",261
"INET101","2",3,"rest","sub-INET101_ses-2_task-rest_desc-framenums_fFD.txt","/Volumes/illinois-las-psych-gratton/iNetworks/Nifti/derivatives/preproc_fmriprep-24.1.1/sub-INET101/ses-2/func/FD_outputs/sub-INET101_ses-2_task-rest_desc-framenums_fFD.txt",253
"INET101","2",4,"rest","sub-INET101_ses-2_task-rest_desc-framenums_fFD.txt","/Volumes/illinois-las-psych-gratton/iNetworks/Nifti/derivatives/preproc_fmriprep-24.1.1/sub-INET101/ses-2/func/FD_outputs/sub-INET101_ses-2_task-rest_desc-framenums_fFD.txt",237
"INET101","2",5,"rest","sub-INET101_ses-2_task-rest_desc-framenums_fFD.txt","/Volumes/illinois-las-psych-gratton/iNetworks/Nifti/derivatives/preproc_fmriprep-24.1.1/sub-INET101/ses-2/func/FD_outputs/sub-INET101_ses-2_task-rest_desc-framenums_fFD.txt",260
"INET101","2",6,"rest","sub-INET101_ses-2_task-rest_desc-framenums_fFD.txt","/Volumes/illinois-las-psych-gratton/iNetworks/Nifti/derivatives/preproc_fmriprep-24.1.1/sub-INET101/ses-2/func/FD_outputs/sub-INET101_ses-2_task-rest_desc-framenums_fFD.txt",232
"INET101","2",7,"rest","sub-INET101_ses-2_task-rest_desc-framenums_fFD.txt","/Volumes/illinois-las-psych-gratton/iNetworks/Nifti/derivatives/preproc_fmriprep-24.1.1/sub-INET101/ses-2/func/FD_outputs/sub-INET101_ses-2_task-rest_desc-framenums_fFD.txt",256
"INET101","2",8,"rest","sub-INET101_ses-2_task-rest_desc-framenums_fFD.txt","/Volumes/illinois-las-psych-gratton/iNetworks/Nifti/derivatives/preproc_fmriprep-24.1.1/sub-INET101/ses-2/func/FD_outputs/sub-INET101_ses-2_task-rest_desc-framenums_fFD.txt",264
"INET101","3",1,"rest","sub-INET101_ses-3_task-rest_desc-framenums_fFD.txt","/Volumes/illinois-las-psych-gratton/iNetworks/Nifti/derivatives/preproc_fmriprep-24.1.1/sub-INET101/ses-3/func/FD_outputs/sub-INET101_ses-3_task-rest_desc-framenums_fFD.txt",265
"INET101","3",2,"rest","sub-INET101_ses-3_task-rest_desc-framenums_fFD.txt","/Volumes/illinois-las-psych-gratton/iNetworks/Nifti/derivatives/preproc_fmriprep-24.1.1/sub-INET101/ses-3/func/FD_outputs/sub-INET101_ses-3_task-rest_desc-framenums_fFD.txt",265
"INET101","3",3,"rest","sub-INET101_ses-3_task-rest_desc-framenums_fFD.txt","/Volumes/illinois-las-psych-gratton/iNetworks/Nifti/derivatives/preproc_fmriprep-24.1.1/sub-INET101/ses-3/func/FD_outputs/sub-INET101_ses-3_task-rest_desc-framenums_fFD.txt",262
"INET101","3",4,"rest","sub-INET101_ses-3_task-rest_desc-framenums_fFD.txt","/Volumes/illinois-las-psych-gratton/iNetworks/Nifti/derivatives/preproc_fmriprep-24.1.1/sub-INET101/ses-3/func/FD_outputs/sub-INET101_ses-3_task-rest_desc-framenums_fFD.txt",265
"INET101","3",5,"rest","sub-INET101_ses-3_task-rest_desc-framenums_fFD.txt","/Volumes/illinois-las-psych-gratton/iNetworks/Nifti/derivatives/preproc_fmriprep-24.1.1/sub-INET101/ses-3/func/FD_outputs/sub-INET101_ses-3_task-rest_desc-framenums_fFD.txt",265
"INET101","3",6,"rest","sub-INET101_ses-3_task-rest_desc-framenums_fFD.txt","/Volumes/illinois-las-psych-gratton/iNetworks/Nifti/derivatives/preproc_fmriprep-24.1.1/sub-INET101/ses-3/func/FD_outputs/sub-INET101_ses-3_task-rest_desc-framenums_fFD.txt",264
"INET101","3",7,"rest","sub-INET101_ses-3_task-rest_desc-framenums_fFD.txt","/Volumes/illinois-las-psych-gratton/iNetworks/Nifti/derivatives/preproc_fmriprep-24.1.1/sub-INET101/ses-3/func/FD_outputs/sub-INET101_ses-3_task-rest_desc-framenums_fFD.txt",265
"INET101","4",1,"rest","sub-INET101_ses-4_task-rest_desc-framenums_fFD.txt","/Volumes/illinois-las-psych-gratton/iNetworks/Nifti/derivatives/preproc_fmriprep-24.1.1/sub-INET101/ses-4/func/FD_outputs/sub-INET101_ses-4_task-rest_desc-framenums_fFD.txt",265
"INET101","4",2,"rest","sub-INET101_ses-4_task-rest_desc-framenums_fFD.txt","/Volumes/illinois-las-psych-gratton/iNetworks/Nifti/derivatives/preproc_fmriprep-24.1.1/sub-INET101/ses-4/func/FD_outputs/sub-INET101_ses-4_task-rest_desc-framenums_fFD.txt",265
"INET101","4",3,"rest","sub-INET101_ses-4_task-rest_desc-framenums_fFD.txt","/Volumes/illinois-las-psych-gratton/iNetworks/Nifti/derivatives/preproc_fmriprep-24.1.1/sub-INET101/ses-4/func/FD_outputs/sub-INET101_ses-4_task-rest_desc-framenums_fFD.txt",265
"INET101","4",4,"rest","sub-INET101_ses-4_task-rest_desc-framenums_fFD.txt","/Volumes/illinois-las-psych-gratton/iNetworks/Nifti/derivatives/preproc_fmriprep-24.1.1/sub-INET101/ses-4/func/FD_outputs/sub-INET101_ses-4_task-rest_desc-framenums_fFD.txt",258
"INET101","4",5,"rest","sub-INET101_ses-4_task-rest_desc-framenums_fFD.txt","/Volumes/illinois-las-psych-gratton/iNetworks/Nifti/derivatives/preproc_fmriprep-24.1.1/sub-INET101/ses-4/func/FD_outputs/sub-INET101_ses-4_task-rest_desc-framenums_fFD.txt",264
"INET101","4",6,"rest","sub-INET101_ses-4_task-rest_desc-framenums_fFD.txt","/Volumes/illinois-las-psych-gratton/iNetworks/Nifti/derivatives/preproc_fmriprep-24.1.1/sub-INET101/ses-4/func/FD_outputs/sub-INET101_ses-4_task-rest_desc-framenums_fFD.txt",265
"INET101","4",7,"rest","sub-INET101_ses-4_task-rest_desc-framenums_fFD.txt","/Volumes/illinois-las-psych-gratton/iNetworks/Nifti/derivatives/preproc_fmriprep-24.1.1/sub-INET101/ses-4/func/FD_outputs/sub-INET101_ses-4_task-rest_desc-framenums_fFD.txt",265
"INET103","1",1,"rest","sub-INET103_ses-1_task-rest_desc-framenums_fFD.txt","/Volumes/illinois-las-psych-gratton/iNetworks/Nifti/derivatives/preproc_fmriprep-24.1.1/sub-INET103/ses-1/func/FD_outputs/sub-INET103_ses-1_task-rest_desc-framenums_fFD.txt",264
"INET103","1",2,"rest","sub-INET103_ses-1_task-rest_desc-framenums_fFD.txt","/Volumes/illinois-las-psych-gratton/iNetworks/Nifti/derivatives/preproc_fmriprep-24.1.1/sub-INET103/ses-1/func/FD_outputs/sub-INET103_ses-1_task-rest_desc-framenums_fFD.txt",265
"INET103","1",3,"rest","sub-INET103_ses-1_task-rest_desc-framenums_fFD.txt","/Volumes/illinois-las-psych-gratton/iNetworks/Nifti/derivatives/preproc_fmriprep-24.1.1/sub-INET103/ses-1/func/FD_outputs/sub-INET103_ses-1_task-rest_desc-framenums_fFD.txt",264
"INET103","1",4,"rest","sub-INET103_ses-1_task-rest_desc-framenums_fFD.txt","/Volumes/illinois-las-psych-gratton/iNetworks/Nifti/derivatives/preproc_fmriprep-24.1.1/sub-INET103/ses-1/func/FD_outputs/sub-INET103_ses-1_task-rest_desc-framenums_fFD.txt",265
"INET103","1",5,"rest","sub-INET103_ses-1_task-rest_desc-framenums_fFD.txt","/Volumes/illinois-las-psych-gratton/iNetworks/Nifti/derivatives/preproc_fmriprep-24.1.1/sub-INET103/ses-1/func/FD_outputs/sub-INET103_ses-1_task-rest_desc-framenums_fFD.txt",196
"INET103","1",6,"rest","sub-INET103_ses-1_task-rest_desc-framenums_fFD.txt","/Volumes/illinois-las-psych-gratton/iNetworks/Nifti/derivatives/preproc_fmriprep-24.1.1/sub-INET103/ses-1/func/FD_outputs/sub-INET103_ses-1_task-rest_desc-framenums_fFD.txt",197
"INET103","1",7,"rest","sub-INET103_ses-1_task-rest_desc-framenums_fFD.txt","/Volumes/illinois-las-psych-gratton/iNetworks/Nifti/derivatives/preproc_fmriprep-24.1.1/sub-INET103/ses-1/func/FD_outputs/sub-INET103_ses-1_task-rest_desc-framenums_fFD.txt",189
"INET103","2",1,"rest","sub-INET103_ses-2_task-rest_desc-framenums_fFD.txt","/Volumes/illinois-las-psych-gratton/iNetworks/Nifti/derivatives/preproc_fmriprep-24.1.1/sub-INET103/ses-2/func/FD_outputs/sub-INET103_ses-2_task-rest_desc-framenums_fFD.txt",263
"INET103","2",2,"rest","sub-INET103_ses-2_task-rest_desc-framenums_fFD.txt","/Volumes/illinois-las-psych-gratton/iNetworks/Nifti/derivatives/preproc_fmriprep-24.1.1/sub-INET103/ses-2/func/FD_outputs/sub-INET103_ses-2_task-rest_desc-framenums_fFD.txt",261
"INET103","2",3,"rest","sub-INET103_ses-2_task-rest_desc-framenums_fFD.txt","/Volumes/illinois-las-psych-gratton/iNetworks/Nifti/derivatives/preproc_fmriprep-24.1.1/sub-INET103/ses-2/func/FD_outputs/sub-INET103_ses-2_task-rest_desc-framenums_fFD.txt",250
"INET103","2",4,"rest","sub-INET103_ses-2_task-rest_desc-framenums_fFD.txt","/Volumes/illinois-las-psych-gratton/iNetworks/Nifti/derivatives/preproc_fmriprep-24.1.1/sub-INET103/ses-2/func/FD_outputs/sub-INET103_ses-2_task-rest_desc-framenums_fFD.txt",257
"INET103","2",5,"rest","sub-INET103_ses-2_task-rest_desc-framenums_fFD.txt","/Volumes/illinois-las-psych-gratton/iNetworks/Nifti/derivatives/preproc_fmriprep-24.1.1/sub-INET103/ses-2/func/FD_outputs/sub-INET103_ses-2_task-rest_desc-framenums_fFD.txt",252
"INET103","2",6,"rest","sub-INET103_ses-2_task-rest_desc-framenums_fFD.txt","/Volumes/illinois-las-psych-gratton/iNetworks/Nifti/derivatives/preproc_fmriprep-24.1.1/sub-INET103/ses-2/func/FD_outputs/sub-INET103_ses-2_task-rest_desc-framenums_fFD.txt",249
"INET103","2",7,"rest","sub-INET103_ses-2_task-rest_desc-framenums_fFD.txt","/Volumes/illinois-las-psych-gratton/iNetworks/Nifti/derivatives/preproc_fmriprep-24.1.1/sub-INET103/ses-2/func/FD_outputs/sub-INET103_ses-2_task-rest_desc-framenums_fFD.txt",251
"INET103","3",1,"rest","sub-INET103_ses-3_task-rest_desc-framenums_fFD.txt","/Volumes/illinois-las-psych-gratton/iNetworks/Nifti/derivatives/preproc_fmriprep-24.1.1/sub-INET103/ses-3/func/FD_outputs/sub-INET103_ses-3_task-rest_desc-framenums_fFD.txt",263
"INET103","3",2,"rest","sub-INET103_ses-3_task-rest_desc-framenums_fFD.txt","/Volumes/illinois-las-psych-gratton/iNetworks/Nifti/derivatives/preproc_fmriprep-24.1.1/sub-INET103/ses-3/func/FD_outputs/sub-INET103_ses-3_task-rest_desc-framenums_fFD.txt",260
"INET103","3",3,"rest","sub-INET103_ses-3_task-rest_desc-framenums_fFD.txt","/Volumes/illinois-las-psych-gratton/iNetworks/Nifti/derivatives/preproc_fmriprep-24.1.1/sub-INET103/ses-3/func/FD_outputs/sub-INET103_ses-3_task-rest_desc-framenums_fFD.txt",249
"INET103","3",4,"rest","sub-INET103_ses-3_task-rest_desc-framenums_fFD.txt","/Volumes/illinois-las-psych-gratton/iNetworks/Nifti/derivatives/preproc_fmriprep-24.1.1/sub-INET103/ses-3/func/FD_outputs/sub-INET103_ses-3_task-rest_desc-framenums_fFD.txt",229
"INET103","3",5,"rest","sub-INET103_ses-3_task-rest_desc-framenums_fFD.txt","/Volumes/illinois-las-psych-gratton/iNetworks/Nifti/derivatives/preproc_fmriprep-24.1.1/sub-INET103/ses-3/func/FD_outputs/sub-INET103_ses-3_task-rest_desc-framenums_fFD.txt",262
"INET103","3",6,"rest","sub-INET103_ses-3_task-rest_desc-framenums_fFD.txt","/Volumes/illinois-las-psych-gratton/iNetworks/Nifti/derivatives/preproc_fmriprep-24.1.1/sub-INET103/ses-3/func/FD_outputs/sub-INET103_ses-3_task-rest_desc-framenums_fFD.txt",247
"INET103","3",7,"rest","sub-INET103_ses-3_task-rest_desc-framenums_fFD.txt","/Volumes/illinois-las-psych-gratton/iNetworks/Nifti/derivatives/preproc_fmriprep-24.1.1/sub-INET103/ses-3/func/FD_outputs/sub-INET103_ses-3_task-rest_desc-framenums_fFD.txt",213
"INET103","3",8,"rest","sub-INET103_ses-3_task-rest_desc-framenums_fFD.txt","/Volumes/illinois-las-psych-gratton/iNetworks/Nifti/derivatives/preproc_fmriprep-24.1.1/sub-INET103/ses-3/func/FD_outputs/sub-INET103_ses-3_task-rest_desc-framenums_fFD.txt",258
"INET103","4",1,"rest","sub-INET103_ses-4_task-rest_desc-framenums_fFD.txt","/Volumes/illinois-las-psych-gratton/iNetworks/Nifti/derivatives/preproc_fmriprep-24.1.1/sub-INET103/ses-4/func/FD_outputs/sub-INET103_ses-4_task-rest_desc-framenums_fFD.txt",264
"INET103","4",2,"rest","sub-INET103_ses-4_task-rest_desc-framenums_fFD.txt","/Volumes/illinois-las-psych-gratton/iNetworks/Nifti/derivatives/preproc_fmriprep-24.1.1/sub-INET103/ses-4/func/FD_outputs/sub-INET103_ses-4_task-rest_desc-framenums_fFD.txt",262
"INET103","4",3,"rest","sub-INET103_ses-4_task-rest_desc-framenums_fFD.txt","/Volumes/illinois-las-psych-gratton/iNetworks/Nifti/derivatives/preproc_fmriprep-24.1.1/sub-INET103/ses-4/func/FD_outputs/sub-INET103_ses-4_task-rest_desc-framenums_fFD.txt",262
"INET103","4",4,"rest","sub-INET103_ses-4_task-rest_desc-framenums_fFD.txt","/Volumes/illinois-las-psych-gratton/iNetworks/Nifti/derivatives/preproc_fmriprep-24.1.1/sub-INET103/ses-4/func/FD_outputs/sub-INET103_ses-4_task-rest_desc-framenums_fFD.txt",253
"INET103","4",5,"rest","sub-INET103_ses-4_task-rest_desc-framenums_fFD.txt","/Volumes/illinois-las-psych-gratton/iNetworks/Nifti/derivatives/preproc_fmriprep-24.1.1/sub-INET103/ses-4/func/FD_outputs/sub-INET103_ses-4_task-rest_desc-framenums_fFD.txt",246
"INET103","4",6,"rest","sub-INET103_ses-4_task-rest_desc-framenums_fFD.txt","/Volumes/illinois-las-psych-gratton/iNetworks/Nifti/derivatives/preproc_fmriprep-24.1.1/sub-INET103/ses-4/func/FD_outputs/sub-INET103_ses-4_task-rest_desc-framenums_fFD.txt",241
"INET103","4",7,"rest","sub-INET103_ses-4_task-rest_desc-framenums_fFD.txt","/Volumes/illinois-las-psych-gratton/iNetworks/Nifti/derivatives/preproc_fmriprep-24.1.1/sub-INET103/ses-4/func/FD_outputs/sub-INET103_ses-4_task-rest_desc-framenums_fFD.txt",252
"INET104","1",1,"rest","sub-INET104_ses-1_task-rest_desc-framenums_fFD.txt","/Volumes/illinois-las-psych-gratton/iNetworks/Nifti/derivatives/preproc_fmriprep-24.1.1/sub-INET104/ses-1/func/FD_outputs/sub-INET104_ses-1_task-rest_desc-framenums_fFD.txt",207
"INET104","1",2,"rest","sub-INET104_ses-1_task-rest_desc-framenums_fFD.txt","/Volumes/illinois-las-psych-gratton/iNetworks/Nifti/derivatives/preproc_fmriprep-24.1.1/sub-INET104/ses-1/func/FD_outputs/sub-INET104_ses-1_task-rest_desc-framenums_fFD.txt",264
"INET104","1",3,"rest","sub-INET104_ses-1_task-rest_desc-framenums_fFD.txt","/Volumes/illinois-las-psych-gratton/iNetworks/Nifti/derivatives/preproc_fmriprep-24.1.1/sub-INET104/ses-1/func/FD_outputs/sub-INET104_ses-1_task-rest_desc-framenums_fFD.txt",241
"INET104","1",4,"rest","sub-INET104_ses-1_task-rest_desc-framenums_fFD.txt","/Volumes/illinois-las-psych-gratton/iNetworks/Nifti/derivatives/preproc_fmriprep-24.1.1/sub-INET104/ses-1/func/FD_outputs/sub-INET104_ses-1_task-rest_desc-framenums_fFD.txt",245
"INET104","1",5,"rest","sub-INET104_ses-1_task-rest_desc-framenums_fFD.txt","/Volumes/illinois-las-psych-gratton/iNetworks/Nifti/derivatives/preproc_fmriprep-24.1.1/sub-INET104/ses-1/func/FD_outputs/sub-INET104_ses-1_task-rest_desc-framenums_fFD.txt",249
"INET104","1",6,"rest","sub-INET104_ses-1_task-rest_desc-framenums_fFD.txt","/Volumes/illinois-las-psych-gratton/iNetworks/Nifti/derivatives/preproc_fmriprep-24.1.1/sub-INET104/ses-1/func/FD_outputs/sub-INET104_ses-1_task-rest_desc-framenums_fFD.txt",241
"INET104","1",7,"rest","sub-INET104_ses-1_task-rest_desc-framenums_fFD.txt","/Volumes/illinois-las-psych-gratton/iNetworks/Nifti/derivatives/preproc_fmriprep-24.1.1/sub-INET104/ses-1/func/FD_outputs/sub-INET104_ses-1_task-rest_desc-framenums_fFD.txt",246
"INET104","2",1,"rest","sub-INET104_ses-2_task-rest_desc-framenums_fFD.txt","/Volumes/illinois-las-psych-gratton/iNetworks/Nifti/derivatives/preproc_fmriprep-24.1.1/sub-INET104/ses-2/func/FD_outputs/sub-INET104_ses-2_task-rest_desc-framenums_fFD.txt",260
"INET104","2",2,"rest","sub-INET104_ses-2_task-rest_desc-framenums_fFD.txt","/Volumes/illinois-las-psych-gratton/iNetworks/Nifti/derivatives/preproc_fmriprep-24.1.1/sub-INET104/ses-2/func/FD_outputs/sub-INET104_ses-2_task-rest_desc-framenums_fFD.txt",264
"INET104","2",3,"rest","sub-INET104_ses-2_task-rest_desc-framenums_fFD.txt","/Volumes/illinois-las-psych-gratton/iNetworks/Nifti/derivatives/preproc_fmriprep-24.1.1/sub-INET104/ses-2/func/FD_outputs/sub-INET104_ses-2_task-rest_desc-framenums_fFD.txt",253
"INET104","2",4,"rest","sub-INET104_ses-2_task-rest_desc-framenums_fFD.txt","/Volumes/illinois-las-psych-gratton/iNetworks/Nifti/derivatives/preproc_fmriprep-24.1.1/sub-INET104/ses-2/func/FD_outputs/sub-INET104_ses-2_task-rest_desc-framenums_fFD.txt",264
"INET104","2",5,"rest","sub-INET104_ses-2_task-rest_desc-framenums_fFD.txt","/Volumes/illinois-las-psych-gratton/iNetworks/Nifti/derivatives/preproc_fmriprep-24.1.1/sub-INET104/ses-2/func/FD_outputs/sub-INET104_ses-2_task-rest_desc-framenums_fFD.txt",208
"INET104","2",6,"rest","sub-INET104_ses-2_task-rest_desc-framenums_fFD.txt","/Volumes/illinois-las-psych-gratton/iNetworks/Nifti/derivatives/preproc_fmriprep-24.1.1/sub-INET104/ses-2/func/FD_outputs/sub-INET104_ses-2_task-rest_desc-framenums_fFD.txt",254
"INET104","2",7,"rest","sub-INET104_ses-2_task-rest_desc-framenums_fFD.txt","/Volumes/illinois-las-psych-gratton/iNetworks/Nifti/derivatives/preproc_fmriprep-24.1.1/sub-INET104/ses-2/func/FD_outputs/sub-INET104_ses-2_task-rest_desc-framenums_fFD.txt",254
"INET104","3",1,"rest","sub-INET104_ses-3_task-rest_desc-framenums_fFD.txt","/Volumes/illinois-las-psych-gratton/iNetworks/Nifti/derivatives/preproc_fmriprep-24.1.1/sub-INET104/ses-3/func/FD_outputs/sub-INET104_ses-3_task-rest_desc-framenums_fFD.txt",262
"INET104","3",2,"rest","sub-INET104_ses-3_task-rest_desc-framenums_fFD.txt","/Volumes/illinois-las-psych-gratton/iNetworks/Nifti/derivatives/preproc_fmriprep-24.1.1/sub-INET104/ses-3/func/FD_outputs/sub-INET104_ses-3_task-rest_desc-framenums_fFD.txt",265
"INET104","3",3,"rest","sub-INET104_ses-3_task-rest_desc-framenums_fFD.txt","/Volumes/illinois-las-psych-gratton/iNetworks/Nifti/derivatives/preproc_fmriprep-24.1.1/sub-INET104/ses-3/func/FD_outputs/sub-INET104_ses-3_task-rest_desc-framenums_fFD.txt",265
"INET104","3",4,"rest","sub-INET104_ses-3_task-rest_desc-framenums_fFD.txt","/Volumes/illinois-las-psych-gratton/iNetworks/Nifti/derivatives/preproc_fmriprep-24.1.1/sub-INET104/ses-3/func/FD_outputs/sub-INET104_ses-3_task-rest_desc-framenums_fFD.txt",260
"INET104","3",5,"rest","sub-INET104_ses-3_task-rest_desc-framenums_fFD.txt","/Volumes/illinois-las-psych-gratton/iNetworks/Nifti/derivatives/preproc_fmriprep-24.1.1/sub-INET104/ses-3/func/FD_outputs/sub-INET104_ses-3_task-rest_desc-framenums_fFD.txt",265
"INET104","3",6,"rest","sub-INET104_ses-3_task-rest_desc-framenums_fFD.txt","/Volumes/illinois-las-psych-gratton/iNetworks/Nifti/derivatives/preproc_fmriprep-24.1.1/sub-INET104/ses-3/func/FD_outputs/sub-INET104_ses-3_task-rest_desc-framenums_fFD.txt",265
"INET104","4",1,"rest","sub-INET104_ses-4_task-rest_desc-framenums_fFD.txt","/Volumes/illinois-las-psych-gratton/iNetworks/Nifti/derivatives/preproc_fmriprep-24.1.1/sub-INET104/ses-4/func/FD_outputs/sub-INET104_ses-4_task-rest_desc-framenums_fFD.txt",257
"INET104","4",2,"rest","sub-INET104_ses-4_task-rest_desc-framenums_fFD.txt","/Volumes/illinois-las-psych-gratton/iNetworks/Nifti/derivatives/preproc_fmriprep-24.1.1/sub-INET104/ses-4/func/FD_outputs/sub-INET104_ses-4_task-rest_desc-framenums_fFD.txt",265
"INET104","4",3,"rest","sub-INET104_ses-4_task-rest_desc-framenums_fFD.txt","/Volumes/illinois-las-psych-gratton/iNetworks/Nifti/derivatives/preproc_fmriprep-24.1.1/sub-INET104/ses-4/func/FD_outputs/sub-INET104_ses-4_task-rest_desc-framenums_fFD.txt",211
"INET104","4",4,"rest","sub-INET104_ses-4_task-rest_desc-framenums_fFD.txt","/Volumes/illinois-las-psych-gratton/iNetworks/Nifti/derivatives/preproc_fmriprep-24.1.1/sub-INET104/ses-4/func/FD_outputs/sub-INET104_ses-4_task-rest_desc-framenums_fFD.txt",257
"INET104","4",5,"rest","sub-INET104_ses-4_task-rest_desc-framenums_fFD.txt","/Volumes/illinois-las-psych-gratton/iNetworks/Nifti/derivatives/preproc_fmriprep-24.1.1/sub-INET104/ses-4/func/FD_outputs/sub-INET104_ses-4_task-rest_desc-framenums_fFD.txt",221
"INET104","4",6,"rest","sub-INET104_ses-4_task-rest_desc-framenums_fFD.txt","/Volumes/illinois-las-psych-gratton/iNetworks/Nifti/derivatives/preproc_fmriprep-24.1.1/sub-INET104/ses-4/func/FD_outputs/sub-INET104_ses-4_task-rest_desc-framenums_fFD.txt",246
"INET104","4",7,"rest","sub-INET104_ses-4_task-rest_desc-framenums_fFD.txt","/Volumes/illinois-las-psych-gratton/iNetworks/Nifti/derivatives/preproc_fmriprep-24.1.1/sub-INET104/ses-4/func/FD_outputs/sub-INET104_ses-4_task-rest_desc-framenums_fFD.txt",245
"INET105","1",1,"rest","sub-INET105_ses-1_task-rest_desc-framenums_fFD.txt","/Volumes/illinois-las-psych-gratton/iNetworks/Nifti/derivatives/preproc_fmriprep-24.1.1/sub-INET105/ses-1/func/FD_outputs/sub-INET105_ses-1_task-rest_desc-framenums_fFD.txt",258
"INET105","1",2,"rest","sub-INET105_ses-1_task-rest_desc-framenums_fFD.txt","/Volumes/illinois-las-psych-gratton/iNetworks/Nifti/derivatives/preproc_fmriprep-24.1.1/sub-INET105/ses-1/func/FD_outputs/sub-INET105_ses-1_task-rest_desc-framenums_fFD.txt",239
"INET105","1",3,"rest","sub-INET105_ses-1_task-rest_desc-framenums_fFD.txt","/Volumes/illinois-las-psych-gratton/iNetworks/Nifti/derivatives/preproc_fmriprep-24.1.1/sub-INET105/ses-1/func/FD_outputs/sub-INET105_ses-1_task-rest_desc-framenums_fFD.txt",253
"INET105","1",4,"rest","sub-INET105_ses-1_task-rest_desc-framenums_fFD.txt","/Volumes/illinois-las-psych-gratton/iNetworks/Nifti/derivatives/preproc_fmriprep-24.1.1/sub-INET105/ses-1/func/FD_outputs/sub-INET105_ses-1_task-rest_desc-framenums_fFD.txt",248
"INET105","1",5,"rest","sub-INET105_ses-1_task-rest_desc-framenums_fFD.txt","/Volumes/illinois-las-psych-gratton/iNetworks/Nifti/derivatives/preproc_fmriprep-24.1.1/sub-INET105/ses-1/func/FD_outputs/sub-INET105_ses-1_task-rest_desc-framenums_fFD.txt",238
"INET105","1",6,"rest","sub-INET105_ses-1_task-rest_desc-framenums_fFD.txt","/Volumes/illinois-las-psych-gratton/iNetworks/Nifti/derivatives/preproc_fmriprep-24.1.1/sub-INET105/ses-1/func/FD_outputs/sub-INET105_ses-1_task-rest_desc-framenums_fFD.txt",260
"INET105","1",7,"rest","sub-INET105_ses-1_task-rest_desc-framenums_fFD.txt","/Volumes/illinois-las-psych-gratton/iNetworks/Nifti/derivatives/preproc_fmriprep-24.1.1/sub-INET105/ses-1/func/FD_outputs/sub-INET105_ses-1_task-rest_desc-framenums_fFD.txt",249
"INET105","2",1,"rest","sub-INET105_ses-2_task-rest_desc-framenums_fFD.txt","/Volumes/illinois-las-psych-gratton/iNetworks/Nifti/derivatives/preproc_fmriprep-24.1.1/sub-INET105/ses-2/func/FD_outputs/sub-INET105_ses-2_task-rest_desc-framenums_fFD.txt",256
"INET105","2",2,"rest","sub-INET105_ses-2_task-rest_desc-framenums_fFD.txt","/Volumes/illinois-las-psych-gratton/iNetworks/Nifti/derivatives/preproc_fmriprep-24.1.1/sub-INET105/ses-2/func/FD_outputs/sub-INET105_ses-2_task-rest_desc-framenums_fFD.txt",247
"INET105","2",3,"rest","sub-INET105_ses-2_task-rest_desc-framenums_fFD.txt","/Volumes/illinois-las-psych-gratton/iNetworks/Nifti/derivatives/preproc_fmriprep-24.1.1/sub-INET105/ses-2/func/FD_outputs/sub-INET105_ses-2_task-rest_desc-framenums_fFD.txt",243
"INET105","2",4,"rest","sub-INET105_ses-2_task-rest_desc-framenums_fFD.txt","/Volumes/illinois-las-psych-gratton/iNetworks/Nifti/derivatives/preproc_fmriprep-24.1.1/sub-INET105/ses-2/func/FD_outputs/sub-INET105_ses-2_task-rest_desc-framenums_fFD.txt",241
"INET105","2",5,"rest","sub-INET105_ses-2_task-rest_desc-framenums_fFD.txt","/Volumes/illinois-las-psych-gratton/iNetworks/Nifti/derivatives/preproc_fmriprep-24.1.1/sub-INET105/ses-2/func/FD_outputs/sub-INET105_ses-2_task-rest_desc-framenums_fFD.txt",264
"INET105","2",6,"rest","sub-INET105_ses-2_task-rest_desc-framenums_fFD.txt","/Volumes/illinois-las-psych-gratton/iNetworks/Nifti/derivatives/preproc_fmriprep-24.1.1/sub-INET105/ses-2/func/FD_outputs/sub-INET105_ses-2_task-rest_desc-framenums_fFD.txt",248
"INET105","2",7,"rest","sub-INET105_ses-2_task-rest_desc-framenums_fFD.txt","/Volumes/illinois-las-psych-gratton/iNetworks/Nifti/derivatives/preproc_fmriprep-24.1.1/sub-INET105/ses-2/func/FD_outputs/sub-INET105_ses-2_task-rest_desc-framenums_fFD.txt",247
"INET105","3",1,"rest","sub-INET105_ses-3_task-rest_desc-framenums_fFD.txt","/Volumes/illinois-las-psych-gratton/iNetworks/Nifti/derivatives/preproc_fmriprep-24.1.1/sub-INET105/ses-3/func/FD_outputs/sub-INET105_ses-3_task-rest_desc-framenums_fFD.txt",264
"INET105","3",2,"rest","sub-INET105_ses-3_task-rest_desc-framenums_fFD.txt","/Volumes/illinois-las-psych-gratton/iNetworks/Nifti/derivatives/preproc_fmriprep-24.1.1/sub-INET105/ses-3/func/FD_outputs/sub-INET105_ses-3_task-rest_desc-framenums_fFD.txt",259
"INET105","3",3,"rest","sub-INET105_ses-3_task-rest_desc-framenums_fFD.txt","/Volumes/illinois-las-psych-gratton/iNetworks/Nifti/derivatives/preproc_fmriprep-24.1.1/sub-INET105/ses-3/func/FD_outputs/sub-INET105_ses-3_task-rest_desc-framenums_fFD.txt",264
"INET105","3",4,"rest","sub-INET105_ses-3_task-rest_desc-framenums_fFD.txt","/Volumes/illinois-las-psych-gratton/iNetworks/Nifti/derivatives/preproc_fmriprep-24.1.1/sub-INET105/ses-3/func/FD_outputs/sub-INET105_ses-3_task-rest_desc-framenums_fFD.txt",245
"INET105","3",5,"rest","sub-INET105_ses-3_task-rest_desc-framenums_fFD.txt","/Volumes/illinois-las-psych-gratton/iNetworks/Nifti/derivatives/preproc_fmriprep-24.1.1/sub-INET105/ses-3/func/FD_outputs/sub-INET105_ses-3_task-rest_desc-framenums_fFD.txt",257
"INET105","3",6,"rest","sub-INET105_ses-3_task-rest_desc-framenums_fFD.txt","/Volumes/illinois-las-psych-gratton/iNetworks/Nifti/derivatives/preproc_fmriprep-24.1.1/sub-INET105/ses-3/func/FD_outputs/sub-INET105_ses-3_task-rest_desc-framenums_fFD.txt",238
"INET105","3",7,"rest","sub-INET105_ses-3_task-rest_desc-framenums_fFD.txt","/Volumes/illinois-las-psych-gratton/iNetworks/Nifti/derivatives/preproc_fmriprep-24.1.1/sub-INET105/ses-3/func/FD_outputs/sub-INET105_ses-3_task-rest_desc-framenums_fFD.txt",247
"INET105","3",8,"rest","sub-INET105_ses-3_task-rest_desc-framenums_fFD.txt","/Volumes/illinois-las-psych-gratton/iNetworks/Nifti/derivatives/preproc_fmriprep-24.1.1/sub-INET105/ses-3/func/FD_outputs/sub-INET105_ses-3_task-rest_desc-framenums_fFD.txt",257
"INET105","4",1,"rest","sub-INET105_ses-4_task-rest_desc-framenums_fFD.txt","/Volumes/illinois-las-psych-gratton/iNetworks/Nifti/derivatives/preproc_fmriprep-24.1.1/sub-INET105/ses-4/func/FD_outputs/sub-INET105_ses-4_task-rest_desc-framenums_fFD.txt",255
"INET105","4",2,"rest","sub-INET105_ses-4_task-rest_desc-framenums_fFD.txt","/Volumes/illinois-las-psych-gratton/iNetworks/Nifti/derivatives/preproc_fmriprep-24.1.1/sub-INET105/ses-4/func/FD_outputs/sub-INET105_ses-4_task-rest_desc-framenums_fFD.txt",259
"INET105","4",3,"rest","sub-INET105_ses-4_task-rest_desc-framenums_fFD.txt","/Volumes/illinois-las-psych-gratton/iNetworks/Nifti/derivatives/preproc_fmriprep-24.1.1/sub-INET105/ses-4/func/FD_outputs/sub-INET105_ses-4_task-rest_desc-framenums_fFD.txt",252
"INET105","4",4,"rest","sub-INET105_ses-4_task-rest_desc-framenums_fFD.txt","/Volumes/illinois-las-psych-gratton/iNetworks/Nifti/derivatives/preproc_fmriprep-24.1.1/sub-INET105/ses-4/func/FD_outputs/sub-INET105_ses-4_task-rest_desc-framenums_fFD.txt",228
"INET105","4",5,"rest","sub-INET105_ses-4_task-rest_desc-framenums_fFD.txt","/Volumes/illinois-las-psych-gratton/iNetworks/Nifti/derivatives/preproc_fmriprep-24.1.1/sub-INET105/ses-4/func/FD_outputs/sub-INET105_ses-4_task-rest_desc-framenums_fFD.txt",211
"INET105","4",6,"rest","sub-INET105_ses-4_task-rest_desc-framenums_fFD.txt","/Volumes/illinois-las-psych-gratton/iNetworks/Nifti/derivatives/preproc_fmriprep-24.1.1/sub-INET105/ses-4/func/FD_outputs/sub-INET105_ses-4_task-rest_desc-framenums_fFD.txt",179
"INET105","4",7,"rest","sub-INET105_ses-4_task-rest_desc-framenums_fFD.txt","/Volumes/illinois-las-psych-gratton/iNetworks/Nifti/derivatives/preproc_fmriprep-24.1.1/sub-INET105/ses-4/func/FD_outputs/sub-INET105_ses-4_task-rest_desc-framenums_fFD.txt",229
"INET106","1",1,"rest","sub-INET106_ses-1_task-rest_desc-framenums_fFD.txt","/Volumes/illinois-las-psych-gratton/iNetworks/Nifti/derivatives/preproc_fmriprep-24.1.1/sub-INET106/ses-1/func/FD_outputs/sub-INET106_ses-1_task-rest_desc-framenums_fFD.txt",259
"INET106","1",2,"rest","sub-INET106_ses-1_task-rest_desc-framenums_fFD.txt","/Volumes/illinois-las-psych-gratton/iNetworks/Nifti/derivatives/preproc_fmriprep-24.1.1/sub-INET106/ses-1/func/FD_outputs/sub-INET106_ses-1_task-rest_desc-framenums_fFD.txt",262
"INET106","1",3,"rest","sub-INET106_ses-1_task-rest_desc-framenums_fFD.txt","/Volumes/illinois-las-psych-gratton/iNetworks/Nifti/derivatives/preproc_fmriprep-24.1.1/sub-INET106/ses-1/func/FD_outputs/sub-INET106_ses-1_task-rest_desc-framenums_fFD.txt",263
"INET106","1",4,"rest","sub-INET106_ses-1_task-rest_desc-framenums_fFD.txt","/Volumes/illinois-las-psych-gratton/iNetworks/Nifti/derivatives/preproc_fmriprep-24.1.1/sub-INET106/ses-1/func/FD_outputs/sub-INET106_ses-1_task-rest_desc-framenums_fFD.txt",265
"INET106","1",5,"rest","sub-INET106_ses-1_task-rest_desc-framenums_fFD.txt","/Volumes/illinois-las-psych-gratton/iNetworks/Nifti/derivatives/preproc_fmriprep-24.1.1/sub-INET106/ses-1/func/FD_outputs/sub-INET106_ses-1_task-rest_desc-framenums_fFD.txt",259
"INET106","1",6,"rest","sub-INET106_ses-1_task-rest_desc-framenums_fFD.txt","/Volumes/illinois-las-psych-gratton/iNetworks/Nifti/derivatives/preproc_fmriprep-24.1.1/sub-INET106/ses-1/func/FD_outputs/sub-INET106_ses-1_task-rest_desc-framenums_fFD.txt",254
"INET106","1",7,"rest","sub-INET106_ses-1_task-rest_desc-framenums_fFD.txt","/Volumes/illinois-las-psych-gratton/iNetworks/Nifti/derivatives/preproc_fmriprep-24.1.1/sub-INET106/ses-1/func/FD_outputs/sub-INET106_ses-1_task-rest_desc-framenums_fFD.txt",249
"INET106","2",1,"rest","sub-INET106_ses-2_task-rest_desc-framenums_fFD.txt","/Volumes/illinois-las-psych-gratton/iNetworks/Nifti/derivatives/preproc_fmriprep-24.1.1/sub-INET106/ses-2/func/FD_outputs/sub-INET106_ses-2_task-rest_desc-framenums_fFD.txt",262
"INET106","2",2,"rest","sub-INET106_ses-2_task-rest_desc-framenums_fFD.txt","/Volumes/illinois-las-psych-gratton/iNetworks/Nifti/derivatives/preproc_fmriprep-24.1.1/sub-INET106/ses-2/func/FD_outputs/sub-INET106_ses-2_task-rest_desc-framenums_fFD.txt",256
"INET106","2",3,"rest","sub-INET106_ses-2_task-rest_desc-framenums_fFD.txt","/Volumes/illinois-las-psych-gratton/iNetworks/Nifti/derivatives/preproc_fmriprep-24.1.1/sub-INET106/ses-2/func/FD_outputs/sub-INET106_ses-2_task-rest_desc-framenums_fFD.txt",264
"INET106","2",4,"rest","sub-INET106_ses-2_task-rest_desc-framenums_fFD.txt","/Volumes/illinois-las-psych-gratton/iNetworks/Nifti/derivatives/preproc_fmriprep-24.1.1/sub-INET106/ses-2/func/FD_outputs/sub-INET106_ses-2_task-rest_desc-framenums_fFD.txt",246
"INET106","2",5,"rest","sub-INET106_ses-2_task-rest_desc-framenums_fFD.txt","/Volumes/illinois-las-psych-gratton/iNetworks/Nifti/derivatives/preproc_fmriprep-24.1.1/sub-INET106/ses-2/func/FD_outputs/sub-INET106_ses-2_task-rest_desc-framenums_fFD.txt",256
"INET106","2",6,"rest","sub-INET106_ses-2_task-rest_desc-framenums_fFD.txt","/Volumes/illinois-las-psych-gratton/iNetworks/Nifti/derivatives/preproc_fmriprep-24.1.1/sub-INET106/ses-2/func/FD_outputs/sub-INET106_ses-2_task-rest_desc-framenums_fFD.txt",240
"INET106","2",7,"rest","sub-INET106_ses-2_task-rest_desc-framenums_fFD.txt","/Volumes/illinois-las-psych-gratton/iNetworks/Nifti/derivatives/preproc_fmriprep-24.1.1/sub-INET106/ses-2/func/FD_outputs/sub-INET106_ses-2_task-rest_desc-framenums_fFD.txt",207
"INET106","2",8,"rest","sub-INET106_ses-2_task-rest_desc-framenums_fFD.txt","/Volumes/illinois-las-psych-gratton/iNetworks/Nifti/derivatives/preproc_fmriprep-24.1.1/sub-INET106/ses-2/func/FD_outputs/sub-INET106_ses-2_task-rest_desc-framenums_fFD.txt",257
"INET106","3",1,"rest","sub-INET106_ses-3_task-rest_desc-framenums_fFD.txt","/Volumes/illinois-las-psych-gratton/iNetworks/Nifti/derivatives/preproc_fmriprep-24.1.1/sub-INET106/ses-3/func/FD_outputs/sub-INET106_ses-3_task-rest_desc-framenums_fFD.txt",261
"INET106","3",2,"rest","sub-INET106_ses-3_task-rest_desc-framenums_fFD.txt","/Volumes/illinois-las-psych-gratton/iNetworks/Nifti/derivatives/preproc_fmriprep-24.1.1/sub-INET106/ses-3/func/FD_outputs/sub-INET106_ses-3_task-rest_desc-framenums_fFD.txt",248
"INET106","3",3,"rest","sub-INET106_ses-3_task-rest_desc-framenums_fFD.txt","/Volumes/illinois-las-psych-gratton/iNetworks/Nifti/derivatives/preproc_fmriprep-24.1.1/sub-INET106/ses-3/func/FD_outputs/sub-INET106_ses-3_task-rest_desc-framenums_fFD.txt",242
"INET106","3",4,"rest","sub-INET106_ses-3_task-rest_desc-framenums_fFD.txt","/Volumes/illinois-las-psych-gratton/iNetworks/Nifti/derivatives/preproc_fmriprep-24.1.1/sub-INET106/ses-3/func/FD_outputs/sub-INET106_ses-3_task-rest_desc-framenums_fFD.txt",244
"INET106","3",5,"rest","sub-INET106_ses-3_task-rest_desc-framenums_fFD.txt","/Volumes/illinois-las-psych-gratton/iNetworks/Nifti/derivatives/preproc_fmriprep-24.1.1/sub-INET106/ses-3/func/FD_outputs/sub-INET106_ses-3_task-rest_desc-framenums_fFD.txt",233
"INET106","3",6,"rest","sub-INET106_ses-3_task-rest_desc-framenums_fFD.txt","/Volumes/illinois-las-psych-gratton/iNetworks/Nifti/derivatives/preproc_fmriprep-24.1.1/sub-INET106/ses-3/func/FD_outputs/sub-INET106_ses-3_task-rest_desc-framenums_fFD.txt",219
"INET106","3",7,"rest","sub-INET106_ses-3_task-rest_desc-framenums_fFD.txt","/Volumes/illinois-las-psych-gratton/iNetworks/Nifti/derivatives/preproc_fmriprep-24.1.1/sub-INET106/ses-3/func/FD_outputs/sub-INET106_ses-3_task-rest_desc-framenums_fFD.txt",230
"INET106","4",1,"rest","sub-INET106_ses-4_task-rest_desc-framenums_fFD.txt","/Volumes/illinois-las-psych-gratton/iNetworks/Nifti/derivatives/preproc_fmriprep-24.1.1/sub-INET106/ses-4/func/FD_outputs/sub-INET106_ses-4_task-rest_desc-framenums_fFD.txt",258
"INET106","4",2,"rest","sub-INET106_ses-4_task-rest_desc-framenums_fFD.txt","/Volumes/illinois-las-psych-gratton/iNetworks/Nifti/derivatives/preproc_fmriprep-24.1.1/sub-INET106/ses-4/func/FD_outputs/sub-INET106_ses-4_task-rest_desc-framenums_fFD.txt",247
"INET106","4",3,"rest","sub-INET106_ses-4_task-rest_desc-framenums_fFD.txt","/Volumes/illinois-las-psych-gratton/iNetworks/Nifti/derivatives/preproc_fmriprep-24.1.1/sub-INET106/ses-4/func/FD_outputs/sub-INET106_ses-4_task-rest_desc-framenums_fFD.txt",248
"INET106","4",4,"rest","sub-INET106_ses-4_task-rest_desc-framenums_fFD.txt","/Volumes/illinois-las-psych-gratton/iNetworks/Nifti/derivatives/preproc_fmriprep-24.1.1/sub-INET106/ses-4/func/FD_outputs/sub-INET106_ses-4_task-rest_desc-framenums_fFD.txt",245
"INET106","4",5,"rest","sub-INET106_ses-4_task-rest_desc-framenums_fFD.txt","/Volumes/illinois-las-psych-gratton/iNetworks/Nifti/derivatives/preproc_fmriprep-24.1.1/sub-INET106/ses-4/func/FD_outputs/sub-INET106_ses-4_task-rest_desc-framenums_fFD.txt",214
"INET106","4",6,"rest","sub-INET106_ses-4_task-rest_desc-framenums_fFD.txt","/Volumes/illinois-las-psych-gratton/iNetworks/Nifti/derivatives/preproc_fmriprep-24.1.1/sub-INET106/ses-4/func/FD_outputs/sub-INET106_ses-4_task-rest_desc-framenums_fFD.txt",235
"INET106","4",7,"rest","sub-INET106_ses-4_task-rest_desc-framenums_fFD.txt","/Volumes/illinois-las-psych-gratton/iNetworks/Nifti/derivatives/preproc_fmriprep-24.1.1/sub-INET106/ses-4/func/FD_outputs/sub-INET106_ses-4_task-rest_desc-framenums_fFD.txt",232
"INET107","1",1,"rest","sub-INET107_ses-1_task-rest_desc-framenums_fFD.txt","/Volumes/illinois-las-psych-gratton/iNetworks/Nifti/derivatives/preproc_fmriprep-24.1.1/sub-INET107/ses-1/func/FD_outputs/sub-INET107_ses-1_task-rest_desc-framenums_fFD.txt",253
"INET107","1",2,"rest","sub-INET107_ses-1_task-rest_desc-framenums_fFD.txt","/Volumes/illinois-las-psych-gratton/iNetworks/Nifti/derivatives/preproc_fmriprep-24.1.1/sub-INET107/ses-1/func/FD_outputs/sub-INET107_ses-1_task-rest_desc-framenums_fFD.txt",264
"INET107","1",3,"rest","sub-INET107_ses-1_task-rest_desc-framenums_fFD.txt","/Volumes/illinois-las-psych-gratton/iNetworks/Nifti/derivatives/preproc_fmriprep-24.1.1/sub-INET107/ses-1/func/FD_outputs/sub-INET107_ses-1_task-rest_desc-framenums_fFD.txt",125
"INET107","1",4,"rest","sub-INET107_ses-1_task-rest_desc-framenums_fFD.txt","/Volumes/illinois-las-psych-gratton/iNetworks/Nifti/derivatives/preproc_fmriprep-24.1.1/sub-INET107/ses-1/func/FD_outputs/sub-INET107_ses-1_task-rest_desc-framenums_fFD.txt",263
"INET107","1",5,"rest","sub-INET107_ses-1_task-rest_desc-framenums_fFD.txt","/Volumes/illinois-las-psych-gratton/iNetworks/Nifti/derivatives/preproc_fmriprep-24.1.1/sub-INET107/ses-1/func/FD_outputs/sub-INET107_ses-1_task-rest_desc-framenums_fFD.txt",262
"INET107","1",6,"rest","sub-INET107_ses-1_task-rest_desc-framenums_fFD.txt","/Volumes/illinois-las-psych-gratton/iNetworks/Nifti/derivatives/preproc_fmriprep-24.1.1/sub-INET107/ses-1/func/FD_outputs/sub-INET107_ses-1_task-rest_desc-framenums_fFD.txt",263
"INET107","2",1,"rest","sub-INET107_ses-2_task-rest_desc-framenums_fFD.txt","/Volumes/illinois-las-psych-gratton/iNetworks/Nifti/derivatives/preproc_fmriprep-24.1.1/sub-INET107/ses-2/func/FD_outputs/sub-INET107_ses-2_task-rest_desc-framenums_fFD.txt",259
"INET107","2",2,"rest","sub-INET107_ses-2_task-rest_desc-framenums_fFD.txt","/Volumes/illinois-las-psych-gratton/iNetworks/Nifti/derivatives/preproc_fmriprep-24.1.1/sub-INET107/ses-2/func/FD_outputs/sub-INET107_ses-2_task-rest_desc-framenums_fFD.txt",265
"INET107","2",3,"rest","sub-INET107_ses-2_task-rest_desc-framenums_fFD.txt","/Volumes/illinois-las-psych-gratton/iNetworks/Nifti/derivatives/preproc_fmriprep-24.1.1/sub-INET107/ses-2/func/FD_outputs/sub-INET107_ses-2_task-rest_desc-framenums_fFD.txt",244
"INET107","2",4,"rest","sub-INET107_ses-2_task-rest_desc-framenums_fFD.txt","/Volumes/illinois-las-psych-gratton/iNetworks/Nifti/derivatives/preproc_fmriprep-24.1.1/sub-INET107/ses-2/func/FD_outputs/sub-INET107_ses-2_task-rest_desc-framenums_fFD.txt",264
"INET107","2",5,"rest","sub-INET107_ses-2_task-rest_desc-framenums_fFD.txt","/Volumes/illinois-las-psych-gratton/iNetworks/Nifti/derivatives/preproc_fmriprep-24.1.1/sub-INET107/ses-2/func/FD_outputs/sub-INET107_ses-2_task-rest_desc-framenums_fFD.txt",236
"INET107","2",6,"rest","sub-INET107_ses-2_task-rest_desc-framenums_fFD.txt","/Volumes/illinois-las-psych-gratton/iNetworks/Nifti/derivatives/preproc_fmriprep-24.1.1/sub-INET107/ses-2/func/FD_outputs/sub-INET107_ses-2_task-rest_desc-framenums_fFD.txt",236
"INET107","2",7,"rest","sub-INET107_ses-2_task-rest_desc-framenums_fFD.txt","/Volumes/illinois-las-psych-gratton/iNetworks/Nifti/derivatives/preproc_fmriprep-24.1.1/sub-INET107/ses-2/func/FD_outputs/sub-INET107_ses-2_task-rest_desc-framenums_fFD.txt",247
"INET107","3",1,"rest","sub-INET107_ses-3_task-rest_desc-framenums_fFD.txt","/Volumes/illinois-las-psych-gratton/iNetworks/Nifti/derivatives/preproc_fmriprep-24.1.1/sub-INET107/ses-3/func/FD_outputs/sub-INET107_ses-3_task-rest_desc-framenums_fFD.txt",264
"INET107","3",2,"rest","sub-INET107_ses-3_task-rest_desc-framenums_fFD.txt","/Volumes/illinois-las-psych-gratton/iNetworks/Nifti/derivatives/preproc_fmriprep-24.1.1/sub-INET107/ses-3/func/FD_outputs/sub-INET107_ses-3_task-rest_desc-framenums_fFD.txt",263
"INET107","3",3,"rest","sub-INET107_ses-3_task-rest_desc-framenums_fFD.txt","/Volumes/illinois-las-psych-gratton/iNetworks/Nifti/derivatives/preproc_fmriprep-24.1.1/sub-INET107/ses-3/func/FD_outputs/sub-INET107_ses-3_task-rest_desc-framenums_fFD.txt",233
"INET107","3",4,"rest","sub-INET107_ses-3_task-rest_desc-framenums_fFD.txt","/Volumes/illinois-las-psych-gratton/iNetworks/Nifti/derivatives/preproc_fmriprep-24.1.1/sub-INET107/ses-3/func/FD_outputs/sub-INET107_ses-3_task-rest_desc-framenums_fFD.txt",264
"INET107","3",5,"rest","sub-INET107_ses-3_task-rest_desc-framenums_fFD.txt","/Volumes/illinois-las-psych-gratton/iNetworks/Nifti/derivatives/preproc_fmriprep-24.1.1/sub-INET107/ses-3/func/FD_outputs/sub-INET107_ses-3_task-rest_desc-framenums_fFD.txt",259
"INET107","3",6,"rest","sub-INET107_ses-3_task-rest_desc-framenums_fFD.txt","/Volumes/illinois-las-psych-gratton/iNetworks/Nifti/derivatives/preproc_fmriprep-24.1.1/sub-INET107/ses-3/func/FD_outputs/sub-INET107_ses-3_task-rest_desc-framenums_fFD.txt",241
"INET107","3",7,"rest","sub-INET107_ses-3_task-rest_desc-framenums_fFD.txt","/Volumes/illinois-las-psych-gratton/iNetworks/Nifti/derivatives/preproc_fmriprep-24.1.1/sub-INET107/ses-3/func/FD_outputs/sub-INET107_ses-3_task-rest_desc-framenums_fFD.txt",259
"INET107","4",1,"rest","sub-INET107_ses-4_task-rest_desc-framenums_fFD.txt","/Volumes/illinois-las-psych-gratton/iNetworks/Nifti/derivatives/preproc_fmriprep-24.1.1/sub-INET107/ses-4/func/FD_outputs/sub-INET107_ses-4_task-rest_desc-framenums_fFD.txt",260
"INET107","4",2,"rest","sub-INET107_ses-4_task-rest_desc-framenums_fFD.txt","/Volumes/illinois-las-psych-gratton/iNetworks/Nifti/derivatives/preproc_fmriprep-24.1.1/sub-INET107/ses-4/func/FD_outputs/sub-INET107_ses-4_task-rest_desc-framenums_fFD.txt",264
"INET107","4",3,"rest","sub-INET107_ses-4_task-rest_desc-framenums_fFD.txt","/Volumes/illinois-las-psych-gratton/iNetworks/Nifti/derivatives/preproc_fmriprep-24.1.1/sub-INET107/ses-4/func/FD_outputs/sub-INET107_ses-4_task-rest_desc-framenums_fFD.txt",257
"INET107","4",4,"rest","sub-INET107_ses-4_task-rest_desc-framenums_fFD.txt","/Volumes/illinois-las-psych-gratton/iNetworks/Nifti/derivatives/preproc_fmriprep-24.1.1/sub-INET107/ses-4/func/FD_outputs/sub-INET107_ses-4_task-rest_desc-framenums_fFD.txt",256
"INET107","4",5,"rest","sub-INET107_ses-4_task-rest_desc-framenums_fFD.txt","/Volumes/illinois-las-psych-gratton/iNetworks/Nifti/derivatives/preproc_fmriprep-24.1.1/sub-INET107/ses-4/func/FD_outputs/sub-INET107_ses-4_task-rest_desc-framenums_fFD.txt",199
"INET107","4",6,"rest","sub-INET107_ses-4_task-rest_desc-framenums_fFD.txt","/Volumes/illinois-las-psych-gratton/iNetworks/Nifti/derivatives/preproc_fmriprep-24.1.1/sub-INET107/ses-4/func/FD_outputs/sub-INET107_ses-4_task-rest_desc-framenums_fFD.txt",218
"INET107","4",7,"rest","sub-INET107_ses-4_task-rest_desc-framenums_fFD.txt","/Volumes/illinois-las-psych-gratton/iNetworks/Nifti/derivatives/preproc_fmriprep-24.1.1/sub-INET107/ses-4/func/FD_outputs/sub-INET107_ses-4_task-rest_desc-framenums_fFD.txt",214
"INET108","1",1,"rest","sub-INET108_ses-1_task-rest_desc-framenums_fFD.txt","/Volumes/illinois-las-psych-gratton/iNetworks/Nifti/derivatives/preproc_fmriprep-24.1.1/sub-INET108/ses-1/func/FD_outputs/sub-INET108_ses-1_task-rest_desc-framenums_fFD.txt",260
"INET108","1",2,"rest","sub-INET108_ses-1_task-rest_desc-framenums_fFD.txt","/Volumes/illinois-las-psych-gratton/iNetworks/Nifti/derivatives/preproc_fmriprep-24.1.1/sub-INET108/ses-1/func/FD_outputs/sub-INET108_ses-1_task-rest_desc-framenums_fFD.txt",265
"INET108","1",3,"rest","sub-INET108_ses-1_task-rest_desc-framenums_fFD.txt","/Volumes/illinois-las-psych-gratton/iNetworks/Nifti/derivatives/preproc_fmriprep-24.1.1/sub-INET108/ses-1/func/FD_outputs/sub-INET108_ses-1_task-rest_desc-framenums_fFD.txt",256
"INET108","1",4,"rest","sub-INET108_ses-1_task-rest_desc-framenums_fFD.txt","/Volumes/illinois-las-psych-gratton/iNetworks/Nifti/derivatives/preproc_fmriprep-24.1.1/sub-INET108/ses-1/func/FD_outputs/sub-INET108_ses-1_task-rest_desc-framenums_fFD.txt",263
"INET108","1",5,"rest","sub-INET108_ses-1_task-rest_desc-framenums_fFD.txt","/Volumes/illinois-las-psych-gratton/iNetworks/Nifti/derivatives/preproc_fmriprep-24.1.1/sub-INET108/ses-1/func/FD_outputs/sub-INET108_ses-1_task-rest_desc-framenums_fFD.txt",254
"INET108","1",6,"rest","sub-INET108_ses-1_task-rest_desc-framenums_fFD.txt","/Volumes/illinois-las-psych-gratton/iNetworks/Nifti/derivatives/preproc_fmriprep-24.1.1/sub-INET108/ses-1/func/FD_outputs/sub-INET108_ses-1_task-rest_desc-framenums_fFD.txt",263
"INET108","1",7,"rest","sub-INET108_ses-1_task-rest_desc-framenums_fFD.txt","/Volumes/illinois-las-psych-gratton/iNetworks/Nifti/derivatives/preproc_fmriprep-24.1.1/sub-INET108/ses-1/func/FD_outputs/sub-INET108_ses-1_task-rest_desc-framenums_fFD.txt",256
"INET108","2",1,"rest","sub-INET108_ses-2_task-rest_desc-framenums_fFD.txt","/Volumes/illinois-las-psych-gratton/iNetworks/Nifti/derivatives/preproc_fmriprep-24.1.1/sub-INET108/ses-2/func/FD_outputs/sub-INET108_ses-2_task-rest_desc-framenums_fFD.txt",199
"INET108","2",2,"rest","sub-INET108_ses-2_task-rest_desc-framenums_fFD.txt","/Volumes/illinois-las-psych-gratton/iNetworks/Nifti/derivatives/preproc_fmriprep-24.1.1/sub-INET108/ses-2/func/FD_outputs/sub-INET108_ses-2_task-rest_desc-framenums_fFD.txt",242
"INET108","2",3,"rest","sub-INET108_ses-2_task-rest_desc-framenums_fFD.txt","/Volumes/illinois-las-psych-gratton/iNetworks/Nifti/derivatives/preproc_fmriprep-24.1.1/sub-INET108/ses-2/func/FD_outputs/sub-INET108_ses-2_task-rest_desc-framenums_fFD.txt",234
"INET108","2",4,"rest","sub-INET108_ses-2_task-rest_desc-framenums_fFD.txt","/Volumes/illinois-las-psych-gratton/iNetworks/Nifti/derivatives/preproc_fmriprep-24.1.1/sub-INET108/ses-2/func/FD_outputs/sub-INET108_ses-2_task-rest_desc-framenums_fFD.txt",264
"INET108","2",5,"rest","sub-INET108_ses-2_task-rest_desc-framenums_fFD.txt","/Volumes/illinois-las-psych-gratton/iNetworks/Nifti/derivatives/preproc_fmriprep-24.1.1/sub-INET108/ses-2/func/FD_outputs/sub-INET108_ses-2_task-rest_desc-framenums_fFD.txt",202
"INET108","2",6,"rest","sub-INET108_ses-2_task-rest_desc-framenums_fFD.txt","/Volumes/illinois-las-psych-gratton/iNetworks/Nifti/derivatives/preproc_fmriprep-24.1.1/sub-INET108/ses-2/func/FD_outputs/sub-INET108_ses-2_task-rest_desc-framenums_fFD.txt",236
"INET108","2",7,"rest","sub-INET108_ses-2_task-rest_desc-framenums_fFD.txt","/Volumes/illinois-las-psych-gratton/iNetworks/Nifti/derivatives/preproc_fmriprep-24.1.1/sub-INET108/ses-2/func/FD_outputs/sub-INET108_ses-2_task-rest_desc-framenums_fFD.txt",248
"INET108","3",1,"rest","sub-INET108_ses-3_task-rest_desc-framenums_fFD.txt","/Volumes/illinois-las-psych-gratton/iNetworks/Nifti/derivatives/preproc_fmriprep-24.1.1/sub-INET108/ses-3/func/FD_outputs/sub-INET108_ses-3_task-rest_desc-framenums_fFD.txt",235
"INET108","3",2,"rest","sub-INET108_ses-3_task-rest_desc-framenums_fFD.txt","/Volumes/illinois-las-psych-gratton/iNetworks/Nifti/derivatives/preproc_fmriprep-24.1.1/sub-INET108/ses-3/func/FD_outputs/sub-INET108_ses-3_task-rest_desc-framenums_fFD.txt",198
"INET108","3",3,"rest","sub-INET108_ses-3_task-rest_desc-framenums_fFD.txt","/Volumes/illinois-las-psych-gratton/iNetworks/Nifti/derivatives/preproc_fmriprep-24.1.1/sub-INET108/ses-3/func/FD_outputs/sub-INET108_ses-3_task-rest_desc-framenums_fFD.txt",254
"INET108","3",4,"rest","sub-INET108_ses-3_task-rest_desc-framenums_fFD.txt","/Volumes/illinois-las-psych-gratton/iNetworks/Nifti/derivatives/preproc_fmriprep-24.1.1/sub-INET108/ses-3/func/FD_outputs/sub-INET108_ses-3_task-rest_desc-framenums_fFD.txt",243
"INET108","3",5,"rest","sub-INET108_ses-3_task-rest_desc-framenums_fFD.txt","/Volumes/illinois-las-psych-gratton/iNetworks/Nifti/derivatives/preproc_fmriprep-24.1.1/sub-INET108/ses-3/func/FD_outputs/sub-INET108_ses-3_task-rest_desc-framenums_fFD.txt",241
"INET108","3",6,"rest","sub-INET108_ses-3_task-rest_desc-framenums_fFD.txt","/Volumes/illinois-las-psych-gratton/iNetworks/Nifti/derivatives/preproc_fmriprep-24.1.1/sub-INET108/ses-3/func/FD_outputs/sub-INET108_ses-3_task-rest_desc-framenums_fFD.txt",219
"INET108","3",7,"rest","sub-INET108_ses-3_task-rest_desc-framenums_fFD.txt","/Volumes/illinois-las-psych-gratton/iNetworks/Nifti/derivatives/preproc_fmriprep-24.1.1/sub-INET108/ses-3/func/FD_outputs/sub-INET108_ses-3_task-rest_desc-framenums_fFD.txt",153
"INET108","4",1,"rest","sub-INET108_ses-4_task-rest_desc-framenums_fFD.txt","/Volumes/illinois-las-psych-gratton/iNetworks/Nifti/derivatives/preproc_fmriprep-24.1.1/sub-INET108/ses-4/func/FD_outputs/sub-INET108_ses-4_task-rest_desc-framenums_fFD.txt",216
"INET108","4",2,"rest","sub-INET108_ses-4_task-rest_desc-framenums_fFD.txt","/Volumes/illinois-las-psych-gratton/iNetworks/Nifti/derivatives/preproc_fmriprep-24.1.1/sub-INET108/ses-4/func/FD_outputs/sub-INET108_ses-4_task-rest_desc-framenums_fFD.txt",264
"INET108","4",3,"rest","sub-INET108_ses-4_task-rest_desc-framenums_fFD.txt","/Volumes/illinois-las-psych-gratton/iNetworks/Nifti/derivatives/preproc_fmriprep-24.1.1/sub-INET108/ses-4/func/FD_outputs/sub-INET108_ses-4_task-rest_desc-framenums_fFD.txt",252
"INET108","4",4,"rest","sub-INET108_ses-4_task-rest_desc-framenums_fFD.txt","/Volumes/illinois-las-psych-gratton/iNetworks/Nifti/derivatives/preproc_fmriprep-24.1.1/sub-INET108/ses-4/func/FD_outputs/sub-INET108_ses-4_task-rest_desc-framenums_fFD.txt",253
"INET108","4",5,"rest","sub-INET108_ses-4_task-rest_desc-framenums_fFD.txt","/Volumes/illinois-las-psych-gratton/iNetworks/Nifti/derivatives/preproc_fmriprep-24.1.1/sub-INET108/ses-4/func/FD_outputs/sub-INET108_ses-4_task-rest_desc-framenums_fFD.txt",265
"INET108","4",6,"rest","sub-INET108_ses-4_task-rest_desc-framenums_fFD.txt","/Volumes/illinois-las-psych-gratton/iNetworks/Nifti/derivatives/preproc_fmriprep-24.1.1/sub-INET108/ses-4/func/FD_outputs/sub-INET108_ses-4_task-rest_desc-framenums_fFD.txt",232
"INET108","4",7,"rest","sub-INET108_ses-4_task-rest_desc-framenums_fFD.txt","/Volumes/illinois-las-psych-gratton/iNetworks/Nifti/derivatives/preproc_fmriprep-24.1.1/sub-INET108/ses-4/func/FD_outputs/sub-INET108_ses-4_task-rest_desc-framenums_fFD.txt",231
"INET108","4",8,"rest","sub-INET108_ses-4_task-rest_desc-framenums_fFD.txt","/Volumes/illinois-las-psych-gratton/iNetworks/Nifti/derivatives/preproc_fmriprep-24.1.1/sub-INET108/ses-4/func/FD_outputs/sub-INET108_ses-4_task-rest_desc-framenums_fFD.txt",256
"INET109","1",1,"rest","sub-INET109_ses-1_task-rest_desc-framenums_fFD.txt","/Volumes/illinois-las-psych-gratton/iNetworks/Nifti/derivatives/preproc_fmriprep-24.1.1/sub-INET109/ses-1/func/FD_outputs/sub-INET109_ses-1_task-rest_desc-framenums_fFD.txt",261
"INET109","1",2,"rest","sub-INET109_ses-1_task-rest_desc-framenums_fFD.txt","/Volumes/illinois-las-psych-gratton/iNetworks/Nifti/derivatives/preproc_fmriprep-24.1.1/sub-INET109/ses-1/func/FD_outputs/sub-INET109_ses-1_task-rest_desc-framenums_fFD.txt",263
"INET109","1",3,"rest","sub-INET109_ses-1_task-rest_desc-framenums_fFD.txt","/Volumes/illinois-las-psych-gratton/iNetworks/Nifti/derivatives/preproc_fmriprep-24.1.1/sub-INET109/ses-1/func/FD_outputs/sub-INET109_ses-1_task-rest_desc-framenums_fFD.txt",237
"INET109","1",4,"rest","sub-INET109_ses-1_task-rest_desc-framenums_fFD.txt","/Volumes/illinois-las-psych-gratton/iNetworks/Nifti/derivatives/preproc_fmriprep-24.1.1/sub-INET109/ses-1/func/FD_outputs/sub-INET109_ses-1_task-rest_desc-framenums_fFD.txt",217
"INET109","1",5,"rest","sub-INET109_ses-1_task-rest_desc-framenums_fFD.txt","/Volumes/illinois-las-psych-gratton/iNetworks/Nifti/derivatives/preproc_fmriprep-24.1.1/sub-INET109/ses-1/func/FD_outputs/sub-INET109_ses-1_task-rest_desc-framenums_fFD.txt",232
"INET109","1",6,"rest","sub-INET109_ses-1_task-rest_desc-framenums_fFD.txt","/Volumes/illinois-las-psych-gratton/iNetworks/Nifti/derivatives/preproc_fmriprep-24.1.1/sub-INET109/ses-1/func/FD_outputs/sub-INET109_ses-1_task-rest_desc-framenums_fFD.txt",213
"INET109","1",7,"rest","sub-INET109_ses-1_task-rest_desc-framenums_fFD.txt","/Volumes/illinois-las-psych-gratton/iNetworks/Nifti/derivatives/preproc_fmriprep-24.1.1/sub-INET109/ses-1/func/FD_outputs/sub-INET109_ses-1_task-rest_desc-framenums_fFD.txt",198
"INET109","1",8,"rest","sub-INET109_ses-1_task-rest_desc-framenums_fFD.txt","/Volumes/illinois-las-psych-gratton/iNetworks/Nifti/derivatives/preproc_fmriprep-24.1.1/sub-INET109/ses-1/func/FD_outputs/sub-INET109_ses-1_task-rest_desc-framenums_fFD.txt",250
"INET109","2",1,"rest","sub-INET109_ses-2_task-rest_desc-framenums_fFD.txt","/Volumes/illinois-las-psych-gratton/iNetworks/Nifti/derivatives/preproc_fmriprep-24.1.1/sub-INET109/ses-2/func/FD_outputs/sub-INET109_ses-2_task-rest_desc-framenums_fFD.txt",259
"INET109","2",2,"rest","sub-INET109_ses-2_task-rest_desc-framenums_fFD.txt","/Volumes/illinois-las-psych-gratton/iNetworks/Nifti/derivatives/preproc_fmriprep-24.1.1/sub-INET109/ses-2/func/FD_outputs/sub-INET109_ses-2_task-rest_desc-framenums_fFD.txt",264
"INET109","2",3,"rest","sub-INET109_ses-2_task-rest_desc-framenums_fFD.txt","/Volumes/illinois-las-psych-gratton/iNetworks/Nifti/derivatives/preproc_fmriprep-24.1.1/sub-INET109/ses-2/func/FD_outputs/sub-INET109_ses-2_task-rest_desc-framenums_fFD.txt",229
"INET109","2",4,"rest","sub-INET109_ses-2_task-rest_desc-framenums_fFD.txt","/Volumes/illinois-las-psych-gratton/iNetworks/Nifti/derivatives/preproc_fmriprep-24.1.1/sub-INET109/ses-2/func/FD_outputs/sub-INET109_ses-2_task-rest_desc-framenums_fFD.txt",245
"INET109","2",5,"rest","sub-INET109_ses-2_task-rest_desc-framenums_fFD.txt","/Volumes/illinois-las-psych-gratton/iNetworks/Nifti/derivatives/preproc_fmriprep-24.1.1/sub-INET109/ses-2/func/FD_outputs/sub-INET109_ses-2_task-rest_desc-framenums_fFD.txt",239
"INET109","2",6,"rest","sub-INET109_ses-2_task-rest_desc-framenums_fFD.txt","/Volumes/illinois-las-psych-gratton/iNetworks/Nifti/derivatives/preproc_fmriprep-24.1.1/sub-INET109/ses-2/func/FD_outputs/sub-INET109_ses-2_task-rest_desc-framenums_fFD.txt",243
"INET109","2",7,"rest","sub-INET109_ses-2_task-rest_desc-framenums_fFD.txt","/Volumes/illinois-las-psych-gratton/iNetworks/Nifti/derivatives/preproc_fmriprep-24.1.1/sub-INET109/ses-2/func/FD_outputs/sub-INET109_ses-2_task-rest_desc-framenums_fFD.txt",214
"INET109","2",8,"rest","sub-INET109_ses-2_task-rest_desc-framenums_fFD.txt","/Volumes/illinois-las-psych-gratton/iNetworks/Nifti/derivatives/preproc_fmriprep-24.1.1/sub-INET109/ses-2/func/FD_outputs/sub-INET109_ses-2_task-rest_desc-framenums_fFD.txt",183
"INET109","3",1,"rest","sub-INET109_ses-3_task-rest_desc-framenums_fFD.txt","/Volumes/illinois-las-psych-gratton/iNetworks/Nifti/derivatives/preproc_fmriprep-24.1.1/sub-INET109/ses-3/func/FD_outputs/sub-INET109_ses-3_task-rest_desc-framenums_fFD.txt",244
"INET109","3",2,"rest","sub-INET109_ses-3_task-rest_desc-framenums_fFD.txt","/Volumes/illinois-las-psych-gratton/iNetworks/Nifti/derivatives/preproc_fmriprep-24.1.1/sub-INET109/ses-3/func/FD_outputs/sub-INET109_ses-3_task-rest_desc-framenums_fFD.txt",254
"INET109","3",3,"rest","sub-INET109_ses-3_task-rest_desc-framenums_fFD.txt","/Volumes/illinois-las-psych-gratton/iNetworks/Nifti/derivatives/preproc_fmriprep-24.1.1/sub-INET109/ses-3/func/FD_outputs/sub-INET109_ses-3_task-rest_desc-framenums_fFD.txt",240
"INET109","3",4,"rest","sub-INET109_ses-3_task-rest_desc-framenums_fFD.txt","/Volumes/illinois-las-psych-gratton/iNetworks/Nifti/derivatives/preproc_fmriprep-24.1.1/sub-INET109/ses-3/func/FD_outputs/sub-INET109_ses-3_task-rest_desc-framenums_fFD.txt",237
"INET109","3",5,"rest","sub-INET109_ses-3_task-rest_desc-framenums_fFD.txt","/Volumes/illinois-las-psych-gratton/iNetworks/Nifti/derivatives/preproc_fmriprep-24.1.1/sub-INET109/ses-3/func/FD_outputs/sub-INET109_ses-3_task-rest_desc-framenums_fFD.txt",264
"INET109","3",6,"rest","sub-INET109_ses-3_task-rest_desc-framenums_fFD.txt","/Volumes/illinois-las-psych-gratton/iNetworks/Nifti/derivatives/preproc_fmriprep-24.1.1/sub-INET109/ses-3/func/FD_outputs/sub-INET109_ses-3_task-rest_desc-framenums_fFD.txt",253
"INET109","3",7,"rest","sub-INET109_ses-3_task-rest_desc-framenums_fFD.txt","/Volumes/illinois-las-psych-gratton/iNetworks/Nifti/derivatives/preproc_fmriprep-24.1.1/sub-INET109/ses-3/func/FD_outputs/sub-INET109_ses-3_task-rest_desc-framenums_fFD.txt",236
"INET109","3",8,"rest","sub-INET109_ses-3_task-rest_desc-framenums_fFD.txt","/Volumes/illinois-las-psych-gratton/iNetworks/Nifti/derivatives/preproc_fmriprep-24.1.1/sub-INET109/ses-3/func/FD_outputs/sub-INET109_ses-3_task-rest_desc-framenums_fFD.txt",249
"INET109","4",1,"rest","sub-INET109_ses-4_task-rest_desc-framenums_fFD.txt","/Volumes/illinois-las-psych-gratton/iNetworks/Nifti/derivatives/preproc_fmriprep-24.1.1/sub-INET109/ses-4/func/FD_outputs/sub-INET109_ses-4_task-rest_desc-framenums_fFD.txt",261
"INET109","4",2,"rest","sub-INET109_ses-4_task-rest_desc-framenums_fFD.txt","/Volumes/illinois-las-psych-gratton/iNetworks/Nifti/derivatives/preproc_fmriprep-24.1.1/sub-INET109/ses-4/func/FD_outputs/sub-INET109_ses-4_task-rest_desc-framenums_fFD.txt",251
"INET109","4",3,"rest","sub-INET109_ses-4_task-rest_desc-framenums_fFD.txt","/Volumes/illinois-las-psych-gratton/iNetworks/Nifti/derivatives/preproc_fmriprep-24.1.1/sub-INET109/ses-4/func/FD_outputs/sub-INET109_ses-4_task-rest_desc-framenums_fFD.txt",210
"INET109","4",4,"rest","sub-INET109_ses-4_task-rest_desc-framenums_fFD.txt","/Volumes/illinois-las-psych-gratton/iNetworks/Nifti/derivatives/preproc_fmriprep-24.1.1/sub-INET109/ses-4/func/FD_outputs/sub-INET109_ses-4_task-rest_desc-framenums_fFD.txt",251
"INET109","4",5,"rest","sub-INET109_ses-4_task-rest_desc-framenums_fFD.txt","/Volumes/illinois-las-psych-gratton/iNetworks/Nifti/derivatives/preproc_fmriprep-24.1.1/sub-INET109/ses-4/func/FD_outputs/sub-INET109_ses-4_task-rest_desc-framenums_fFD.txt",156
"INET109","4",6,"rest","sub-INET109_ses-4_task-rest_desc-framenums_fFD.txt","/Volumes/illinois-las-psych-gratton/iNetworks/Nifti/derivatives/preproc_fmriprep-24.1.1/sub-INET109/ses-4/func/FD_outputs/sub-INET109_ses-4_task-rest_desc-framenums_fFD.txt",158
"INET109","4",7,"rest","sub-INET109_ses-4_task-rest_desc-framenums_fFD.txt","/Volumes/illinois-las-psych-gratton/iNetworks/Nifti/derivatives/preproc_fmriprep-24.1.1/sub-INET109/ses-4/func/FD_outputs/sub-INET109_ses-4_task-rest_desc-framenums_fFD.txt",143
"INET109","4",8,"rest","sub-INET109_ses-4_task-rest_desc-framenums_fFD.txt","/Volumes/illinois-las-psych-gratton/iNetworks/Nifti/derivatives/preproc_fmriprep-24.1.1/sub-INET109/ses-4/func/FD_outputs/sub-INET109_ses-4_task-rest_desc-framenums_fFD.txt",201
"INET110","1",1,"rest","sub-INET110_ses-1_task-rest_desc-framenums_fFD.txt","/Volumes/illinois-las-psych-gratton/iNetworks/Nifti/derivatives/preproc_fmriprep-24.1.1/sub-INET110/ses-1/func/FD_outputs/sub-INET110_ses-1_task-rest_desc-framenums_fFD.txt",262
"INET110","1",2,"rest","sub-INET110_ses-1_task-rest_desc-framenums_fFD.txt","/Volumes/illinois-las-psych-gratton/iNetworks/Nifti/derivatives/preproc_fmriprep-24.1.1/sub-INET110/ses-1/func/FD_outputs/sub-INET110_ses-1_task-rest_desc-framenums_fFD.txt",253
"INET110","1",3,"rest","sub-INET110_ses-1_task-rest_desc-framenums_fFD.txt","/Volumes/illinois-las-psych-gratton/iNetworks/Nifti/derivatives/preproc_fmriprep-24.1.1/sub-INET110/ses-1/func/FD_outputs/sub-INET110_ses-1_task-rest_desc-framenums_fFD.txt",241
"INET110","1",4,"rest","sub-INET110_ses-1_task-rest_desc-framenums_fFD.txt","/Volumes/illinois-las-psych-gratton/iNetworks/Nifti/derivatives/preproc_fmriprep-24.1.1/sub-INET110/ses-1/func/FD_outputs/sub-INET110_ses-1_task-rest_desc-framenums_fFD.txt",264
"INET110","1",5,"rest","sub-INET110_ses-1_task-rest_desc-framenums_fFD.txt","/Volumes/illinois-las-psych-gratton/iNetworks/Nifti/derivatives/preproc_fmriprep-24.1.1/sub-INET110/ses-1/func/FD_outputs/sub-INET110_ses-1_task-rest_desc-framenums_fFD.txt",228
"INET110","1",6,"rest","sub-INET110_ses-1_task-rest_desc-framenums_fFD.txt","/Volumes/illinois-las-psych-gratton/iNetworks/Nifti/derivatives/preproc_fmriprep-24.1.1/sub-INET110/ses-1/func/FD_outputs/sub-INET110_ses-1_task-rest_desc-framenums_fFD.txt",264
"INET110","1",7,"rest","sub-INET110_ses-1_task-rest_desc-framenums_fFD.txt","/Volumes/illinois-las-psych-gratton/iNetworks/Nifti/derivatives/preproc_fmriprep-24.1.1/sub-INET110/ses-1/func/FD_outputs/sub-INET110_ses-1_task-rest_desc-framenums_fFD.txt",251
"INET110","2",1,"rest","sub-INET110_ses-2_task-rest_desc-framenums_fFD.txt","/Volumes/illinois-las-psych-gratton/iNetworks/Nifti/derivatives/preproc_fmriprep-24.1.1/sub-INET110/ses-2/func/FD_outputs/sub-INET110_ses-2_task-rest_desc-framenums_fFD.txt",264
"INET110","2",2,"rest","sub-INET110_ses-2_task-rest_desc-framenums_fFD.txt","/Volumes/illinois-las-psych-gratton/iNetworks/Nifti/derivatives/preproc_fmriprep-24.1.1/sub-INET110/ses-2/func/FD_outputs/sub-INET110_ses-2_task-rest_desc-framenums_fFD.txt",261
"INET110","2",3,"rest","sub-INET110_ses-2_task-rest_desc-framenums_fFD.txt","/Volumes/illinois-las-psych-gratton/iNetworks/Nifti/derivatives/preproc_fmriprep-24.1.1/sub-INET110/ses-2/func/FD_outputs/sub-INET110_ses-2_task-rest_desc-framenums_fFD.txt",260
"INET110","2",4,"rest","sub-INET110_ses-2_task-rest_desc-framenums_fFD.txt","/Volumes/illinois-las-psych-gratton/iNetworks/Nifti/derivatives/preproc_fmriprep-24.1.1/sub-INET110/ses-2/func/FD_outputs/sub-INET110_ses-2_task-rest_desc-framenums_fFD.txt",254
"INET110","2",5,"rest","sub-INET110_ses-2_task-rest_desc-framenums_fFD.txt","/Volumes/illinois-las-psych-gratton/iNetworks/Nifti/derivatives/preproc_fmriprep-24.1.1/sub-INET110/ses-2/func/FD_outputs/sub-INET110_ses-2_task-rest_desc-framenums_fFD.txt",195
"INET110","2",6,"rest","sub-INET110_ses-2_task-rest_desc-framenums_fFD.txt","/Volumes/illinois-las-psych-gratton/iNetworks/Nifti/derivatives/preproc_fmriprep-24.1.1/sub-INET110/ses-2/func/FD_outputs/sub-INET110_ses-2_task-rest_desc-framenums_fFD.txt",224
"INET110","2",7,"rest","sub-INET110_ses-2_task-rest_desc-framenums_fFD.txt","/Volumes/illinois-las-psych-gratton/iNetworks/Nifti/derivatives/preproc_fmriprep-24.1.1/sub-INET110/ses-2/func/FD_outputs/sub-INET110_ses-2_task-rest_desc-framenums_fFD.txt",185
"INET110","2",8,"rest","sub-INET110_ses-2_task-rest_desc-framenums_fFD.txt","/Volumes/illinois-las-psych-gratton/iNetworks/Nifti/derivatives/preproc_fmriprep-24.1.1/sub-INET110/ses-2/func/FD_outputs/sub-INET110_ses-2_task-rest_desc-framenums_fFD.txt",200
"INET110","3",1,"rest","sub-INET110_ses-3_task-rest_desc-framenums_fFD.txt","/Volumes/illinois-las-psych-gratton/iNetworks/Nifti/derivatives/preproc_fmriprep-24.1.1/sub-INET110/ses-3/func/FD_outputs/sub-INET110_ses-3_task-rest_desc-framenums_fFD.txt",261
"INET110","3",2,"rest","sub-INET110_ses-3_task-rest_desc-framenums_fFD.txt","/Volumes/illinois-las-psych-gratton/iNetworks/Nifti/derivatives/preproc_fmriprep-24.1.1/sub-INET110/ses-3/func/FD_outputs/sub-INET110_ses-3_task-rest_desc-framenums_fFD.txt",258
"INET110","3",3,"rest","sub-INET110_ses-3_task-rest_desc-framenums_fFD.txt","/Volumes/illinois-las-psych-gratton/iNetworks/Nifti/derivatives/preproc_fmriprep-24.1.1/sub-INET110/ses-3/func/FD_outputs/sub-INET110_ses-3_task-rest_desc-framenums_fFD.txt",252
"INET110","3",4,"rest","sub-INET110_ses-3_task-rest_desc-framenums_fFD.txt","/Volumes/illinois-las-psych-gratton/iNetworks/Nifti/derivatives/preproc_fmriprep-24.1.1/sub-INET110/ses-3/func/FD_outputs/sub-INET110_ses-3_task-rest_desc-framenums_fFD.txt",253
"INET110","3",5,"rest","sub-INET110_ses-3_task-rest_desc-framenums_fFD.txt","/Volumes/illinois-las-psych-gratton/iNetworks/Nifti/derivatives/preproc_fmriprep-24.1.1/sub-INET110/ses-3/func/FD_outputs/sub-INET110_ses-3_task-rest_desc-framenums_fFD.txt",219
"INET110","3",6,"rest","sub-INET110_ses-3_task-rest_desc-framenums_fFD.txt","/Volumes/illinois-las-psych-gratton/iNetworks/Nifti/derivatives/preproc_fmriprep-24.1.1/sub-INET110/ses-3/func/FD_outputs/sub-INET110_ses-3_task-rest_desc-framenums_fFD.txt",253
"INET110","3",7,"rest","sub-INET110_ses-3_task-rest_desc-framenums_fFD.txt","/Volumes/illinois-las-psych-gratton/iNetworks/Nifti/derivatives/preproc_fmriprep-24.1.1/sub-INET110/ses-3/func/FD_outputs/sub-INET110_ses-3_task-rest_desc-framenums_fFD.txt",175
"INET110","4",1,"rest","sub-INET110_ses-4_task-rest_desc-framenums_fFD.txt","/Volumes/illinois-las-psych-gratton/iNetworks/Nifti/derivatives/preproc_fmriprep-24.1.1/sub-INET110/ses-4/func/FD_outputs/sub-INET110_ses-4_task-rest_desc-framenums_fFD.txt",256
"INET110","4",2,"rest","sub-INET110_ses-4_task-rest_desc-framenums_fFD.txt","/Volumes/illinois-las-psych-gratton/iNetworks/Nifti/derivatives/preproc_fmriprep-24.1.1/sub-INET110/ses-4/func/FD_outputs/sub-INET110_ses-4_task-rest_desc-framenums_fFD.txt",264
"INET110","4",3,"rest","sub-INET110_ses-4_task-rest_desc-framenums_fFD.txt","/Volumes/illinois-las-psych-gratton/iNetworks/Nifti/derivatives/preproc_fmriprep-24.1.1/sub-INET110/ses-4/func/FD_outputs/sub-INET110_ses-4_task-rest_desc-framenums_fFD.txt",253
"INET110","4",4,"rest","sub-INET110_ses-4_task-rest_desc-framenums_fFD.txt","/Volumes/illinois-las-psych-gratton/iNetworks/Nifti/derivatives/preproc_fmriprep-24.1.1/sub-INET110/ses-4/func/FD_outputs/sub-INET110_ses-4_task-rest_desc-framenums_fFD.txt",260
"INET110","4",5,"rest","sub-INET110_ses-4_task-rest_desc-framenums_fFD.txt","/Volumes/illinois-las-psych-gratton/iNetworks/Nifti/derivatives/preproc_fmriprep-24.1.1/sub-INET110/ses-4/func/FD_outputs/sub-INET110_ses-4_task-rest_desc-framenums_fFD.txt",248
"INET110","4",6,"rest","sub-INET110_ses-4_task-rest_desc-framenums_fFD.txt","/Volumes/illinois-las-psych-gratton/iNetworks/Nifti/derivatives/preproc_fmriprep-24.1.1/sub-INET110/ses-4/func/FD_outputs/sub-INET110_ses-4_task-rest_desc-framenums_fFD.txt",254
"INET110","4",7,"rest","sub-INET110_ses-4_task-rest_desc-framenums_fFD.txt","/Volumes/illinois-las-psych-gratton/iNetworks/Nifti/derivatives/preproc_fmriprep-24.1.1/sub-INET110/ses-4/func/FD_outputs/sub-INET110_ses-4_task-rest_desc-framenums_fFD.txt",250
"INET111","1",1,"rest","sub-INET111_ses-1_task-rest_desc-framenums_fFD.txt","/Volumes/illinois-las-psych-gratton/iNetworks/Nifti/derivatives/preproc_fmriprep-24.1.1/sub-INET111/ses-1/func/FD_outputs/sub-INET111_ses-1_task-rest_desc-framenums_fFD.txt",230
"INET111","1",2,"rest","sub-INET111_ses-1_task-rest_desc-framenums_fFD.txt","/Volumes/illinois-las-psych-gratton/iNetworks/Nifti/derivatives/preproc_fmriprep-24.1.1/sub-INET111/ses-1/func/FD_outputs/sub-INET111_ses-1_task-rest_desc-framenums_fFD.txt",201
"INET111","1",3,"rest","sub-INET111_ses-1_task-rest_desc-framenums_fFD.txt","/Volumes/illinois-las-psych-gratton/iNetworks/Nifti/derivatives/preproc_fmriprep-24.1.1/sub-INET111/ses-1/func/FD_outputs/sub-INET111_ses-1_task-rest_desc-framenums_fFD.txt",207
"INET111","1",4,"rest","sub-INET111_ses-1_task-rest_desc-framenums_fFD.txt","/Volumes/illinois-las-psych-gratton/iNetworks/Nifti/derivatives/preproc_fmriprep-24.1.1/sub-INET111/ses-1/func/FD_outputs/sub-INET111_ses-1_task-rest_desc-framenums_fFD.txt",237
"INET111","1",5,"rest","sub-INET111_ses-1_task-rest_desc-framenums_fFD.txt","/Volumes/illinois-las-psych-gratton/iNetworks/Nifti/derivatives/preproc_fmriprep-24.1.1/sub-INET111/ses-1/func/FD_outputs/sub-INET111_ses-1_task-rest_desc-framenums_fFD.txt",254
"INET111","1",6,"rest","sub-INET111_ses-1_task-rest_desc-framenums_fFD.txt","/Volumes/illinois-las-psych-gratton/iNetworks/Nifti/derivatives/preproc_fmriprep-24.1.1/sub-INET111/ses-1/func/FD_outputs/sub-INET111_ses-1_task-rest_desc-framenums_fFD.txt",260
"INET111","1",7,"rest","sub-INET111_ses-1_task-rest_desc-framenums_fFD.txt","/Volumes/illinois-las-psych-gratton/iNetworks/Nifti/derivatives/preproc_fmriprep-24.1.1/sub-INET111/ses-1/func/FD_outputs/sub-INET111_ses-1_task-rest_desc-framenums_fFD.txt",236
"INET111","2",1,"rest","sub-INET111_ses-2_task-rest_desc-framenums_fFD.txt","/Volumes/illinois-las-psych-gratton/iNetworks/Nifti/derivatives/preproc_fmriprep-24.1.1/sub-INET111/ses-2/func/FD_outputs/sub-INET111_ses-2_task-rest_desc-framenums_fFD.txt",263
"INET111","2",2,"rest","sub-INET111_ses-2_task-rest_desc-framenums_fFD.txt","/Volumes/illinois-las-psych-gratton/iNetworks/Nifti/derivatives/preproc_fmriprep-24.1.1/sub-INET111/ses-2/func/FD_outputs/sub-INET111_ses-2_task-rest_desc-framenums_fFD.txt",254
"INET111","2",3,"rest","sub-INET111_ses-2_task-rest_desc-framenums_fFD.txt","/Volumes/illinois-las-psych-gratton/iNetworks/Nifti/derivatives/preproc_fmriprep-24.1.1/sub-INET111/ses-2/func/FD_outputs/sub-INET111_ses-2_task-rest_desc-framenums_fFD.txt",236
"INET111","2",4,"rest","sub-INET111_ses-2_task-rest_desc-framenums_fFD.txt","/Volumes/illinois-las-psych-gratton/iNetworks/Nifti/derivatives/preproc_fmriprep-24.1.1/sub-INET111/ses-2/func/FD_outputs/sub-INET111_ses-2_task-rest_desc-framenums_fFD.txt",261
"INET111","2",5,"rest","sub-INET111_ses-2_task-rest_desc-framenums_fFD.txt","/Volumes/illinois-las-psych-gratton/iNetworks/Nifti/derivatives/preproc_fmriprep-24.1.1/sub-INET111/ses-2/func/FD_outputs/sub-INET111_ses-2_task-rest_desc-framenums_fFD.txt",244
"INET111","2",6,"rest","sub-INET111_ses-2_task-rest_desc-framenums_fFD.txt","/Volumes/illinois-las-psych-gratton/iNetworks/Nifti/derivatives/preproc_fmriprep-24.1.1/sub-INET111/ses-2/func/FD_outputs/sub-INET111_ses-2_task-rest_desc-framenums_fFD.txt",263
"INET111","2",7,"rest","sub-INET111_ses-2_task-rest_desc-framenums_fFD.txt","/Volumes/illinois-las-psych-gratton/iNetworks/Nifti/derivatives/preproc_fmriprep-24.1.1/sub-INET111/ses-2/func/FD_outputs/sub-INET111_ses-2_task-rest_desc-framenums_fFD.txt",252
"INET111","2",8,"rest","sub-INET111_ses-2_task-rest_desc-framenums_fFD.txt","/Volumes/illinois-las-psych-gratton/iNetworks/Nifti/derivatives/preproc_fmriprep-24.1.1/sub-INET111/ses-2/func/FD_outputs/sub-INET111_ses-2_task-rest_desc-framenums_fFD.txt",231
"INET111","3",1,"rest","sub-INET111_ses-3_task-rest_desc-framenums_fFD.txt","/Volumes/illinois-las-psych-gratton/iNetworks/Nifti/derivatives/preproc_fmriprep-24.1.1/sub-INET111/ses-3/func/FD_outputs/sub-INET111_ses-3_task-rest_desc-framenums_fFD.txt",252
"INET111","3",2,"rest","sub-INET111_ses-3_task-rest_desc-framenums_fFD.txt","/Volumes/illinois-las-psych-gratton/iNetworks/Nifti/derivatives/preproc_fmriprep-24.1.1/sub-INET111/ses-3/func/FD_outputs/sub-INET111_ses-3_task-rest_desc-framenums_fFD.txt",176
"INET111","3",3,"rest","sub-INET111_ses-3_task-rest_desc-framenums_fFD.txt","/Volumes/illinois-las-psych-gratton/iNetworks/Nifti/derivatives/preproc_fmriprep-24.1.1/sub-INET111/ses-3/func/FD_outputs/sub-INET111_ses-3_task-rest_desc-framenums_fFD.txt",202
"INET111","3",4,"rest","sub-INET111_ses-3_task-rest_desc-framenums_fFD.txt","/Volumes/illinois-las-psych-gratton/iNetworks/Nifti/derivatives/preproc_fmriprep-24.1.1/sub-INET111/ses-3/func/FD_outputs/sub-INET111_ses-3_task-rest_desc-framenums_fFD.txt",233
"INET111","3",5,"rest","sub-INET111_ses-3_task-rest_desc-framenums_fFD.txt","/Volumes/illinois-las-psych-gratton/iNetworks/Nifti/derivatives/preproc_fmriprep-24.1.1/sub-INET111/ses-3/func/FD_outputs/sub-INET111_ses-3_task-rest_desc-framenums_fFD.txt",213
"INET111","3",6,"rest","sub-INET111_ses-3_task-rest_desc-framenums_fFD.txt","/Volumes/illinois-las-psych-gratton/iNetworks/Nifti/derivatives/preproc_fmriprep-24.1.1/sub-INET111/ses-3/func/FD_outputs/sub-INET111_ses-3_task-rest_desc-framenums_fFD.txt",233
"INET111","3",7,"rest","sub-INET111_ses-3_task-rest_desc-framenums_fFD.txt","/Volumes/illinois-las-psych-gratton/iNetworks/Nifti/derivatives/preproc_fmriprep-24.1.1/sub-INET111/ses-3/func/FD_outputs/sub-INET111_ses-3_task-rest_desc-framenums_fFD.txt",229
"INET111","4",1,"rest","sub-INET111_ses-4_task-rest_desc-framenums_fFD.txt","/Volumes/illinois-las-psych-gratton/iNetworks/Nifti/derivatives/preproc_fmriprep-24.1.1/sub-INET111/ses-4/func/FD_outputs/sub-INET111_ses-4_task-rest_desc-framenums_fFD.txt",264
"INET111","4",2,"rest","sub-INET111_ses-4_task-rest_desc-framenums_fFD.txt","/Volumes/illinois-las-psych-gratton/iNetworks/Nifti/derivatives/preproc_fmriprep-24.1.1/sub-INET111/ses-4/func/FD_outputs/sub-INET111_ses-4_task-rest_desc-framenums_fFD.txt",246
"INET111","4",3,"rest","sub-INET111_ses-4_task-rest_desc-framenums_fFD.txt","/Volumes/illinois-las-psych-gratton/iNetworks/Nifti/derivatives/preproc_fmriprep-24.1.1/sub-INET111/ses-4/func/FD_outputs/sub-INET111_ses-4_task-rest_desc-framenums_fFD.txt",190
"INET111","4",4,"rest","sub-INET111_ses-4_task-rest_desc-framenums_fFD.txt","/Volumes/illinois-las-psych-gratton/iNetworks/Nifti/derivatives/preproc_fmriprep-24.1.1/sub-INET111/ses-4/func/FD_outputs/sub-INET111_ses-4_task-rest_desc-framenums_fFD.txt",239
"INET111","4",5,"rest","sub-INET111_ses-4_task-rest_desc-framenums_fFD.txt","/Volumes/illinois-las-psych-gratton/iNetworks/Nifti/derivatives/preproc_fmriprep-24.1.1/sub-INET111/ses-4/func/FD_outputs/sub-INET111_ses-4_task-rest_desc-framenums_fFD.txt",181
"INET111","4",6,"rest","sub-INET111_ses-4_task-rest_desc-framenums_fFD.txt","/Volumes/illinois-las-psych-gratton/iNetworks/Nifti/derivatives/preproc_fmriprep-24.1.1/sub-INET111/ses-4/func/FD_outputs/sub-INET111_ses-4_task-rest_desc-framenums_fFD.txt",248
"INET111","4",7,"rest","sub-INET111_ses-4_task-rest_desc-framenums_fFD.txt","/Volumes/illinois-las-psych-gratton/iNetworks/Nifti/derivatives/preproc_fmriprep-24.1.1/sub-INET111/ses-4/func/FD_outputs/sub-INET111_ses-4_task-rest_desc-framenums_fFD.txt",225
"INET112","1",1,"rest","sub-INET112_ses-1_task-rest_desc-framenums_fFD.txt","/Volumes/illinois-las-psych-gratton/iNetworks/Nifti/derivatives/preproc_fmriprep-24.1.1/sub-INET112/ses-1/func/FD_outputs/sub-INET112_ses-1_task-rest_desc-framenums_fFD.txt",249
"INET112","1",2,"rest","sub-INET112_ses-1_task-rest_desc-framenums_fFD.txt","/Volumes/illinois-las-psych-gratton/iNetworks/Nifti/derivatives/preproc_fmriprep-24.1.1/sub-INET112/ses-1/func/FD_outputs/sub-INET112_ses-1_task-rest_desc-framenums_fFD.txt",244
"INET112","1",3,"rest","sub-INET112_ses-1_task-rest_desc-framenums_fFD.txt","/Volumes/illinois-las-psych-gratton/iNetworks/Nifti/derivatives/preproc_fmriprep-24.1.1/sub-INET112/ses-1/func/FD_outputs/sub-INET112_ses-1_task-rest_desc-framenums_fFD.txt",258
"INET112","1",4,"rest","sub-INET112_ses-1_task-rest_desc-framenums_fFD.txt","/Volumes/illinois-las-psych-gratton/iNetworks/Nifti/derivatives/preproc_fmriprep-24.1.1/sub-INET112/ses-1/func/FD_outputs/sub-INET112_ses-1_task-rest_desc-framenums_fFD.txt",252
"INET112","1",5,"rest","sub-INET112_ses-1_task-rest_desc-framenums_fFD.txt","/Volumes/illinois-las-psych-gratton/iNetworks/Nifti/derivatives/preproc_fmriprep-24.1.1/sub-INET112/ses-1/func/FD_outputs/sub-INET112_ses-1_task-rest_desc-framenums_fFD.txt",193
"INET112","1",6,"rest","sub-INET112_ses-1_task-rest_desc-framenums_fFD.txt","/Volumes/illinois-las-psych-gratton/iNetworks/Nifti/derivatives/preproc_fmriprep-24.1.1/sub-INET112/ses-1/func/FD_outputs/sub-INET112_ses-1_task-rest_desc-framenums_fFD.txt",264
"INET112","1",7,"rest","sub-INET112_ses-1_task-rest_desc-framenums_fFD.txt","/Volumes/illinois-las-psych-gratton/iNetworks/Nifti/derivatives/preproc_fmriprep-24.1.1/sub-INET112/ses-1/func/FD_outputs/sub-INET112_ses-1_task-rest_desc-framenums_fFD.txt",258
"INET112","1",8,"rest","sub-INET112_ses-1_task-rest_desc-framenums_fFD.txt","/Volumes/illinois-las-psych-gratton/iNetworks/Nifti/derivatives/preproc_fmriprep-24.1.1/sub-INET112/ses-1/func/FD_outputs/sub-INET112_ses-1_task-rest_desc-framenums_fFD.txt",242
"INET112","2",1,"rest","sub-INET112_ses-2_task-rest_desc-framenums_fFD.txt","/Volumes/illinois-las-psych-gratton/iNetworks/Nifti/derivatives/preproc_fmriprep-24.1.1/sub-INET112/ses-2/func/FD_outputs/sub-INET112_ses-2_task-rest_desc-framenums_fFD.txt",264
"INET112","2",2,"rest","sub-INET112_ses-2_task-rest_desc-framenums_fFD.txt","/Volumes/illinois-las-psych-gratton/iNetworks/Nifti/derivatives/preproc_fmriprep-24.1.1/sub-INET112/ses-2/func/FD_outputs/sub-INET112_ses-2_task-rest_desc-framenums_fFD.txt",253
"INET112","2",3,"rest","sub-INET112_ses-2_task-rest_desc-framenums_fFD.txt","/Volumes/illinois-las-psych-gratton/iNetworks/Nifti/derivatives/preproc_fmriprep-24.1.1/sub-INET112/ses-2/func/FD_outputs/sub-INET112_ses-2_task-rest_desc-framenums_fFD.txt",241
"INET112","2",4,"rest","sub-INET112_ses-2_task-rest_desc-framenums_fFD.txt","/Volumes/illinois-las-psych-gratton/iNetworks/Nifti/derivatives/preproc_fmriprep-24.1.1/sub-INET112/ses-2/func/FD_outputs/sub-INET112_ses-2_task-rest_desc-framenums_fFD.txt",239
"INET112","2",5,"rest","sub-INET112_ses-2_task-rest_desc-framenums_fFD.txt","/Volumes/illinois-las-psych-gratton/iNetworks/Nifti/derivatives/preproc_fmriprep-24.1.1/sub-INET112/ses-2/func/FD_outputs/sub-INET112_ses-2_task-rest_desc-framenums_fFD.txt",244
"INET112","2",6,"rest","sub-INET112_ses-2_task-rest_desc-framenums_fFD.txt","/Volumes/illinois-las-psych-gratton/iNetworks/Nifti/derivatives/preproc_fmriprep-24.1.1/sub-INET112/ses-2/func/FD_outputs/sub-INET112_ses-2_task-rest_desc-framenums_fFD.txt",254
"INET112","2",7,"rest","sub-INET112_ses-2_task-rest_desc-framenums_fFD.txt","/Volumes/illinois-las-psych-gratton/iNetworks/Nifti/derivatives/preproc_fmriprep-24.1.1/sub-INET112/ses-2/func/FD_outputs/sub-INET112_ses-2_task-rest_desc-framenums_fFD.txt",248
"INET112","3",1,"rest","sub-INET112_ses-3_task-rest_desc-framenums_fFD.txt","/Volumes/illinois-las-psych-gratton/iNetworks/Nifti/derivatives/preproc_fmriprep-24.1.1/sub-INET112/ses-3/func/FD_outputs/sub-INET112_ses-3_task-rest_desc-framenums_fFD.txt",214
"INET112","3",2,"rest","sub-INET112_ses-3_task-rest_desc-framenums_fFD.txt","/Volumes/illinois-las-psych-gratton/iNetworks/Nifti/derivatives/preproc_fmriprep-24.1.1/sub-INET112/ses-3/func/FD_outputs/sub-INET112_ses-3_task-rest_desc-framenums_fFD.txt",259
"INET112","3",3,"rest","sub-INET112_ses-3_task-rest_desc-framenums_fFD.txt","/Volumes/illinois-las-psych-gratton/iNetworks/Nifti/derivatives/preproc_fmriprep-24.1.1/sub-INET112/ses-3/func/FD_outputs/sub-INET112_ses-3_task-rest_desc-framenums_fFD.txt",249
"INET112","3",4,"rest","sub-INET112_ses-3_task-rest_desc-framenums_fFD.txt","/Volumes/illinois-las-psych-gratton/iNetworks/Nifti/derivatives/preproc_fmriprep-24.1.1/sub-INET112/ses-3/func/FD_outputs/sub-INET112_ses-3_task-rest_desc-framenums_fFD.txt",263
"INET112","3",5,"rest","sub-INET112_ses-3_task-rest_desc-framenums_fFD.txt","/Volumes/illinois-las-psych-gratton/iNetworks/Nifti/derivatives/preproc_fmriprep-24.1.1/sub-INET112/ses-3/func/FD_outputs/sub-INET112_ses-3_task-rest_desc-framenums_fFD.txt",247
"INET112","3",6,"rest","sub-INET112_ses-3_task-rest_desc-framenums_fFD.txt","/Volumes/illinois-las-psych-gratton/iNetworks/Nifti/derivatives/preproc_fmriprep-24.1.1/sub-INET112/ses-3/func/FD_outputs/sub-INET112_ses-3_task-rest_desc-framenums_fFD.txt",258
"INET112","3",7,"rest","sub-INET112_ses-3_task-rest_desc-framenums_fFD.txt","/Volumes/illinois-las-psych-gratton/iNetworks/Nifti/derivatives/preproc_fmriprep-24.1.1/sub-INET112/ses-3/func/FD_outputs/sub-INET112_ses-3_task-rest_desc-framenums_fFD.txt",264
"INET112","4",1,"rest","sub-INET112_ses-4_task-rest_desc-framenums_fFD.txt","/Volumes/illinois-las-psych-gratton/iNetworks/Nifti/derivatives/preproc_fmriprep-24.1.1/sub-INET112/ses-4/func/FD_outputs/sub-INET112_ses-4_task-rest_desc-framenums_fFD.txt",263
"INET112","4",2,"rest","sub-INET112_ses-4_task-rest_desc-framenums_fFD.txt","/Volumes/illinois-las-psych-gratton/iNetworks/Nifti/derivatives/preproc_fmriprep-24.1.1/sub-INET112/ses-4/func/FD_outputs/sub-INET112_ses-4_task-rest_desc-framenums_fFD.txt",265
"INET112","4",3,"rest","sub-INET112_ses-4_task-rest_desc-framenums_fFD.txt","/Volumes/illinois-las-psych-gratton/iNetworks/Nifti/derivatives/preproc_fmriprep-24.1.1/sub-INET112/ses-4/func/FD_outputs/sub-INET112_ses-4_task-rest_desc-framenums_fFD.txt",253
"INET112","4",4,"rest","sub-INET112_ses-4_task-rest_desc-framenums_fFD.txt","/Volumes/illinois-las-psych-gratton/iNetworks/Nifti/derivatives/preproc_fmriprep-24.1.1/sub-INET112/ses-4/func/FD_outputs/sub-INET112_ses-4_task-rest_desc-framenums_fFD.txt",255
"INET112","4",5,"rest","sub-INET112_ses-4_task-rest_desc-framenums_fFD.txt","/Volumes/illinois-las-psych-gratton/iNetworks/Nifti/derivatives/preproc_fmriprep-24.1.1/sub-INET112/ses-4/func/FD_outputs/sub-INET112_ses-4_task-rest_desc-framenums_fFD.txt",250
"INET112","4",6,"rest","sub-INET112_ses-4_task-rest_desc-framenums_fFD.txt","/Volumes/illinois-las-psych-gratton/iNetworks/Nifti/derivatives/preproc_fmriprep-24.1.1/sub-INET112/ses-4/func/FD_outputs/sub-INET112_ses-4_task-rest_desc-framenums_fFD.txt",245
"INET112","4",7,"rest","sub-INET112_ses-4_task-rest_desc-framenums_fFD.txt","/Volumes/illinois-las-psych-gratton/iNetworks/Nifti/derivatives/preproc_fmriprep-24.1.1/sub-INET112/ses-4/func/FD_outputs/sub-INET112_ses-4_task-rest_desc-framenums_fFD.txt",255
"INET112","4",8,"rest","sub-INET112_ses-4_task-rest_desc-framenums_fFD.txt","/Volumes/illinois-las-psych-gratton/iNetworks/Nifti/derivatives/preproc_fmriprep-24.1.1/sub-INET112/ses-4/func/FD_outputs/sub-INET112_ses-4_task-rest_desc-framenums_fFD.txt",263
"INET114","1",1,"rest","sub-INET114_ses-1_task-rest_desc-framenums_fFD.txt","/Volumes/illinois-las-psych-gratton/iNetworks/Nifti/derivatives/preproc_fmriprep-24.1.1/sub-INET114/ses-1/func/FD_outputs/sub-INET114_ses-1_task-rest_desc-framenums_fFD.txt",229
"INET114","1",2,"rest","sub-INET114_ses-1_task-rest_desc-framenums_fFD.txt","/Volumes/illinois-las-psych-gratton/iNetworks/Nifti/derivatives/preproc_fmriprep-24.1.1/sub-INET114/ses-1/func/FD_outputs/sub-INET114_ses-1_task-rest_desc-framenums_fFD.txt",248
"INET114","1",3,"rest","sub-INET114_ses-1_task-rest_desc-framenums_fFD.txt","/Volumes/illinois-las-psych-gratton/iNetworks/Nifti/derivatives/preproc_fmriprep-24.1.1/sub-INET114/ses-1/func/FD_outputs/sub-INET114_ses-1_task-rest_desc-framenums_fFD.txt",182
"INET114","1",4,"rest","sub-INET114_ses-1_task-rest_desc-framenums_fFD.txt","/Volumes/illinois-las-psych-gratton/iNetworks/Nifti/derivatives/preproc_fmriprep-24.1.1/sub-INET114/ses-1/func/FD_outputs/sub-INET114_ses-1_task-rest_desc-framenums_fFD.txt",201
"INET114","1",5,"rest","sub-INET114_ses-1_task-rest_desc-framenums_fFD.txt","/Volumes/illinois-las-psych-gratton/iNetworks/Nifti/derivatives/preproc_fmriprep-24.1.1/sub-INET114/ses-1/func/FD_outputs/sub-INET114_ses-1_task-rest_desc-framenums_fFD.txt",136
"INET114","1",6,"rest","sub-INET114_ses-1_task-rest_desc-framenums_fFD.txt","/Volumes/illinois-las-psych-gratton/iNetworks/Nifti/derivatives/preproc_fmriprep-24.1.1/sub-INET114/ses-1/func/FD_outputs/sub-INET114_ses-1_task-rest_desc-framenums_fFD.txt",133
"INET114","1",7,"rest","sub-INET114_ses-1_task-rest_desc-framenums_fFD.txt","/Volumes/illinois-las-psych-gratton/iNetworks/Nifti/derivatives/preproc_fmriprep-24.1.1/sub-INET114/ses-1/func/FD_outputs/sub-INET114_ses-1_task-rest_desc-framenums_fFD.txt",14
"INET114","2",1,"rest","sub-INET114_ses-2_task-rest_desc-framenums_fFD.txt","/Volumes/illinois-las-psych-gratton/iNetworks/Nifti/derivatives/preproc_fmriprep-24.1.1/sub-INET114/ses-2/func/FD_outputs/sub-INET114_ses-2_task-rest_desc-framenums_fFD.txt",183
"INET114","2",2,"rest","sub-INET114_ses-2_task-rest_desc-framenums_fFD.txt","/Volumes/illinois-las-psych-gratton/iNetworks/Nifti/derivatives/preproc_fmriprep-24.1.1/sub-INET114/ses-2/func/FD_outputs/sub-INET114_ses-2_task-rest_desc-framenums_fFD.txt",150
"INET114","2",3,"rest","sub-INET114_ses-2_task-rest_desc-framenums_fFD.txt","/Volumes/illinois-las-psych-gratton/iNetworks/Nifti/derivatives/preproc_fmriprep-24.1.1/sub-INET114/ses-2/func/FD_outputs/sub-INET114_ses-2_task-rest_desc-framenums_fFD.txt",84
"INET114","2",4,"rest","sub-INET114_ses-2_task-rest_desc-framenums_fFD.txt","/Volumes/illinois-las-psych-gratton/iNetworks/Nifti/derivatives/preproc_fmriprep-24.1.1/sub-INET114/ses-2/func/FD_outputs/sub-INET114_ses-2_task-rest_desc-framenums_fFD.txt",185
"INET114","2",5,"rest","sub-INET114_ses-2_task-rest_desc-framenums_fFD.txt","/Volumes/illinois-las-psych-gratton/iNetworks/Nifti/derivatives/preproc_fmriprep-24.1.1/sub-INET114/ses-2/func/FD_outputs/sub-INET114_ses-2_task-rest_desc-framenums_fFD.txt",160
"INET114","2",6,"rest","sub-INET114_ses-2_task-rest_desc-framenums_fFD.txt","/Volumes/illinois-las-psych-gratton/iNetworks/Nifti/derivatives/preproc_fmriprep-24.1.1/sub-INET114/ses-2/func/FD_outputs/sub-INET114_ses-2_task-rest_desc-framenums_fFD.txt",117
"INET114","2",7,"rest","sub-INET114_ses-2_task-rest_desc-framenums_fFD.txt","/Volumes/illinois-las-psych-gratton/iNetworks/Nifti/derivatives/preproc_fmriprep-24.1.1/sub-INET114/ses-2/func/FD_outputs/sub-INET114_ses-2_task-rest_desc-framenums_fFD.txt",187
"INET114","3",1,"rest","sub-INET114_ses-3_task-rest_desc-framenums_fFD.txt","/Volumes/illinois-las-psych-gratton/iNetworks/Nifti/derivatives/preproc_fmriprep-24.1.1/sub-INET114/ses-3/func/FD_outputs/sub-INET114_ses-3_task-rest_desc-framenums_fFD.txt",227
"INET114","3",2,"rest","sub-INET114_ses-3_task-rest_desc-framenums_fFD.txt","/Volumes/illinois-las-psych-gratton/iNetworks/Nifti/derivatives/preproc_fmriprep-24.1.1/sub-INET114/ses-3/func/FD_outputs/sub-INET114_ses-3_task-rest_desc-framenums_fFD.txt",256
"INET114","3",3,"rest","sub-INET114_ses-3_task-rest_desc-framenums_fFD.txt","/Volumes/illinois-las-psych-gratton/iNetworks/Nifti/derivatives/preproc_fmriprep-24.1.1/sub-INET114/ses-3/func/FD_outputs/sub-INET114_ses-3_task-rest_desc-framenums_fFD.txt",183
"INET114","3",4,"rest","sub-INET114_ses-3_task-rest_desc-framenums_fFD.txt","/Volumes/illinois-las-psych-gratton/iNetworks/Nifti/derivatives/preproc_fmriprep-24.1.1/sub-INET114/ses-3/func/FD_outputs/sub-INET114_ses-3_task-rest_desc-framenums_fFD.txt",205
"INET114","3",5,"rest","sub-INET114_ses-3_task-rest_desc-framenums_fFD.txt","/Volumes/illinois-las-psych-gratton/iNetworks/Nifti/derivatives/preproc_fmriprep-24.1.1/sub-INET114/ses-3/func/FD_outputs/sub-INET114_ses-3_task-rest_desc-framenums_fFD.txt",149
"INET114","3",6,"rest","sub-INET114_ses-3_task-rest_desc-framenums_fFD.txt","/Volumes/illinois-las-psych-gratton/iNetworks/Nifti/derivatives/preproc_fmriprep-24.1.1/sub-INET114/ses-3/func/FD_outputs/sub-INET114_ses-3_task-rest_desc-framenums_fFD.txt",69
"INET114","3",7,"rest","sub-INET114_ses-3_task-rest_desc-framenums_fFD.txt","/Volumes/illinois-las-psych-gratton/iNetworks/Nifti/derivatives/preproc_fmriprep-24.1.1/sub-INET114/ses-3/func/FD_outputs/sub-INET114_ses-3_task-rest_desc-framenums_fFD.txt",211
"INET114","4",1,"rest","sub-INET114_ses-4_task-rest_desc-framenums_fFD.txt","/Volumes/illinois-las-psych-gratton/iNetworks/Nifti/derivatives/preproc_fmriprep-24.1.1/sub-INET114/ses-4/func/FD_outputs/sub-INET114_ses-4_task-rest_desc-framenums_fFD.txt",193
"INET114","4",2,"rest","sub-INET114_ses-4_task-rest_desc-framenums_fFD.txt","/Volumes/illinois-las-psych-gratton/iNetworks/Nifti/derivatives/preproc_fmriprep-24.1.1/sub-INET114/ses-4/func/FD_outputs/sub-INET114_ses-4_task-rest_desc-framenums_fFD.txt",223
"INET114","4",3,"rest","sub-INET114_ses-4_task-rest_desc-framenums_fFD.txt","/Volumes/illinois-las-psych-gratton/iNetworks/Nifti/derivatives/preproc_fmriprep-24.1.1/sub-INET114/ses-4/func/FD_outputs/sub-INET114_ses-4_task-rest_desc-framenums_fFD.txt",156
"INET114","4",4,"rest","sub-INET114_ses-4_task-rest_desc-framenums_fFD.txt","/Volumes/illinois-las-psych-gratton/iNetworks/Nifti/derivatives/preproc_fmriprep-24.1.1/sub-INET114/ses-4/func/FD_outputs/sub-INET114_ses-4_task-rest_desc-framenums_fFD.txt",228
"INET114","4",5,"rest","sub-INET114_ses-4_task-rest_desc-framenums_fFD.txt","/Volumes/illinois-las-psych-gratton/iNetworks/Nifti/derivatives/preproc_fmriprep-24.1.1/sub-INET114/ses-4/func/FD_outputs/sub-INET114_ses-4_task-rest_desc-framenums_fFD.txt",176
"INET114","4",6,"rest","sub-INET114_ses-4_task-rest_desc-framenums_fFD.txt","/Volumes/illinois-las-psych-gratton/iNetworks/Nifti/derivatives/preproc_fmriprep-24.1.1/sub-INET114/ses-4/func/FD_outputs/sub-INET114_ses-4_task-rest_desc-framenums_fFD.txt",225
"INET114","4",7,"rest","sub-INET114_ses-4_task-rest_desc-framenums_fFD.txt","/Volumes/illinois-las-psych-gratton/iNetworks/Nifti/derivatives/preproc_fmriprep-24.1.1/sub-INET114/ses-4/func/FD_outputs/sub-INET114_ses-4_task-rest_desc-framenums_fFD.txt",197
"INET114","4",8,"rest","sub-INET114_ses-4_task-rest_desc-framenums_fFD.txt","/Volumes/illinois-las-psych-gratton/iNetworks/Nifti/derivatives/preproc_fmriprep-24.1.1/sub-INET114/ses-4/func/FD_outputs/sub-INET114_ses-4_task-rest_desc-framenums_fFD.txt",211
"INET115","1",1,"rest","sub-INET115_ses-1_task-rest_desc-framenums_fFD.txt","/Volumes/illinois-las-psych-gratton/iNetworks/Nifti/derivatives/preproc_fmriprep-24.1.1/sub-INET115/ses-1/func/FD_outputs/sub-INET115_ses-1_task-rest_desc-framenums_fFD.txt",235
"INET115","1",2,"rest","sub-INET115_ses-1_task-rest_desc-framenums_fFD.txt","/Volumes/illinois-las-psych-gratton/iNetworks/Nifti/derivatives/preproc_fmriprep-24.1.1/sub-INET115/ses-1/func/FD_outputs/sub-INET115_ses-1_task-rest_desc-framenums_fFD.txt",250
"INET115","1",3,"rest","sub-INET115_ses-1_task-rest_desc-framenums_fFD.txt","/Volumes/illinois-las-psych-gratton/iNetworks/Nifti/derivatives/preproc_fmriprep-24.1.1/sub-INET115/ses-1/func/FD_outputs/sub-INET115_ses-1_task-rest_desc-framenums_fFD.txt",221
"INET115","1",4,"rest","sub-INET115_ses-1_task-rest_desc-framenums_fFD.txt","/Volumes/illinois-las-psych-gratton/iNetworks/Nifti/derivatives/preproc_fmriprep-24.1.1/sub-INET115/ses-1/func/FD_outputs/sub-INET115_ses-1_task-rest_desc-framenums_fFD.txt",215
"INET115","1",5,"rest","sub-INET115_ses-1_task-rest_desc-framenums_fFD.txt","/Volumes/illinois-las-psych-gratton/iNetworks/Nifti/derivatives/preproc_fmriprep-24.1.1/sub-INET115/ses-1/func/FD_outputs/sub-INET115_ses-1_task-rest_desc-framenums_fFD.txt",259
"INET115","1",6,"rest","sub-INET115_ses-1_task-rest_desc-framenums_fFD.txt","/Volumes/illinois-las-psych-gratton/iNetworks/Nifti/derivatives/preproc_fmriprep-24.1.1/sub-INET115/ses-1/func/FD_outputs/sub-INET115_ses-1_task-rest_desc-framenums_fFD.txt",256
"INET115","1",7,"rest","sub-INET115_ses-1_task-rest_desc-framenums_fFD.txt","/Volumes/illinois-las-psych-gratton/iNetworks/Nifti/derivatives/preproc_fmriprep-24.1.1/sub-INET115/ses-1/func/FD_outputs/sub-INET115_ses-1_task-rest_desc-framenums_fFD.txt",256
"INET115","1",8,"rest","sub-INET115_ses-1_task-rest_desc-framenums_fFD.txt","/Volumes/illinois-las-psych-gratton/iNetworks/Nifti/derivatives/preproc_fmriprep-24.1.1/sub-INET115/ses-1/func/FD_outputs/sub-INET115_ses-1_task-rest_desc-framenums_fFD.txt",259
"INET115","2",1,"rest","sub-INET115_ses-2_task-rest_desc-framenums_fFD.txt","/Volumes/illinois-las-psych-gratton/iNetworks/Nifti/derivatives/preproc_fmriprep-24.1.1/sub-INET115/ses-2/func/FD_outputs/sub-INET115_ses-2_task-rest_desc-framenums_fFD.txt",262
"INET115","2",2,"rest","sub-INET115_ses-2_task-rest_desc-framenums_fFD.txt","/Volumes/illinois-las-psych-gratton/iNetworks/Nifti/derivatives/preproc_fmriprep-24.1.1/sub-INET115/ses-2/func/FD_outputs/sub-INET115_ses-2_task-rest_desc-framenums_fFD.txt",263
"INET115","2",3,"rest","sub-INET115_ses-2_task-rest_desc-framenums_fFD.txt","/Volumes/illinois-las-psych-gratton/iNetworks/Nifti/derivatives/preproc_fmriprep-24.1.1/sub-INET115/ses-2/func/FD_outputs/sub-INET115_ses-2_task-rest_desc-framenums_fFD.txt",263
"INET115","2",4,"rest","sub-INET115_ses-2_task-rest_desc-framenums_fFD.txt","/Volumes/illinois-las-psych-gratton/iNetworks/Nifti/derivatives/preproc_fmriprep-24.1.1/sub-INET115/ses-2/func/FD_outputs/sub-INET115_ses-2_task-rest_desc-framenums_fFD.txt",262
"INET115","2",5,"rest","sub-INET115_ses-2_task-rest_desc-framenums_fFD.txt","/Volumes/illinois-las-psych-gratton/iNetworks/Nifti/derivatives/preproc_fmriprep-24.1.1/sub-INET115/ses-2/func/FD_outputs/sub-INET115_ses-2_task-rest_desc-framenums_fFD.txt",261
"INET115","2",6,"rest","sub-INET115_ses-2_task-rest_desc-framenums_fFD.txt","/Volumes/illinois-las-psych-gratton/iNetworks/Nifti/derivatives/preproc_fmriprep-24.1.1/sub-INET115/ses-2/func/FD_outputs/sub-INET115_ses-2_task-rest_desc-framenums_fFD.txt",263
"INET115","2",7,"rest","sub-INET115_ses-2_task-rest_desc-framenums_fFD.txt","/Volumes/illinois-las-psych-gratton/iNetworks/Nifti/derivatives/preproc_fmriprep-24.1.1/sub-INET115/ses-2/func/FD_outputs/sub-INET115_ses-2_task-rest_desc-framenums_fFD.txt",263
"INET115","3",1,"rest","sub-INET115_ses-3_task-rest_desc-framenums_fFD.txt","/Volumes/illinois-las-psych-gratton/iNetworks/Nifti/derivatives/preproc_fmriprep-24.1.1/sub-INET115/ses-3/func/FD_outputs/sub-INET115_ses-3_task-rest_desc-framenums_fFD.txt",261
"INET115","3",2,"rest","sub-INET115_ses-3_task-rest_desc-framenums_fFD.txt","/Volumes/illinois-las-psych-gratton/iNetworks/Nifti/derivatives/preproc_fmriprep-24.1.1/sub-INET115/ses-3/func/FD_outputs/sub-INET115_ses-3_task-rest_desc-framenums_fFD.txt",262
"INET115","3",3,"rest","sub-INET115_ses-3_task-rest_desc-framenums_fFD.txt","/Volumes/illinois-las-psych-gratton/iNetworks/Nifti/derivatives/preproc_fmriprep-24.1.1/sub-INET115/ses-3/func/FD_outputs/sub-INET115_ses-3_task-rest_desc-framenums_fFD.txt",263
"INET115","3",4,"rest","sub-INET115_ses-3_task-rest_desc-framenums_fFD.txt","/Volumes/illinois-las-psych-gratton/iNetworks/Nifti/derivatives/preproc_fmriprep-24.1.1/sub-INET115/ses-3/func/FD_outputs/sub-INET115_ses-3_task-rest_desc-framenums_fFD.txt",264
"INET115","3",5,"rest","sub-INET115_ses-3_task-rest_desc-framenums_fFD.txt","/Volumes/illinois-las-psych-gratton/iNetworks/Nifti/derivatives/preproc_fmriprep-24.1.1/sub-INET115/ses-3/func/FD_outputs/sub-INET115_ses-3_task-rest_desc-framenums_fFD.txt",264
"INET115","3",6,"rest","sub-INET115_ses-3_task-rest_desc-framenums_fFD.txt","/Volumes/illinois-las-psych-gratton/iNetworks/Nifti/derivatives/preproc_fmriprep-24.1.1/sub-INET115/ses-3/func/FD_outputs/sub-INET115_ses-3_task-rest_desc-framenums_fFD.txt",263
"INET115","3",7,"rest","sub-INET115_ses-3_task-rest_desc-framenums_fFD.txt","/Volumes/illinois-las-psych-gratton/iNetworks/Nifti/derivatives/preproc_fmriprep-24.1.1/sub-INET115/ses-3/func/FD_outputs/sub-INET115_ses-3_task-rest_desc-framenums_fFD.txt",264
"INET115","3",8,"rest","sub-INET115_ses-3_task-rest_desc-framenums_fFD.txt","/Volumes/illinois-las-psych-gratton/iNetworks/Nifti/derivatives/preproc_fmriprep-24.1.1/sub-INET115/ses-3/func/FD_outputs/sub-INET115_ses-3_task-rest_desc-framenums_fFD.txt",264
"INET115","4",1,"rest","sub-INET115_ses-4_task-rest_desc-framenums_fFD.txt","/Volumes/illinois-las-psych-gratton/iNetworks/Nifti/derivatives/preproc_fmriprep-24.1.1/sub-INET115/ses-4/func/FD_outputs/sub-INET115_ses-4_task-rest_desc-framenums_fFD.txt",255
"INET115","4",2,"rest","sub-INET115_ses-4_task-rest_desc-framenums_fFD.txt","/Volumes/illinois-las-psych-gratton/iNetworks/Nifti/derivatives/preproc_fmriprep-24.1.1/sub-INET115/ses-4/func/FD_outputs/sub-INET115_ses-4_task-rest_desc-framenums_fFD.txt",257
"INET115","4",3,"rest","sub-INET115_ses-4_task-rest_desc-framenums_fFD.txt","/Volumes/illinois-las-psych-gratton/iNetworks/Nifti/derivatives/preproc_fmriprep-24.1.1/sub-INET115/ses-4/func/FD_outputs/sub-INET115_ses-4_task-rest_desc-framenums_fFD.txt",263
"INET115","4",4,"rest","sub-INET115_ses-4_task-rest_desc-framenums_fFD.txt","/Volumes/illinois-las-psych-gratton/iNetworks/Nifti/derivatives/preproc_fmriprep-24.1.1/sub-INET115/ses-4/func/FD_outputs/sub-INET115_ses-4_task-rest_desc-framenums_fFD.txt",260
"INET115","4",5,"rest","sub-INET115_ses-4_task-rest_desc-framenums_fFD.txt","/Volumes/illinois-las-psych-gratton/iNetworks/Nifti/derivatives/preproc_fmriprep-24.1.1/sub-INET115/ses-4/func/FD_outputs/sub-INET115_ses-4_task-rest_desc-framenums_fFD.txt",263
"INET115","4",6,"rest","sub-INET115_ses-4_task-rest_desc-framenums_fFD.txt","/Volumes/illinois-las-psych-gratton/iNetworks/Nifti/derivatives/preproc_fmriprep-24.1.1/sub-INET115/ses-4/func/FD_outputs/sub-INET115_ses-4_task-rest_desc-framenums_fFD.txt",258
"INET115","4",7,"rest","sub-INET115_ses-4_task-rest_desc-framenums_fFD.txt","/Volumes/illinois-las-psych-gratton/iNetworks/Nifti/derivatives/preproc_fmriprep-24.1.1/sub-INET115/ses-4/func/FD_outputs/sub-INET115_ses-4_task-rest_desc-framenums_fFD.txt",262
"INET115","4",8,"rest","sub-INET115_ses-4_task-rest_desc-framenums_fFD.txt","/Volumes/illinois-las-psych-gratton/iNetworks/Nifti/derivatives/preproc_fmriprep-24.1.1/sub-INET115/ses-4/func/FD_outputs/sub-INET115_ses-4_task-rest_desc-framenums_fFD.txt",263
"INET116","1",1,"rest","sub-INET116_ses-1_task-rest_desc-framenums_fFD.txt","/Volumes/illinois-las-psych-gratton/iNetworks/Nifti/derivatives/preproc_fmriprep-24.1.1/sub-INET116/ses-1/func/FD_outputs/sub-INET116_ses-1_task-rest_desc-framenums_fFD.txt",187
"INET116","1",2,"rest","sub-INET116_ses-1_task-rest_desc-framenums_fFD.txt","/Volumes/illinois-las-psych-gratton/iNetworks/Nifti/derivatives/preproc_fmriprep-24.1.1/sub-INET116/ses-1/func/FD_outputs/sub-INET116_ses-1_task-rest_desc-framenums_fFD.txt",154
"INET116","1",3,"rest","sub-INET116_ses-1_task-rest_desc-framenums_fFD.txt","/Volumes/illinois-las-psych-gratton/iNetworks/Nifti/derivatives/preproc_fmriprep-24.1.1/sub-INET116/ses-1/func/FD_outputs/sub-INET116_ses-1_task-rest_desc-framenums_fFD.txt",161
"INET116","1",4,"rest","sub-INET116_ses-1_task-rest_desc-framenums_fFD.txt","/Volumes/illinois-las-psych-gratton/iNetworks/Nifti/derivatives/preproc_fmriprep-24.1.1/sub-INET116/ses-1/func/FD_outputs/sub-INET116_ses-1_task-rest_desc-framenums_fFD.txt",74
"INET116","1",5,"rest","sub-INET116_ses-1_task-rest_desc-framenums_fFD.txt","/Volumes/illinois-las-psych-gratton/iNetworks/Nifti/derivatives/preproc_fmriprep-24.1.1/sub-INET116/ses-1/func/FD_outputs/sub-INET116_ses-1_task-rest_desc-framenums_fFD.txt",200
"INET116","1",6,"rest","sub-INET116_ses-1_task-rest_desc-framenums_fFD.txt","/Volumes/illinois-las-psych-gratton/iNetworks/Nifti/derivatives/preproc_fmriprep-24.1.1/sub-INET116/ses-1/func/FD_outputs/sub-INET116_ses-1_task-rest_desc-framenums_fFD.txt",152
"INET116","1",7,"rest","sub-INET116_ses-1_task-rest_desc-framenums_fFD.txt","/Volumes/illinois-las-psych-gratton/iNetworks/Nifti/derivatives/preproc_fmriprep-24.1.1/sub-INET116/ses-1/func/FD_outputs/sub-INET116_ses-1_task-rest_desc-framenums_fFD.txt",230
"INET116","2",1,"rest","sub-INET116_ses-2_task-rest_desc-framenums_fFD.txt","/Volumes/illinois-las-psych-gratton/iNetworks/Nifti/derivatives/preproc_fmriprep-24.1.1/sub-INET116/ses-2/func/FD_outputs/sub-INET116_ses-2_task-rest_desc-framenums_fFD.txt",226
"INET116","2",2,"rest","sub-INET116_ses-2_task-rest_desc-framenums_fFD.txt","/Volumes/illinois-las-psych-gratton/iNetworks/Nifti/derivatives/preproc_fmriprep-24.1.1/sub-INET116/ses-2/func/FD_outputs/sub-INET116_ses-2_task-rest_desc-framenums_fFD.txt",167
"INET116","2",3,"rest","sub-INET116_ses-2_task-rest_desc-framenums_fFD.txt","/Volumes/illinois-las-psych-gratton/iNetworks/Nifti/derivatives/preproc_fmriprep-24.1.1/sub-INET116/ses-2/func/FD_outputs/sub-INET116_ses-2_task-rest_desc-framenums_fFD.txt",162
"INET116","2",4,"rest","sub-INET116_ses-2_task-rest_desc-framenums_fFD.txt","/Volumes/illinois-las-psych-gratton/iNetworks/Nifti/derivatives/preproc_fmriprep-24.1.1/sub-INET116/ses-2/func/FD_outputs/sub-INET116_ses-2_task-rest_desc-framenums_fFD.txt",134
"INET116","2",5,"rest","sub-INET116_ses-2_task-rest_desc-framenums_fFD.txt","/Volumes/illinois-las-psych-gratton/iNetworks/Nifti/derivatives/preproc_fmriprep-24.1.1/sub-INET116/ses-2/func/FD_outputs/sub-INET116_ses-2_task-rest_desc-framenums_fFD.txt",245
"INET116","2",6,"rest","sub-INET116_ses-2_task-rest_desc-framenums_fFD.txt","/Volumes/illinois-las-psych-gratton/iNetworks/Nifti/derivatives/preproc_fmriprep-24.1.1/sub-INET116/ses-2/func/FD_outputs/sub-INET116_ses-2_task-rest_desc-framenums_fFD.txt",248
"INET116","2",7,"rest","sub-INET116_ses-2_task-rest_desc-framenums_fFD.txt","/Volumes/illinois-las-psych-gratton/iNetworks/Nifti/derivatives/preproc_fmriprep-24.1.1/sub-INET116/ses-2/func/FD_outputs/sub-INET116_ses-2_task-rest_desc-framenums_fFD.txt",227
"INET116","2",8,"rest","sub-INET116_ses-2_task-rest_desc-framenums_fFD.txt","/Volumes/illinois-las-psych-gratton/iNetworks/Nifti/derivatives/preproc_fmriprep-24.1.1/sub-INET116/ses-2/func/FD_outputs/sub-INET116_ses-2_task-rest_desc-framenums_fFD.txt",207
"INET116","3",1,"rest","sub-INET116_ses-3_task-rest_desc-framenums_fFD.txt","/Volumes/illinois-las-psych-gratton/iNetworks/Nifti/derivatives/preproc_fmriprep-24.1.1/sub-INET116/ses-3/func/FD_outputs/sub-INET116_ses-3_task-rest_desc-framenums_fFD.txt",195
"INET116","3",2,"rest","sub-INET116_ses-3_task-rest_desc-framenums_fFD.txt","/Volumes/illinois-las-psych-gratton/iNetworks/Nifti/derivatives/preproc_fmriprep-24.1.1/sub-INET116/ses-3/func/FD_outputs/sub-INET116_ses-3_task-rest_desc-framenums_fFD.txt",151
"INET116","3",3,"rest","sub-INET116_ses-3_task-rest_desc-framenums_fFD.txt","/Volumes/illinois-las-psych-gratton/iNetworks/Nifti/derivatives/preproc_fmriprep-24.1.1/sub-INET116/ses-3/func/FD_outputs/sub-INET116_ses-3_task-rest_desc-framenums_fFD.txt",163
"INET116","3",4,"rest","sub-INET116_ses-3_task-rest_desc-framenums_fFD.txt","/Volumes/illinois-las-psych-gratton/iNetworks/Nifti/derivatives/preproc_fmriprep-24.1.1/sub-INET116/ses-3/func/FD_outputs/sub-INET116_ses-3_task-rest_desc-framenums_fFD.txt",84
"INET116","3",5,"rest","sub-INET116_ses-3_task-rest_desc-framenums_fFD.txt","/Volumes/illinois-las-psych-gratton/iNetworks/Nifti/derivatives/preproc_fmriprep-24.1.1/sub-INET116/ses-3/func/FD_outputs/sub-INET116_ses-3_task-rest_desc-framenums_fFD.txt",174
"INET116","3",6,"rest","sub-INET116_ses-3_task-rest_desc-framenums_fFD.txt","/Volumes/illinois-las-psych-gratton/iNetworks/Nifti/derivatives/preproc_fmriprep-24.1.1/sub-INET116/ses-3/func/FD_outputs/sub-INET116_ses-3_task-rest_desc-framenums_fFD.txt",191
"INET116","3",7,"rest","sub-INET116_ses-3_task-rest_desc-framenums_fFD.txt","/Volumes/illinois-las-psych-gratton/iNetworks/Nifti/derivatives/preproc_fmriprep-24.1.1/sub-INET116/ses-3/func/FD_outputs/sub-INET116_ses-3_task-rest_desc-framenums_fFD.txt",187
"INET116","3",8,"rest","sub-INET116_ses-3_task-rest_desc-framenums_fFD.txt","/Volumes/illinois-las-psych-gratton/iNetworks/Nifti/derivatives/preproc_fmriprep-24.1.1/sub-INET116/ses-3/func/FD_outputs/sub-INET116_ses-3_task-rest_desc-framenums_fFD.txt",192
"INET116","4",1,"rest","sub-INET116_ses-4_task-rest_desc-framenums_fFD.txt","/Volumes/illinois-las-psych-gratton/iNetworks/Nifti/derivatives/preproc_fmriprep-24.1.1/sub-INET116/ses-4/func/FD_outputs/sub-INET116_ses-4_task-rest_desc-framenums_fFD.txt",221
"INET116","4",2,"rest","sub-INET116_ses-4_task-rest_desc-framenums_fFD.txt","/Volumes/illinois-las-psych-gratton/iNetworks/Nifti/derivatives/preproc_fmriprep-24.1.1/sub-INET116/ses-4/func/FD_outputs/sub-INET116_ses-4_task-rest_desc-framenums_fFD.txt",159
"INET116","4",3,"rest","sub-INET116_ses-4_task-rest_desc-framenums_fFD.txt","/Volumes/illinois-las-psych-gratton/iNetworks/Nifti/derivatives/preproc_fmriprep-24.1.1/sub-INET116/ses-4/func/FD_outputs/sub-INET116_ses-4_task-rest_desc-framenums_fFD.txt",92
"INET116","4",4,"rest","sub-INET116_ses-4_task-rest_desc-framenums_fFD.txt","/Volumes/illinois-las-psych-gratton/iNetworks/Nifti/derivatives/preproc_fmriprep-24.1.1/sub-INET116/ses-4/func/FD_outputs/sub-INET116_ses-4_task-rest_desc-framenums_fFD.txt",127
"INET116","4",5,"rest","sub-INET116_ses-4_task-rest_desc-framenums_fFD.txt","/Volumes/illinois-las-psych-gratton/iNetworks/Nifti/derivatives/preproc_fmriprep-24.1.1/sub-INET116/ses-4/func/FD_outputs/sub-INET116_ses-4_task-rest_desc-framenums_fFD.txt",192
"INET116","4",6,"rest","sub-INET116_ses-4_task-rest_desc-framenums_fFD.txt","/Volumes/illinois-las-psych-gratton/iNetworks/Nifti/derivatives/preproc_fmriprep-24.1.1/sub-INET116/ses-4/func/FD_outputs/sub-INET116_ses-4_task-rest_desc-framenums_fFD.txt",116
"INET116","4",7,"rest","sub-INET116_ses-4_task-rest_desc-framenums_fFD.txt","/Volumes/illinois-las-psych-gratton/iNetworks/Nifti/derivatives/preproc_fmriprep-24.1.1/sub-INET116/ses-4/func/FD_outputs/sub-INET116_ses-4_task-rest_desc-framenums_fFD.txt",126
"INET116","4",8,"rest","sub-INET116_ses-4_task-rest_desc-framenums_fFD.txt","/Volumes/illinois-las-psych-gratton/iNetworks/Nifti/derivatives/preproc_fmriprep-24.1.1/sub-INET116/ses-4/func/FD_outputs/sub-INET116_ses-4_task-rest_desc-framenums_fFD.txt",203
"INET120","1",1,"rest","sub-INET120_ses-1_task-rest_desc-framenums_fFD.txt","/Volumes/illinois-las-psych-gratton/iNetworks/Nifti/derivatives/preproc_fmriprep-24.1.1/sub-INET120/ses-1/func/FD_outputs/sub-INET120_ses-1_task-rest_desc-framenums_fFD.txt",264
"INET120","1",2,"rest","sub-INET120_ses-1_task-rest_desc-framenums_fFD.txt","/Volumes/illinois-las-psych-gratton/iNetworks/Nifti/derivatives/preproc_fmriprep-24.1.1/sub-INET120/ses-1/func/FD_outputs/sub-INET120_ses-1_task-rest_desc-framenums_fFD.txt",262
"INET120","1",3,"rest","sub-INET120_ses-1_task-rest_desc-framenums_fFD.txt","/Volumes/illinois-las-psych-gratton/iNetworks/Nifti/derivatives/preproc_fmriprep-24.1.1/sub-INET120/ses-1/func/FD_outputs/sub-INET120_ses-1_task-rest_desc-framenums_fFD.txt",264
"INET120","1",4,"rest","sub-INET120_ses-1_task-rest_desc-framenums_fFD.txt","/Volumes/illinois-las-psych-gratton/iNetworks/Nifti/derivatives/preproc_fmriprep-24.1.1/sub-INET120/ses-1/func/FD_outputs/sub-INET120_ses-1_task-rest_desc-framenums_fFD.txt",265
"INET120","1",5,"rest","sub-INET120_ses-1_task-rest_desc-framenums_fFD.txt","/Volumes/illinois-las-psych-gratton/iNetworks/Nifti/derivatives/preproc_fmriprep-24.1.1/sub-INET120/ses-1/func/FD_outputs/sub-INET120_ses-1_task-rest_desc-framenums_fFD.txt",262
"INET120","1",6,"rest","sub-INET120_ses-1_task-rest_desc-framenums_fFD.txt","/Volumes/illinois-las-psych-gratton/iNetworks/Nifti/derivatives/preproc_fmriprep-24.1.1/sub-INET120/ses-1/func/FD_outputs/sub-INET120_ses-1_task-rest_desc-framenums_fFD.txt",259
"INET120","2",1,"rest","sub-INET120_ses-2_task-rest_desc-framenums_fFD.txt","/Volumes/illinois-las-psych-gratton/iNetworks/Nifti/derivatives/preproc_fmriprep-24.1.1/sub-INET120/ses-2/func/FD_outputs/sub-INET120_ses-2_task-rest_desc-framenums_fFD.txt",263
"INET120","2",2,"rest","sub-INET120_ses-2_task-rest_desc-framenums_fFD.txt","/Volumes/illinois-las-psych-gratton/iNetworks/Nifti/derivatives/preproc_fmriprep-24.1.1/sub-INET120/ses-2/func/FD_outputs/sub-INET120_ses-2_task-rest_desc-framenums_fFD.txt",264
"INET120","2",3,"rest","sub-INET120_ses-2_task-rest_desc-framenums_fFD.txt","/Volumes/illinois-las-psych-gratton/iNetworks/Nifti/derivatives/preproc_fmriprep-24.1.1/sub-INET120/ses-2/func/FD_outputs/sub-INET120_ses-2_task-rest_desc-framenums_fFD.txt",255
"INET120","2",4,"rest","sub-INET120_ses-2_task-rest_desc-framenums_fFD.txt","/Volumes/illinois-las-psych-gratton/iNetworks/Nifti/derivatives/preproc_fmriprep-24.1.1/sub-INET120/ses-2/func/FD_outputs/sub-INET120_ses-2_task-rest_desc-framenums_fFD.txt",255
"INET120","2",5,"rest","sub-INET120_ses-2_task-rest_desc-framenums_fFD.txt","/Volumes/illinois-las-psych-gratton/iNetworks/Nifti/derivatives/preproc_fmriprep-24.1.1/sub-INET120/ses-2/func/FD_outputs/sub-INET120_ses-2_task-rest_desc-framenums_fFD.txt",183
"INET120","2",6,"rest","sub-INET120_ses-2_task-rest_desc-framenums_fFD.txt","/Volumes/illinois-las-psych-gratton/iNetworks/Nifti/derivatives/preproc_fmriprep-24.1.1/sub-INET120/ses-2/func/FD_outputs/sub-INET120_ses-2_task-rest_desc-framenums_fFD.txt",240
"INET120","2",7,"rest","sub-INET120_ses-2_task-rest_desc-framenums_fFD.txt","/Volumes/illinois-las-psych-gratton/iNetworks/Nifti/derivatives/preproc_fmriprep-24.1.1/sub-INET120/ses-2/func/FD_outputs/sub-INET120_ses-2_task-rest_desc-framenums_fFD.txt",199
"INET120","2",8,"rest","sub-INET120_ses-2_task-rest_desc-framenums_fFD.txt","/Volumes/illinois-las-psych-gratton/iNetworks/Nifti/derivatives/preproc_fmriprep-24.1.1/sub-INET120/ses-2/func/FD_outputs/sub-INET120_ses-2_task-rest_desc-framenums_fFD.txt",224
"INET120","3",1,"rest","sub-INET120_ses-3_task-rest_desc-framenums_fFD.txt","/Volumes/illinois-las-psych-gratton/iNetworks/Nifti/derivatives/preproc_fmriprep-24.1.1/sub-INET120/ses-3/func/FD_outputs/sub-INET120_ses-3_task-rest_desc-framenums_fFD.txt",264
"INET120","3",2,"rest","sub-INET120_ses-3_task-rest_desc-framenums_fFD.txt","/Volumes/illinois-las-psych-gratton/iNetworks/Nifti/derivatives/preproc_fmriprep-24.1.1/sub-INET120/ses-3/func/FD_outputs/sub-INET120_ses-3_task-rest_desc-framenums_fFD.txt",249
"INET120","3",3,"rest","sub-INET120_ses-3_task-rest_desc-framenums_fFD.txt","/Volumes/illinois-las-psych-gratton/iNetworks/Nifti/derivatives/preproc_fmriprep-24.1.1/sub-INET120/ses-3/func/FD_outputs/sub-INET120_ses-3_task-rest_desc-framenums_fFD.txt",243
"INET120","3",4,"rest","sub-INET120_ses-3_task-rest_desc-framenums_fFD.txt","/Volumes/illinois-las-psych-gratton/iNetworks/Nifti/derivatives/preproc_fmriprep-24.1.1/sub-INET120/ses-3/func/FD_outputs/sub-INET120_ses-3_task-rest_desc-framenums_fFD.txt",240
"INET120","3",5,"rest","sub-INET120_ses-3_task-rest_desc-framenums_fFD.txt","/Volumes/illinois-las-psych-gratton/iNetworks/Nifti/derivatives/preproc_fmriprep-24.1.1/sub-INET120/ses-3/func/FD_outputs/sub-INET120_ses-3_task-rest_desc-framenums_fFD.txt",221
"INET120","3",6,"rest","sub-INET120_ses-3_task-rest_desc-framenums_fFD.txt","/Volumes/illinois-las-psych-gratton/iNetworks/Nifti/derivatives/preproc_fmriprep-24.1.1/sub-INET120/ses-3/func/FD_outputs/sub-INET120_ses-3_task-rest_desc-framenums_fFD.txt",263
"INET120","3",7,"rest","sub-INET120_ses-3_task-rest_desc-framenums_fFD.txt","/Volumes/illinois-las-psych-gratton/iNetworks/Nifti/derivatives/preproc_fmriprep-24.1.1/sub-INET120/ses-3/func/FD_outputs/sub-INET120_ses-3_task-rest_desc-framenums_fFD.txt",263
"INET120","4",1,"rest","sub-INET120_ses-4_task-rest_desc-framenums_fFD.txt","/Volumes/illinois-las-psych-gratton/iNetworks/Nifti/derivatives/preproc_fmriprep-24.1.1/sub-INET120/ses-4/func/FD_outputs/sub-INET120_ses-4_task-rest_desc-framenums_fFD.txt",263
"INET120","4",2,"rest","sub-INET120_ses-4_task-rest_desc-framenums_fFD.txt","/Volumes/illinois-las-psych-gratton/iNetworks/Nifti/derivatives/preproc_fmriprep-24.1.1/sub-INET120/ses-4/func/FD_outputs/sub-INET120_ses-4_task-rest_desc-framenums_fFD.txt",264
"INET120","4",3,"rest","sub-INET120_ses-4_task-rest_desc-framenums_fFD.txt","/Volumes/illinois-las-psych-gratton/iNetworks/Nifti/derivatives/preproc_fmriprep-24.1.1/sub-INET120/ses-4/func/FD_outputs/sub-INET120_ses-4_task-rest_desc-framenums_fFD.txt",255
"INET120","4",4,"rest","sub-INET120_ses-4_task-rest_desc-framenums_fFD.txt","/Volumes/illinois-las-psych-gratton/iNetworks/Nifti/derivatives/preproc_fmriprep-24.1.1/sub-INET120/ses-4/func/FD_outputs/sub-INET120_ses-4_task-rest_desc-framenums_fFD.txt",225
"INET120","4",5,"rest","sub-INET120_ses-4_task-rest_desc-framenums_fFD.txt","/Volumes/illinois-las-psych-gratton/iNetworks/Nifti/derivatives/preproc_fmriprep-24.1.1/sub-INET120/ses-4/func/FD_outputs/sub-INET120_ses-4_task-rest_desc-framenums_fFD.txt",245
"INET120","4",6,"rest","sub-INET120_ses-4_task-rest_desc-framenums_fFD.txt","/Volumes/illinois-las-psych-gratton/iNetworks/Nifti/derivatives/preproc_fmriprep-24.1.1/sub-INET120/ses-4/func/FD_outputs/sub-INET120_ses-4_task-rest_desc-framenums_fFD.txt",238
"INET120","4",7,"rest","sub-INET120_ses-4_task-rest_desc-framenums_fFD.txt","/Volumes/illinois-las-psych-gratton/iNetworks/Nifti/derivatives/preproc_fmriprep-24.1.1/sub-INET120/ses-4/func/FD_outputs/sub-INET120_ses-4_task-rest_desc-framenums_fFD.txt",264
"INET120","4",8,"rest","sub-INET120_ses-4_task-rest_desc-framenums_fFD.txt","/Volumes/illinois-las-psych-gratton/iNetworks/Nifti/derivatives/preproc_fmriprep-24.1.1/sub-INET120/ses-4/func/FD_outputs/sub-INET120_ses-4_task-rest_desc-framenums_fFD.txt",227
"INET123","1",1,"rest","sub-INET123_ses-1_task-rest_desc-framenums_fFD.txt","/Volumes/illinois-las-psych-gratton/iNetworks/Nifti/derivatives/preproc_fmriprep-24.1.1/sub-INET123/ses-1/func/FD_outputs/sub-INET123_ses-1_task-rest_desc-framenums_fFD.txt",119
"INET123","1",2,"rest","sub-INET123_ses-1_task-rest_desc-framenums_fFD.txt","/Volumes/illinois-las-psych-gratton/iNetworks/Nifti/derivatives/preproc_fmriprep-24.1.1/sub-INET123/ses-1/func/FD_outputs/sub-INET123_ses-1_task-rest_desc-framenums_fFD.txt",213
"INET123","1",3,"rest","sub-INET123_ses-1_task-rest_desc-framenums_fFD.txt","/Volumes/illinois-las-psych-gratton/iNetworks/Nifti/derivatives/preproc_fmriprep-24.1.1/sub-INET123/ses-1/func/FD_outputs/sub-INET123_ses-1_task-rest_desc-framenums_fFD.txt",130
"INET123","1",4,"rest","sub-INET123_ses-1_task-rest_desc-framenums_fFD.txt","/Volumes/illinois-las-psych-gratton/iNetworks/Nifti/derivatives/preproc_fmriprep-24.1.1/sub-INET123/ses-1/func/FD_outputs/sub-INET123_ses-1_task-rest_desc-framenums_fFD.txt",240
"INET123","1",5,"rest","sub-INET123_ses-1_task-rest_desc-framenums_fFD.txt","/Volumes/illinois-las-psych-gratton/iNetworks/Nifti/derivatives/preproc_fmriprep-24.1.1/sub-INET123/ses-1/func/FD_outputs/sub-INET123_ses-1_task-rest_desc-framenums_fFD.txt",211
"INET123","1",6,"rest","sub-INET123_ses-1_task-rest_desc-framenums_fFD.txt","/Volumes/illinois-las-psych-gratton/iNetworks/Nifti/derivatives/preproc_fmriprep-24.1.1/sub-INET123/ses-1/func/FD_outputs/sub-INET123_ses-1_task-rest_desc-framenums_fFD.txt",194
"INET123","1",7,"rest","sub-INET123_ses-1_task-rest_desc-framenums_fFD.txt","/Volumes/illinois-las-psych-gratton/iNetworks/Nifti/derivatives/preproc_fmriprep-24.1.1/sub-INET123/ses-1/func/FD_outputs/sub-INET123_ses-1_task-rest_desc-framenums_fFD.txt",160
"INET123","2",1,"rest","sub-INET123_ses-2_task-rest_desc-framenums_fFD.txt","/Volumes/illinois-las-psych-gratton/iNetworks/Nifti/derivatives/preproc_fmriprep-24.1.1/sub-INET123/ses-2/func/FD_outputs/sub-INET123_ses-2_task-rest_desc-framenums_fFD.txt",107
"INET123","2",2,"rest","sub-INET123_ses-2_task-rest_desc-framenums_fFD.txt","/Volumes/illinois-las-psych-gratton/iNetworks/Nifti/derivatives/preproc_fmriprep-24.1.1/sub-INET123/ses-2/func/FD_outputs/sub-INET123_ses-2_task-rest_desc-framenums_fFD.txt",128
"INET123","2",3,"rest","sub-INET123_ses-2_task-rest_desc-framenums_fFD.txt","/Volumes/illinois-las-psych-gratton/iNetworks/Nifti/derivatives/preproc_fmriprep-24.1.1/sub-INET123/ses-2/func/FD_outputs/sub-INET123_ses-2_task-rest_desc-framenums_fFD.txt",197
"INET123","2",4,"rest","sub-INET123_ses-2_task-rest_desc-framenums_fFD.txt","/Volumes/illinois-las-psych-gratton/iNetworks/Nifti/derivatives/preproc_fmriprep-24.1.1/sub-INET123/ses-2/func/FD_outputs/sub-INET123_ses-2_task-rest_desc-framenums_fFD.txt",170
"INET123","2",5,"rest","sub-INET123_ses-2_task-rest_desc-framenums_fFD.txt","/Volumes/illinois-las-psych-gratton/iNetworks/Nifti/derivatives/preproc_fmriprep-24.1.1/sub-INET123/ses-2/func/FD_outputs/sub-INET123_ses-2_task-rest_desc-framenums_fFD.txt",205
"INET123","2",6,"rest","sub-INET123_ses-2_task-rest_desc-framenums_fFD.txt","/Volumes/illinois-las-psych-gratton/iNetworks/Nifti/derivatives/preproc_fmriprep-24.1.1/sub-INET123/ses-2/func/FD_outputs/sub-INET123_ses-2_task-rest_desc-framenums_fFD.txt",75
"INET123","2",7,"rest","sub-INET123_ses-2_task-rest_desc-framenums_fFD.txt","/Volumes/illinois-las-psych-gratton/iNetworks/Nifti/derivatives/preproc_fmriprep-24.1.1/sub-INET123/ses-2/func/FD_outputs/sub-INET123_ses-2_task-rest_desc-framenums_fFD.txt",168
"INET123","3",1,"rest","sub-INET123_ses-3_task-rest_desc-framenums_fFD.txt","/Volumes/illinois-las-psych-gratton/iNetworks/Nifti/derivatives/preproc_fmriprep-24.1.1/sub-INET123/ses-3/func/FD_outputs/sub-INET123_ses-3_task-rest_desc-framenums_fFD.txt",259
"INET123","3",2,"rest","sub-INET123_ses-3_task-rest_desc-framenums_fFD.txt","/Volumes/illinois-las-psych-gratton/iNetworks/Nifti/derivatives/preproc_fmriprep-24.1.1/sub-INET123/ses-3/func/FD_outputs/sub-INET123_ses-3_task-rest_desc-framenums_fFD.txt",260
"INET123","3",3,"rest","sub-INET123_ses-3_task-rest_desc-framenums_fFD.txt","/Volumes/illinois-las-psych-gratton/iNetworks/Nifti/derivatives/preproc_fmriprep-24.1.1/sub-INET123/ses-3/func/FD_outputs/sub-INET123_ses-3_task-rest_desc-framenums_fFD.txt",235
"INET123","3",4,"rest","sub-INET123_ses-3_task-rest_desc-framenums_fFD.txt","/Volumes/illinois-las-psych-gratton/iNetworks/Nifti/derivatives/preproc_fmriprep-24.1.1/sub-INET123/ses-3/func/FD_outputs/sub-INET123_ses-3_task-rest_desc-framenums_fFD.txt",259
"INET123","3",5,"rest","sub-INET123_ses-3_task-rest_desc-framenums_fFD.txt","/Volumes/illinois-las-psych-gratton/iNetworks/Nifti/derivatives/preproc_fmriprep-24.1.1/sub-INET123/ses-3/func/FD_outputs/sub-INET123_ses-3_task-rest_desc-framenums_fFD.txt",242
"INET123","3",6,"rest","sub-INET123_ses-3_task-rest_desc-framenums_fFD.txt","/Volumes/illinois-las-psych-gratton/iNetworks/Nifti/derivatives/preproc_fmriprep-24.1.1/sub-INET123/ses-3/func/FD_outputs/sub-INET123_ses-3_task-rest_desc-framenums_fFD.txt",221
"INET123","3",7,"rest","sub-INET123_ses-3_task-rest_desc-framenums_fFD.txt","/Volumes/illinois-las-psych-gratton/iNetworks/Nifti/derivatives/preproc_fmriprep-24.1.1/sub-INET123/ses-3/func/FD_outputs/sub-INET123_ses-3_task-rest_desc-framenums_fFD.txt",204
"INET123","4",1,"rest","sub-INET123_ses-4_task-rest_desc-framenums_fFD.txt","/Volumes/illinois-las-psych-gratton/iNetworks/Nifti/derivatives/preproc_fmriprep-24.1.1/sub-INET123/ses-4/func/FD_outputs/sub-INET123_ses-4_task-rest_desc-framenums_fFD.txt",117
"INET123","4",2,"rest","sub-INET123_ses-4_task-rest_desc-framenums_fFD.txt","/Volumes/illinois-las-psych-gratton/iNetworks/Nifti/derivatives/preproc_fmriprep-24.1.1/sub-INET123/ses-4/func/FD_outputs/sub-INET123_ses-4_task-rest_desc-framenums_fFD.txt",72
"INET123","4",3,"rest","sub-INET123_ses-4_task-rest_desc-framenums_fFD.txt","/Volumes/illinois-las-psych-gratton/iNetworks/Nifti/derivatives/preproc_fmriprep-24.1.1/sub-INET123/ses-4/func/FD_outputs/sub-INET123_ses-4_task-rest_desc-framenums_fFD.txt",23
"INET123","4",4,"rest","sub-INET123_ses-4_task-rest_desc-framenums_fFD.txt","/Volumes/illinois-las-psych-gratton/iNetworks/Nifti/derivatives/preproc_fmriprep-24.1.1/sub-INET123/ses-4/func/FD_outputs/sub-INET123_ses-4_task-rest_desc-framenums_fFD.txt",36
"INET123","4",5,"rest","sub-INET123_ses-4_task-rest_desc-framenums_fFD.txt","/Volumes/illinois-las-psych-gratton/iNetworks/Nifti/derivatives/preproc_fmriprep-24.1.1/sub-INET123/ses-4/func/FD_outputs/sub-INET123_ses-4_task-rest_desc-framenums_fFD.txt",57
"INET123","4",6,"rest","sub-INET123_ses-4_task-rest_desc-framenums_fFD.txt","/Volumes/illinois-las-psych-gratton/iNetworks/Nifti/derivatives/preproc_fmriprep-24.1.1/sub-INET123/ses-4/func/FD_outputs/sub-INET123_ses-4_task-rest_desc-framenums_fFD.txt",54
"INET123","4",7,"rest","sub-INET123_ses-4_task-rest_desc-framenums_fFD.txt","/Volumes/illinois-las-psych-gratton/iNetworks/Nifti/derivatives/preproc_fmriprep-24.1.1/sub-INET123/ses-4/func/FD_outputs/sub-INET123_ses-4_task-rest_desc-framenums_fFD.txt",55
"INET123","4",8,"rest","sub-INET123_ses-4_task-rest_desc-framenums_fFD.txt","/Volumes/illinois-las-psych-gratton/iNetworks/Nifti/derivatives/preproc_fmriprep-24.1.1/sub-INET123/ses-4/func/FD_outputs/sub-INET123_ses-4_task-rest_desc-framenums_fFD.txt",63
"INET131","1",1,"rest","sub-INET131_ses-1_task-rest_desc-framenums_fFD.txt","/Volumes/illinois-las-psych-gratton/iNetworks/Nifti/derivatives/preproc_fmriprep-24.1.1/sub-INET131/ses-1/func/FD_outputs/sub-INET131_ses-1_task-rest_desc-framenums_fFD.txt",212
"INET131","1",2,"rest","sub-INET131_ses-1_task-rest_desc-framenums_fFD.txt","/Volumes/illinois-las-psych-gratton/iNetworks/Nifti/derivatives/preproc_fmriprep-24.1.1/sub-INET131/ses-1/func/FD_outputs/sub-INET131_ses-1_task-rest_desc-framenums_fFD.txt",249
"INET131","1",3,"rest","sub-INET131_ses-1_task-rest_desc-framenums_fFD.txt","/Volumes/illinois-las-psych-gratton/iNetworks/Nifti/derivatives/preproc_fmriprep-24.1.1/sub-INET131/ses-1/func/FD_outputs/sub-INET131_ses-1_task-rest_desc-framenums_fFD.txt",230
"INET131","1",4,"rest","sub-INET131_ses-1_task-rest_desc-framenums_fFD.txt","/Volumes/illinois-las-psych-gratton/iNetworks/Nifti/derivatives/preproc_fmriprep-24.1.1/sub-INET131/ses-1/func/FD_outputs/sub-INET131_ses-1_task-rest_desc-framenums_fFD.txt",185
"INET131","1",5,"rest","sub-INET131_ses-1_task-rest_desc-framenums_fFD.txt","/Volumes/illinois-las-psych-gratton/iNetworks/Nifti/derivatives/preproc_fmriprep-24.1.1/sub-INET131/ses-1/func/FD_outputs/sub-INET131_ses-1_task-rest_desc-framenums_fFD.txt",250
"INET131","1",6,"rest","sub-INET131_ses-1_task-rest_desc-framenums_fFD.txt","/Volumes/illinois-las-psych-gratton/iNetworks/Nifti/derivatives/preproc_fmriprep-24.1.1/sub-INET131/ses-1/func/FD_outputs/sub-INET131_ses-1_task-rest_desc-framenums_fFD.txt",231
"INET131","1",7,"rest","sub-INET131_ses-1_task-rest_desc-framenums_fFD.txt","/Volumes/illinois-las-psych-gratton/iNetworks/Nifti/derivatives/preproc_fmriprep-24.1.1/sub-INET131/ses-1/func/FD_outputs/sub-INET131_ses-1_task-rest_desc-framenums_fFD.txt",264
"INET131","2",1,"rest","sub-INET131_ses-2_task-rest_desc-framenums_fFD.txt","/Volumes/illinois-las-psych-gratton/iNetworks/Nifti/derivatives/preproc_fmriprep-24.1.1/sub-INET131/ses-2/func/FD_outputs/sub-INET131_ses-2_task-rest_desc-framenums_fFD.txt",193
"INET131","2",2,"rest","sub-INET131_ses-2_task-rest_desc-framenums_fFD.txt","/Volumes/illinois-las-psych-gratton/iNetworks/Nifti/derivatives/preproc_fmriprep-24.1.1/sub-INET131/ses-2/func/FD_outputs/sub-INET131_ses-2_task-rest_desc-framenums_fFD.txt",263
"INET131","2",3,"rest","sub-INET131_ses-2_task-rest_desc-framenums_fFD.txt","/Volumes/illinois-las-psych-gratton/iNetworks/Nifti/derivatives/preproc_fmriprep-24.1.1/sub-INET131/ses-2/func/FD_outputs/sub-INET131_ses-2_task-rest_desc-framenums_fFD.txt",252
"INET131","2",4,"rest","sub-INET131_ses-2_task-rest_desc-framenums_fFD.txt","/Volumes/illinois-las-psych-gratton/iNetworks/Nifti/derivatives/preproc_fmriprep-24.1.1/sub-INET131/ses-2/func/FD_outputs/sub-INET131_ses-2_task-rest_desc-framenums_fFD.txt",235
"INET131","2",5,"rest","sub-INET131_ses-2_task-rest_desc-framenums_fFD.txt","/Volumes/illinois-las-psych-gratton/iNetworks/Nifti/derivatives/preproc_fmriprep-24.1.1/sub-INET131/ses-2/func/FD_outputs/sub-INET131_ses-2_task-rest_desc-framenums_fFD.txt",182
"INET131","2",6,"rest","sub-INET131_ses-2_task-rest_desc-framenums_fFD.txt","/Volumes/illinois-las-psych-gratton/iNetworks/Nifti/derivatives/preproc_fmriprep-24.1.1/sub-INET131/ses-2/func/FD_outputs/sub-INET131_ses-2_task-rest_desc-framenums_fFD.txt",230
"INET131","2",7,"rest","sub-INET131_ses-2_task-rest_desc-framenums_fFD.txt","/Volumes/illinois-las-psych-gratton/iNetworks/Nifti/derivatives/preproc_fmriprep-24.1.1/sub-INET131/ses-2/func/FD_outputs/sub-INET131_ses-2_task-rest_desc-framenums_fFD.txt",232
"INET131","2",8,"rest","sub-INET131_ses-2_task-rest_desc-framenums_fFD.txt","/Volumes/illinois-las-psych-gratton/iNetworks/Nifti/derivatives/preproc_fmriprep-24.1.1/sub-INET131/ses-2/func/FD_outputs/sub-INET131_ses-2_task-rest_desc-framenums_fFD.txt",264
"INET131","3",1,"rest","sub-INET131_ses-3_task-rest_desc-framenums_fFD.txt","/Volumes/illinois-las-psych-gratton/iNetworks/Nifti/derivatives/preproc_fmriprep-24.1.1/sub-INET131/ses-3/func/FD_outputs/sub-INET131_ses-3_task-rest_desc-framenums_fFD.txt",243
"INET131","3",2,"rest","sub-INET131_ses-3_task-rest_desc-framenums_fFD.txt","/Volumes/illinois-las-psych-gratton/iNetworks/Nifti/derivatives/preproc_fmriprep-24.1.1/sub-INET131/ses-3/func/FD_outputs/sub-INET131_ses-3_task-rest_desc-framenums_fFD.txt",251
"INET131","3",3,"rest","sub-INET131_ses-3_task-rest_desc-framenums_fFD.txt","/Volumes/illinois-las-psych-gratton/iNetworks/Nifti/derivatives/preproc_fmriprep-24.1.1/sub-INET131/ses-3/func/FD_outputs/sub-INET131_ses-3_task-rest_desc-framenums_fFD.txt",229
"INET131","3",4,"rest","sub-INET131_ses-3_task-rest_desc-framenums_fFD.txt","/Volumes/illinois-las-psych-gratton/iNetworks/Nifti/derivatives/preproc_fmriprep-24.1.1/sub-INET131/ses-3/func/FD_outputs/sub-INET131_ses-3_task-rest_desc-framenums_fFD.txt",264
"INET131","3",5,"rest","sub-INET131_ses-3_task-rest_desc-framenums_fFD.txt","/Volumes/illinois-las-psych-gratton/iNetworks/Nifti/derivatives/preproc_fmriprep-24.1.1/sub-INET131/ses-3/func/FD_outputs/sub-INET131_ses-3_task-rest_desc-framenums_fFD.txt",248
"INET131","3",6,"rest","sub-INET131_ses-3_task-rest_desc-framenums_fFD.txt","/Volumes/illinois-las-psych-gratton/iNetworks/Nifti/derivatives/preproc_fmriprep-24.1.1/sub-INET131/ses-3/func/FD_outputs/sub-INET131_ses-3_task-rest_desc-framenums_fFD.txt",229
"INET131","3",7,"rest","sub-INET131_ses-3_task-rest_desc-framenums_fFD.txt","/Volumes/illinois-las-psych-gratton/iNetworks/Nifti/derivatives/preproc_fmriprep-24.1.1/sub-INET131/ses-3/func/FD_outputs/sub-INET131_ses-3_task-rest_desc-framenums_fFD.txt",243
"INET131","4",1,"rest","sub-INET131_ses-4_task-rest_desc-framenums_fFD.txt","/Volumes/illinois-las-psych-gratton/iNetworks/Nifti/derivatives/preproc_fmriprep-24.1.1/sub-INET131/ses-4/func/FD_outputs/sub-INET131_ses-4_task-rest_desc-framenums_fFD.txt",246
"INET131","4",2,"rest","sub-INET131_ses-4_task-rest_desc-framenums_fFD.txt","/Volumes/illinois-las-psych-gratton/iNetworks/Nifti/derivatives/preproc_fmriprep-24.1.1/sub-INET131/ses-4/func/FD_outputs/sub-INET131_ses-4_task-rest_desc-framenums_fFD.txt",227
"INET131","4",3,"rest","sub-INET131_ses-4_task-rest_desc-framenums_fFD.txt","/Volumes/illinois-las-psych-gratton/iNetworks/Nifti/derivatives/preproc_fmriprep-24.1.1/sub-INET131/ses-4/func/FD_outputs/sub-INET131_ses-4_task-rest_desc-framenums_fFD.txt",222
"INET131","4",4,"rest","sub-INET131_ses-4_task-rest_desc-framenums_fFD.txt","/Volumes/illinois-las-psych-gratton/iNetworks/Nifti/derivatives/preproc_fmriprep-24.1.1/sub-INET131/ses-4/func/FD_outputs/sub-INET131_ses-4_task-rest_desc-framenums_fFD.txt",257
"INET131","4",5,"rest","sub-INET131_ses-4_task-rest_desc-framenums_fFD.txt","/Volumes/illinois-las-psych-gratton/iNetworks/Nifti/derivatives/preproc_fmriprep-24.1.1/sub-INET131/ses-4/func/FD_outputs/sub-INET131_ses-4_task-rest_desc-framenums_fFD.txt",203
"INET131","4",6,"rest","sub-INET131_ses-4_task-rest_desc-framenums_fFD.txt","/Volumes/illinois-las-psych-gratton/iNetworks/Nifti/derivatives/preproc_fmriprep-24.1.1/sub-INET131/ses-4/func/FD_outputs/sub-INET131_ses-4_task-rest_desc-framenums_fFD.txt",264
"INET131","4",7,"rest","sub-INET131_ses-4_task-rest_desc-framenums_fFD.txt","/Volumes/illinois-las-psych-gratton/iNetworks/Nifti/derivatives/preproc_fmriprep-24.1.1/sub-INET131/ses-4/func/FD_outputs/sub-INET131_ses-4_task-rest_desc-framenums_fFD.txt",249
"INET131","4",8,"rest","sub-INET131_ses-4_task-rest_desc-framenums_fFD.txt","/Volumes/illinois-las-psych-gratton/iNetworks/Nifti/derivatives/preproc_fmriprep-24.1.1/sub-INET131/ses-4/func/FD_outputs/sub-INET131_ses-4_task-rest_desc-framenums_fFD.txt",260
"INET133","1",1,"rest","sub-INET133_ses-1_task-rest_desc-framenums_fFD.txt","/Volumes/illinois-las-psych-gratton/iNetworks/Nifti/derivatives/preproc_fmriprep-24.1.1/sub-INET133/ses-1/func/FD_outputs/sub-INET133_ses-1_task-rest_desc-framenums_fFD.txt",264
"INET133","1",2,"rest","sub-INET133_ses-1_task-rest_desc-framenums_fFD.txt","/Volumes/illinois-las-psych-gratton/iNetworks/Nifti/derivatives/preproc_fmriprep-24.1.1/sub-INET133/ses-1/func/FD_outputs/sub-INET133_ses-1_task-rest_desc-framenums_fFD.txt",261
"INET133","1",3,"rest","sub-INET133_ses-1_task-rest_desc-framenums_fFD.txt","/Volumes/illinois-las-psych-gratton/iNetworks/Nifti/derivatives/preproc_fmriprep-24.1.1/sub-INET133/ses-1/func/FD_outputs/sub-INET133_ses-1_task-rest_desc-framenums_fFD.txt",265
"INET133","1",4,"rest","sub-INET133_ses-1_task-rest_desc-framenums_fFD.txt","/Volumes/illinois-las-psych-gratton/iNetworks/Nifti/derivatives/preproc_fmriprep-24.1.1/sub-INET133/ses-1/func/FD_outputs/sub-INET133_ses-1_task-rest_desc-framenums_fFD.txt",265
"INET133","1",5,"rest","sub-INET133_ses-1_task-rest_desc-framenums_fFD.txt","/Volumes/illinois-las-psych-gratton/iNetworks/Nifti/derivatives/preproc_fmriprep-24.1.1/sub-INET133/ses-1/func/FD_outputs/sub-INET133_ses-1_task-rest_desc-framenums_fFD.txt",263
"INET133","1",6,"rest","sub-INET133_ses-1_task-rest_desc-framenums_fFD.txt","/Volumes/illinois-las-psych-gratton/iNetworks/Nifti/derivatives/preproc_fmriprep-24.1.1/sub-INET133/ses-1/func/FD_outputs/sub-INET133_ses-1_task-rest_desc-framenums_fFD.txt",265
"INET133","1",7,"rest","sub-INET133_ses-1_task-rest_desc-framenums_fFD.txt","/Volumes/illinois-las-psych-gratton/iNetworks/Nifti/derivatives/preproc_fmriprep-24.1.1/sub-INET133/ses-1/func/FD_outputs/sub-INET133_ses-1_task-rest_desc-framenums_fFD.txt",265
"INET133","1",8,"rest","sub-INET133_ses-1_task-rest_desc-framenums_fFD.txt","/Volumes/illinois-las-psych-gratton/iNetworks/Nifti/derivatives/preproc_fmriprep-24.1.1/sub-INET133/ses-1/func/FD_outputs/sub-INET133_ses-1_task-rest_desc-framenums_fFD.txt",265
"INET133","2",1,"rest","sub-INET133_ses-2_task-rest_desc-framenums_fFD.txt","/Volumes/illinois-las-psych-gratton/iNetworks/Nifti/derivatives/preproc_fmriprep-24.1.1/sub-INET133/ses-2/func/FD_outputs/sub-INET133_ses-2_task-rest_desc-framenums_fFD.txt",264
"INET133","2",2,"rest","sub-INET133_ses-2_task-rest_desc-framenums_fFD.txt","/Volumes/illinois-las-psych-gratton/iNetworks/Nifti/derivatives/preproc_fmriprep-24.1.1/sub-INET133/ses-2/func/FD_outputs/sub-INET133_ses-2_task-rest_desc-framenums_fFD.txt",264
"INET133","2",3,"rest","sub-INET133_ses-2_task-rest_desc-framenums_fFD.txt","/Volumes/illinois-las-psych-gratton/iNetworks/Nifti/derivatives/preproc_fmriprep-24.1.1/sub-INET133/ses-2/func/FD_outputs/sub-INET133_ses-2_task-rest_desc-framenums_fFD.txt",265
"INET133","2",4,"rest","sub-INET133_ses-2_task-rest_desc-framenums_fFD.txt","/Volumes/illinois-las-psych-gratton/iNetworks/Nifti/derivatives/preproc_fmriprep-24.1.1/sub-INET133/ses-2/func/FD_outputs/sub-INET133_ses-2_task-rest_desc-framenums_fFD.txt",264
"INET133","2",5,"rest","sub-INET133_ses-2_task-rest_desc-framenums_fFD.txt","/Volumes/illinois-las-psych-gratton/iNetworks/Nifti/derivatives/preproc_fmriprep-24.1.1/sub-INET133/ses-2/func/FD_outputs/sub-INET133_ses-2_task-rest_desc-framenums_fFD.txt",264
"INET133","2",6,"rest","sub-INET133_ses-2_task-rest_desc-framenums_fFD.txt","/Volumes/illinois-las-psych-gratton/iNetworks/Nifti/derivatives/preproc_fmriprep-24.1.1/sub-INET133/ses-2/func/FD_outputs/sub-INET133_ses-2_task-rest_desc-framenums_fFD.txt",265
"INET133","2",7,"rest","sub-INET133_ses-2_task-rest_desc-framenums_fFD.txt","/Volumes/illinois-las-psych-gratton/iNetworks/Nifti/derivatives/preproc_fmriprep-24.1.1/sub-INET133/ses-2/func/FD_outputs/sub-INET133_ses-2_task-rest_desc-framenums_fFD.txt",264
"INET133","2",8,"rest","sub-INET133_ses-2_task-rest_desc-framenums_fFD.txt","/Volumes/illinois-las-psych-gratton/iNetworks/Nifti/derivatives/preproc_fmriprep-24.1.1/sub-INET133/ses-2/func/FD_outputs/sub-INET133_ses-2_task-rest_desc-framenums_fFD.txt",265
"INET133","3",1,"rest","sub-INET133_ses-3_task-rest_desc-framenums_fFD.txt","/Volumes/illinois-las-psych-gratton/iNetworks/Nifti/derivatives/preproc_fmriprep-24.1.1/sub-INET133/ses-3/func/FD_outputs/sub-INET133_ses-3_task-rest_desc-framenums_fFD.txt",264
"INET133","3",2,"rest","sub-INET133_ses-3_task-rest_desc-framenums_fFD.txt","/Volumes/illinois-las-psych-gratton/iNetworks/Nifti/derivatives/preproc_fmriprep-24.1.1/sub-INET133/ses-3/func/FD_outputs/sub-INET133_ses-3_task-rest_desc-framenums_fFD.txt",264
"INET133","3",3,"rest","sub-INET133_ses-3_task-rest_desc-framenums_fFD.txt","/Volumes/illinois-las-psych-gratton/iNetworks/Nifti/derivatives/preproc_fmriprep-24.1.1/sub-INET133/ses-3/func/FD_outputs/sub-INET133_ses-3_task-rest_desc-framenums_fFD.txt",265
"INET133","3",4,"rest","sub-INET133_ses-3_task-rest_desc-framenums_fFD.txt","/Volumes/illinois-las-psych-gratton/iNetworks/Nifti/derivatives/preproc_fmriprep-24.1.1/sub-INET133/ses-3/func/FD_outputs/sub-INET133_ses-3_task-rest_desc-framenums_fFD.txt",265
"INET133","3",5,"rest","sub-INET133_ses-3_task-rest_desc-framenums_fFD.txt","/Volumes/illinois-las-psych-gratton/iNetworks/Nifti/derivatives/preproc_fmriprep-24.1.1/sub-INET133/ses-3/func/FD_outputs/sub-INET133_ses-3_task-rest_desc-framenums_fFD.txt",260
"INET133","3",6,"rest","sub-INET133_ses-3_task-rest_desc-framenums_fFD.txt","/Volumes/illinois-las-psych-gratton/iNetworks/Nifti/derivatives/preproc_fmriprep-24.1.1/sub-INET133/ses-3/func/FD_outputs/sub-INET133_ses-3_task-rest_desc-framenums_fFD.txt",250
"INET133","3",7,"rest","sub-INET133_ses-3_task-rest_desc-framenums_fFD.txt","/Volumes/illinois-las-psych-gratton/iNetworks/Nifti/derivatives/preproc_fmriprep-24.1.1/sub-INET133/ses-3/func/FD_outputs/sub-INET133_ses-3_task-rest_desc-framenums_fFD.txt",264
"INET133","4",1,"rest","sub-INET133_ses-4_task-rest_desc-framenums_fFD.txt","/Volumes/illinois-las-psych-gratton/iNetworks/Nifti/derivatives/preproc_fmriprep-24.1.1/sub-INET133/ses-4/func/FD_outputs/sub-INET133_ses-4_task-rest_desc-framenums_fFD.txt",264
"INET133","4",2,"rest","sub-INET133_ses-4_task-rest_desc-framenums_fFD.txt","/Volumes/illinois-las-psych-gratton/iNetworks/Nifti/derivatives/preproc_fmriprep-24.1.1/sub-INET133/ses-4/func/FD_outputs/sub-INET133_ses-4_task-rest_desc-framenums_fFD.txt",264
"INET133","4",3,"rest","sub-INET133_ses-4_task-rest_desc-framenums_fFD.txt","/Volumes/illinois-las-psych-gratton/iNetworks/Nifti/derivatives/preproc_fmriprep-24.1.1/sub-INET133/ses-4/func/FD_outputs/sub-INET133_ses-4_task-rest_desc-framenums_fFD.txt",265
"INET133","4",4,"rest","sub-INET133_ses-4_task-rest_desc-framenums_fFD.txt","/Volumes/illinois-las-psych-gratton/iNetworks/Nifti/derivatives/preproc_fmriprep-24.1.1/sub-INET133/ses-4/func/FD_outputs/sub-INET133_ses-4_task-rest_desc-framenums_fFD.txt",265
"INET133","4",5,"rest","sub-INET133_ses-4_task-rest_desc-framenums_fFD.txt","/Volumes/illinois-las-psych-gratton/iNetworks/Nifti/derivatives/preproc_fmriprep-24.1.1/sub-INET133/ses-4/func/FD_outputs/sub-INET133_ses-4_task-rest_desc-framenums_fFD.txt",265
"INET133","4",6,"rest","sub-INET133_ses-4_task-rest_desc-framenums_fFD.txt","/Volumes/illinois-las-psych-gratton/iNetworks/Nifti/derivatives/preproc_fmriprep-24.1.1/sub-INET133/ses-4/func/FD_outputs/sub-INET133_ses-4_task-rest_desc-framenums_fFD.txt",265
"INET133","4",7,"rest","sub-INET133_ses-4_task-rest_desc-framenums_fFD.txt","/Volumes/illinois-las-psych-gratton/iNetworks/Nifti/derivatives/preproc_fmriprep-24.1.1/sub-INET133/ses-4/func/FD_outputs/sub-INET133_ses-4_task-rest_desc-framenums_fFD.txt",254
"INET133","4",8,"rest","sub-INET133_ses-4_task-rest_desc-framenums_fFD.txt","/Volumes/illinois-las-psych-gratton/iNetworks/Nifti/derivatives/preproc_fmriprep-24.1.1/sub-INET133/ses-4/func/FD_outputs/sub-INET133_ses-4_task-rest_desc-framenums_fFD.txt",265
"INET136","1",1,"rest","sub-INET136_ses-1_task-rest_desc-framenums_fFD.txt","/Volumes/illinois-las-psych-gratton/iNetworks/Nifti/derivatives/preproc_fmriprep-24.1.1/sub-INET136/ses-1/func/FD_outputs/sub-INET136_ses-1_task-rest_desc-framenums_fFD.txt",264
"INET136","1",2,"rest","sub-INET136_ses-1_task-rest_desc-framenums_fFD.txt","/Volumes/illinois-las-psych-gratton/iNetworks/Nifti/derivatives/preproc_fmriprep-24.1.1/sub-INET136/ses-1/func/FD_outputs/sub-INET136_ses-1_task-rest_desc-framenums_fFD.txt",262
"INET136","1",3,"rest","sub-INET136_ses-1_task-rest_desc-framenums_fFD.txt","/Volumes/illinois-las-psych-gratton/iNetworks/Nifti/derivatives/preproc_fmriprep-24.1.1/sub-INET136/ses-1/func/FD_outputs/sub-INET136_ses-1_task-rest_desc-framenums_fFD.txt",265
"INET136","1",4,"rest","sub-INET136_ses-1_task-rest_desc-framenums_fFD.txt","/Volumes/illinois-las-psych-gratton/iNetworks/Nifti/derivatives/preproc_fmriprep-24.1.1/sub-INET136/ses-1/func/FD_outputs/sub-INET136_ses-1_task-rest_desc-framenums_fFD.txt",265
"INET136","1",5,"rest","sub-INET136_ses-1_task-rest_desc-framenums_fFD.txt","/Volumes/illinois-las-psych-gratton/iNetworks/Nifti/derivatives/preproc_fmriprep-24.1.1/sub-INET136/ses-1/func/FD_outputs/sub-INET136_ses-1_task-rest_desc-framenums_fFD.txt",264
"INET136","1",6,"rest","sub-INET136_ses-1_task-rest_desc-framenums_fFD.txt","/Volumes/illinois-las-psych-gratton/iNetworks/Nifti/derivatives/preproc_fmriprep-24.1.1/sub-INET136/ses-1/func/FD_outputs/sub-INET136_ses-1_task-rest_desc-framenums_fFD.txt",265
"INET136","2",1,"rest","sub-INET136_ses-2_task-rest_desc-framenums_fFD.txt","/Volumes/illinois-las-psych-gratton/iNetworks/Nifti/derivatives/preproc_fmriprep-24.1.1/sub-INET136/ses-2/func/FD_outputs/sub-INET136_ses-2_task-rest_desc-framenums_fFD.txt",264
"INET136","2",2,"rest","sub-INET136_ses-2_task-rest_desc-framenums_fFD.txt","/Volumes/illinois-las-psych-gratton/iNetworks/Nifti/derivatives/preproc_fmriprep-24.1.1/sub-INET136/ses-2/func/FD_outputs/sub-INET136_ses-2_task-rest_desc-framenums_fFD.txt",257
"INET136","2",3,"rest","sub-INET136_ses-2_task-rest_desc-framenums_fFD.txt","/Volumes/illinois-las-psych-gratton/iNetworks/Nifti/derivatives/preproc_fmriprep-24.1.1/sub-INET136/ses-2/func/FD_outputs/sub-INET136_ses-2_task-rest_desc-framenums_fFD.txt",259
"INET136","2",4,"rest","sub-INET136_ses-2_task-rest_desc-framenums_fFD.txt","/Volumes/illinois-las-psych-gratton/iNetworks/Nifti/derivatives/preproc_fmriprep-24.1.1/sub-INET136/ses-2/func/FD_outputs/sub-INET136_ses-2_task-rest_desc-framenums_fFD.txt",265
"INET136","2",5,"rest","sub-INET136_ses-2_task-rest_desc-framenums_fFD.txt","/Volumes/illinois-las-psych-gratton/iNetworks/Nifti/derivatives/preproc_fmriprep-24.1.1/sub-INET136/ses-2/func/FD_outputs/sub-INET136_ses-2_task-rest_desc-framenums_fFD.txt",263
"INET136","2",6,"rest","sub-INET136_ses-2_task-rest_desc-framenums_fFD.txt","/Volumes/illinois-las-psych-gratton/iNetworks/Nifti/derivatives/preproc_fmriprep-24.1.1/sub-INET136/ses-2/func/FD_outputs/sub-INET136_ses-2_task-rest_desc-framenums_fFD.txt",255
"INET136","2",7,"rest","sub-INET136_ses-2_task-rest_desc-framenums_fFD.txt","/Volumes/illinois-las-psych-gratton/iNetworks/Nifti/derivatives/preproc_fmriprep-24.1.1/sub-INET136/ses-2/func/FD_outputs/sub-INET136_ses-2_task-rest_desc-framenums_fFD.txt",256
"INET136","3",1,"rest","sub-INET136_ses-3_task-rest_desc-framenums_fFD.txt","/Volumes/illinois-las-psych-gratton/iNetworks/Nifti/derivatives/preproc_fmriprep-24.1.1/sub-INET136/ses-3/func/FD_outputs/sub-INET136_ses-3_task-rest_desc-framenums_fFD.txt",263
"INET136","3",2,"rest","sub-INET136_ses-3_task-rest_desc-framenums_fFD.txt","/Volumes/illinois-las-psych-gratton/iNetworks/Nifti/derivatives/preproc_fmriprep-24.1.1/sub-INET136/ses-3/func/FD_outputs/sub-INET136_ses-3_task-rest_desc-framenums_fFD.txt",261
"INET136","3",3,"rest","sub-INET136_ses-3_task-rest_desc-framenums_fFD.txt","/Volumes/illinois-las-psych-gratton/iNetworks/Nifti/derivatives/preproc_fmriprep-24.1.1/sub-INET136/ses-3/func/FD_outputs/sub-INET136_ses-3_task-rest_desc-framenums_fFD.txt",263
"INET136","3",4,"rest","sub-INET136_ses-3_task-rest_desc-framenums_fFD.txt","/Volumes/illinois-las-psych-gratton/iNetworks/Nifti/derivatives/preproc_fmriprep-24.1.1/sub-INET136/ses-3/func/FD_outputs/sub-INET136_ses-3_task-rest_desc-framenums_fFD.txt",258
"INET136","3",5,"rest","sub-INET136_ses-3_task-rest_desc-framenums_fFD.txt","/Volumes/illinois-las-psych-gratton/iNetworks/Nifti/derivatives/preproc_fmriprep-24.1.1/sub-INET136/ses-3/func/FD_outputs/sub-INET136_ses-3_task-rest_desc-framenums_fFD.txt",241
"INET136","3",6,"rest","sub-INET136_ses-3_task-rest_desc-framenums_fFD.txt","/Volumes/illinois-las-psych-gratton/iNetworks/Nifti/derivatives/preproc_fmriprep-24.1.1/sub-INET136/ses-3/func/FD_outputs/sub-INET136_ses-3_task-rest_desc-framenums_fFD.txt",263
"INET136","3",7,"rest","sub-INET136_ses-3_task-rest_desc-framenums_fFD.txt","/Volumes/illinois-las-psych-gratton/iNetworks/Nifti/derivatives/preproc_fmriprep-24.1.1/sub-INET136/ses-3/func/FD_outputs/sub-INET136_ses-3_task-rest_desc-framenums_fFD.txt",254
"INET136","3",8,"rest","sub-INET136_ses-3_task-rest_desc-framenums_fFD.txt","/Volumes/illinois-las-psych-gratton/iNetworks/Nifti/derivatives/preproc_fmriprep-24.1.1/sub-INET136/ses-3/func/FD_outputs/sub-INET136_ses-3_task-rest_desc-framenums_fFD.txt",250
"INET136","4",1,"rest","sub-INET136_ses-4_task-rest_desc-framenums_fFD.txt","/Volumes/illinois-las-psych-gratton/iNetworks/Nifti/derivatives/preproc_fmriprep-24.1.1/sub-INET136/ses-4/func/FD_outputs/sub-INET136_ses-4_task-rest_desc-framenums_fFD.txt",256
"INET136","4",2,"rest","sub-INET136_ses-4_task-rest_desc-framenums_fFD.txt","/Volumes/illinois-las-psych-gratton/iNetworks/Nifti/derivatives/preproc_fmriprep-24.1.1/sub-INET136/ses-4/func/FD_outputs/sub-INET136_ses-4_task-rest_desc-framenums_fFD.txt",263
"INET136","4",3,"rest","sub-INET136_ses-4_task-rest_desc-framenums_fFD.txt","/Volumes/illinois-las-psych-gratton/iNetworks/Nifti/derivatives/preproc_fmriprep-24.1.1/sub-INET136/ses-4/func/FD_outputs/sub-INET136_ses-4_task-rest_desc-framenums_fFD.txt",248
"INET136","4",4,"rest","sub-INET136_ses-4_task-rest_desc-framenums_fFD.txt","/Volumes/illinois-las-psych-gratton/iNetworks/Nifti/derivatives/preproc_fmriprep-24.1.1/sub-INET136/ses-4/func/FD_outputs/sub-INET136_ses-4_task-rest_desc-framenums_fFD.txt",248
"INET136","4",5,"rest","sub-INET136_ses-4_task-rest_desc-framenums_fFD.txt","/Volumes/illinois-las-psych-gratton/iNetworks/Nifti/derivatives/preproc_fmriprep-24.1.1/sub-INET136/ses-4/func/FD_outputs/sub-INET136_ses-4_task-rest_desc-framenums_fFD.txt",236
"INET136","4",6,"rest","sub-INET136_ses-4_task-rest_desc-framenums_fFD.txt","/Volumes/illinois-las-psych-gratton/iNetworks/Nifti/derivatives/preproc_fmriprep-24.1.1/sub-INET136/ses-4/func/FD_outputs/sub-INET136_ses-4_task-rest_desc-framenums_fFD.txt",242
"INET136","4",7,"rest","sub-INET136_ses-4_task-rest_desc-framenums_fFD.txt","/Volumes/illinois-las-psych-gratton/iNetworks/Nifti/derivatives/preproc_fmriprep-24.1.1/sub-INET136/ses-4/func/FD_outputs/sub-INET136_ses-4_task-rest_desc-framenums_fFD.txt",241
"INET136","4",8,"rest","sub-INET136_ses-4_task-rest_desc-framenums_fFD.txt","/Volumes/illinois-las-psych-gratton/iNetworks/Nifti/derivatives/preproc_fmriprep-24.1.1/sub-INET136/ses-4/func/FD_outputs/sub-INET136_ses-4_task-rest_desc-framenums_fFD.txt",264
"INET137","1",1,"rest","sub-INET137_ses-1_task-rest_desc-framenums_fFD.txt","/Volumes/illinois-las-psych-gratton/iNetworks/Nifti/derivatives/preproc_fmriprep-24.1.1/sub-INET137/ses-1/func/FD_outputs/sub-INET137_ses-1_task-rest_desc-framenums_fFD.txt",262
"INET137","1",2,"rest","sub-INET137_ses-1_task-rest_desc-framenums_fFD.txt","/Volumes/illinois-las-psych-gratton/iNetworks/Nifti/derivatives/preproc_fmriprep-24.1.1/sub-INET137/ses-1/func/FD_outputs/sub-INET137_ses-1_task-rest_desc-framenums_fFD.txt",263
"INET137","1",3,"rest","sub-INET137_ses-1_task-rest_desc-framenums_fFD.txt","/Volumes/illinois-las-psych-gratton/iNetworks/Nifti/derivatives/preproc_fmriprep-24.1.1/sub-INET137/ses-1/func/FD_outputs/sub-INET137_ses-1_task-rest_desc-framenums_fFD.txt",252
"INET137","1",4,"rest","sub-INET137_ses-1_task-rest_desc-framenums_fFD.txt","/Volumes/illinois-las-psych-gratton/iNetworks/Nifti/derivatives/preproc_fmriprep-24.1.1/sub-INET137/ses-1/func/FD_outputs/sub-INET137_ses-1_task-rest_desc-framenums_fFD.txt",222
"INET137","1",5,"rest","sub-INET137_ses-1_task-rest_desc-framenums_fFD.txt","/Volumes/illinois-las-psych-gratton/iNetworks/Nifti/derivatives/preproc_fmriprep-24.1.1/sub-INET137/ses-1/func/FD_outputs/sub-INET137_ses-1_task-rest_desc-framenums_fFD.txt",184
"INET137","1",6,"rest","sub-INET137_ses-1_task-rest_desc-framenums_fFD.txt","/Volumes/illinois-las-psych-gratton/iNetworks/Nifti/derivatives/preproc_fmriprep-24.1.1/sub-INET137/ses-1/func/FD_outputs/sub-INET137_ses-1_task-rest_desc-framenums_fFD.txt",168
"INET137","1",7,"rest","sub-INET137_ses-1_task-rest_desc-framenums_fFD.txt","/Volumes/illinois-las-psych-gratton/iNetworks/Nifti/derivatives/preproc_fmriprep-24.1.1/sub-INET137/ses-1/func/FD_outputs/sub-INET137_ses-1_task-rest_desc-framenums_fFD.txt",256
"INET137","2",1,"rest","sub-INET137_ses-2_task-rest_desc-framenums_fFD.txt","/Volumes/illinois-las-psych-gratton/iNetworks/Nifti/derivatives/preproc_fmriprep-24.1.1/sub-INET137/ses-2/func/FD_outputs/sub-INET137_ses-2_task-rest_desc-framenums_fFD.txt",264
"INET137","2",2,"rest","sub-INET137_ses-2_task-rest_desc-framenums_fFD.txt","/Volumes/illinois-las-psych-gratton/iNetworks/Nifti/derivatives/preproc_fmriprep-24.1.1/sub-INET137/ses-2/func/FD_outputs/sub-INET137_ses-2_task-rest_desc-framenums_fFD.txt",262
"INET137","2",3,"rest","sub-INET137_ses-2_task-rest_desc-framenums_fFD.txt","/Volumes/illinois-las-psych-gratton/iNetworks/Nifti/derivatives/preproc_fmriprep-24.1.1/sub-INET137/ses-2/func/FD_outputs/sub-INET137_ses-2_task-rest_desc-framenums_fFD.txt",260
"INET137","2",4,"rest","sub-INET137_ses-2_task-rest_desc-framenums_fFD.txt","/Volumes/illinois-las-psych-gratton/iNetworks/Nifti/derivatives/preproc_fmriprep-24.1.1/sub-INET137/ses-2/func/FD_outputs/sub-INET137_ses-2_task-rest_desc-framenums_fFD.txt",260
"INET137","2",5,"rest","sub-INET137_ses-2_task-rest_desc-framenums_fFD.txt","/Volumes/illinois-las-psych-gratton/iNetworks/Nifti/derivatives/preproc_fmriprep-24.1.1/sub-INET137/ses-2/func/FD_outputs/sub-INET137_ses-2_task-rest_desc-framenums_fFD.txt",231
"INET137","2",6,"rest","sub-INET137_ses-2_task-rest_desc-framenums_fFD.txt","/Volumes/illinois-las-psych-gratton/iNetworks/Nifti/derivatives/preproc_fmriprep-24.1.1/sub-INET137/ses-2/func/FD_outputs/sub-INET137_ses-2_task-rest_desc-framenums_fFD.txt",228
"INET137","2",7,"rest","sub-INET137_ses-2_task-rest_desc-framenums_fFD.txt","/Volumes/illinois-las-psych-gratton/iNetworks/Nifti/derivatives/preproc_fmriprep-24.1.1/sub-INET137/ses-2/func/FD_outputs/sub-INET137_ses-2_task-rest_desc-framenums_fFD.txt",241
"INET137","2",8,"rest","sub-INET137_ses-2_task-rest_desc-framenums_fFD.txt","/Volumes/illinois-las-psych-gratton/iNetworks/Nifti/derivatives/preproc_fmriprep-24.1.1/sub-INET137/ses-2/func/FD_outputs/sub-INET137_ses-2_task-rest_desc-framenums_fFD.txt",262
"INET137","3",1,"rest","sub-INET137_ses-3_task-rest_desc-framenums_fFD.txt","/Volumes/illinois-las-psych-gratton/iNetworks/Nifti/derivatives/preproc_fmriprep-24.1.1/sub-INET137/ses-3/func/FD_outputs/sub-INET137_ses-3_task-rest_desc-framenums_fFD.txt",263
"INET137","3",2,"rest","sub-INET137_ses-3_task-rest_desc-framenums_fFD.txt","/Volumes/illinois-las-psych-gratton/iNetworks/Nifti/derivatives/preproc_fmriprep-24.1.1/sub-INET137/ses-3/func/FD_outputs/sub-INET137_ses-3_task-rest_desc-framenums_fFD.txt",262
"INET137","3",3,"rest","sub-INET137_ses-3_task-rest_desc-framenums_fFD.txt","/Volumes/illinois-las-psych-gratton/iNetworks/Nifti/derivatives/preproc_fmriprep-24.1.1/sub-INET137/ses-3/func/FD_outputs/sub-INET137_ses-3_task-rest_desc-framenums_fFD.txt",252
"INET137","3",4,"rest","sub-INET137_ses-3_task-rest_desc-framenums_fFD.txt","/Volumes/illinois-las-psych-gratton/iNetworks/Nifti/derivatives/preproc_fmriprep-24.1.1/sub-INET137/ses-3/func/FD_outputs/sub-INET137_ses-3_task-rest_desc-framenums_fFD.txt",260
"INET137","3",5,"rest","sub-INET137_ses-3_task-rest_desc-framenums_fFD.txt","/Volumes/illinois-las-psych-gratton/iNetworks/Nifti/derivatives/preproc_fmriprep-24.1.1/sub-INET137/ses-3/func/FD_outputs/sub-INET137_ses-3_task-rest_desc-framenums_fFD.txt",247
"INET137","3",6,"rest","sub-INET137_ses-3_task-rest_desc-framenums_fFD.txt","/Volumes/illinois-las-psych-gratton/iNetworks/Nifti/derivatives/preproc_fmriprep-24.1.1/sub-INET137/ses-3/func/FD_outputs/sub-INET137_ses-3_task-rest_desc-framenums_fFD.txt",252
"INET137","3",7,"rest","sub-INET137_ses-3_task-rest_desc-framenums_fFD.txt","/Volumes/illinois-las-psych-gratton/iNetworks/Nifti/derivatives/preproc_fmriprep-24.1.1/sub-INET137/ses-3/func/FD_outputs/sub-INET137_ses-3_task-rest_desc-framenums_fFD.txt",245
"INET137","4",1,"rest","sub-INET137_ses-4_task-rest_desc-framenums_fFD.txt","/Volumes/illinois-las-psych-gratton/iNetworks/Nifti/derivatives/preproc_fmriprep-24.1.1/sub-INET137/ses-4/func/FD_outputs/sub-INET137_ses-4_task-rest_desc-framenums_fFD.txt",258
"INET137","4",2,"rest","sub-INET137_ses-4_task-rest_desc-framenums_fFD.txt","/Volumes/illinois-las-psych-gratton/iNetworks/Nifti/derivatives/preproc_fmriprep-24.1.1/sub-INET137/ses-4/func/FD_outputs/sub-INET137_ses-4_task-rest_desc-framenums_fFD.txt",260
"INET137","4",3,"rest","sub-INET137_ses-4_task-rest_desc-framenums_fFD.txt","/Volumes/illinois-las-psych-gratton/iNetworks/Nifti/derivatives/preproc_fmriprep-24.1.1/sub-INET137/ses-4/func/FD_outputs/sub-INET137_ses-4_task-rest_desc-framenums_fFD.txt",241
"INET137","4",4,"rest","sub-INET137_ses-4_task-rest_desc-framenums_fFD.txt","/Volumes/illinois-las-psych-gratton/iNetworks/Nifti/derivatives/preproc_fmriprep-24.1.1/sub-INET137/ses-4/func/FD_outputs/sub-INET137_ses-4_task-rest_desc-framenums_fFD.txt",264
"INET137","4",5,"rest","sub-INET137_ses-4_task-rest_desc-framenums_fFD.txt","/Volumes/illinois-las-psych-gratton/iNetworks/Nifti/derivatives/preproc_fmriprep-24.1.1/sub-INET137/ses-4/func/FD_outputs/sub-INET137_ses-4_task-rest_desc-framenums_fFD.txt",133
"INET137","4",6,"rest","sub-INET137_ses-4_task-rest_desc-framenums_fFD.txt","/Volumes/illinois-las-psych-gratton/iNetworks/Nifti/derivatives/preproc_fmriprep-24.1.1/sub-INET137/ses-4/func/FD_outputs/sub-INET137_ses-4_task-rest_desc-framenums_fFD.txt",214
"INET137","4",7,"rest","sub-INET137_ses-4_task-rest_desc-framenums_fFD.txt","/Volumes/illinois-las-psych-gratton/iNetworks/Nifti/derivatives/preproc_fmriprep-24.1.1/sub-INET137/ses-4/func/FD_outputs/sub-INET137_ses-4_task-rest_desc-framenums_fFD.txt",173
"INET137","4",8,"rest","sub-INET137_ses-4_task-rest_desc-framenums_fFD.txt","/Volumes/illinois-las-psych-gratton/iNetworks/Nifti/derivatives/preproc_fmriprep-24.1.1/sub-INET137/ses-4/func/FD_outputs/sub-INET137_ses-4_task-rest_desc-framenums_fFD.txt",161
"INET140","1",1,"rest","sub-INET140_ses-1_task-rest_desc-framenums_fFD.txt","/Volumes/illinois-las-psych-gratton/iNetworks/Nifti/derivatives/preproc_fmriprep-24.1.1/sub-INET140/ses-1/func/FD_outputs/sub-INET140_ses-1_task-rest_desc-framenums_fFD.txt",243
"INET140","1",2,"rest","sub-INET140_ses-1_task-rest_desc-framenums_fFD.txt","/Volumes/illinois-las-psych-gratton/iNetworks/Nifti/derivatives/preproc_fmriprep-24.1.1/sub-INET140/ses-1/func/FD_outputs/sub-INET140_ses-1_task-rest_desc-framenums_fFD.txt",215
"INET140","1",3,"rest","sub-INET140_ses-1_task-rest_desc-framenums_fFD.txt","/Volumes/illinois-las-psych-gratton/iNetworks/Nifti/derivatives/preproc_fmriprep-24.1.1/sub-INET140/ses-1/func/FD_outputs/sub-INET140_ses-1_task-rest_desc-framenums_fFD.txt",171
"INET140","1",4,"rest","sub-INET140_ses-1_task-rest_desc-framenums_fFD.txt","/Volumes/illinois-las-psych-gratton/iNetworks/Nifti/derivatives/preproc_fmriprep-24.1.1/sub-INET140/ses-1/func/FD_outputs/sub-INET140_ses-1_task-rest_desc-framenums_fFD.txt",181
"INET140","1",5,"rest","sub-INET140_ses-1_task-rest_desc-framenums_fFD.txt","/Volumes/illinois-las-psych-gratton/iNetworks/Nifti/derivatives/preproc_fmriprep-24.1.1/sub-INET140/ses-1/func/FD_outputs/sub-INET140_ses-1_task-rest_desc-framenums_fFD.txt",125
"INET140","1",6,"rest","sub-INET140_ses-1_task-rest_desc-framenums_fFD.txt","/Volumes/illinois-las-psych-gratton/iNetworks/Nifti/derivatives/preproc_fmriprep-24.1.1/sub-INET140/ses-1/func/FD_outputs/sub-INET140_ses-1_task-rest_desc-framenums_fFD.txt",142
"INET140","2",1,"rest","sub-INET140_ses-2_task-rest_desc-framenums_fFD.txt","/Volumes/illinois-las-psych-gratton/iNetworks/Nifti/derivatives/preproc_fmriprep-24.1.1/sub-INET140/ses-2/func/FD_outputs/sub-INET140_ses-2_task-rest_desc-framenums_fFD.txt",234
"INET140","2",2,"rest","sub-INET140_ses-2_task-rest_desc-framenums_fFD.txt","/Volumes/illinois-las-psych-gratton/iNetworks/Nifti/derivatives/preproc_fmriprep-24.1.1/sub-INET140/ses-2/func/FD_outputs/sub-INET140_ses-2_task-rest_desc-framenums_fFD.txt",217
"INET140","2",3,"rest","sub-INET140_ses-2_task-rest_desc-framenums_fFD.txt","/Volumes/illinois-las-psych-gratton/iNetworks/Nifti/derivatives/preproc_fmriprep-24.1.1/sub-INET140/ses-2/func/FD_outputs/sub-INET140_ses-2_task-rest_desc-framenums_fFD.txt",216
"INET140","2",4,"rest","sub-INET140_ses-2_task-rest_desc-framenums_fFD.txt","/Volumes/illinois-las-psych-gratton/iNetworks/Nifti/derivatives/preproc_fmriprep-24.1.1/sub-INET140/ses-2/func/FD_outputs/sub-INET140_ses-2_task-rest_desc-framenums_fFD.txt",208
"INET140","2",5,"rest","sub-INET140_ses-2_task-rest_desc-framenums_fFD.txt","/Volumes/illinois-las-psych-gratton/iNetworks/Nifti/derivatives/preproc_fmriprep-24.1.1/sub-INET140/ses-2/func/FD_outputs/sub-INET140_ses-2_task-rest_desc-framenums_fFD.txt",206
"INET140","2",6,"rest","sub-INET140_ses-2_task-rest_desc-framenums_fFD.txt","/Volumes/illinois-las-psych-gratton/iNetworks/Nifti/derivatives/preproc_fmriprep-24.1.1/sub-INET140/ses-2/func/FD_outputs/sub-INET140_ses-2_task-rest_desc-framenums_fFD.txt",200
"INET140","2",7,"rest","sub-INET140_ses-2_task-rest_desc-framenums_fFD.txt","/Volumes/illinois-las-psych-gratton/iNetworks/Nifti/derivatives/preproc_fmriprep-24.1.1/sub-INET140/ses-2/func/FD_outputs/sub-INET140_ses-2_task-rest_desc-framenums_fFD.txt",181
"INET140","3",1,"rest","sub-INET140_ses-3_task-rest_desc-framenums_fFD.txt","/Volumes/illinois-las-psych-gratton/iNetworks/Nifti/derivatives/preproc_fmriprep-24.1.1/sub-INET140/ses-3/func/FD_outputs/sub-INET140_ses-3_task-rest_desc-framenums_fFD.txt",206
"INET140","3",2,"rest","sub-INET140_ses-3_task-rest_desc-framenums_fFD.txt","/Volumes/illinois-las-psych-gratton/iNetworks/Nifti/derivatives/preproc_fmriprep-24.1.1/sub-INET140/ses-3/func/FD_outputs/sub-INET140_ses-3_task-rest_desc-framenums_fFD.txt",165
"INET140","3",3,"rest","sub-INET140_ses-3_task-rest_desc-framenums_fFD.txt","/Volumes/illinois-las-psych-gratton/iNetworks/Nifti/derivatives/preproc_fmriprep-24.1.1/sub-INET140/ses-3/func/FD_outputs/sub-INET140_ses-3_task-rest_desc-framenums_fFD.txt",211
"INET140","3",4,"rest","sub-INET140_ses-3_task-rest_desc-framenums_fFD.txt","/Volumes/illinois-las-psych-gratton/iNetworks/Nifti/derivatives/preproc_fmriprep-24.1.1/sub-INET140/ses-3/func/FD_outputs/sub-INET140_ses-3_task-rest_desc-framenums_fFD.txt",220
"INET140","3",5,"rest","sub-INET140_ses-3_task-rest_desc-framenums_fFD.txt","/Volumes/illinois-las-psych-gratton/iNetworks/Nifti/derivatives/preproc_fmriprep-24.1.1/sub-INET140/ses-3/func/FD_outputs/sub-INET140_ses-3_task-rest_desc-framenums_fFD.txt",186
"INET140","3",6,"rest","sub-INET140_ses-3_task-rest_desc-framenums_fFD.txt","/Volumes/illinois-las-psych-gratton/iNetworks/Nifti/derivatives/preproc_fmriprep-24.1.1/sub-INET140/ses-3/func/FD_outputs/sub-INET140_ses-3_task-rest_desc-framenums_fFD.txt",204
"INET140","3",7,"rest","sub-INET140_ses-3_task-rest_desc-framenums_fFD.txt","/Volumes/illinois-las-psych-gratton/iNetworks/Nifti/derivatives/preproc_fmriprep-24.1.1/sub-INET140/ses-3/func/FD_outputs/sub-INET140_ses-3_task-rest_desc-framenums_fFD.txt",217
"INET140","4",1,"rest","sub-INET140_ses-4_task-rest_desc-framenums_fFD.txt","/Volumes/illinois-las-psych-gratton/iNetworks/Nifti/derivatives/preproc_fmriprep-24.1.1/sub-INET140/ses-4/func/FD_outputs/sub-INET140_ses-4_task-rest_desc-framenums_fFD.txt",263
"INET140","4",2,"rest","sub-INET140_ses-4_task-rest_desc-framenums_fFD.txt","/Volumes/illinois-las-psych-gratton/iNetworks/Nifti/derivatives/preproc_fmriprep-24.1.1/sub-INET140/ses-4/func/FD_outputs/sub-INET140_ses-4_task-rest_desc-framenums_fFD.txt",253
"INET140","4",3,"rest","sub-INET140_ses-4_task-rest_desc-framenums_fFD.txt","/Volumes/illinois-las-psych-gratton/iNetworks/Nifti/derivatives/preproc_fmriprep-24.1.1/sub-INET140/ses-4/func/FD_outputs/sub-INET140_ses-4_task-rest_desc-framenums_fFD.txt",237
"INET140","4",4,"rest","sub-INET140_ses-4_task-rest_desc-framenums_fFD.txt","/Volumes/illinois-las-psych-gratton/iNetworks/Nifti/derivatives/preproc_fmriprep-24.1.1/sub-INET140/ses-4/func/FD_outputs/sub-INET140_ses-4_task-rest_desc-framenums_fFD.txt",244
"INET140","4",5,"rest","sub-INET140_ses-4_task-rest_desc-framenums_fFD.txt","/Volumes/illinois-las-psych-gratton/iNetworks/Nifti/derivatives/preproc_fmriprep-24.1.1/sub-INET140/ses-4/func/FD_outputs/sub-INET140_ses-4_task-rest_desc-framenums_fFD.txt",249
"INET140","4",6,"rest","sub-INET140_ses-4_task-rest_desc-framenums_fFD.txt","/Volumes/illinois-las-psych-gratton/iNetworks/Nifti/derivatives/preproc_fmriprep-24.1.1/sub-INET140/ses-4/func/FD_outputs/sub-INET140_ses-4_task-rest_desc-framenums_fFD.txt",234
"INET140","4",7,"rest","sub-INET140_ses-4_task-rest_desc-framenums_fFD.txt","/Volumes/illinois-las-psych-gratton/iNetworks/Nifti/derivatives/preproc_fmriprep-24.1.1/sub-INET140/ses-4/func/FD_outputs/sub-INET140_ses-4_task-rest_desc-framenums_fFD.txt",214
"INET141","1",1,"rest","sub-INET141_ses-1_task-rest_desc-framenums_fFD.txt","/Volumes/illinois-las-psych-gratton/iNetworks/Nifti/derivatives/preproc_fmriprep-24.1.1/sub-INET141/ses-1/func/FD_outputs/sub-INET141_ses-1_task-rest_desc-framenums_fFD.txt",252
"INET141","1",2,"rest","sub-INET141_ses-1_task-rest_desc-framenums_fFD.txt","/Volumes/illinois-las-psych-gratton/iNetworks/Nifti/derivatives/preproc_fmriprep-24.1.1/sub-INET141/ses-1/func/FD_outputs/sub-INET141_ses-1_task-rest_desc-framenums_fFD.txt",257
"INET141","1",3,"rest","sub-INET141_ses-1_task-rest_desc-framenums_fFD.txt","/Volumes/illinois-las-psych-gratton/iNetworks/Nifti/derivatives/preproc_fmriprep-24.1.1/sub-INET141/ses-1/func/FD_outputs/sub-INET141_ses-1_task-rest_desc-framenums_fFD.txt",240
"INET141","1",4,"rest","sub-INET141_ses-1_task-rest_desc-framenums_fFD.txt","/Volumes/illinois-las-psych-gratton/iNetworks/Nifti/derivatives/preproc_fmriprep-24.1.1/sub-INET141/ses-1/func/FD_outputs/sub-INET141_ses-1_task-rest_desc-framenums_fFD.txt",177
"INET141","1",5,"rest","sub-INET141_ses-1_task-rest_desc-framenums_fFD.txt","/Volumes/illinois-las-psych-gratton/iNetworks/Nifti/derivatives/preproc_fmriprep-24.1.1/sub-INET141/ses-1/func/FD_outputs/sub-INET141_ses-1_task-rest_desc-framenums_fFD.txt",130
"INET141","1",6,"rest","sub-INET141_ses-1_task-rest_desc-framenums_fFD.txt","/Volumes/illinois-las-psych-gratton/iNetworks/Nifti/derivatives/preproc_fmriprep-24.1.1/sub-INET141/ses-1/func/FD_outputs/sub-INET141_ses-1_task-rest_desc-framenums_fFD.txt",91
"INET141","1",7,"rest","sub-INET141_ses-1_task-rest_desc-framenums_fFD.txt","/Volumes/illinois-las-psych-gratton/iNetworks/Nifti/derivatives/preproc_fmriprep-24.1.1/sub-INET141/ses-1/func/FD_outputs/sub-INET141_ses-1_task-rest_desc-framenums_fFD.txt",255
"INET141","2",1,"rest","sub-INET141_ses-2_task-rest_desc-framenums_fFD.txt","/Volumes/illinois-las-psych-gratton/iNetworks/Nifti/derivatives/preproc_fmriprep-24.1.1/sub-INET141/ses-2/func/FD_outputs/sub-INET141_ses-2_task-rest_desc-framenums_fFD.txt",263
"INET141","2",2,"rest","sub-INET141_ses-2_task-rest_desc-framenums_fFD.txt","/Volumes/illinois-las-psych-gratton/iNetworks/Nifti/derivatives/preproc_fmriprep-24.1.1/sub-INET141/ses-2/func/FD_outputs/sub-INET141_ses-2_task-rest_desc-framenums_fFD.txt",261
"INET141","2",3,"rest","sub-INET141_ses-2_task-rest_desc-framenums_fFD.txt","/Volumes/illinois-las-psych-gratton/iNetworks/Nifti/derivatives/preproc_fmriprep-24.1.1/sub-INET141/ses-2/func/FD_outputs/sub-INET141_ses-2_task-rest_desc-framenums_fFD.txt",260
"INET141","2",4,"rest","sub-INET141_ses-2_task-rest_desc-framenums_fFD.txt","/Volumes/illinois-las-psych-gratton/iNetworks/Nifti/derivatives/preproc_fmriprep-24.1.1/sub-INET141/ses-2/func/FD_outputs/sub-INET141_ses-2_task-rest_desc-framenums_fFD.txt",264
"INET141","2",5,"rest","sub-INET141_ses-2_task-rest_desc-framenums_fFD.txt","/Volumes/illinois-las-psych-gratton/iNetworks/Nifti/derivatives/preproc_fmriprep-24.1.1/sub-INET141/ses-2/func/FD_outputs/sub-INET141_ses-2_task-rest_desc-framenums_fFD.txt",220
"INET141","2",6,"rest","sub-INET141_ses-2_task-rest_desc-framenums_fFD.txt","/Volumes/illinois-las-psych-gratton/iNetworks/Nifti/derivatives/preproc_fmriprep-24.1.1/sub-INET141/ses-2/func/FD_outputs/sub-INET141_ses-2_task-rest_desc-framenums_fFD.txt",260
"INET141","2",7,"rest","sub-INET141_ses-2_task-rest_desc-framenums_fFD.txt","/Volumes/illinois-las-psych-gratton/iNetworks/Nifti/derivatives/preproc_fmriprep-24.1.1/sub-INET141/ses-2/func/FD_outputs/sub-INET141_ses-2_task-rest_desc-framenums_fFD.txt",252
"INET141","3",1,"rest","sub-INET141_ses-3_task-rest_desc-framenums_fFD.txt","/Volumes/illinois-las-psych-gratton/iNetworks/Nifti/derivatives/preproc_fmriprep-24.1.1/sub-INET141/ses-3/func/FD_outputs/sub-INET141_ses-3_task-rest_desc-framenums_fFD.txt",263
"INET141","3",2,"rest","sub-INET141_ses-3_task-rest_desc-framenums_fFD.txt","/Volumes/illinois-las-psych-gratton/iNetworks/Nifti/derivatives/preproc_fmriprep-24.1.1/sub-INET141/ses-3/func/FD_outputs/sub-INET141_ses-3_task-rest_desc-framenums_fFD.txt",254
"INET141","3",3,"rest","sub-INET141_ses-3_task-rest_desc-framenums_fFD.txt","/Volumes/illinois-las-psych-gratton/iNetworks/Nifti/derivatives/preproc_fmriprep-24.1.1/sub-INET141/ses-3/func/FD_outputs/sub-INET141_ses-3_task-rest_desc-framenums_fFD.txt",262
"INET141","3",4,"rest","sub-INET141_ses-3_task-rest_desc-framenums_fFD.txt","/Volumes/illinois-las-psych-gratton/iNetworks/Nifti/derivatives/preproc_fmriprep-24.1.1/sub-INET141/ses-3/func/FD_outputs/sub-INET141_ses-3_task-rest_desc-framenums_fFD.txt",243
"INET141","3",5,"rest","sub-INET141_ses-3_task-rest_desc-framenums_fFD.txt","/Volumes/illinois-las-psych-gratton/iNetworks/Nifti/derivatives/preproc_fmriprep-24.1.1/sub-INET141/ses-3/func/FD_outputs/sub-INET141_ses-3_task-rest_desc-framenums_fFD.txt",253
"INET141","3",6,"rest","sub-INET141_ses-3_task-rest_desc-framenums_fFD.txt","/Volumes/illinois-las-psych-gratton/iNetworks/Nifti/derivatives/preproc_fmriprep-24.1.1/sub-INET141/ses-3/func/FD_outputs/sub-INET141_ses-3_task-rest_desc-framenums_fFD.txt",249
"INET141","3",7,"rest","sub-INET141_ses-3_task-rest_desc-framenums_fFD.txt","/Volumes/illinois-las-psych-gratton/iNetworks/Nifti/derivatives/preproc_fmriprep-24.1.1/sub-INET141/ses-3/func/FD_outputs/sub-INET141_ses-3_task-rest_desc-framenums_fFD.txt",230
"INET141","4",1,"rest","sub-INET141_ses-4_task-rest_desc-framenums_fFD.txt","/Volumes/illinois-las-psych-gratton/iNetworks/Nifti/derivatives/preproc_fmriprep-24.1.1/sub-INET141/ses-4/func/FD_outputs/sub-INET141_ses-4_task-rest_desc-framenums_fFD.txt",265
"INET141","4",2,"rest","sub-INET141_ses-4_task-rest_desc-framenums_fFD.txt","/Volumes/illinois-las-psych-gratton/iNetworks/Nifti/derivatives/preproc_fmriprep-24.1.1/sub-INET141/ses-4/func/FD_outputs/sub-INET141_ses-4_task-rest_desc-framenums_fFD.txt",260
"INET141","4",3,"rest","sub-INET141_ses-4_task-rest_desc-framenums_fFD.txt","/Volumes/illinois-las-psych-gratton/iNetworks/Nifti/derivatives/preproc_fmriprep-24.1.1/sub-INET141/ses-4/func/FD_outputs/sub-INET141_ses-4_task-rest_desc-framenums_fFD.txt",265
"INET141","4",4,"rest","sub-INET141_ses-4_task-rest_desc-framenums_fFD.txt","/Volumes/illinois-las-psych-gratton/iNetworks/Nifti/derivatives/preproc_fmriprep-24.1.1/sub-INET141/ses-4/func/FD_outputs/sub-INET141_ses-4_task-rest_desc-framenums_fFD.txt",265
"INET141","4",5,"rest","sub-INET141_ses-4_task-rest_desc-framenums_fFD.txt","/Volumes/illinois-las-psych-gratton/iNetworks/Nifti/derivatives/preproc_fmriprep-24.1.1/sub-INET141/ses-4/func/FD_outputs/sub-INET141_ses-4_task-rest_desc-framenums_fFD.txt",265
"INET141","4",6,"rest","sub-INET141_ses-4_task-rest_desc-framenums_fFD.txt","/Volumes/illinois-las-psych-gratton/iNetworks/Nifti/derivatives/preproc_fmriprep-24.1.1/sub-INET141/ses-4/func/FD_outputs/sub-INET141_ses-4_task-rest_desc-framenums_fFD.txt",264
"INET141","4",7,"rest","sub-INET141_ses-4_task-rest_desc-framenums_fFD.txt","/Volumes/illinois-las-psych-gratton/iNetworks/Nifti/derivatives/preproc_fmriprep-24.1.1/sub-INET141/ses-4/func/FD_outputs/sub-INET141_ses-4_task-rest_desc-framenums_fFD.txt",264
"INET141","4",8,"rest","sub-INET141_ses-4_task-rest_desc-framenums_fFD.txt","/Volumes/illinois-las-psych-gratton/iNetworks/Nifti/derivatives/preproc_fmriprep-24.1.1/sub-INET141/ses-4/func/FD_outputs/sub-INET141_ses-4_task-rest_desc-framenums_fFD.txt",264
"INET143","1",1,"rest","sub-INET143_ses-1_task-rest_desc-framenums_fFD.txt","/Volumes/illinois-las-psych-gratton/iNetworks/Nifti/derivatives/preproc_fmriprep-24.1.1/sub-INET143/ses-1/func/FD_outputs/sub-INET143_ses-1_task-rest_desc-framenums_fFD.txt",255
"INET143","1",2,"rest","sub-INET143_ses-1_task-rest_desc-framenums_fFD.txt","/Volumes/illinois-las-psych-gratton/iNetworks/Nifti/derivatives/preproc_fmriprep-24.1.1/sub-INET143/ses-1/func/FD_outputs/sub-INET143_ses-1_task-rest_desc-framenums_fFD.txt",186
"INET143","1",3,"rest","sub-INET143_ses-1_task-rest_desc-framenums_fFD.txt","/Volumes/illinois-las-psych-gratton/iNetworks/Nifti/derivatives/preproc_fmriprep-24.1.1/sub-INET143/ses-1/func/FD_outputs/sub-INET143_ses-1_task-rest_desc-framenums_fFD.txt",127
"INET143","1",4,"rest","sub-INET143_ses-1_task-rest_desc-framenums_fFD.txt","/Volumes/illinois-las-psych-gratton/iNetworks/Nifti/derivatives/preproc_fmriprep-24.1.1/sub-INET143/ses-1/func/FD_outputs/sub-INET143_ses-1_task-rest_desc-framenums_fFD.txt",61
"INET143","1",5,"rest","sub-INET143_ses-1_task-rest_desc-framenums_fFD.txt","/Volumes/illinois-las-psych-gratton/iNetworks/Nifti/derivatives/preproc_fmriprep-24.1.1/sub-INET143/ses-1/func/FD_outputs/sub-INET143_ses-1_task-rest_desc-framenums_fFD.txt",213
"INET143","1",6,"rest","sub-INET143_ses-1_task-rest_desc-framenums_fFD.txt","/Volumes/illinois-las-psych-gratton/iNetworks/Nifti/derivatives/preproc_fmriprep-24.1.1/sub-INET143/ses-1/func/FD_outputs/sub-INET143_ses-1_task-rest_desc-framenums_fFD.txt",187
"INET143","1",7,"rest","sub-INET143_ses-1_task-rest_desc-framenums_fFD.txt","/Volumes/illinois-las-psych-gratton/iNetworks/Nifti/derivatives/preproc_fmriprep-24.1.1/sub-INET143/ses-1/func/FD_outputs/sub-INET143_ses-1_task-rest_desc-framenums_fFD.txt",219
"INET143","2",1,"rest","sub-INET143_ses-2_task-rest_desc-framenums_fFD.txt","/Volumes/illinois-las-psych-gratton/iNetworks/Nifti/derivatives/preproc_fmriprep-24.1.1/sub-INET143/ses-2/func/FD_outputs/sub-INET143_ses-2_task-rest_desc-framenums_fFD.txt",252
"INET143","2",2,"rest","sub-INET143_ses-2_task-rest_desc-framenums_fFD.txt","/Volumes/illinois-las-psych-gratton/iNetworks/Nifti/derivatives/preproc_fmriprep-24.1.1/sub-INET143/ses-2/func/FD_outputs/sub-INET143_ses-2_task-rest_desc-framenums_fFD.txt",244
"INET143","2",3,"rest","sub-INET143_ses-2_task-rest_desc-framenums_fFD.txt","/Volumes/illinois-las-psych-gratton/iNetworks/Nifti/derivatives/preproc_fmriprep-24.1.1/sub-INET143/ses-2/func/FD_outputs/sub-INET143_ses-2_task-rest_desc-framenums_fFD.txt",195
"INET143","2",4,"rest","sub-INET143_ses-2_task-rest_desc-framenums_fFD.txt","/Volumes/illinois-las-psych-gratton/iNetworks/Nifti/derivatives/preproc_fmriprep-24.1.1/sub-INET143/ses-2/func/FD_outputs/sub-INET143_ses-2_task-rest_desc-framenums_fFD.txt",161
"INET143","2",5,"rest","sub-INET143_ses-2_task-rest_desc-framenums_fFD.txt","/Volumes/illinois-las-psych-gratton/iNetworks/Nifti/derivatives/preproc_fmriprep-24.1.1/sub-INET143/ses-2/func/FD_outputs/sub-INET143_ses-2_task-rest_desc-framenums_fFD.txt",229
"INET143","2",6,"rest","sub-INET143_ses-2_task-rest_desc-framenums_fFD.txt","/Volumes/illinois-las-psych-gratton/iNetworks/Nifti/derivatives/preproc_fmriprep-24.1.1/sub-INET143/ses-2/func/FD_outputs/sub-INET143_ses-2_task-rest_desc-framenums_fFD.txt",243
"INET143","2",7,"rest","sub-INET143_ses-2_task-rest_desc-framenums_fFD.txt","/Volumes/illinois-las-psych-gratton/iNetworks/Nifti/derivatives/preproc_fmriprep-24.1.1/sub-INET143/ses-2/func/FD_outputs/sub-INET143_ses-2_task-rest_desc-framenums_fFD.txt",191
"INET143","3",1,"rest","sub-INET143_ses-3_task-rest_desc-framenums_fFD.txt","/Volumes/illinois-las-psych-gratton/iNetworks/Nifti/derivatives/preproc_fmriprep-24.1.1/sub-INET143/ses-3/func/FD_outputs/sub-INET143_ses-3_task-rest_desc-framenums_fFD.txt",233
"INET143","3",2,"rest","sub-INET143_ses-3_task-rest_desc-framenums_fFD.txt","/Volumes/illinois-las-psych-gratton/iNetworks/Nifti/derivatives/preproc_fmriprep-24.1.1/sub-INET143/ses-3/func/FD_outputs/sub-INET143_ses-3_task-rest_desc-framenums_fFD.txt",255
"INET143","3",3,"rest","sub-INET143_ses-3_task-rest_desc-framenums_fFD.txt","/Volumes/illinois-las-psych-gratton/iNetworks/Nifti/derivatives/preproc_fmriprep-24.1.1/sub-INET143/ses-3/func/FD_outputs/sub-INET143_ses-3_task-rest_desc-framenums_fFD.txt",264
"INET143","3",4,"rest","sub-INET143_ses-3_task-rest_desc-framenums_fFD.txt","/Volumes/illinois-las-psych-gratton/iNetworks/Nifti/derivatives/preproc_fmriprep-24.1.1/sub-INET143/ses-3/func/FD_outputs/sub-INET143_ses-3_task-rest_desc-framenums_fFD.txt",200
"INET143","3",5,"rest","sub-INET143_ses-3_task-rest_desc-framenums_fFD.txt","/Volumes/illinois-las-psych-gratton/iNetworks/Nifti/derivatives/preproc_fmriprep-24.1.1/sub-INET143/ses-3/func/FD_outputs/sub-INET143_ses-3_task-rest_desc-framenums_fFD.txt",145
"INET143","3",6,"rest","sub-INET143_ses-3_task-rest_desc-framenums_fFD.txt","/Volumes/illinois-las-psych-gratton/iNetworks/Nifti/derivatives/preproc_fmriprep-24.1.1/sub-INET143/ses-3/func/FD_outputs/sub-INET143_ses-3_task-rest_desc-framenums_fFD.txt",223
"INET143","3",7,"rest","sub-INET143_ses-3_task-rest_desc-framenums_fFD.txt","/Volumes/illinois-las-psych-gratton/iNetworks/Nifti/derivatives/preproc_fmriprep-24.1.1/sub-INET143/ses-3/func/FD_outputs/sub-INET143_ses-3_task-rest_desc-framenums_fFD.txt",241
"INET143","3",8,"rest","sub-INET143_ses-3_task-rest_desc-framenums_fFD.txt","/Volumes/illinois-las-psych-gratton/iNetworks/Nifti/derivatives/preproc_fmriprep-24.1.1/sub-INET143/ses-3/func/FD_outputs/sub-INET143_ses-3_task-rest_desc-framenums_fFD.txt",185
"INET143","4",1,"rest","sub-INET143_ses-4_task-rest_desc-framenums_fFD.txt","/Volumes/illinois-las-psych-gratton/iNetworks/Nifti/derivatives/preproc_fmriprep-24.1.1/sub-INET143/ses-4/func/FD_outputs/sub-INET143_ses-4_task-rest_desc-framenums_fFD.txt",256
"INET143","4",2,"rest","sub-INET143_ses-4_task-rest_desc-framenums_fFD.txt","/Volumes/illinois-las-psych-gratton/iNetworks/Nifti/derivatives/preproc_fmriprep-24.1.1/sub-INET143/ses-4/func/FD_outputs/sub-INET143_ses-4_task-rest_desc-framenums_fFD.txt",247
"INET143","4",3,"rest","sub-INET143_ses-4_task-rest_desc-framenums_fFD.txt","/Volumes/illinois-las-psych-gratton/iNetworks/Nifti/derivatives/preproc_fmriprep-24.1.1/sub-INET143/ses-4/func/FD_outputs/sub-INET143_ses-4_task-rest_desc-framenums_fFD.txt",264
"INET143","4",4,"rest","sub-INET143_ses-4_task-rest_desc-framenums_fFD.txt","/Volumes/illinois-las-psych-gratton/iNetworks/Nifti/derivatives/preproc_fmriprep-24.1.1/sub-INET143/ses-4/func/FD_outputs/sub-INET143_ses-4_task-rest_desc-framenums_fFD.txt",244
"INET143","4",5,"rest","sub-INET143_ses-4_task-rest_desc-framenums_fFD.txt","/Volumes/illinois-las-psych-gratton/iNetworks/Nifti/derivatives/preproc_fmriprep-24.1.1/sub-INET143/ses-4/func/FD_outputs/sub-INET143_ses-4_task-rest_desc-framenums_fFD.txt",238
"INET143","4",6,"rest","sub-INET143_ses-4_task-rest_desc-framenums_fFD.txt","/Volumes/illinois-las-psych-gratton/iNetworks/Nifti/derivatives/preproc_fmriprep-24.1.1/sub-INET143/ses-4/func/FD_outputs/sub-INET143_ses-4_task-rest_desc-framenums_fFD.txt",240
"INET143","4",7,"rest","sub-INET143_ses-4_task-rest_desc-framenums_fFD.txt","/Volumes/illinois-las-psych-gratton/iNetworks/Nifti/derivatives/preproc_fmriprep-24.1.1/sub-INET143/ses-4/func/FD_outputs/sub-INET143_ses-4_task-rest_desc-framenums_fFD.txt",193
"INET156","1",1,"rest","sub-INET156_ses-1_task-rest_desc-framenums_fFD.txt","/Volumes/illinois-las-psych-gratton/iNetworks/Nifti/derivatives/preproc_fmriprep-24.1.1/sub-INET156/ses-1/func/FD_outputs/sub-INET156_ses-1_task-rest_desc-framenums_fFD.txt",261
"INET156","1",2,"rest","sub-INET156_ses-1_task-rest_desc-framenums_fFD.txt","/Volumes/illinois-las-psych-gratton/iNetworks/Nifti/derivatives/preproc_fmriprep-24.1.1/sub-INET156/ses-1/func/FD_outputs/sub-INET156_ses-1_task-rest_desc-framenums_fFD.txt",257
"INET156","1",3,"rest","sub-INET156_ses-1_task-rest_desc-framenums_fFD.txt","/Volumes/illinois-las-psych-gratton/iNetworks/Nifti/derivatives/preproc_fmriprep-24.1.1/sub-INET156/ses-1/func/FD_outputs/sub-INET156_ses-1_task-rest_desc-framenums_fFD.txt",255
"INET156","1",4,"rest","sub-INET156_ses-1_task-rest_desc-framenums_fFD.txt","/Volumes/illinois-las-psych-gratton/iNetworks/Nifti/derivatives/preproc_fmriprep-24.1.1/sub-INET156/ses-1/func/FD_outputs/sub-INET156_ses-1_task-rest_desc-framenums_fFD.txt",263
"INET156","1",5,"rest","sub-INET156_ses-1_task-rest_desc-framenums_fFD.txt","/Volumes/illinois-las-psych-gratton/iNetworks/Nifti/derivatives/preproc_fmriprep-24.1.1/sub-INET156/ses-1/func/FD_outputs/sub-INET156_ses-1_task-rest_desc-framenums_fFD.txt",265
"INET156","1",6,"rest","sub-INET156_ses-1_task-rest_desc-framenums_fFD.txt","/Volumes/illinois-las-psych-gratton/iNetworks/Nifti/derivatives/preproc_fmriprep-24.1.1/sub-INET156/ses-1/func/FD_outputs/sub-INET156_ses-1_task-rest_desc-framenums_fFD.txt",239
"INET156","1",7,"rest","sub-INET156_ses-1_task-rest_desc-framenums_fFD.txt","/Volumes/illinois-las-psych-gratton/iNetworks/Nifti/derivatives/preproc_fmriprep-24.1.1/sub-INET156/ses-1/func/FD_outputs/sub-INET156_ses-1_task-rest_desc-framenums_fFD.txt",206
"INET156","1",8,"rest","sub-INET156_ses-1_task-rest_desc-framenums_fFD.txt","/Volumes/illinois-las-psych-gratton/iNetworks/Nifti/derivatives/preproc_fmriprep-24.1.1/sub-INET156/ses-1/func/FD_outputs/sub-INET156_ses-1_task-rest_desc-framenums_fFD.txt",229
"INET156","2",1,"rest","sub-INET156_ses-2_task-rest_desc-framenums_fFD.txt","/Volumes/illinois-las-psych-gratton/iNetworks/Nifti/derivatives/preproc_fmriprep-24.1.1/sub-INET156/ses-2/func/FD_outputs/sub-INET156_ses-2_task-rest_desc-framenums_fFD.txt",264
"INET156","2",2,"rest","sub-INET156_ses-2_task-rest_desc-framenums_fFD.txt","/Volumes/illinois-las-psych-gratton/iNetworks/Nifti/derivatives/preproc_fmriprep-24.1.1/sub-INET156/ses-2/func/FD_outputs/sub-INET156_ses-2_task-rest_desc-framenums_fFD.txt",258
"INET156","2",3,"rest","sub-INET156_ses-2_task-rest_desc-framenums_fFD.txt","/Volumes/illinois-las-psych-gratton/iNetworks/Nifti/derivatives/preproc_fmriprep-24.1.1/sub-INET156/ses-2/func/FD_outputs/sub-INET156_ses-2_task-rest_desc-framenums_fFD.txt",261
"INET156","2",4,"rest","sub-INET156_ses-2_task-rest_desc-framenums_fFD.txt","/Volumes/illinois-las-psych-gratton/iNetworks/Nifti/derivatives/preproc_fmriprep-24.1.1/sub-INET156/ses-2/func/FD_outputs/sub-INET156_ses-2_task-rest_desc-framenums_fFD.txt",265
"INET156","2",5,"rest","sub-INET156_ses-2_task-rest_desc-framenums_fFD.txt","/Volumes/illinois-las-psych-gratton/iNetworks/Nifti/derivatives/preproc_fmriprep-24.1.1/sub-INET156/ses-2/func/FD_outputs/sub-INET156_ses-2_task-rest_desc-framenums_fFD.txt",263
"INET156","2",6,"rest","sub-INET156_ses-2_task-rest_desc-framenums_fFD.txt","/Volumes/illinois-las-psych-gratton/iNetworks/Nifti/derivatives/preproc_fmriprep-24.1.1/sub-INET156/ses-2/func/FD_outputs/sub-INET156_ses-2_task-rest_desc-framenums_fFD.txt",264
"INET156","2",7,"rest","sub-INET156_ses-2_task-rest_desc-framenums_fFD.txt","/Volumes/illinois-las-psych-gratton/iNetworks/Nifti/derivatives/preproc_fmriprep-24.1.1/sub-INET156/ses-2/func/FD_outputs/sub-INET156_ses-2_task-rest_desc-framenums_fFD.txt",263
"INET156","3",1,"rest","sub-INET156_ses-3_task-rest_desc-framenums_fFD.txt","/Volumes/illinois-las-psych-gratton/iNetworks/Nifti/derivatives/preproc_fmriprep-24.1.1/sub-INET156/ses-3/func/FD_outputs/sub-INET156_ses-3_task-rest_desc-framenums_fFD.txt",263
"INET156","3",2,"rest","sub-INET156_ses-3_task-rest_desc-framenums_fFD.txt","/Volumes/illinois-las-psych-gratton/iNetworks/Nifti/derivatives/preproc_fmriprep-24.1.1/sub-INET156/ses-3/func/FD_outputs/sub-INET156_ses-3_task-rest_desc-framenums_fFD.txt",264
"INET156","3",3,"rest","sub-INET156_ses-3_task-rest_desc-framenums_fFD.txt","/Volumes/illinois-las-psych-gratton/iNetworks/Nifti/derivatives/preproc_fmriprep-24.1.1/sub-INET156/ses-3/func/FD_outputs/sub-INET156_ses-3_task-rest_desc-framenums_fFD.txt",255
"INET156","3",4,"rest","sub-INET156_ses-3_task-rest_desc-framenums_fFD.txt","/Volumes/illinois-las-psych-gratton/iNetworks/Nifti/derivatives/preproc_fmriprep-24.1.1/sub-INET156/ses-3/func/FD_outputs/sub-INET156_ses-3_task-rest_desc-framenums_fFD.txt",265
"INET156","3",5,"rest","sub-INET156_ses-3_task-rest_desc-framenums_fFD.txt","/Volumes/illinois-las-psych-gratton/iNetworks/Nifti/derivatives/preproc_fmriprep-24.1.1/sub-INET156/ses-3/func/FD_outputs/sub-INET156_ses-3_task-rest_desc-framenums_fFD.txt",254
"INET156","3",6,"rest","sub-INET156_ses-3_task-rest_desc-framenums_fFD.txt","/Volumes/illinois-las-psych-gratton/iNetworks/Nifti/derivatives/preproc_fmriprep-24.1.1/sub-INET156/ses-3/func/FD_outputs/sub-INET156_ses-3_task-rest_desc-framenums_fFD.txt",251
"INET156","3",7,"rest","sub-INET156_ses-3_task-rest_desc-framenums_fFD.txt","/Volumes/illinois-las-psych-gratton/iNetworks/Nifti/derivatives/preproc_fmriprep-24.1.1/sub-INET156/ses-3/func/FD_outputs/sub-INET156_ses-3_task-rest_desc-framenums_fFD.txt",234
"INET156","3",8,"rest","sub-INET156_ses-3_task-rest_desc-framenums_fFD.txt","/Volumes/illinois-las-psych-gratton/iNetworks/Nifti/derivatives/preproc_fmriprep-24.1.1/sub-INET156/ses-3/func/FD_outputs/sub-INET156_ses-3_task-rest_desc-framenums_fFD.txt",229
"INET156","4",1,"rest","sub-INET156_ses-4_task-rest_desc-framenums_fFD.txt","/Volumes/illinois-las-psych-gratton/iNetworks/Nifti/derivatives/preproc_fmriprep-24.1.1/sub-INET156/ses-4/func/FD_outputs/sub-INET156_ses-4_task-rest_desc-framenums_fFD.txt",264
"INET156","4",2,"rest","sub-INET156_ses-4_task-rest_desc-framenums_fFD.txt","/Volumes/illinois-las-psych-gratton/iNetworks/Nifti/derivatives/preproc_fmriprep-24.1.1/sub-INET156/ses-4/func/FD_outputs/sub-INET156_ses-4_task-rest_desc-framenums_fFD.txt",264
"INET156","4",3,"rest","sub-INET156_ses-4_task-rest_desc-framenums_fFD.txt","/Volumes/illinois-las-psych-gratton/iNetworks/Nifti/derivatives/preproc_fmriprep-24.1.1/sub-INET156/ses-4/func/FD_outputs/sub-INET156_ses-4_task-rest_desc-framenums_fFD.txt",265
"INET156","4",4,"rest","sub-INET156_ses-4_task-rest_desc-framenums_fFD.txt","/Volumes/illinois-las-psych-gratton/iNetworks/Nifti/derivatives/preproc_fmriprep-24.1.1/sub-INET156/ses-4/func/FD_outputs/sub-INET156_ses-4_task-rest_desc-framenums_fFD.txt",263
"INET156","4",5,"rest","sub-INET156_ses-4_task-rest_desc-framenums_fFD.txt","/Volumes/illinois-las-psych-gratton/iNetworks/Nifti/derivatives/preproc_fmriprep-24.1.1/sub-INET156/ses-4/func/FD_outputs/sub-INET156_ses-4_task-rest_desc-framenums_fFD.txt",259
"INET156","4",6,"rest","sub-INET156_ses-4_task-rest_desc-framenums_fFD.txt","/Volumes/illinois-las-psych-gratton/iNetworks/Nifti/derivatives/preproc_fmriprep-24.1.1/sub-INET156/ses-4/func/FD_outputs/sub-INET156_ses-4_task-rest_desc-framenums_fFD.txt",257
"INET156","4",7,"rest","sub-INET156_ses-4_task-rest_desc-framenums_fFD.txt","/Volumes/illinois-las-psych-gratton/iNetworks/Nifti/derivatives/preproc_fmriprep-24.1.1/sub-INET156/ses-4/func/FD_outputs/sub-INET156_ses-4_task-rest_desc-framenums_fFD.txt",264
"INET156","4",8,"rest","sub-INET156_ses-4_task-rest_desc-framenums_fFD.txt","/Volumes/illinois-las-psych-gratton/iNetworks/Nifti/derivatives/preproc_fmriprep-24.1.1/sub-INET156/ses-4/func/FD_outputs/sub-INET156_ses-4_task-rest_desc-framenums_fFD.txt",253
"INET158","1",1,"rest","sub-INET158_ses-1_task-rest_desc-framenums_fFD.txt","/Volumes/illinois-las-psych-gratton/iNetworks/Nifti/derivatives/preproc_fmriprep-24.1.1/sub-INET158/ses-1/func/FD_outputs/sub-INET158_ses-1_task-rest_desc-framenums_fFD.txt",264
"INET158","1",2,"rest","sub-INET158_ses-1_task-rest_desc-framenums_fFD.txt","/Volumes/illinois-las-psych-gratton/iNetworks/Nifti/derivatives/preproc_fmriprep-24.1.1/sub-INET158/ses-1/func/FD_outputs/sub-INET158_ses-1_task-rest_desc-framenums_fFD.txt",265
"INET158","1",3,"rest","sub-INET158_ses-1_task-rest_desc-framenums_fFD.txt","/Volumes/illinois-las-psych-gratton/iNetworks/Nifti/derivatives/preproc_fmriprep-24.1.1/sub-INET158/ses-1/func/FD_outputs/sub-INET158_ses-1_task-rest_desc-framenums_fFD.txt",264
"INET158","1",4,"rest","sub-INET158_ses-1_task-rest_desc-framenums_fFD.txt","/Volumes/illinois-las-psych-gratton/iNetworks/Nifti/derivatives/preproc_fmriprep-24.1.1/sub-INET158/ses-1/func/FD_outputs/sub-INET158_ses-1_task-rest_desc-framenums_fFD.txt",248
"INET158","1",5,"rest","sub-INET158_ses-1_task-rest_desc-framenums_fFD.txt","/Volumes/illinois-las-psych-gratton/iNetworks/Nifti/derivatives/preproc_fmriprep-24.1.1/sub-INET158/ses-1/func/FD_outputs/sub-INET158_ses-1_task-rest_desc-framenums_fFD.txt",265
"INET158","1",6,"rest","sub-INET158_ses-1_task-rest_desc-framenums_fFD.txt","/Volumes/illinois-las-psych-gratton/iNetworks/Nifti/derivatives/preproc_fmriprep-24.1.1/sub-INET158/ses-1/func/FD_outputs/sub-INET158_ses-1_task-rest_desc-framenums_fFD.txt",263
"INET158","1",7,"rest","sub-INET158_ses-1_task-rest_desc-framenums_fFD.txt","/Volumes/illinois-las-psych-gratton/iNetworks/Nifti/derivatives/preproc_fmriprep-24.1.1/sub-INET158/ses-1/func/FD_outputs/sub-INET158_ses-1_task-rest_desc-framenums_fFD.txt",261
"INET158","2",1,"rest","sub-INET158_ses-2_task-rest_desc-framenums_fFD.txt","/Volumes/illinois-las-psych-gratton/iNetworks/Nifti/derivatives/preproc_fmriprep-24.1.1/sub-INET158/ses-2/func/FD_outputs/sub-INET158_ses-2_task-rest_desc-framenums_fFD.txt",264
"INET158","2",2,"rest","sub-INET158_ses-2_task-rest_desc-framenums_fFD.txt","/Volumes/illinois-las-psych-gratton/iNetworks/Nifti/derivatives/preproc_fmriprep-24.1.1/sub-INET158/ses-2/func/FD_outputs/sub-INET158_ses-2_task-rest_desc-framenums_fFD.txt",265
"INET158","2",3,"rest","sub-INET158_ses-2_task-rest_desc-framenums_fFD.txt","/Volumes/illinois-las-psych-gratton/iNetworks/Nifti/derivatives/preproc_fmriprep-24.1.1/sub-INET158/ses-2/func/FD_outputs/sub-INET158_ses-2_task-rest_desc-framenums_fFD.txt",265
"INET158","2",4,"rest","sub-INET158_ses-2_task-rest_desc-framenums_fFD.txt","/Volumes/illinois-las-psych-gratton/iNetworks/Nifti/derivatives/preproc_fmriprep-24.1.1/sub-INET158/ses-2/func/FD_outputs/sub-INET158_ses-2_task-rest_desc-framenums_fFD.txt",265
"INET158","2",5,"rest","sub-INET158_ses-2_task-rest_desc-framenums_fFD.txt","/Volumes/illinois-las-psych-gratton/iNetworks/Nifti/derivatives/preproc_fmriprep-24.1.1/sub-INET158/ses-2/func/FD_outputs/sub-INET158_ses-2_task-rest_desc-framenums_fFD.txt",264
"INET158","2",6,"rest","sub-INET158_ses-2_task-rest_desc-framenums_fFD.txt","/Volumes/illinois-las-psych-gratton/iNetworks/Nifti/derivatives/preproc_fmriprep-24.1.1/sub-INET158/ses-2/func/FD_outputs/sub-INET158_ses-2_task-rest_desc-framenums_fFD.txt",265
"INET158","2",7,"rest","sub-INET158_ses-2_task-rest_desc-framenums_fFD.txt","/Volumes/illinois-las-psych-gratton/iNetworks/Nifti/derivatives/preproc_fmriprep-24.1.1/sub-INET158/ses-2/func/FD_outputs/sub-INET158_ses-2_task-rest_desc-framenums_fFD.txt",265
"INET158","2",8,"rest","sub-INET158_ses-2_task-rest_desc-framenums_fFD.txt","/Volumes/illinois-las-psych-gratton/iNetworks/Nifti/derivatives/preproc_fmriprep-24.1.1/sub-INET158/ses-2/func/FD_outputs/sub-INET158_ses-2_task-rest_desc-framenums_fFD.txt",264
"INET158","3",1,"rest","sub-INET158_ses-3_task-rest_desc-framenums_fFD.txt","/Volumes/illinois-las-psych-gratton/iNetworks/Nifti/derivatives/preproc_fmriprep-24.1.1/sub-INET158/ses-3/func/FD_outputs/sub-INET158_ses-3_task-rest_desc-framenums_fFD.txt",264
"INET158","3",2,"rest","sub-INET158_ses-3_task-rest_desc-framenums_fFD.txt","/Volumes/illinois-las-psych-gratton/iNetworks/Nifti/derivatives/preproc_fmriprep-24.1.1/sub-INET158/ses-3/func/FD_outputs/sub-INET158_ses-3_task-rest_desc-framenums_fFD.txt",264
"INET158","3",3,"rest","sub-INET158_ses-3_task-rest_desc-framenums_fFD.txt","/Volumes/illinois-las-psych-gratton/iNetworks/Nifti/derivatives/preproc_fmriprep-24.1.1/sub-INET158/ses-3/func/FD_outputs/sub-INET158_ses-3_task-rest_desc-framenums_fFD.txt",254
"INET158","3",4,"rest","sub-INET158_ses-3_task-rest_desc-framenums_fFD.txt","/Volumes/illinois-las-psych-gratton/iNetworks/Nifti/derivatives/preproc_fmriprep-24.1.1/sub-INET158/ses-3/func/FD_outputs/sub-INET158_ses-3_task-rest_desc-framenums_fFD.txt",261
"INET158","3",5,"rest","sub-INET158_ses-3_task-rest_desc-framenums_fFD.txt","/Volumes/illinois-las-psych-gratton/iNetworks/Nifti/derivatives/preproc_fmriprep-24.1.1/sub-INET158/ses-3/func/FD_outputs/sub-INET158_ses-3_task-rest_desc-framenums_fFD.txt",262
"INET158","3",6,"rest","sub-INET158_ses-3_task-rest_desc-framenums_fFD.txt","/Volumes/illinois-las-psych-gratton/iNetworks/Nifti/derivatives/preproc_fmriprep-24.1.1/sub-INET158/ses-3/func/FD_outputs/sub-INET158_ses-3_task-rest_desc-framenums_fFD.txt",264
"INET158","3",7,"rest","sub-INET158_ses-3_task-rest_desc-framenums_fFD.txt","/Volumes/illinois-las-psych-gratton/iNetworks/Nifti/derivatives/preproc_fmriprep-24.1.1/sub-INET158/ses-3/func/FD_outputs/sub-INET158_ses-3_task-rest_desc-framenums_fFD.txt",264
"INET158","4",1,"rest","sub-INET158_ses-4_task-rest_desc-framenums_fFD.txt","/Volumes/illinois-las-psych-gratton/iNetworks/Nifti/derivatives/preproc_fmriprep-24.1.1/sub-INET158/ses-4/func/FD_outputs/sub-INET158_ses-4_task-rest_desc-framenums_fFD.txt",263
"INET158","4",2,"rest","sub-INET158_ses-4_task-rest_desc-framenums_fFD.txt","/Volumes/illinois-las-psych-gratton/iNetworks/Nifti/derivatives/preproc_fmriprep-24.1.1/sub-INET158/ses-4/func/FD_outputs/sub-INET158_ses-4_task-rest_desc-framenums_fFD.txt",263
"INET158","4",3,"rest","sub-INET158_ses-4_task-rest_desc-framenums_fFD.txt","/Volumes/illinois-las-psych-gratton/iNetworks/Nifti/derivatives/preproc_fmriprep-24.1.1/sub-INET158/ses-4/func/FD_outputs/sub-INET158_ses-4_task-rest_desc-framenums_fFD.txt",264
"INET158","4",4,"rest","sub-INET158_ses-4_task-rest_desc-framenums_fFD.txt","/Volumes/illinois-las-psych-gratton/iNetworks/Nifti/derivatives/preproc_fmriprep-24.1.1/sub-INET158/ses-4/func/FD_outputs/sub-INET158_ses-4_task-rest_desc-framenums_fFD.txt",264
"INET158","4",5,"rest","sub-INET158_ses-4_task-rest_desc-framenums_fFD.txt","/Volumes/illinois-las-psych-gratton/iNetworks/Nifti/derivatives/preproc_fmriprep-24.1.1/sub-INET158/ses-4/func/FD_outputs/sub-INET158_ses-4_task-rest_desc-framenums_fFD.txt",264
"INET158","4",6,"rest","sub-INET158_ses-4_task-rest_desc-framenums_fFD.txt","/Volumes/illinois-las-psych-gratton/iNetworks/Nifti/derivatives/preproc_fmriprep-24.1.1/sub-INET158/ses-4/func/FD_outputs/sub-INET158_ses-4_task-rest_desc-framenums_fFD.txt",265
"INET158","4",7,"rest","sub-INET158_ses-4_task-rest_desc-framenums_fFD.txt","/Volumes/illinois-las-psych-gratton/iNetworks/Nifti/derivatives/preproc_fmriprep-24.1.1/sub-INET158/ses-4/func/FD_outputs/sub-INET158_ses-4_task-rest_desc-framenums_fFD.txt",264
"INET158","4",8,"rest","sub-INET158_ses-4_task-rest_desc-framenums_fFD.txt","/Volumes/illinois-las-psych-gratton/iNetworks/Nifti/derivatives/preproc_fmriprep-24.1.1/sub-INET158/ses-4/func/FD_outputs/sub-INET158_ses-4_task-rest_desc-framenums_fFD.txt",256
"INET159","1",1,"rest","sub-INET159_ses-1_task-rest_desc-framenums_fFD.txt","/Volumes/illinois-las-psych-gratton/iNetworks/Nifti/derivatives/preproc_fmriprep-24.1.1/sub-INET159/ses-1/func/FD_outputs/sub-INET159_ses-1_task-rest_desc-framenums_fFD.txt",251
"INET159","1",2,"rest","sub-INET159_ses-1_task-rest_desc-framenums_fFD.txt","/Volumes/illinois-las-psych-gratton/iNetworks/Nifti/derivatives/preproc_fmriprep-24.1.1/sub-INET159/ses-1/func/FD_outputs/sub-INET159_ses-1_task-rest_desc-framenums_fFD.txt",142
"INET159","1",3,"rest","sub-INET159_ses-1_task-rest_desc-framenums_fFD.txt","/Volumes/illinois-las-psych-gratton/iNetworks/Nifti/derivatives/preproc_fmriprep-24.1.1/sub-INET159/ses-1/func/FD_outputs/sub-INET159_ses-1_task-rest_desc-framenums_fFD.txt",248
"INET159","1",4,"rest","sub-INET159_ses-1_task-rest_desc-framenums_fFD.txt","/Volumes/illinois-las-psych-gratton/iNetworks/Nifti/derivatives/preproc_fmriprep-24.1.1/sub-INET159/ses-1/func/FD_outputs/sub-INET159_ses-1_task-rest_desc-framenums_fFD.txt",200
"INET159","1",5,"rest","sub-INET159_ses-1_task-rest_desc-framenums_fFD.txt","/Volumes/illinois-las-psych-gratton/iNetworks/Nifti/derivatives/preproc_fmriprep-24.1.1/sub-INET159/ses-1/func/FD_outputs/sub-INET159_ses-1_task-rest_desc-framenums_fFD.txt",250
"INET159","1",6,"rest","sub-INET159_ses-1_task-rest_desc-framenums_fFD.txt","/Volumes/illinois-las-psych-gratton/iNetworks/Nifti/derivatives/preproc_fmriprep-24.1.1/sub-INET159/ses-1/func/FD_outputs/sub-INET159_ses-1_task-rest_desc-framenums_fFD.txt",230
"INET159","1",7,"rest","sub-INET159_ses-1_task-rest_desc-framenums_fFD.txt","/Volumes/illinois-las-psych-gratton/iNetworks/Nifti/derivatives/preproc_fmriprep-24.1.1/sub-INET159/ses-1/func/FD_outputs/sub-INET159_ses-1_task-rest_desc-framenums_fFD.txt",229
"INET159","1",8,"rest","sub-INET159_ses-1_task-rest_desc-framenums_fFD.txt","/Volumes/illinois-las-psych-gratton/iNetworks/Nifti/derivatives/preproc_fmriprep-24.1.1/sub-INET159/ses-1/func/FD_outputs/sub-INET159_ses-1_task-rest_desc-framenums_fFD.txt",239
"INET159","2",1,"rest","sub-INET159_ses-2_task-rest_desc-framenums_fFD.txt","/Volumes/illinois-las-psych-gratton/iNetworks/Nifti/derivatives/preproc_fmriprep-24.1.1/sub-INET159/ses-2/func/FD_outputs/sub-INET159_ses-2_task-rest_desc-framenums_fFD.txt",242
"INET159","2",2,"rest","sub-INET159_ses-2_task-rest_desc-framenums_fFD.txt","/Volumes/illinois-las-psych-gratton/iNetworks/Nifti/derivatives/preproc_fmriprep-24.1.1/sub-INET159/ses-2/func/FD_outputs/sub-INET159_ses-2_task-rest_desc-framenums_fFD.txt",256
"INET159","2",3,"rest","sub-INET159_ses-2_task-rest_desc-framenums_fFD.txt","/Volumes/illinois-las-psych-gratton/iNetworks/Nifti/derivatives/preproc_fmriprep-24.1.1/sub-INET159/ses-2/func/FD_outputs/sub-INET159_ses-2_task-rest_desc-framenums_fFD.txt",249
"INET159","2",4,"rest","sub-INET159_ses-2_task-rest_desc-framenums_fFD.txt","/Volumes/illinois-las-psych-gratton/iNetworks/Nifti/derivatives/preproc_fmriprep-24.1.1/sub-INET159/ses-2/func/FD_outputs/sub-INET159_ses-2_task-rest_desc-framenums_fFD.txt",235
"INET159","2",5,"rest","sub-INET159_ses-2_task-rest_desc-framenums_fFD.txt","/Volumes/illinois-las-psych-gratton/iNetworks/Nifti/derivatives/preproc_fmriprep-24.1.1/sub-INET159/ses-2/func/FD_outputs/sub-INET159_ses-2_task-rest_desc-framenums_fFD.txt",234
"INET159","2",6,"rest","sub-INET159_ses-2_task-rest_desc-framenums_fFD.txt","/Volumes/illinois-las-psych-gratton/iNetworks/Nifti/derivatives/preproc_fmriprep-24.1.1/sub-INET159/ses-2/func/FD_outputs/sub-INET159_ses-2_task-rest_desc-framenums_fFD.txt",227
"INET159","2",7,"rest","sub-INET159_ses-2_task-rest_desc-framenums_fFD.txt","/Volumes/illinois-las-psych-gratton/iNetworks/Nifti/derivatives/preproc_fmriprep-24.1.1/sub-INET159/ses-2/func/FD_outputs/sub-INET159_ses-2_task-rest_desc-framenums_fFD.txt",232
"INET159","2",8,"rest","sub-INET159_ses-2_task-rest_desc-framenums_fFD.txt","/Volumes/illinois-las-psych-gratton/iNetworks/Nifti/derivatives/preproc_fmriprep-24.1.1/sub-INET159/ses-2/func/FD_outputs/sub-INET159_ses-2_task-rest_desc-framenums_fFD.txt",240
"INET159","3",1,"rest","sub-INET159_ses-3_task-rest_desc-framenums_fFD.txt","/Volumes/illinois-las-psych-gratton/iNetworks/Nifti/derivatives/preproc_fmriprep-24.1.1/sub-INET159/ses-3/func/FD_outputs/sub-INET159_ses-3_task-rest_desc-framenums_fFD.txt",247
"INET159","3",2,"rest","sub-INET159_ses-3_task-rest_desc-framenums_fFD.txt","/Volumes/illinois-las-psych-gratton/iNetworks/Nifti/derivatives/preproc_fmriprep-24.1.1/sub-INET159/ses-3/func/FD_outputs/sub-INET159_ses-3_task-rest_desc-framenums_fFD.txt",243
"INET159","3",3,"rest","sub-INET159_ses-3_task-rest_desc-framenums_fFD.txt","/Volumes/illinois-las-psych-gratton/iNetworks/Nifti/derivatives/preproc_fmriprep-24.1.1/sub-INET159/ses-3/func/FD_outputs/sub-INET159_ses-3_task-rest_desc-framenums_fFD.txt",262
"INET159","3",4,"rest","sub-INET159_ses-3_task-rest_desc-framenums_fFD.txt","/Volumes/illinois-las-psych-gratton/iNetworks/Nifti/derivatives/preproc_fmriprep-24.1.1/sub-INET159/ses-3/func/FD_outputs/sub-INET159_ses-3_task-rest_desc-framenums_fFD.txt",255
"INET159","3",5,"rest","sub-INET159_ses-3_task-rest_desc-framenums_fFD.txt","/Volumes/illinois-las-psych-gratton/iNetworks/Nifti/derivatives/preproc_fmriprep-24.1.1/sub-INET159/ses-3/func/FD_outputs/sub-INET159_ses-3_task-rest_desc-framenums_fFD.txt",246
"INET159","3",6,"rest","sub-INET159_ses-3_task-rest_desc-framenums_fFD.txt","/Volumes/illinois-las-psych-gratton/iNetworks/Nifti/derivatives/preproc_fmriprep-24.1.1/sub-INET159/ses-3/func/FD_outputs/sub-INET159_ses-3_task-rest_desc-framenums_fFD.txt",241
"INET159","3",7,"rest","sub-INET159_ses-3_task-rest_desc-framenums_fFD.txt","/Volumes/illinois-las-psych-gratton/iNetworks/Nifti/derivatives/preproc_fmriprep-24.1.1/sub-INET159/ses-3/func/FD_outputs/sub-INET159_ses-3_task-rest_desc-framenums_fFD.txt",251
"INET159","4",1,"rest","sub-INET159_ses-4_task-rest_desc-framenums_fFD.txt","/Volumes/illinois-las-psych-gratton/iNetworks/Nifti/derivatives/preproc_fmriprep-24.1.1/sub-INET159/ses-4/func/FD_outputs/sub-INET159_ses-4_task-rest_desc-framenums_fFD.txt",256
"INET159","4",2,"rest","sub-INET159_ses-4_task-rest_desc-framenums_fFD.txt","/Volumes/illinois-las-psych-gratton/iNetworks/Nifti/derivatives/preproc_fmriprep-24.1.1/sub-INET159/ses-4/func/FD_outputs/sub-INET159_ses-4_task-rest_desc-framenums_fFD.txt",260
"INET159","4",3,"rest","sub-INET159_ses-4_task-rest_desc-framenums_fFD.txt","/Volumes/illinois-las-psych-gratton/iNetworks/Nifti/derivatives/preproc_fmriprep-24.1.1/sub-INET159/ses-4/func/FD_outputs/sub-INET159_ses-4_task-rest_desc-framenums_fFD.txt",254
"INET159","4",4,"rest","sub-INET159_ses-4_task-rest_desc-framenums_fFD.txt","/Volumes/illinois-las-psych-gratton/iNetworks/Nifti/derivatives/preproc_fmriprep-24.1.1/sub-INET159/ses-4/func/FD_outputs/sub-INET159_ses-4_task-rest_desc-framenums_fFD.txt",254
"INET159","4",5,"rest","sub-INET159_ses-4_task-rest_desc-framenums_fFD.txt","/Volumes/illinois-las-psych-gratton/iNetworks/Nifti/derivatives/preproc_fmriprep-24.1.1/sub-INET159/ses-4/func/FD_outputs/sub-INET159_ses-4_task-rest_desc-framenums_fFD.txt",243
"INET159","4",6,"rest","sub-INET159_ses-4_task-rest_desc-framenums_fFD.txt","/Volumes/illinois-las-psych-gratton/iNetworks/Nifti/derivatives/preproc_fmriprep-24.1.1/sub-INET159/ses-4/func/FD_outputs/sub-INET159_ses-4_task-rest_desc-framenums_fFD.txt",253
"INET159","4",7,"rest","sub-INET159_ses-4_task-rest_desc-framenums_fFD.txt","/Volumes/illinois-las-psych-gratton/iNetworks/Nifti/derivatives/preproc_fmriprep-24.1.1/sub-INET159/ses-4/func/FD_outputs/sub-INET159_ses-4_task-rest_desc-framenums_fFD.txt",217
"INET159","4",8,"rest","sub-INET159_ses-4_task-rest_desc-framenums_fFD.txt","/Volumes/illinois-las-psych-gratton/iNetworks/Nifti/derivatives/preproc_fmriprep-24.1.1/sub-INET159/ses-4/func/FD_outputs/sub-INET159_ses-4_task-rest_desc-framenums_fFD.txt",231
"INET160","1",1,"rest","sub-INET160_ses-1_task-rest_desc-framenums_fFD.txt","/Volumes/illinois-las-psych-gratton/iNetworks/Nifti/derivatives/preproc_fmriprep-24.1.1/sub-INET160/ses-1/func/FD_outputs/sub-INET160_ses-1_task-rest_desc-framenums_fFD.txt",263
"INET160","1",2,"rest","sub-INET160_ses-1_task-rest_desc-framenums_fFD.txt","/Volumes/illinois-las-psych-gratton/iNetworks/Nifti/derivatives/preproc_fmriprep-24.1.1/sub-INET160/ses-1/func/FD_outputs/sub-INET160_ses-1_task-rest_desc-framenums_fFD.txt",215
"INET160","1",3,"rest","sub-INET160_ses-1_task-rest_desc-framenums_fFD.txt","/Volumes/illinois-las-psych-gratton/iNetworks/Nifti/derivatives/preproc_fmriprep-24.1.1/sub-INET160/ses-1/func/FD_outputs/sub-INET160_ses-1_task-rest_desc-framenums_fFD.txt",264
"INET160","1",4,"rest","sub-INET160_ses-1_task-rest_desc-framenums_fFD.txt","/Volumes/illinois-las-psych-gratton/iNetworks/Nifti/derivatives/preproc_fmriprep-24.1.1/sub-INET160/ses-1/func/FD_outputs/sub-INET160_ses-1_task-rest_desc-framenums_fFD.txt",262
"INET160","1",5,"rest","sub-INET160_ses-1_task-rest_desc-framenums_fFD.txt","/Volumes/illinois-las-psych-gratton/iNetworks/Nifti/derivatives/preproc_fmriprep-24.1.1/sub-INET160/ses-1/func/FD_outputs/sub-INET160_ses-1_task-rest_desc-framenums_fFD.txt",264
"INET160","1",6,"rest","sub-INET160_ses-1_task-rest_desc-framenums_fFD.txt","/Volumes/illinois-las-psych-gratton/iNetworks/Nifti/derivatives/preproc_fmriprep-24.1.1/sub-INET160/ses-1/func/FD_outputs/sub-INET160_ses-1_task-rest_desc-framenums_fFD.txt",251
"INET160","1",7,"rest","sub-INET160_ses-1_task-rest_desc-framenums_fFD.txt","/Volumes/illinois-las-psych-gratton/iNetworks/Nifti/derivatives/preproc_fmriprep-24.1.1/sub-INET160/ses-1/func/FD_outputs/sub-INET160_ses-1_task-rest_desc-framenums_fFD.txt",265
"INET160","2",1,"rest","sub-INET160_ses-2_task-rest_desc-framenums_fFD.txt","/Volumes/illinois-las-psych-gratton/iNetworks/Nifti/derivatives/preproc_fmriprep-24.1.1/sub-INET160/ses-2/func/FD_outputs/sub-INET160_ses-2_task-rest_desc-framenums_fFD.txt",256
"INET160","2",2,"rest","sub-INET160_ses-2_task-rest_desc-framenums_fFD.txt","/Volumes/illinois-las-psych-gratton/iNetworks/Nifti/derivatives/preproc_fmriprep-24.1.1/sub-INET160/ses-2/func/FD_outputs/sub-INET160_ses-2_task-rest_desc-framenums_fFD.txt",263
"INET160","2",3,"rest","sub-INET160_ses-2_task-rest_desc-framenums_fFD.txt","/Volumes/illinois-las-psych-gratton/iNetworks/Nifti/derivatives/preproc_fmriprep-24.1.1/sub-INET160/ses-2/func/FD_outputs/sub-INET160_ses-2_task-rest_desc-framenums_fFD.txt",246
"INET160","2",4,"rest","sub-INET160_ses-2_task-rest_desc-framenums_fFD.txt","/Volumes/illinois-las-psych-gratton/iNetworks/Nifti/derivatives/preproc_fmriprep-24.1.1/sub-INET160/ses-2/func/FD_outputs/sub-INET160_ses-2_task-rest_desc-framenums_fFD.txt",250
"INET160","2",5,"rest","sub-INET160_ses-2_task-rest_desc-framenums_fFD.txt","/Volumes/illinois-las-psych-gratton/iNetworks/Nifti/derivatives/preproc_fmriprep-24.1.1/sub-INET160/ses-2/func/FD_outputs/sub-INET160_ses-2_task-rest_desc-framenums_fFD.txt",265
"INET160","2",6,"rest","sub-INET160_ses-2_task-rest_desc-framenums_fFD.txt","/Volumes/illinois-las-psych-gratton/iNetworks/Nifti/derivatives/preproc_fmriprep-24.1.1/sub-INET160/ses-2/func/FD_outputs/sub-INET160_ses-2_task-rest_desc-framenums_fFD.txt",227
"INET160","2",7,"rest","sub-INET160_ses-2_task-rest_desc-framenums_fFD.txt","/Volumes/illinois-las-psych-gratton/iNetworks/Nifti/derivatives/preproc_fmriprep-24.1.1/sub-INET160/ses-2/func/FD_outputs/sub-INET160_ses-2_task-rest_desc-framenums_fFD.txt",249
"INET160","3",1,"rest","sub-INET160_ses-3_task-rest_desc-framenums_fFD.txt","/Volumes/illinois-las-psych-gratton/iNetworks/Nifti/derivatives/preproc_fmriprep-24.1.1/sub-INET160/ses-3/func/FD_outputs/sub-INET160_ses-3_task-rest_desc-framenums_fFD.txt",256
"INET160","3",2,"rest","sub-INET160_ses-3_task-rest_desc-framenums_fFD.txt","/Volumes/illinois-las-psych-gratton/iNetworks/Nifti/derivatives/preproc_fmriprep-24.1.1/sub-INET160/ses-3/func/FD_outputs/sub-INET160_ses-3_task-rest_desc-framenums_fFD.txt",249
"INET160","3",3,"rest","sub-INET160_ses-3_task-rest_desc-framenums_fFD.txt","/Volumes/illinois-las-psych-gratton/iNetworks/Nifti/derivatives/preproc_fmriprep-24.1.1/sub-INET160/ses-3/func/FD_outputs/sub-INET160_ses-3_task-rest_desc-framenums_fFD.txt",251
"INET160","3",4,"rest","sub-INET160_ses-3_task-rest_desc-framenums_fFD.txt","/Volumes/illinois-las-psych-gratton/iNetworks/Nifti/derivatives/preproc_fmriprep-24.1.1/sub-INET160/ses-3/func/FD_outputs/sub-INET160_ses-3_task-rest_desc-framenums_fFD.txt",264
"INET160","3",5,"rest","sub-INET160_ses-3_task-rest_desc-framenums_fFD.txt","/Volumes/illinois-las-psych-gratton/iNetworks/Nifti/derivatives/preproc_fmriprep-24.1.1/sub-INET160/ses-3/func/FD_outputs/sub-INET160_ses-3_task-rest_desc-framenums_fFD.txt",236
"INET160","3",6,"rest","sub-INET160_ses-3_task-rest_desc-framenums_fFD.txt","/Volumes/illinois-las-psych-gratton/iNetworks/Nifti/derivatives/preproc_fmriprep-24.1.1/sub-INET160/ses-3/func/FD_outputs/sub-INET160_ses-3_task-rest_desc-framenums_fFD.txt",263
"INET160","3",7,"rest","sub-INET160_ses-3_task-rest_desc-framenums_fFD.txt","/Volumes/illinois-las-psych-gratton/iNetworks/Nifti/derivatives/preproc_fmriprep-24.1.1/sub-INET160/ses-3/func/FD_outputs/sub-INET160_ses-3_task-rest_desc-framenums_fFD.txt",262
"INET160","3",8,"rest","sub-INET160_ses-3_task-rest_desc-framenums_fFD.txt","/Volumes/illinois-las-psych-gratton/iNetworks/Nifti/derivatives/preproc_fmriprep-24.1.1/sub-INET160/ses-3/func/FD_outputs/sub-INET160_ses-3_task-rest_desc-framenums_fFD.txt",264
"INET160","4",1,"rest","sub-INET160_ses-4_task-rest_desc-framenums_fFD.txt","/Volumes/illinois-las-psych-gratton/iNetworks/Nifti/derivatives/preproc_fmriprep-24.1.1/sub-INET160/ses-4/func/FD_outputs/sub-INET160_ses-4_task-rest_desc-framenums_fFD.txt",264
"INET160","4",2,"rest","sub-INET160_ses-4_task-rest_desc-framenums_fFD.txt","/Volumes/illinois-las-psych-gratton/iNetworks/Nifti/derivatives/preproc_fmriprep-24.1.1/sub-INET160/ses-4/func/FD_outputs/sub-INET160_ses-4_task-rest_desc-framenums_fFD.txt",239
"INET160","4",3,"rest","sub-INET160_ses-4_task-rest_desc-framenums_fFD.txt","/Volumes/illinois-las-psych-gratton/iNetworks/Nifti/derivatives/preproc_fmriprep-24.1.1/sub-INET160/ses-4/func/FD_outputs/sub-INET160_ses-4_task-rest_desc-framenums_fFD.txt",263
"INET160","4",4,"rest","sub-INET160_ses-4_task-rest_desc-framenums_fFD.txt","/Volumes/illinois-las-psych-gratton/iNetworks/Nifti/derivatives/preproc_fmriprep-24.1.1/sub-INET160/ses-4/func/FD_outputs/sub-INET160_ses-4_task-rest_desc-framenums_fFD.txt",265
"INET160","4",5,"rest","sub-INET160_ses-4_task-rest_desc-framenums_fFD.txt","/Volumes/illinois-las-psych-gratton/iNetworks/Nifti/derivatives/preproc_fmriprep-24.1.1/sub-INET160/ses-4/func/FD_outputs/sub-INET160_ses-4_task-rest_desc-framenums_fFD.txt",265
"INET160","4",6,"rest","sub-INET160_ses-4_task-rest_desc-framenums_fFD.txt","/Volumes/illinois-las-psych-gratton/iNetworks/Nifti/derivatives/preproc_fmriprep-24.1.1/sub-INET160/ses-4/func/FD_outputs/sub-INET160_ses-4_task-rest_desc-framenums_fFD.txt",264
"INET160","4",7,"rest","sub-INET160_ses-4_task-rest_desc-framenums_fFD.txt","/Volumes/illinois-las-psych-gratton/iNetworks/Nifti/derivatives/preproc_fmriprep-24.1.1/sub-INET160/ses-4/func/FD_outputs/sub-INET160_ses-4_task-rest_desc-framenums_fFD.txt",228
"INET160","4",8,"rest","sub-INET160_ses-4_task-rest_desc-framenums_fFD.txt","/Volumes/illinois-las-psych-gratton/iNetworks/Nifti/derivatives/preproc_fmriprep-24.1.1/sub-INET160/ses-4/func/FD_outputs/sub-INET160_ses-4_task-rest_desc-framenums_fFD.txt",265
"INET165","1",1,"rest","sub-INET165_ses-1_task-rest_desc-framenums_fFD.txt","/Volumes/illinois-las-psych-gratton/iNetworks/Nifti/derivatives/preproc_fmriprep-24.1.1/sub-INET165/ses-1/func/FD_outputs/sub-INET165_ses-1_task-rest_desc-framenums_fFD.txt",242
"INET165","1",2,"rest","sub-INET165_ses-1_task-rest_desc-framenums_fFD.txt","/Volumes/illinois-las-psych-gratton/iNetworks/Nifti/derivatives/preproc_fmriprep-24.1.1/sub-INET165/ses-1/func/FD_outputs/sub-INET165_ses-1_task-rest_desc-framenums_fFD.txt",223
"INET165","1",3,"rest","sub-INET165_ses-1_task-rest_desc-framenums_fFD.txt","/Volumes/illinois-las-psych-gratton/iNetworks/Nifti/derivatives/preproc_fmriprep-24.1.1/sub-INET165/ses-1/func/FD_outputs/sub-INET165_ses-1_task-rest_desc-framenums_fFD.txt",264
"INET165","1",4,"rest","sub-INET165_ses-1_task-rest_desc-framenums_fFD.txt","/Volumes/illinois-las-psych-gratton/iNetworks/Nifti/derivatives/preproc_fmriprep-24.1.1/sub-INET165/ses-1/func/FD_outputs/sub-INET165_ses-1_task-rest_desc-framenums_fFD.txt",245
"INET165","1",5,"rest","sub-INET165_ses-1_task-rest_desc-framenums_fFD.txt","/Volumes/illinois-las-psych-gratton/iNetworks/Nifti/derivatives/preproc_fmriprep-24.1.1/sub-INET165/ses-1/func/FD_outputs/sub-INET165_ses-1_task-rest_desc-framenums_fFD.txt",263
"INET165","1",6,"rest","sub-INET165_ses-1_task-rest_desc-framenums_fFD.txt","/Volumes/illinois-las-psych-gratton/iNetworks/Nifti/derivatives/preproc_fmriprep-24.1.1/sub-INET165/ses-1/func/FD_outputs/sub-INET165_ses-1_task-rest_desc-framenums_fFD.txt",186
"INET165","1",7,"rest","sub-INET165_ses-1_task-rest_desc-framenums_fFD.txt","/Volumes/illinois-las-psych-gratton/iNetworks/Nifti/derivatives/preproc_fmriprep-24.1.1/sub-INET165/ses-1/func/FD_outputs/sub-INET165_ses-1_task-rest_desc-framenums_fFD.txt",197
"INET165","2",1,"rest","sub-INET165_ses-2_task-rest_desc-framenums_fFD.txt","/Volumes/illinois-las-psych-gratton/iNetworks/Nifti/derivatives/preproc_fmriprep-24.1.1/sub-INET165/ses-2/func/FD_outputs/sub-INET165_ses-2_task-rest_desc-framenums_fFD.txt",251
"INET165","2",2,"rest","sub-INET165_ses-2_task-rest_desc-framenums_fFD.txt","/Volumes/illinois-las-psych-gratton/iNetworks/Nifti/derivatives/preproc_fmriprep-24.1.1/sub-INET165/ses-2/func/FD_outputs/sub-INET165_ses-2_task-rest_desc-framenums_fFD.txt",224
"INET165","2",3,"rest","sub-INET165_ses-2_task-rest_desc-framenums_fFD.txt","/Volumes/illinois-las-psych-gratton/iNetworks/Nifti/derivatives/preproc_fmriprep-24.1.1/sub-INET165/ses-2/func/FD_outputs/sub-INET165_ses-2_task-rest_desc-framenums_fFD.txt",264
"INET165","2",4,"rest","sub-INET165_ses-2_task-rest_desc-framenums_fFD.txt","/Volumes/illinois-las-psych-gratton/iNetworks/Nifti/derivatives/preproc_fmriprep-24.1.1/sub-INET165/ses-2/func/FD_outputs/sub-INET165_ses-2_task-rest_desc-framenums_fFD.txt",242
"INET165","2",5,"rest","sub-INET165_ses-2_task-rest_desc-framenums_fFD.txt","/Volumes/illinois-las-psych-gratton/iNetworks/Nifti/derivatives/preproc_fmriprep-24.1.1/sub-INET165/ses-2/func/FD_outputs/sub-INET165_ses-2_task-rest_desc-framenums_fFD.txt",255
"INET165","2",6,"rest","sub-INET165_ses-2_task-rest_desc-framenums_fFD.txt","/Volumes/illinois-las-psych-gratton/iNetworks/Nifti/derivatives/preproc_fmriprep-24.1.1/sub-INET165/ses-2/func/FD_outputs/sub-INET165_ses-2_task-rest_desc-framenums_fFD.txt",159
"INET165","3",1,"rest","sub-INET165_ses-3_task-rest_desc-framenums_fFD.txt","/Volumes/illinois-las-psych-gratton/iNetworks/Nifti/derivatives/preproc_fmriprep-24.1.1/sub-INET165/ses-3/func/FD_outputs/sub-INET165_ses-3_task-rest_desc-framenums_fFD.txt",250
"INET165","3",2,"rest","sub-INET165_ses-3_task-rest_desc-framenums_fFD.txt","/Volumes/illinois-las-psych-gratton/iNetworks/Nifti/derivatives/preproc_fmriprep-24.1.1/sub-INET165/ses-3/func/FD_outputs/sub-INET165_ses-3_task-rest_desc-framenums_fFD.txt",244
"INET165","3",3,"rest","sub-INET165_ses-3_task-rest_desc-framenums_fFD.txt","/Volumes/illinois-las-psych-gratton/iNetworks/Nifti/derivatives/preproc_fmriprep-24.1.1/sub-INET165/ses-3/func/FD_outputs/sub-INET165_ses-3_task-rest_desc-framenums_fFD.txt",209
"INET165","3",4,"rest","sub-INET165_ses-3_task-rest_desc-framenums_fFD.txt","/Volumes/illinois-las-psych-gratton/iNetworks/Nifti/derivatives/preproc_fmriprep-24.1.1/sub-INET165/ses-3/func/FD_outputs/sub-INET165_ses-3_task-rest_desc-framenums_fFD.txt",226
"INET165","3",5,"rest","sub-INET165_ses-3_task-rest_desc-framenums_fFD.txt","/Volumes/illinois-las-psych-gratton/iNetworks/Nifti/derivatives/preproc_fmriprep-24.1.1/sub-INET165/ses-3/func/FD_outputs/sub-INET165_ses-3_task-rest_desc-framenums_fFD.txt",199
"INET165","3",6,"rest","sub-INET165_ses-3_task-rest_desc-framenums_fFD.txt","/Volumes/illinois-las-psych-gratton/iNetworks/Nifti/derivatives/preproc_fmriprep-24.1.1/sub-INET165/ses-3/func/FD_outputs/sub-INET165_ses-3_task-rest_desc-framenums_fFD.txt",202
"INET165","3",7,"rest","sub-INET165_ses-3_task-rest_desc-framenums_fFD.txt","/Volumes/illinois-las-psych-gratton/iNetworks/Nifti/derivatives/preproc_fmriprep-24.1.1/sub-INET165/ses-3/func/FD_outputs/sub-INET165_ses-3_task-rest_desc-framenums_fFD.txt",245
"INET165","4",1,"rest","sub-INET165_ses-4_task-rest_desc-framenums_fFD.txt","/Volumes/illinois-las-psych-gratton/iNetworks/Nifti/derivatives/preproc_fmriprep-24.1.1/sub-INET165/ses-4/func/FD_outputs/sub-INET165_ses-4_task-rest_desc-framenums_fFD.txt",256
"INET165","4",2,"rest","sub-INET165_ses-4_task-rest_desc-framenums_fFD.txt","/Volumes/illinois-las-psych-gratton/iNetworks/Nifti/derivatives/preproc_fmriprep-24.1.1/sub-INET165/ses-4/func/FD_outputs/sub-INET165_ses-4_task-rest_desc-framenums_fFD.txt",262
"INET165","4",3,"rest","sub-INET165_ses-4_task-rest_desc-framenums_fFD.txt","/Volumes/illinois-las-psych-gratton/iNetworks/Nifti/derivatives/preproc_fmriprep-24.1.1/sub-INET165/ses-4/func/FD_outputs/sub-INET165_ses-4_task-rest_desc-framenums_fFD.txt",239
"INET165","4",4,"rest","sub-INET165_ses-4_task-rest_desc-framenums_fFD.txt","/Volumes/illinois-las-psych-gratton/iNetworks/Nifti/derivatives/preproc_fmriprep-24.1.1/sub-INET165/ses-4/func/FD_outputs/sub-INET165_ses-4_task-rest_desc-framenums_fFD.txt",246
"INET165","4",5,"rest","sub-INET165_ses-4_task-rest_desc-framenums_fFD.txt","/Volumes/illinois-las-psych-gratton/iNetworks/Nifti/derivatives/preproc_fmriprep-24.1.1/sub-INET165/ses-4/func/FD_outputs/sub-INET165_ses-4_task-rest_desc-framenums_fFD.txt",251
"INET165","4",6,"rest","sub-INET165_ses-4_task-rest_desc-framenums_fFD.txt","/Volumes/illinois-las-psych-gratton/iNetworks/Nifti/derivatives/preproc_fmriprep-24.1.1/sub-INET165/ses-4/func/FD_outputs/sub-INET165_ses-4_task-rest_desc-framenums_fFD.txt",229
"INET165","4",7,"rest","sub-INET165_ses-4_task-rest_desc-framenums_fFD.txt","/Volumes/illinois-las-psych-gratton/iNetworks/Nifti/derivatives/preproc_fmriprep-24.1.1/sub-INET165/ses-4/func/FD_outputs/sub-INET165_ses-4_task-rest_desc-framenums_fFD.txt",257
"INET168","1",1,"rest","sub-INET168_ses-1_task-rest_desc-framenums_fFD.txt","/Volumes/illinois-las-psych-gratton/iNetworks/Nifti/derivatives/preproc_fmriprep-24.1.1/sub-INET168/ses-1/func/FD_outputs/sub-INET168_ses-1_task-rest_desc-framenums_fFD.txt",255
"INET168","1",2,"rest","sub-INET168_ses-1_task-rest_desc-framenums_fFD.txt","/Volumes/illinois-las-psych-gratton/iNetworks/Nifti/derivatives/preproc_fmriprep-24.1.1/sub-INET168/ses-1/func/FD_outputs/sub-INET168_ses-1_task-rest_desc-framenums_fFD.txt",235
"INET168","1",3,"rest","sub-INET168_ses-1_task-rest_desc-framenums_fFD.txt","/Volumes/illinois-las-psych-gratton/iNetworks/Nifti/derivatives/preproc_fmriprep-24.1.1/sub-INET168/ses-1/func/FD_outputs/sub-INET168_ses-1_task-rest_desc-framenums_fFD.txt",205
"INET168","1",4,"rest","sub-INET168_ses-1_task-rest_desc-framenums_fFD.txt","/Volumes/illinois-las-psych-gratton/iNetworks/Nifti/derivatives/preproc_fmriprep-24.1.1/sub-INET168/ses-1/func/FD_outputs/sub-INET168_ses-1_task-rest_desc-framenums_fFD.txt",192
"INET168","1",5,"rest","sub-INET168_ses-1_task-rest_desc-framenums_fFD.txt","/Volumes/illinois-las-psych-gratton/iNetworks/Nifti/derivatives/preproc_fmriprep-24.1.1/sub-INET168/ses-1/func/FD_outputs/sub-INET168_ses-1_task-rest_desc-framenums_fFD.txt",264
"INET168","1",6,"rest","sub-INET168_ses-1_task-rest_desc-framenums_fFD.txt","/Volumes/illinois-las-psych-gratton/iNetworks/Nifti/derivatives/preproc_fmriprep-24.1.1/sub-INET168/ses-1/func/FD_outputs/sub-INET168_ses-1_task-rest_desc-framenums_fFD.txt",265
"INET168","1",7,"rest","sub-INET168_ses-1_task-rest_desc-framenums_fFD.txt","/Volumes/illinois-las-psych-gratton/iNetworks/Nifti/derivatives/preproc_fmriprep-24.1.1/sub-INET168/ses-1/func/FD_outputs/sub-INET168_ses-1_task-rest_desc-framenums_fFD.txt",254
"INET168","2",1,"rest","sub-INET168_ses-2_task-rest_desc-framenums_fFD.txt","/Volumes/illinois-las-psych-gratton/iNetworks/Nifti/derivatives/preproc_fmriprep-24.1.1/sub-INET168/ses-2/func/FD_outputs/sub-INET168_ses-2_task-rest_desc-framenums_fFD.txt",265
"INET168","2",2,"rest","sub-INET168_ses-2_task-rest_desc-framenums_fFD.txt","/Volumes/illinois-las-psych-gratton/iNetworks/Nifti/derivatives/preproc_fmriprep-24.1.1/sub-INET168/ses-2/func/FD_outputs/sub-INET168_ses-2_task-rest_desc-framenums_fFD.txt",265
"INET168","2",3,"rest","sub-INET168_ses-2_task-rest_desc-framenums_fFD.txt","/Volumes/illinois-las-psych-gratton/iNetworks/Nifti/derivatives/preproc_fmriprep-24.1.1/sub-INET168/ses-2/func/FD_outputs/sub-INET168_ses-2_task-rest_desc-framenums_fFD.txt",263
"INET168","2",4,"rest","sub-INET168_ses-2_task-rest_desc-framenums_fFD.txt","/Volumes/illinois-las-psych-gratton/iNetworks/Nifti/derivatives/preproc_fmriprep-24.1.1/sub-INET168/ses-2/func/FD_outputs/sub-INET168_ses-2_task-rest_desc-framenums_fFD.txt",263
"INET168","2",5,"rest","sub-INET168_ses-2_task-rest_desc-framenums_fFD.txt","/Volumes/illinois-las-psych-gratton/iNetworks/Nifti/derivatives/preproc_fmriprep-24.1.1/sub-INET168/ses-2/func/FD_outputs/sub-INET168_ses-2_task-rest_desc-framenums_fFD.txt",265
"INET168","2",6,"rest","sub-INET168_ses-2_task-rest_desc-framenums_fFD.txt","/Volumes/illinois-las-psych-gratton/iNetworks/Nifti/derivatives/preproc_fmriprep-24.1.1/sub-INET168/ses-2/func/FD_outputs/sub-INET168_ses-2_task-rest_desc-framenums_fFD.txt",260
"INET168","2",7,"rest","sub-INET168_ses-2_task-rest_desc-framenums_fFD.txt","/Volumes/illinois-las-psych-gratton/iNetworks/Nifti/derivatives/preproc_fmriprep-24.1.1/sub-INET168/ses-2/func/FD_outputs/sub-INET168_ses-2_task-rest_desc-framenums_fFD.txt",265
"INET168","2",8,"rest","sub-INET168_ses-2_task-rest_desc-framenums_fFD.txt","/Volumes/illinois-las-psych-gratton/iNetworks/Nifti/derivatives/preproc_fmriprep-24.1.1/sub-INET168/ses-2/func/FD_outputs/sub-INET168_ses-2_task-rest_desc-framenums_fFD.txt",260
"INET168","3",1,"rest","sub-INET168_ses-3_task-rest_desc-framenums_fFD.txt","/Volumes/illinois-las-psych-gratton/iNetworks/Nifti/derivatives/preproc_fmriprep-24.1.1/sub-INET168/ses-3/func/FD_outputs/sub-INET168_ses-3_task-rest_desc-framenums_fFD.txt",263
"INET168","3",2,"rest","sub-INET168_ses-3_task-rest_desc-framenums_fFD.txt","/Volumes/illinois-las-psych-gratton/iNetworks/Nifti/derivatives/preproc_fmriprep-24.1.1/sub-INET168/ses-3/func/FD_outputs/sub-INET168_ses-3_task-rest_desc-framenums_fFD.txt",265
"INET168","3",3,"rest","sub-INET168_ses-3_task-rest_desc-framenums_fFD.txt","/Volumes/illinois-las-psych-gratton/iNetworks/Nifti/derivatives/preproc_fmriprep-24.1.1/sub-INET168/ses-3/func/FD_outputs/sub-INET168_ses-3_task-rest_desc-framenums_fFD.txt",264
"INET168","3",4,"rest","sub-INET168_ses-3_task-rest_desc-framenums_fFD.txt","/Volumes/illinois-las-psych-gratton/iNetworks/Nifti/derivatives/preproc_fmriprep-24.1.1/sub-INET168/ses-3/func/FD_outputs/sub-INET168_ses-3_task-rest_desc-framenums_fFD.txt",265
"INET168","3",5,"rest","sub-INET168_ses-3_task-rest_desc-framenums_fFD.txt","/Volumes/illinois-las-psych-gratton/iNetworks/Nifti/derivatives/preproc_fmriprep-24.1.1/sub-INET168/ses-3/func/FD_outputs/sub-INET168_ses-3_task-rest_desc-framenums_fFD.txt",265
"INET168","3",6,"rest","sub-INET168_ses-3_task-rest_desc-framenums_fFD.txt","/Volumes/illinois-las-psych-gratton/iNetworks/Nifti/derivatives/preproc_fmriprep-24.1.1/sub-INET168/ses-3/func/FD_outputs/sub-INET168_ses-3_task-rest_desc-framenums_fFD.txt",265
"INET168","3",7,"rest","sub-INET168_ses-3_task-rest_desc-framenums_fFD.txt","/Volumes/illinois-las-psych-gratton/iNetworks/Nifti/derivatives/preproc_fmriprep-24.1.1/sub-INET168/ses-3/func/FD_outputs/sub-INET168_ses-3_task-rest_desc-framenums_fFD.txt",253
"INET168","3",8,"rest","sub-INET168_ses-3_task-rest_desc-framenums_fFD.txt","/Volumes/illinois-las-psych-gratton/iNetworks/Nifti/derivatives/preproc_fmriprep-24.1.1/sub-INET168/ses-3/func/FD_outputs/sub-INET168_ses-3_task-rest_desc-framenums_fFD.txt",257
"INET168","4",1,"rest","sub-INET168_ses-4_task-rest_desc-framenums_fFD.txt","/Volumes/illinois-las-psych-gratton/iNetworks/Nifti/derivatives/preproc_fmriprep-24.1.1/sub-INET168/ses-4/func/FD_outputs/sub-INET168_ses-4_task-rest_desc-framenums_fFD.txt",259
"INET168","4",2,"rest","sub-INET168_ses-4_task-rest_desc-framenums_fFD.txt","/Volumes/illinois-las-psych-gratton/iNetworks/Nifti/derivatives/preproc_fmriprep-24.1.1/sub-INET168/ses-4/func/FD_outputs/sub-INET168_ses-4_task-rest_desc-framenums_fFD.txt",263
"INET168","4",3,"rest","sub-INET168_ses-4_task-rest_desc-framenums_fFD.txt","/Volumes/illinois-las-psych-gratton/iNetworks/Nifti/derivatives/preproc_fmriprep-24.1.1/sub-INET168/ses-4/func/FD_outputs/sub-INET168_ses-4_task-rest_desc-framenums_fFD.txt",263
"INET168","4",4,"rest","sub-INET168_ses-4_task-rest_desc-framenums_fFD.txt","/Volumes/illinois-las-psych-gratton/iNetworks/Nifti/derivatives/preproc_fmriprep-24.1.1/sub-INET168/ses-4/func/FD_outputs/sub-INET168_ses-4_task-rest_desc-framenums_fFD.txt",265
"INET168","4",5,"rest","sub-INET168_ses-4_task-rest_desc-framenums_fFD.txt","/Volumes/illinois-las-psych-gratton/iNetworks/Nifti/derivatives/preproc_fmriprep-24.1.1/sub-INET168/ses-4/func/FD_outputs/sub-INET168_ses-4_task-rest_desc-framenums_fFD.txt",264
"INET168","4",6,"rest","sub-INET168_ses-4_task-rest_desc-framenums_fFD.txt","/Volumes/illinois-las-psych-gratton/iNetworks/Nifti/derivatives/preproc_fmriprep-24.1.1/sub-INET168/ses-4/func/FD_outputs/sub-INET168_ses-4_task-rest_desc-framenums_fFD.txt",253
"INET168","4",7,"rest","sub-INET168_ses-4_task-rest_desc-framenums_fFD.txt","/Volumes/illinois-las-psych-gratton/iNetworks/Nifti/derivatives/preproc_fmriprep-24.1.1/sub-INET168/ses-4/func/FD_outputs/sub-INET168_ses-4_task-rest_desc-framenums_fFD.txt",255
"INET168","4",8,"rest","sub-INET168_ses-4_task-rest_desc-framenums_fFD.txt","/Volumes/illinois-las-psych-gratton/iNetworks/Nifti/derivatives/preproc_fmriprep-24.1.1/sub-INET168/ses-4/func/FD_outputs/sub-INET168_ses-4_task-rest_desc-framenums_fFD.txt",256
